-- seed.sql: 開発用初期データ (部分的 - 80行目まで)
-- Usage: psql -h localhost -U user -d infonnect -f backend/scripts/seed.sql

BEGIN;

-- ============================================================
-- 1. 管理者ユーザー
-- ============================================================
INSERT INTO admin_users (id, email, name, google_id, api_token, role)
VALUES
  ('00000000-0000-0000-0000-000000000001', 'admin@example.com', 'テスト管理者', 'google_admin_001', 'admin_seed_token_001', 'owner'),
  ('048eea02-db8b-42d9-b8ef-73c078f5ccdc', 'ryo.akiyama112345@gmail.com', '秋山椋', '117876014701838914692', 'admin_seed_token_akiyama', 'owner')
ON CONFLICT (email) DO NOTHING;

-- ============================================================
-- 2. 候補者ユーザー（3名）
-- ============================================================
INSERT INTO users (id, line_id, auth_type, username, display_name, email, name, is_public, profile_color, headline, location, about, industry, job_type, job_seeking_status)
VALUES
  ('10000000-0000-0000-0000-000000000001', 'line_user_001', 'line', 'taro_yamada', '山田太郎', 'taro@example.com', '山田太郎', true, '#3D8B6E',
   'バックエンドエンジニア', '東京都', 'GoとTypeScriptでWebアプリケーションを開発しています。マイクロサービスアーキテクチャとクラウドインフラに興味があります。', 'IT・通信', 'フルタイム', 'active'),
  ('10000000-0000-0000-0000-000000000002', 'line_user_002', 'line', 'hanako_sato', '佐藤花子', 'hanako@example.com', '佐藤花子', true, '#6B8BD6',
   'UIデザイナー / フロントエンドエンジニア', '大阪府', 'デザインとフロントエンド開発の両方を担当しています。ユーザー中心設計を大切にしています。', 'IT・通信', 'フルタイム', 'open'),
  ('10000000-0000-0000-0000-000000000003', 'line_user_003', 'line', 'jiro_tanaka', '田中次郎', 'jiro@example.com', '田中次郎', true, '#D68B6B',
   'プロダクトマネージャー', '福岡県', 'BtoB SaaSのプロダクトマネジメントに5年従事。データドリブンな意思決定を重視しています。', 'IT・通信', 'フルタイム', 'not_seeking')
ON CONFLICT (line_id) DO NOTHING;

-- 職歴（seedの再実行で重複しないよう、先に既存データを削除して固定IDで挿入）
DELETE FROM experiences WHERE user_id IN (
  '10000000-0000-0000-0000-000000000001',
  '10000000-0000-0000-0000-000000000002',
  '10000000-0000-0000-0000-000000000003'
);
INSERT INTO experiences (id, user_id, company_name, title, start_year, start_month, end_year, end_month, is_current, description)
VALUES
  ('e0000000-0000-0000-0000-000000000001', '10000000-0000-0000-0000-000000000001', '株式会社テックコープ', 'シニアバックエンドエンジニア', 2022, 4, NULL, NULL, true,
   'GoとPostgreSQLを用いたAPI基盤の設計・開発を主導。チーム5名のテックリードとして技術選定も担当。'),
  ('e0000000-0000-0000-0000-000000000002', '10000000-0000-0000-0000-000000000001', '株式会社ウェブサービス', 'バックエンドエンジニア', 2018, 4, 2022, 3, false,
   'Ruby on Railsを用いたECプラットフォームの開発。決済システムの刷新プロジェクトに参画。'),
  ('e0000000-0000-0000-0000-000000000003', '10000000-0000-0000-0000-000000000002', 'デザインスタジオ合同会社', 'UIデザイナー', 2021, 10, NULL, NULL, true,
   'BtoB SaaSプロダクトのUI設計とフロントエンド実装を担当。デザインシステムの構築をリード。'),
  ('e0000000-0000-0000-0000-000000000004', '10000000-0000-0000-0000-000000000003', '株式会社プロダクトラボ', 'プロダクトマネージャー', 2020, 1, NULL, NULL, true,
   'HR TechプロダクトのPMとしてロードマップ策定からリリースまでを統括。ARR 3億円のプロダクトを担当。');

-- 学歴（seedの再実行で重複しないよう、先に既存データを削除して固定IDで挿入）
DELETE FROM educations WHERE user_id IN (
  '10000000-0000-0000-0000-000000000001',
  '10000000-0000-0000-0000-000000000002',
  '10000000-0000-0000-0000-000000000003'
);
INSERT INTO educations (id, user_id, school, degree, start_year, end_year)
VALUES
  ('d0000000-0000-0000-0000-000000000001', '10000000-0000-0000-0000-000000000001', '東京工業大学', '情報工学科', 2014, 2018),
  ('d0000000-0000-0000-0000-000000000002', '10000000-0000-0000-0000-000000000002', '京都大学', 'デザイン学科', 2017, 2021),
  ('d0000000-0000-0000-0000-000000000003', '10000000-0000-0000-0000-000000000003', '慶應義塾大学', '経済学部', 2012, 2016);

-- スキル
INSERT INTO skills (id, name) VALUES
  ('20000000-0000-0000-0000-000000000001', 'Go'),
  ('20000000-0000-0000-0000-000000000002', 'TypeScript'),
  ('20000000-0000-0000-0000-000000000003', 'PostgreSQL'),
  ('20000000-0000-0000-0000-000000000004', 'React'),
  ('20000000-0000-0000-0000-000000000005', 'Figma'),
  ('20000000-0000-0000-0000-000000000006', 'Python'),
  ('20000000-0000-0000-0000-000000000007', 'AWS'),
  ('20000000-0000-0000-0000-000000000008', 'Docker'),
  ('20000000-0000-0000-0000-000000000009', 'プロダクトマネジメント'),
  ('20000000-0000-0000-0000-000000000010', 'データ分析')
ON CONFLICT (name) DO NOTHING;

INSERT INTO user_skills (user_id, skill_id) VALUES
  ('10000000-0000-0000-0000-000000000001', '20000000-0000-0000-0000-000000000001'),
  ('10000000-0000-0000-0000-000000000001', '20000000-0000-0000-0000-000000000002'),
  ('10000000-0000-0000-0000-000000000001', '20000000-0000-0000-0000-000000000003'),
  ('10000000-0000-0000-0000-000000000001', '20000000-0000-0000-0000-000000000007'),
  ('10000000-0000-0000-0000-000000000001', '20000000-0000-0000-0000-000000000008'),
  ('10000000-0000-0000-0000-000000000002', '20000000-0000-0000-0000-000000000002'),
  ('10000000-0000-0000-0000-000000000002', '20000000-0000-0000-0000-000000000004'),
  ('10000000-0000-0000-0000-000000000002', '20000000-0000-0000-0000-000000000005'),
  ('10000000-0000-0000-0000-000000000003', '20000000-0000-0000-0000-000000000009'),
  ('10000000-0000-0000-0000-000000000003', '20000000-0000-0000-0000-000000000010'),
  ('10000000-0000-0000-0000-000000000003', '20000000-0000-0000-0000-000000000006')
ON CONFLICT DO NOTHING;

-- ⚠️ ここから先(81行目以降)は読み込んでいないため欠落しています
