-- seed.sql: 開発用初期データ
-- Usage: psql -h localhost -U user -d inselfy -f backend/scripts/seed.sql

BEGIN;

-- ============================================================
-- 1. 管理者ユーザー
-- ============================================================
INSERT INTO admin_users (id, email, name, google_id, api_token, role)
VALUES
  ('00000000-0000-0000-0000-000000000001', 'admin@example.com', 'テスト管理者', 'google_admin_001', 'admin_seed_token_001', 'owner'),
  ('048eea02-db8b-42d9-b8ef-73c078f5ccdc', 'ryo.akiyama112345@gmail.com', '秋山椋', '117876014701838914692', 'admin_seed_token_akiyama', 'owner')
ON CONFLICT (email) DO NOTHING;

-- ============================================================
-- 2. 候補者ユーザー（3名）
-- ============================================================
INSERT INTO users (id, line_id, auth_type, username, display_name, email, name, is_public, profile_color, headline, location, about, industry, job_type, job_seeking_status)
VALUES
  ('10000000-0000-0000-0000-000000000001', 'line_user_001', 'line', 'taro_yamada', '山田太郎', 'taro@example.com', '山田太郎', true, '#3D8B6E',
   'バックエンドエンジニア', '東京都', 'GoとTypeScriptでWebアプリケーションを開発しています。マイクロサービスアーキテクチャとクラウドインフラに興味があります。', 'IT・通信', 'フルタイム', 'active'),
  ('10000000-0000-0000-0000-000000000002', 'line_user_002', 'line', 'hanako_sato', '佐藤花子', 'hanako@example.com', '佐藤花子', true, '#6B8BD6',
   'UIデザイナー / フロントエンドエンジニア', '大阪府', 'デザインとフロントエンド開発の両方を担当しています。ユーザー中心設計を大切にしています。', 'IT・通信', 'フルタイム', 'open'),
  ('10000000-0000-0000-0000-000000000003', 'line_user_003', 'line', 'jiro_tanaka', '田中次郎', 'jiro@example.com', '田中次郎', true, '#D68B6B',
   'プロダクトマネージャー', '福岡県', 'BtoB SaaSのプロダクトマネジメントに5年従事。データドリブンな意思決定を重視しています。', 'IT・通信', 'フルタイム', 'not_seeking')
ON CONFLICT (line_id) DO NOTHING;

-- 職歴（seedの再実行で重複しないよう、先に既存データを削除して固定IDで挿入）
DELETE FROM experiences WHERE user_id IN (
  '10000000-0000-0000-0000-000000000001',
  '10000000-0000-0000-0000-000000000002',
  '10000000-0000-0000-0000-000000000003'
);
INSERT INTO experiences (id, user_id, company_name, title, start_year, start_month, end_year, end_month, is_current, description)
VALUES
  ('e0000000-0000-0000-0000-000000000001', '10000000-0000-0000-0000-000000000001', '株式会社テックコープ', 'シニアバックエンドエンジニア', 2022, 4, NULL, NULL, true,
   'GoとPostgreSQLを用いたAPI基盤の設計・開発を主導。チーム5名のテックリードとして技術選定も担当。'),
  ('e0000000-0000-0000-0000-000000000002', '10000000-0000-0000-0000-000000000001', '株式会社ウェブサービス', 'バックエンドエンジニア', 2018, 4, 2022, 3, false,
   'Ruby on Railsを用いたECプラットフォームの開発。決済システムの刷新プロジェクトに参画。'),
  ('e0000000-0000-0000-0000-000000000003', '10000000-0000-0000-0000-000000000002', 'デザインスタジオ合同会社', 'UIデザイナー', 2021, 10, NULL, NULL, true,
   'BtoB SaaSプロダクトのUI設計とフロントエンド実装を担当。デザインシステムの構築をリード。'),
  ('e0000000-0000-0000-0000-000000000004', '10000000-0000-0000-0000-000000000003', '株式会社プロダクトラボ', 'プロダクトマネージャー', 2020, 1, NULL, NULL, true,
   'HR TechプロダクトのPMとしてロードマップ策定からリリースまでを統括。ARR 3億円のプロダクトを担当。');

-- 学歴（seedの再実行で重複しないよう、先に既存データを削除して固定IDで挿入）
DELETE FROM educations WHERE user_id IN (
  '10000000-0000-0000-0000-000000000001',
  '10000000-0000-0000-0000-000000000002',
  '10000000-0000-0000-0000-000000000003'
);
INSERT INTO educations (id, user_id, school, degree, start_year, end_year)
VALUES
  ('d0000000-0000-0000-0000-000000000001', '10000000-0000-0000-0000-000000000001', '東京工業大学', '情報工学科', 2014, 2018),
  ('d0000000-0000-0000-0000-000000000002', '10000000-0000-0000-0000-000000000002', '京都大学', 'デザイン学科', 2017, 2021),
  ('d0000000-0000-0000-0000-000000000003', '10000000-0000-0000-0000-000000000003', '慶應義塾大学', '経済学部', 2012, 2016);

-- スキル
INSERT INTO skills (id, name) VALUES
  ('20000000-0000-0000-0000-000000000001', 'Go'),
  ('20000000-0000-0000-0000-000000000002', 'TypeScript'),
  ('20000000-0000-0000-0000-000000000003', 'PostgreSQL'),
  ('20000000-0000-0000-0000-000000000004', 'React'),
  ('20000000-0000-0000-0000-000000000005', 'Figma'),
  ('20000000-0000-0000-0000-000000000006', 'Python'),
  ('20000000-0000-0000-0000-000000000007', 'AWS'),
  ('20000000-0000-0000-0000-000000000008', 'Docker'),
  ('20000000-0000-0000-0000-000000000009', 'プロダクトマネジメント'),
  ('20000000-0000-0000-0000-000000000010', 'データ分析')
ON CONFLICT (name) DO NOTHING;

INSERT INTO user_skills (user_id, skill_id) VALUES
  ('10000000-0000-0000-0000-000000000001', '20000000-0000-0000-0000-000000000001'),
  ('10000000-0000-0000-0000-000000000001', '20000000-0000-0000-0000-000000000002'),
  ('10000000-0000-0000-0000-000000000001', '20000000-0000-0000-0000-000000000003'),
  ('10000000-0000-0000-0000-000000000001', '20000000-0000-0000-0000-000000000007'),
  ('10000000-0000-0000-0000-000000000001', '20000000-0000-0000-0000-000000000008'),
  ('10000000-0000-0000-0000-000000000002', '20000000-0000-0000-0000-000000000002'),
  ('10000000-0000-0000-0000-000000000002', '20000000-0000-0000-0000-000000000004'),
  ('10000000-0000-0000-0000-000000000002', '20000000-0000-0000-0000-000000000005'),
  ('10000000-0000-0000-0000-000000000003', '20000000-0000-0000-0000-000000000009'),
  ('10000000-0000-0000-0000-000000000003', '20000000-0000-0000-0000-000000000010'),
  ('10000000-0000-0000-0000-000000000003', '20000000-0000-0000-0000-000000000006')
ON CONFLICT DO NOTHING;

-- ============================================================
-- 3. Work Values 診断データ（山田太郎）
-- ============================================================
INSERT INTO work_values_sessions (id, user_id, circular_triads, consistency_coefficient, consistency_level, purpose)
VALUES ('30000000-0000-0000-0000-000000000001', '10000000-0000-0000-0000-000000000001', 28, 0.927, 'high', 'general')
ON CONFLICT DO NOTHING;

-- 21 results (mu values designed to show clear preferences)
INSERT INTO work_needs_scores (session_id, need_id, mu, se, display_score, rank) VALUES
  ('30000000-0000-0000-0000-000000000001', 1,  2.1, 0.35, 89.1,  1),  -- ability_utilization
  ('30000000-0000-0000-0000-000000000001', 2,  1.8, 0.33, 85.8,  2),  -- achievement
  ('30000000-0000-0000-0000-000000000001', 3, -0.5, 0.30, 37.8, 14),  -- activity
  ('30000000-0000-0000-0000-000000000001', 4,  0.8, 0.32, 69.0,  6),  -- advancement
  ('30000000-0000-0000-0000-000000000001', 5, -1.2, 0.34, 23.1, 18),  -- authority
  ('30000000-0000-0000-0000-000000000001', 6,  1.5, 0.31, 81.8,  3),  -- autonomy
  ('30000000-0000-0000-0000-000000000001', 7, -0.3, 0.29, 42.6, 12),  -- company_policies
  ('30000000-0000-0000-0000-000000000001', 8,  0.2, 0.30, 55.0,  9),  -- compensation
  ('30000000-0000-0000-0000-000000000001', 9,  0.6, 0.31, 64.6,  7),  -- co_workers
  ('30000000-0000-0000-0000-000000000001', 10, 1.3, 0.32, 78.6,  4),  -- creativity
  ('30000000-0000-0000-0000-000000000001', 11, 0.5, 0.30, 62.2,  8),  -- independence
  ('30000000-0000-0000-0000-000000000001', 12,-0.1, 0.29, 47.5, 11),  -- moral_values
  ('30000000-0000-0000-0000-000000000001', 13,-0.4, 0.30, 40.1, 13),  -- recognition
  ('30000000-0000-0000-0000-000000000001', 14, 1.0, 0.31, 73.1,  5),  -- responsibility
  ('30000000-0000-0000-0000-000000000001', 15,-0.8, 0.32, 31.0, 16),  -- security
  ('30000000-0000-0000-0000-000000000001', 16, 0.0, 0.29, 50.0, 10),  -- social_service
  ('30000000-0000-0000-0000-000000000001', 17,-1.5, 0.35, 18.2, 19),  -- social_status
  ('30000000-0000-0000-0000-000000000001', 18,-0.6, 0.31, 35.4, 15),  -- supervision_hr
  ('30000000-0000-0000-0000-000000000001', 19,-1.0, 0.33, 26.9, 17),  -- supervision_technical
  ('30000000-0000-0000-0000-000000000001', 20,-1.8, 0.36, 14.2, 20),  -- variety
  ('30000000-0000-0000-0000-000000000001', 21,-2.0, 0.37, 11.9, 21)   -- working_conditions
ON CONFLICT DO NOTHING;

INSERT INTO work_values_scores (session_id, value_id, mu, display_score, rank) VALUES
  ('30000000-0000-0000-0000-000000000001', 'achievement', 1.95, 87.5, 1),
  ('30000000-0000-0000-0000-000000000001', 'autonomy', 1.27, 78.0, 2),
  ('30000000-0000-0000-0000-000000000001', 'altruism', 0.17, 54.2, 3),
  ('30000000-0000-0000-0000-000000000001', 'status', -0.57, 36.0, 4),
  ('30000000-0000-0000-0000-000000000001', 'safety', -0.63, 34.7, 5),
  ('30000000-0000-0000-0000-000000000001', 'comfort', -0.73, 32.4, 6)
ON CONFLICT DO NOTHING;

-- Update user wv_vector
UPDATE users SET wv_vector = '[2.1,1.8,-0.5,0.8,-1.2,1.5,-0.3,0.2,0.6,1.3,0.5,-0.1,-0.4,1.0,-0.8,0.0,-1.5,-0.6,-1.0,-1.8,-2.0]'
WHERE id = '10000000-0000-0000-0000-000000000001';

-- ============================================================
-- 4. Career Interest 診断データ（山田太郎）
-- ============================================================
INSERT INTO career_interest_sessions (id, user_id)
VALUES ('31000000-0000-0000-0000-000000000001', '10000000-0000-0000-0000-000000000001')
ON CONFLICT DO NOTHING;

-- 20 basic interest results
INSERT INTO career_interest_scores (session_id, basic_interest_id, score, rank) VALUES
  ('31000000-0000-0000-0000-000000000001', 'A1', 4.2, 2),
  ('31000000-0000-0000-0000-000000000001', 'A2', 3.8, 5),
  ('31000000-0000-0000-0000-000000000001', 'A3', 3.5, 8),
  ('31000000-0000-0000-0000-000000000001', 'C1', 2.8, 13),
  ('31000000-0000-0000-0000-000000000001', 'C2', 2.5, 16),
  ('31000000-0000-0000-0000-000000000001', 'C3', 2.3, 18),
  ('31000000-0000-0000-0000-000000000001', 'E1', 3.2, 10),
  ('31000000-0000-0000-0000-000000000001', 'E2', 3.0, 12),
  ('31000000-0000-0000-0000-000000000001', 'E3', 3.1, 11),
  ('31000000-0000-0000-0000-000000000001', 'I1', 4.5, 1),
  ('31000000-0000-0000-0000-000000000001', 'I2', 4.0, 3),
  ('31000000-0000-0000-0000-000000000001', 'I3', 3.9, 4),
  ('31000000-0000-0000-0000-000000000001', 'I4', 3.7, 6),
  ('31000000-0000-0000-0000-000000000001', 'R1', 3.3, 9),
  ('31000000-0000-0000-0000-000000000001', 'R2', 3.6, 7),
  ('31000000-0000-0000-0000-000000000001', 'R3', 2.7, 14),
  ('31000000-0000-0000-0000-000000000001', 'S1', 2.6, 15),
  ('31000000-0000-0000-0000-000000000001', 'S2', 2.4, 17),
  ('31000000-0000-0000-0000-000000000001', 'S3', 2.2, 19),
  ('31000000-0000-0000-0000-000000000001', 'S4', 2.1, 20)
ON CONFLICT DO NOTHING;

-- 6 RIASEC results
INSERT INTO career_riasec_scores (session_id, riasec_type, score, rank) VALUES
  ('31000000-0000-0000-0000-000000000001', 'I', 4.03, 1),
  ('31000000-0000-0000-0000-000000000001', 'A', 3.83, 2),
  ('31000000-0000-0000-0000-000000000001', 'R', 3.20, 3),
  ('31000000-0000-0000-0000-000000000001', 'E', 3.10, 4),
  ('31000000-0000-0000-0000-000000000001', 'C', 2.53, 5),
  ('31000000-0000-0000-0000-000000000001', 'S', 2.33, 6)
ON CONFLICT DO NOTHING;

-- Update user ci_vector (20 basic interest scores)
UPDATE users SET ci_vector = '[4.2,3.8,3.5,2.8,2.5,2.3,3.2,3.0,3.1,4.5,4.0,3.9,3.7,3.3,3.6,2.7,2.6,2.4,2.2,2.1]'
WHERE id = '10000000-0000-0000-0000-000000000001';

-- ============================================================
-- 5. Work Values 診断データ（佐藤花子）
-- ============================================================
INSERT INTO work_values_sessions (id, user_id, circular_triads, consistency_coefficient, consistency_level, purpose)
VALUES ('30000000-0000-0000-0000-000000000002', '10000000-0000-0000-0000-000000000002', 35, 0.909, 'high', 'general')
ON CONFLICT DO NOTHING;

INSERT INTO work_needs_scores (session_id, need_id, mu, se, display_score, rank) VALUES
  ('30000000-0000-0000-0000-000000000002', 1,  1.0, 0.32, 73.1,  5),
  ('30000000-0000-0000-0000-000000000002', 2,  0.8, 0.31, 69.0,  7),
  ('30000000-0000-0000-0000-000000000002', 3, -0.8, 0.32, 31.0, 16),
  ('30000000-0000-0000-0000-000000000002', 4,  0.3, 0.30, 57.4, 10),
  ('30000000-0000-0000-0000-000000000002', 5, -1.5, 0.35, 18.2, 20),
  ('30000000-0000-0000-0000-000000000002', 6,  1.2, 0.32, 76.9,  4),
  ('30000000-0000-0000-0000-000000000002', 7,  0.0, 0.29, 50.0, 11),
  ('30000000-0000-0000-0000-000000000002', 8, -0.2, 0.29, 45.0, 12),
  ('30000000-0000-0000-0000-000000000002', 9,  1.8, 0.33, 85.8,  2),
  ('30000000-0000-0000-0000-000000000002', 10, 2.0, 0.34, 88.1,  1),
  ('30000000-0000-0000-0000-000000000002', 11,-0.3, 0.30, 42.6, 13),
  ('30000000-0000-0000-0000-000000000002', 12, 0.9, 0.31, 71.1,  6),
  ('30000000-0000-0000-0000-000000000002', 13, 0.5, 0.30, 62.2,  8),
  ('30000000-0000-0000-0000-000000000002', 14, 0.4, 0.30, 59.9,  9),
  ('30000000-0000-0000-0000-000000000002', 15,-0.5, 0.31, 37.8, 14),
  ('30000000-0000-0000-0000-000000000002', 16, 1.5, 0.33, 81.8,  3),
  ('30000000-0000-0000-0000-000000000002', 17,-1.8, 0.36, 14.2, 21),
  ('30000000-0000-0000-0000-000000000002', 18,-0.6, 0.31, 35.4, 15),
  ('30000000-0000-0000-0000-000000000002', 19,-1.0, 0.33, 26.9, 17),
  ('30000000-0000-0000-0000-000000000002', 20,-1.2, 0.34, 23.1, 18),
  ('30000000-0000-0000-0000-000000000002', 21,-1.3, 0.34, 21.4, 19)
ON CONFLICT DO NOTHING;

INSERT INTO work_values_scores (session_id, value_id, mu, display_score, rank) VALUES
  ('30000000-0000-0000-0000-000000000002', 'altruism', 1.4, 80.2, 1),
  ('30000000-0000-0000-0000-000000000002', 'autonomy', 1.2, 76.9, 2),
  ('30000000-0000-0000-0000-000000000002', 'achievement', 0.9, 71.1, 3),
  ('30000000-0000-0000-0000-000000000002', 'safety', -0.53, 37.0, 4),
  ('30000000-0000-0000-0000-000000000002', 'status', -0.62, 34.9, 5),
  ('30000000-0000-0000-0000-000000000002', 'comfort', -0.72, 32.8, 6)
ON CONFLICT DO NOTHING;

UPDATE users SET wv_vector = '[1.0,0.8,-0.8,0.3,-1.5,1.2,0.0,-0.2,1.8,2.0,-0.3,0.9,0.5,0.4,-0.5,1.5,-1.8,-0.6,-1.0,-1.2,-1.3]'
WHERE id = '10000000-0000-0000-0000-000000000002';


-- ============================================================
-- 2b. 追加候補者ユーザー（97名: ユーザー4〜100）
-- ============================================================

-- seed_users_1a.sql: 候補者ユーザー4〜13（10名）
-- Usage: psql -h localhost -U user -d inselfy -f /tmp/seed_users_1a.sql


-- ============================================================
-- 候補者ユーザー 10名 (NN=04〜0d)
-- ============================================================
INSERT INTO users (id, line_id, auth_type, username, display_name, email, name, is_public, profile_color, headline, location, about, industry, job_type, job_seeking_status)
VALUES
  -- User04: フロントエンドエンジニア
  ('10000000-0000-0000-0000-000000000004', 'line_seed_004', 'line', 'yuki_kobayashi', '小林優希', 'yuki.kobayashi@example.com', '小林優希', true, '#6B8BD6',
   'フロントエンドエンジニア', '東京都', 'ReactとTypeScriptを中心にモダンフロントエンド開発に取り組んでいます。パフォーマンス最適化とアクセシビリティに関心があります。', 'IT・通信', 'フルタイム', 'active'),
  -- User05: インフラエンジニア
  ('10000000-0000-0000-0000-000000000005', 'line_seed_005', 'line', 'kenji_watanabe', '渡辺健二', 'kenji.watanabe@example.com', '渡辺健二', true, '#D68B6B',
   'インフラエンジニア / SRE', '北海道', 'AWSとTerraformを使ったクラウドインフラの設計・運用を専門としています。可用性99.99%を目標にSRE活動を推進中。', 'IT・通信', 'フルタイム', 'open'),
  -- User06: データサイエンティスト
  ('10000000-0000-0000-0000-000000000006', 'line_seed_006', 'line', 'mika_ito', '伊藤美香', 'mika.ito@example.com', '伊藤美香', true, '#9B6BD6',
   'データサイエンティスト', '愛知県', 'PythonとSQLを駆使してデータ分析基盤の構築から機械学習モデルの開発まで幅広く担当。ビジネスインパクトのある分析を心がけています。', 'IT・通信', 'フルタイム', 'active'),
  -- User07: バックエンドエンジニア
  ('10000000-0000-0000-0000-000000000007', 'line_seed_007', 'line', 'takeshi_nakamura', '中村剛', 'takeshi.nakamura@example.com', '中村剛', true, '#3D8B6E',
   'バックエンドエンジニア', '大阪府', 'GoとKubernetesを活用したマイクロサービス開発に従事。大規模トラフィックを捌くシステム設計が得意です。', 'IT・通信', 'フルタイム', 'not_seeking'),
  -- User08: UXデザイナー
  ('10000000-0000-0000-0000-000000000008', 'line_seed_008', 'line', 'ayaka_suzuki', '鈴木彩花', 'ayaka.suzuki@example.com', '鈴木彩花', true, '#D6C16B',
   'UXデザイナー', '京都府', 'ユーザーリサーチからプロトタイピングまで一貫して担当。定量・定性の両面からユーザー体験の向上に取り組んでいます。', 'デザイン・広告', 'フルタイム', 'open'),
  -- User09: グラフィックデザイナー
  ('10000000-0000-0000-0000-000000000009', 'line_seed_009', 'line', 'rena_yoshida', '吉田玲奈', 'rena.yoshida@example.com', '吉田玲奈', true, '#6BD6B8',
   'グラフィックデザイナー', '神奈川県', 'ブランドアイデンティティの策定からWebデザイン、印刷物まで幅広く制作。クライアントのビジョンをビジュアルで表現することを大切にしています。', 'デザイン・広告', 'フルタイム', 'active'),
  -- User10: 事業開発
  ('10000000-0000-0000-0000-00000000000a', 'line_seed_010', 'line', 'daichi_yamamoto', '山本大地', 'daichi.yamamoto@example.com', '山本大地', true, '#3D8B6E',
   '事業開発マネージャー', '福岡県', 'BtoB SaaSの新規事業立ち上げを複数経験。市場分析からアライアンス構築まで、事業成長に必要なプロセスを一貫して推進しています。', 'IT・通信', 'フルタイム', 'open'),
  -- User11: セールス
  ('10000000-0000-0000-0000-00000000000b', 'line_seed_011', 'line', 'saki_morita', '森田咲', 'saki.morita@example.com', '森田咲', true, '#6B8BD6',
   'エンタープライズセールス', '東京都', '大手企業向けのSaaSセールスに7年従事。顧客課題の深掘りからソリューション提案、クロージングまで一気通貫で対応しています。', 'IT・通信', 'フルタイム', 'active'),
  -- User12: プロダクトマネージャー
  ('10000000-0000-0000-0000-00000000000c', 'line_seed_012', 'line', 'shota_hasegawa', '長谷川翔太', 'shota.hasegawa@example.com', '長谷川翔太', true, '#D68B6B',
   'プロダクトマネージャー', '宮城県', 'FinTech領域のプロダクトマネジメントを担当。ユーザーインタビューとデータ分析を組み合わせた仮説検証型の開発プロセスを推進。', 'IT・通信', 'フルタイム', 'not_seeking'),
  -- User13: マーケティング
  ('10000000-0000-0000-0000-00000000000d', 'line_seed_013', 'line', 'nao_fujita', '藤田奈央', 'nao.fujita@example.com', '藤田奈央', true, '#9B6BD6',
   'デジタルマーケター', '広島県', 'SEOとコンテンツマーケティングを軸にBtoBリード獲得戦略を設計・実行。データドリブンなPDCAでCVR改善に注力しています。', 'IT・通信', 'フルタイム', 'open')
ON CONFLICT (line_id) DO NOTHING;

-- ============================================================
-- 職歴
-- ============================================================
DELETE FROM experiences WHERE user_id IN (
  '10000000-0000-0000-0000-000000000004',
  '10000000-0000-0000-0000-000000000005',
  '10000000-0000-0000-0000-000000000006',
  '10000000-0000-0000-0000-000000000007',
  '10000000-0000-0000-0000-000000000008',
  '10000000-0000-0000-0000-000000000009',
  '10000000-0000-0000-0000-00000000000a',
  '10000000-0000-0000-0000-00000000000b',
  '10000000-0000-0000-0000-00000000000c',
  '10000000-0000-0000-0000-00000000000d'
);
INSERT INTO experiences (id, user_id, company_name, title, start_year, start_month, end_year, end_month, is_current, description)
VALUES
  -- User04: フロントエンドエンジニア（現職+前職）
  ('e0004000-0000-0000-0000-000000000001', '10000000-0000-0000-0000-000000000004', '株式会社フロントワークス', 'シニアフロントエンドエンジニア', 2023, 1, NULL, NULL, true,
   'Next.jsとTypeScriptを用いた大規模BtoB SaaSのフロントエンド開発をリード。デザインシステムの構築とパフォーマンス改善を推進。'),
  ('e0004000-0000-0000-0000-000000000002', '10000000-0000-0000-0000-000000000004', '合同会社ウェブクリエイト', 'フロントエンドエンジニア', 2019, 4, 2022, 12, false,
   'Vue.jsを使った自社ECプラットフォームの開発に従事。コンポーネント設計とテスト基盤の整備を担当。'),
  -- User05: インフラエンジニア（現職のみ）
  ('e0005000-0000-0000-0000-000000000001', '10000000-0000-0000-0000-000000000005', '株式会社クラウドベース', 'SREエンジニア', 2021, 7, NULL, NULL, true,
   'AWSを基盤としたインフラ設計・運用を担当。Terraformによるインフラのコード化と、Datadogを活用した監視体制の構築を推進。'),
  -- User06: データサイエンティスト（現職+前職）
  ('e0006000-0000-0000-0000-000000000001', '10000000-0000-0000-0000-000000000006', '株式会社データラボ', 'シニアデータサイエンティスト', 2022, 4, NULL, NULL, true,
   'レコメンデーションエンジンの開発と需要予測モデルの構築を担当。MLOpsパイプラインの整備にも取り組む。'),
  ('e0006000-0000-0000-0000-000000000002', '10000000-0000-0000-0000-000000000006', '株式会社アナリティクス', 'データアナリスト', 2018, 10, 2022, 3, false,
   'マーケティングデータの分析とダッシュボード構築を担当。SQLとPythonを用いたアドホック分析を日常的に実施。'),
  -- User07: バックエンドエンジニア（現職+前職）
  ('e0007000-0000-0000-0000-000000000001', '10000000-0000-0000-0000-000000000007', '株式会社スケールテック', 'バックエンドエンジニア', 2021, 10, NULL, NULL, true,
   'GoとgRPCを用いた決済マイクロサービスの設計・開発を担当。秒間1万リクエストを処理するシステムの安定運用を実現。'),
  ('e0007000-0000-0000-0000-000000000002', '10000000-0000-0000-0000-000000000007', '株式会社サーバーサイド', 'Webエンジニア', 2017, 4, 2021, 9, false,
   'Java/Spring Bootを用いた業務システムの開発。REST API設計とデータベースチューニングを担当。'),
  -- User08: UXデザイナー（現職のみ）
  ('e0008000-0000-0000-0000-000000000001', '10000000-0000-0000-0000-000000000008', 'デザインユナイテッド株式会社', 'UXデザイナー', 2020, 6, NULL, NULL, true,
   'ヘルスケアアプリのUXリサーチとプロトタイピングを担当。ユーザーインタビューを月10件以上実施し、改善提案を行う。'),
  -- User09: グラフィックデザイナー（現職+前職）
  ('e0009000-0000-0000-0000-000000000001', '10000000-0000-0000-0000-000000000009', '株式会社ビジュアルプラス', 'アートディレクター', 2022, 8, NULL, NULL, true,
   'スタートアップのブランディングプロジェクトを統括。CI/VIの策定からWebサイトデザインまで一貫して担当。'),
  ('e0009000-0000-0000-0000-000000000002', '10000000-0000-0000-0000-000000000009', 'クリエイティブスタジオ合同会社', 'グラフィックデザイナー', 2018, 4, 2022, 7, false,
   '広告制作物のデザインを中心に担当。紙媒体からデジタルバナーまで年間200件以上の制作実績。'),
  -- User10: 事業開発（現職+前職）
  ('e000a000-0000-0000-0000-000000000001', '10000000-0000-0000-0000-00000000000a', '株式会社グロースパートナーズ', '事業開発マネージャー', 2023, 4, NULL, NULL, true,
   'BtoB SaaS事業の新規開拓を統括。年間10社以上のアライアンスを締結し、ARR成長率150%を達成。'),
  ('e000a000-0000-0000-0000-000000000002', '10000000-0000-0000-0000-00000000000a', '株式会社ビジネスデザイン', '経営企画', 2019, 4, 2023, 3, false,
   '中期経営計画の策定と新規事業のフィージビリティスタディを担当。3件の新規事業を企画からローンチまで推進。'),
  -- User11: セールス（現職のみ）
  ('e000b000-0000-0000-0000-000000000001', '10000000-0000-0000-0000-00000000000b', '株式会社セールスフォワード', 'エンタープライズアカウントエグゼクティブ', 2020, 1, NULL, NULL, true,
   '大手製造業・金融機関向けのSaaS提案営業を担当。年間売上目標2億円を3期連続達成。'),
  -- User12: PM（現職+前職）
  ('e000c000-0000-0000-0000-000000000001', '10000000-0000-0000-0000-00000000000c', '株式会社フィンテックラボ', 'シニアプロダクトマネージャー', 2022, 7, NULL, NULL, true,
   '個人向け資産管理アプリのPMとしてロードマップ策定からリリースまで統括。MAU 50万を達成。'),
  ('e000c000-0000-0000-0000-000000000002', '10000000-0000-0000-0000-00000000000c', '株式会社モバイルワークス', 'プロダクトマネージャー', 2019, 4, 2022, 6, false,
   'EC向けモバイルアプリのPMとして機能企画とグロース施策を推進。アプリストア評価を3.2から4.5に改善。'),
  -- User13: マーケティング（現職+前職）
  ('e000d000-0000-0000-0000-000000000001', '10000000-0000-0000-0000-00000000000d', '株式会社マーケットリンク', 'マーケティングマネージャー', 2023, 1, NULL, NULL, true,
   'BtoB SaaSのリード獲得戦略を統括。コンテンツマーケティングとSEO施策でMQL数を前年比200%に増加。'),
  ('e000d000-0000-0000-0000-000000000002', '10000000-0000-0000-0000-00000000000d', '株式会社デジタルプロモーション', 'Webマーケター', 2019, 7, 2022, 12, false,
   'リスティング広告とSNS広告の運用を担当。月間広告予算3000万円の最適化でROAS 400%を達成。');

-- ============================================================
-- 学歴
-- ============================================================
DELETE FROM educations WHERE user_id IN (
  '10000000-0000-0000-0000-000000000004',
  '10000000-0000-0000-0000-000000000005',
  '10000000-0000-0000-0000-000000000006',
  '10000000-0000-0000-0000-000000000007',
  '10000000-0000-0000-0000-000000000008',
  '10000000-0000-0000-0000-000000000009',
  '10000000-0000-0000-0000-00000000000a',
  '10000000-0000-0000-0000-00000000000b',
  '10000000-0000-0000-0000-00000000000c',
  '10000000-0000-0000-0000-00000000000d'
);
INSERT INTO educations (id, user_id, school, degree, start_year, end_year)
VALUES
  ('f0004000-0000-0000-0000-000000000001', '10000000-0000-0000-0000-000000000004', '筑波大学', '情報科学類', 2015, 2019),
  ('f0005000-0000-0000-0000-000000000001', '10000000-0000-0000-0000-000000000005', '北海道大学', '工学部情報エレクトロニクス学科', 2013, 2017),
  ('f0006000-0000-0000-0000-000000000001', '10000000-0000-0000-0000-000000000006', '名古屋大学', '情報学部', 2014, 2018),
  ('f0007000-0000-0000-0000-000000000001', '10000000-0000-0000-0000-000000000007', '大阪大学', '基礎工学部情報科学科', 2013, 2017),
  ('f0008000-0000-0000-0000-000000000001', '10000000-0000-0000-0000-000000000008', '多摩美術大学', 'グラフィックデザイン学科', 2016, 2020),
  ('f0009000-0000-0000-0000-000000000001', '10000000-0000-0000-0000-000000000009', '武蔵野美術大学', '視覚伝達デザイン学科', 2014, 2018),
  ('f000a000-0000-0000-0000-000000000001', '10000000-0000-0000-0000-00000000000a', '九州大学', '経済学部', 2015, 2019),
  ('f000b000-0000-0000-0000-000000000001', '10000000-0000-0000-0000-00000000000b', '早稲田大学', '商学部', 2013, 2017),
  ('f000c000-0000-0000-0000-000000000001', '10000000-0000-0000-0000-00000000000c', '東北大学', '経済学部', 2015, 2019),
  ('f000d000-0000-0000-0000-000000000001', '10000000-0000-0000-0000-00000000000d', '広島大学', '総合科学部', 2015, 2019);

-- ============================================================
-- スキル（新規スキル追加 + user_skills）
-- ============================================================
INSERT INTO skills (id, name) VALUES
  ('20000000-0000-0000-0000-000000000011', 'Next.js'),
  ('20000000-0000-0000-0000-000000000012', 'Vue.js'),
  ('20000000-0000-0000-0000-000000000013', 'Terraform'),
  ('20000000-0000-0000-0000-000000000014', 'Kubernetes'),
  ('20000000-0000-0000-0000-000000000015', '機械学習'),
  ('20000000-0000-0000-0000-000000000016', 'Adobe XD'),
  ('20000000-0000-0000-0000-000000000017', 'Illustrator'),
  ('20000000-0000-0000-0000-000000000018', 'Photoshop'),
  ('20000000-0000-0000-0000-000000000019', 'SEO'),
  ('20000000-0000-0000-0000-000000000020', 'コンテンツマーケティング'),
  ('20000000-0000-0000-0000-000000000021', 'Salesforce'),
  ('20000000-0000-0000-0000-000000000022', 'Java'),
  ('20000000-0000-0000-0000-000000000023', 'gRPC'),
  ('20000000-0000-0000-0000-000000000024', 'ユーザーリサーチ')
ON CONFLICT (name) DO NOTHING;

INSERT INTO user_skills (user_id, skill_id) VALUES
  -- User04: フロントエンド (React, TypeScript, Next.js, Vue.js)
  ('10000000-0000-0000-0000-000000000004', '20000000-0000-0000-0000-000000000004'),  -- React
  ('10000000-0000-0000-0000-000000000004', '20000000-0000-0000-0000-000000000002'),  -- TypeScript
  ('10000000-0000-0000-0000-000000000004', '20000000-0000-0000-0000-000000000011'),  -- Next.js
  ('10000000-0000-0000-0000-000000000004', '20000000-0000-0000-0000-000000000012'),  -- Vue.js
  -- User05: インフラ (AWS, Docker, Terraform, Python)
  ('10000000-0000-0000-0000-000000000005', '20000000-0000-0000-0000-000000000007'),  -- AWS
  ('10000000-0000-0000-0000-000000000005', '20000000-0000-0000-0000-000000000008'),  -- Docker
  ('10000000-0000-0000-0000-000000000005', '20000000-0000-0000-0000-000000000013'),  -- Terraform
  ('10000000-0000-0000-0000-000000000005', '20000000-0000-0000-0000-000000000006'),  -- Python
  -- User06: データサイエンス (Python, PostgreSQL, 機械学習, データ分析)
  ('10000000-0000-0000-0000-000000000006', '20000000-0000-0000-0000-000000000006'),  -- Python
  ('10000000-0000-0000-0000-000000000006', '20000000-0000-0000-0000-000000000003'),  -- PostgreSQL
  ('10000000-0000-0000-0000-000000000006', '20000000-0000-0000-0000-000000000015'),  -- 機械学習
  ('10000000-0000-0000-0000-000000000006', '20000000-0000-0000-0000-000000000010'),  -- データ分析
  -- User07: バックエンド (Go, PostgreSQL, Docker, Kubernetes, gRPC)
  ('10000000-0000-0000-0000-000000000007', '20000000-0000-0000-0000-000000000001'),  -- Go
  ('10000000-0000-0000-0000-000000000007', '20000000-0000-0000-0000-000000000003'),  -- PostgreSQL
  ('10000000-0000-0000-0000-000000000007', '20000000-0000-0000-0000-000000000008'),  -- Docker
  ('10000000-0000-0000-0000-000000000007', '20000000-0000-0000-0000-000000000014'),  -- Kubernetes
  ('10000000-0000-0000-0000-000000000007', '20000000-0000-0000-0000-000000000023'),  -- gRPC
  -- User08: UXデザイン (Figma, Adobe XD, ユーザーリサーチ)
  ('10000000-0000-0000-0000-000000000008', '20000000-0000-0000-0000-000000000005'),  -- Figma
  ('10000000-0000-0000-0000-000000000008', '20000000-0000-0000-0000-000000000016'),  -- Adobe XD
  ('10000000-0000-0000-0000-000000000008', '20000000-0000-0000-0000-000000000024'),  -- ユーザーリサーチ
  -- User09: グラフィックデザイン (Figma, Illustrator, Photoshop)
  ('10000000-0000-0000-0000-000000000009', '20000000-0000-0000-0000-000000000005'),  -- Figma
  ('10000000-0000-0000-0000-000000000009', '20000000-0000-0000-0000-000000000017'),  -- Illustrator
  ('10000000-0000-0000-0000-000000000009', '20000000-0000-0000-0000-000000000018'),  -- Photoshop
  -- User10: 事業開発 (プロダクトマネジメント, データ分析, Python)
  ('10000000-0000-0000-0000-00000000000a', '20000000-0000-0000-0000-000000000009'),  -- プロダクトマネジメント
  ('10000000-0000-0000-0000-00000000000a', '20000000-0000-0000-0000-000000000010'),  -- データ分析
  ('10000000-0000-0000-0000-00000000000a', '20000000-0000-0000-0000-000000000006'),  -- Python
  -- User11: セールス (Salesforce, データ分析, プロダクトマネジメント)
  ('10000000-0000-0000-0000-00000000000b', '20000000-0000-0000-0000-000000000021'),  -- Salesforce
  ('10000000-0000-0000-0000-00000000000b', '20000000-0000-0000-0000-000000000010'),  -- データ分析
  ('10000000-0000-0000-0000-00000000000b', '20000000-0000-0000-0000-000000000009'),  -- プロダクトマネジメント
  -- User12: PM (プロダクトマネジメント, データ分析, Figma, Python)
  ('10000000-0000-0000-0000-00000000000c', '20000000-0000-0000-0000-000000000009'),  -- プロダクトマネジメント
  ('10000000-0000-0000-0000-00000000000c', '20000000-0000-0000-0000-000000000010'),  -- データ分析
  ('10000000-0000-0000-0000-00000000000c', '20000000-0000-0000-0000-000000000005'),  -- Figma
  ('10000000-0000-0000-0000-00000000000c', '20000000-0000-0000-0000-000000000006'),  -- Python
  -- User13: マーケティング (SEO, コンテンツマーケティング, データ分析, Python)
  ('10000000-0000-0000-0000-00000000000d', '20000000-0000-0000-0000-000000000019'),  -- SEO
  ('10000000-0000-0000-0000-00000000000d', '20000000-0000-0000-0000-000000000020'),  -- コンテンツマーケティング
  ('10000000-0000-0000-0000-00000000000d', '20000000-0000-0000-0000-000000000010'),  -- データ分析
  ('10000000-0000-0000-0000-00000000000d', '20000000-0000-0000-0000-000000000006')   -- Python
ON CONFLICT DO NOTHING;

-- ============================================================
-- Work Values 診断データ（10名分）
-- ============================================================

-- User04: 技術志向フロントエンジニア（creativity, ability_utilization高め / authority, social_status低め）
INSERT INTO work_values_sessions (id, user_id, circular_triads, consistency_coefficient, consistency_level, purpose)
VALUES ('30004000-0000-0000-0000-000000000001', '10000000-0000-0000-0000-000000000004', 30, 0.922, 'high', 'general')
ON CONFLICT DO NOTHING;
INSERT INTO work_needs_scores (session_id, need_id, mu, se, display_score, rank) VALUES
  ('30004000-0000-0000-0000-000000000001', 1,  1.9, 0.34, 87.0,  2),  -- ability_utilization
  ('30004000-0000-0000-0000-000000000001', 2,  1.2, 0.32, 76.9,  5),  -- achievement
  ('30004000-0000-0000-0000-000000000001', 3, -0.3, 0.29, 42.6, 12),  -- activity
  ('30004000-0000-0000-0000-000000000001', 4,  0.6, 0.31, 64.6,  7),  -- advancement
  ('30004000-0000-0000-0000-000000000001', 5, -1.8, 0.36, 14.2, 20),  -- authority
  ('30004000-0000-0000-0000-000000000001', 6,  1.6, 0.33, 83.2,  3),  -- autonomy
  ('30004000-0000-0000-0000-000000000001', 7, -0.5, 0.30, 37.8, 14),  -- company_policies
  ('30004000-0000-0000-0000-000000000001', 8,  0.3, 0.30, 57.4,  9),  -- compensation
  ('30004000-0000-0000-0000-000000000001', 9,  0.8, 0.31, 69.0,  6),  -- co_workers
  ('30004000-0000-0000-0000-000000000001', 10, 2.2, 0.35, 90.0,  1),  -- creativity
  ('30004000-0000-0000-0000-000000000001', 11, 0.5, 0.30, 62.2,  8),  -- independence
  ('30004000-0000-0000-0000-000000000001', 12, 0.0, 0.29, 50.0, 10),  -- moral_values
  ('30004000-0000-0000-0000-000000000001', 13,-0.2, 0.29, 45.0, 11),  -- recognition
  ('30004000-0000-0000-0000-000000000001', 14, 1.4, 0.32, 80.2,  4),  -- responsibility
  ('30004000-0000-0000-0000-000000000001', 15,-0.7, 0.31, 33.2, 15),  -- security
  ('30004000-0000-0000-0000-000000000001', 16,-0.8, 0.32, 31.0, 16),  -- social_service
  ('30004000-0000-0000-0000-000000000001', 17,-2.0, 0.37, 11.9, 21),  -- social_status
  ('30004000-0000-0000-0000-000000000001', 18,-1.0, 0.33, 26.9, 17),  -- supervision_hr
  ('30004000-0000-0000-0000-000000000001', 19,-1.2, 0.34, 23.1, 18),  -- supervision_technical
  ('30004000-0000-0000-0000-000000000001', 20,-1.5, 0.35, 18.2, 19),  -- variety
  ('30004000-0000-0000-0000-000000000001', 21,-0.4, 0.30, 40.1, 13)   -- working_conditions
ON CONFLICT DO NOTHING;

INSERT INTO work_values_scores (session_id, value_id, mu, display_score, rank) VALUES
  ('30004000-0000-0000-0000-000000000001', 'autonomy', 1.73, 85.0, 1),
  ('30004000-0000-0000-0000-000000000001', 'achievement', 1.55, 82.5, 2),
  ('30004000-0000-0000-0000-000000000001', 'altruism', 0.0, 50.0, 3),
  ('30004000-0000-0000-0000-000000000001', 'comfort', -0.35, 41.3, 4),
  ('30004000-0000-0000-0000-000000000001', 'status', -0.85, 29.9, 5),
  ('30004000-0000-0000-0000-000000000001', 'safety', -0.9, 28.9, 6)
ON CONFLICT DO NOTHING;
UPDATE users SET wv_vector = '[1.9,1.2,-0.3,0.6,-1.8,1.6,-0.5,0.3,0.8,2.2,0.5,0.0,-0.2,1.4,-0.7,-0.8,-2.0,-1.0,-1.2,-1.5,-0.4]'
WHERE id = '10000000-0000-0000-0000-000000000004';

-- User05: 安定志向インフラエンジニア（security, working_conditions高め / creativity, variety低め）
INSERT INTO work_values_sessions (id, user_id, circular_triads, consistency_coefficient, consistency_level, purpose)
VALUES ('30005000-0000-0000-0000-000000000001', '10000000-0000-0000-0000-000000000005', 38, 0.901, 'high', 'general')
ON CONFLICT DO NOTHING;
INSERT INTO work_needs_scores (session_id, need_id, mu, se, display_score, rank) VALUES
  ('30005000-0000-0000-0000-000000000001', 1,  0.8, 0.31, 69.0,  6),  -- ability_utilization
  ('30005000-0000-0000-0000-000000000001', 2,  0.5, 0.30, 62.2,  8),  -- achievement
  ('30005000-0000-0000-0000-000000000001', 3,  0.3, 0.30, 57.4,  9),  -- activity
  ('30005000-0000-0000-0000-000000000001', 4, -0.4, 0.30, 40.1, 13),  -- advancement
  ('30005000-0000-0000-0000-000000000001', 5, -1.3, 0.34, 21.4, 18),  -- authority
  ('30005000-0000-0000-0000-000000000001', 6,  0.6, 0.31, 64.6,  7),  -- autonomy
  ('30005000-0000-0000-0000-000000000001', 7,  1.5, 0.33, 81.8,  3),  -- company_policies
  ('30005000-0000-0000-0000-000000000001', 8,  1.2, 0.32, 76.9,  4),  -- compensation
  ('30005000-0000-0000-0000-000000000001', 9,  0.9, 0.31, 71.1,  5),  -- co_workers
  ('30005000-0000-0000-0000-000000000001', 10,-1.0, 0.33, 26.9, 16),  -- creativity
  ('30005000-0000-0000-0000-000000000001', 11, 0.2, 0.29, 55.0, 10),  -- independence
  ('30005000-0000-0000-0000-000000000001', 12, 0.0, 0.29, 50.0, 11),  -- moral_values
  ('30005000-0000-0000-0000-000000000001', 13,-0.3, 0.30, 42.6, 12),  -- recognition
  ('30005000-0000-0000-0000-000000000001', 14,-0.5, 0.30, 37.8, 14),  -- responsibility
  ('30005000-0000-0000-0000-000000000001', 15, 2.0, 0.34, 88.1,  1),  -- security
  ('30005000-0000-0000-0000-000000000001', 16,-0.8, 0.32, 31.0, 15),  -- social_service
  ('30005000-0000-0000-0000-000000000001', 17,-1.5, 0.35, 18.2, 19),  -- social_status
  ('30005000-0000-0000-0000-000000000001', 18,-1.0, 0.33, 26.9, 16),  -- supervision_hr
  ('30005000-0000-0000-0000-000000000001', 19,-1.2, 0.34, 23.1, 17),  -- supervision_technical  (note: rank adjusted for tie)
  ('30005000-0000-0000-0000-000000000001', 20,-1.8, 0.36, 14.2, 20),  -- variety
  ('30005000-0000-0000-0000-000000000001', 21, 1.8, 0.33, 85.8,  2)   -- working_conditions
ON CONFLICT DO NOTHING;

INSERT INTO work_values_scores (session_id, value_id, mu, display_score, rank) VALUES
  ('30005000-0000-0000-0000-000000000001', 'achievement', 0.65, 65.7, 1),
  ('30005000-0000-0000-0000-000000000001', 'comfort', 0.62, 64.9, 2),
  ('30005000-0000-0000-0000-000000000001', 'altruism', 0.03, 50.8, 3),
  ('30005000-0000-0000-0000-000000000001', 'safety', -0.23, 44.2, 4),
  ('30005000-0000-0000-0000-000000000001', 'autonomy', -0.3, 42.6, 5),
  ('30005000-0000-0000-0000-000000000001', 'status', -0.88, 29.4, 6)
ON CONFLICT DO NOTHING;
UPDATE users SET wv_vector = '[0.8,0.5,0.3,-0.4,-1.3,0.6,1.5,1.2,0.9,-1.0,0.2,0.0,-0.3,-0.5,2.0,-0.8,-1.5,-1.0,-1.2,-1.8,1.8]'
WHERE id = '10000000-0000-0000-0000-000000000005';

-- User06: 探求志向データサイエンティスト（achievement, independence高め / supervision, social_status低め）
INSERT INTO work_values_sessions (id, user_id, circular_triads, consistency_coefficient, consistency_level, purpose)
VALUES ('30006000-0000-0000-0000-000000000001', '10000000-0000-0000-0000-000000000006', 25, 0.935, 'high', 'general')
ON CONFLICT DO NOTHING;
INSERT INTO work_needs_scores (session_id, need_id, mu, se, display_score, rank) VALUES
  ('30006000-0000-0000-0000-000000000001', 1,  1.5, 0.33, 81.8,  3),  -- ability_utilization
  ('30006000-0000-0000-0000-000000000001', 2,  2.3, 0.35, 90.9,  1),  -- achievement
  ('30006000-0000-0000-0000-000000000001', 3,  0.4, 0.30, 59.9,  9),  -- activity
  ('30006000-0000-0000-0000-000000000001', 4,  0.8, 0.31, 69.0,  6),  -- advancement
  ('30006000-0000-0000-0000-000000000001', 5, -1.0, 0.33, 26.9, 16),  -- authority
  ('30006000-0000-0000-0000-000000000001', 6,  1.0, 0.32, 73.1,  5),  -- autonomy
  ('30006000-0000-0000-0000-000000000001', 7, -0.2, 0.29, 45.0, 12),  -- company_policies
  ('30006000-0000-0000-0000-000000000001', 8,  0.3, 0.30, 57.4, 10),  -- compensation
  ('30006000-0000-0000-0000-000000000001', 9, -0.1, 0.29, 47.5, 11),  -- co_workers
  ('30006000-0000-0000-0000-000000000001', 10, 1.2, 0.32, 76.9,  4),  -- creativity
  ('30006000-0000-0000-0000-000000000001', 11, 1.8, 0.34, 85.8,  2),  -- independence
  ('30006000-0000-0000-0000-000000000001', 12, 0.5, 0.30, 62.2,  7),  -- moral_values
  ('30006000-0000-0000-0000-000000000001', 13, 0.2, 0.29, 55.0,  8),  -- recognition  (note: rank adjusted)
  ('30006000-0000-0000-0000-000000000001', 14, 0.5, 0.30, 62.2,  7),  -- responsibility
  ('30006000-0000-0000-0000-000000000001', 15,-0.5, 0.31, 37.8, 13),  -- security
  ('30006000-0000-0000-0000-000000000001', 16,-0.7, 0.31, 33.2, 14),  -- social_service
  ('30006000-0000-0000-0000-000000000001', 17,-2.1, 0.37, 10.9, 21),  -- social_status
  ('30006000-0000-0000-0000-000000000001', 18,-1.5, 0.35, 18.2, 18),  -- supervision_hr
  ('30006000-0000-0000-0000-000000000001', 19,-1.8, 0.36, 14.2, 19),  -- supervision_technical
  ('30006000-0000-0000-0000-000000000001', 20,-0.8, 0.32, 31.0, 15),  -- variety
  ('30006000-0000-0000-0000-000000000001', 21,-2.0, 0.37, 11.9, 20)   -- working_conditions
ON CONFLICT DO NOTHING;

INSERT INTO work_values_scores (session_id, value_id, mu, display_score, rank) VALUES
  ('30006000-0000-0000-0000-000000000001', 'achievement', 1.9, 87.0, 1),
  ('30006000-0000-0000-0000-000000000001', 'autonomy', 0.9, 71.1, 2),
  ('30006000-0000-0000-0000-000000000001', 'altruism', -0.1, 47.5, 3),
  ('30006000-0000-0000-0000-000000000001', 'comfort', -0.13, 46.7, 4),
  ('30006000-0000-0000-0000-000000000001', 'status', -0.53, 37.2, 5),
  ('30006000-0000-0000-0000-000000000001', 'safety', -1.17, 23.7, 6)
ON CONFLICT DO NOTHING;
UPDATE users SET wv_vector = '[1.5,2.3,0.4,0.8,-1.0,1.0,-0.2,0.3,-0.1,1.2,1.8,0.5,0.2,0.5,-0.5,-0.7,-2.1,-1.5,-1.8,-0.8,-2.0]'
WHERE id = '10000000-0000-0000-0000-000000000006';

-- User07: チーム志向バックエンドエンジニア（co_workers, responsibility高め / independence, working_conditions低め）
INSERT INTO work_values_sessions (id, user_id, circular_triads, consistency_coefficient, consistency_level, purpose)
VALUES ('30007000-0000-0000-0000-000000000001', '10000000-0000-0000-0000-000000000007', 32, 0.917, 'high', 'general')
ON CONFLICT DO NOTHING;
INSERT INTO work_needs_scores (session_id, need_id, mu, se, display_score, rank) VALUES
  ('30007000-0000-0000-0000-000000000001', 1,  1.0, 0.32, 73.1,  5),  -- ability_utilization
  ('30007000-0000-0000-0000-000000000001', 2,  1.3, 0.32, 78.6,  4),  -- achievement
  ('30007000-0000-0000-0000-000000000001', 3,  0.6, 0.31, 64.6,  7),  -- activity
  ('30007000-0000-0000-0000-000000000001', 4,  0.5, 0.30, 62.2,  8),  -- advancement
  ('30007000-0000-0000-0000-000000000001', 5, -0.3, 0.30, 42.6, 12),  -- authority
  ('30007000-0000-0000-0000-000000000001', 6,  0.2, 0.29, 55.0, 10),  -- autonomy
  ('30007000-0000-0000-0000-000000000001', 7,  0.3, 0.30, 57.4,  9),  -- company_policies
  ('30007000-0000-0000-0000-000000000001', 8,  0.0, 0.29, 50.0, 11),  -- compensation
  ('30007000-0000-0000-0000-000000000001', 9,  2.0, 0.34, 88.1,  1),  -- co_workers
  ('30007000-0000-0000-0000-000000000001', 10, 0.8, 0.31, 69.0,  6),  -- creativity
  ('30007000-0000-0000-0000-000000000001', 11,-1.5, 0.35, 18.2, 19),  -- independence
  ('30007000-0000-0000-0000-000000000001', 12, 1.5, 0.33, 81.8,  3),  -- moral_values
  ('30007000-0000-0000-0000-000000000001', 13,-0.5, 0.30, 37.8, 14),  -- recognition
  ('30007000-0000-0000-0000-000000000001', 14, 1.7, 0.33, 84.6,  2),  -- responsibility
  ('30007000-0000-0000-0000-000000000001', 15,-0.4, 0.30, 40.1, 13),  -- security
  ('30007000-0000-0000-0000-000000000001', 16, 0.0, 0.29, 50.0, 11),  -- social_service
  ('30007000-0000-0000-0000-000000000001', 17,-1.8, 0.36, 14.2, 20),  -- social_status
  ('30007000-0000-0000-0000-000000000001', 18,-0.8, 0.32, 31.0, 15),  -- supervision_hr
  ('30007000-0000-0000-0000-000000000001', 19,-1.0, 0.33, 26.9, 16),  -- supervision_technical
  ('30007000-0000-0000-0000-000000000001', 20,-1.2, 0.34, 23.1, 17),  -- variety
  ('30007000-0000-0000-0000-000000000001', 21,-2.0, 0.37, 11.9, 21)   -- working_conditions  (note: low despite infra role)
ON CONFLICT DO NOTHING;

INSERT INTO work_values_scores (session_id, value_id, mu, display_score, rank) VALUES
  ('30007000-0000-0000-0000-000000000001', 'altruism', 1.17, 76.3, 1),
  ('30007000-0000-0000-0000-000000000001', 'achievement', 1.15, 76.0, 2),
  ('30007000-0000-0000-0000-000000000001', 'autonomy', 0.9, 71.1, 3),
  ('30007000-0000-0000-0000-000000000001', 'safety', -0.5, 37.8, 4),
  ('30007000-0000-0000-0000-000000000001', 'status', -0.53, 37.2, 5),
  ('30007000-0000-0000-0000-000000000001', 'comfort', -0.75, 32.1, 6)
ON CONFLICT DO NOTHING;
UPDATE users SET wv_vector = '[1.0,1.3,0.6,0.5,-0.3,0.2,0.3,0.0,2.0,0.8,-1.5,1.5,-0.5,1.7,-0.4,0.0,-1.8,-0.8,-1.0,-1.2,-2.0]'
WHERE id = '10000000-0000-0000-0000-000000000007';

-- User08: 社会貢献志向UXデザイナー（social_service, moral_values高め / compensation, advancement低め）
INSERT INTO work_values_sessions (id, user_id, circular_triads, consistency_coefficient, consistency_level, purpose)
VALUES ('30008000-0000-0000-0000-000000000001', '10000000-0000-0000-0000-000000000008', 40, 0.896, 'high', 'general')
ON CONFLICT DO NOTHING;
INSERT INTO work_needs_scores (session_id, need_id, mu, se, display_score, rank) VALUES
  ('30008000-0000-0000-0000-000000000001', 1,  0.9, 0.31, 71.1,  5),  -- ability_utilization
  ('30008000-0000-0000-0000-000000000001', 2,  0.5, 0.30, 62.2,  8),  -- achievement
  ('30008000-0000-0000-0000-000000000001', 3, -0.6, 0.31, 35.4, 14),  -- activity
  ('30008000-0000-0000-0000-000000000001', 4, -1.2, 0.34, 23.1, 18),  -- advancement
  ('30008000-0000-0000-0000-000000000001', 5, -1.5, 0.35, 18.2, 19),  -- authority
  ('30008000-0000-0000-0000-000000000001', 6,  0.6, 0.31, 64.6,  7),  -- autonomy
  ('30008000-0000-0000-0000-000000000001', 7,  0.0, 0.29, 50.0, 10),  -- company_policies
  ('30008000-0000-0000-0000-000000000001', 8, -1.0, 0.33, 26.9, 16),  -- compensation
  ('30008000-0000-0000-0000-000000000001', 9,  1.3, 0.32, 78.6,  4),  -- co_workers
  ('30008000-0000-0000-0000-000000000001', 10, 1.5, 0.33, 81.8,  3),  -- creativity
  ('30008000-0000-0000-0000-000000000001', 11,-0.3, 0.30, 42.6, 12),  -- independence
  ('30008000-0000-0000-0000-000000000001', 12, 1.8, 0.34, 85.8,  2),  -- moral_values
  ('30008000-0000-0000-0000-000000000001', 13, 0.2, 0.29, 55.0,  9),  -- recognition
  ('30008000-0000-0000-0000-000000000001', 14,-0.1, 0.29, 47.5, 11),  -- responsibility
  ('30008000-0000-0000-0000-000000000001', 15,-0.5, 0.31, 37.8, 13),  -- security
  ('30008000-0000-0000-0000-000000000001', 16, 2.1, 0.35, 89.1,  1),  -- social_service
  ('30008000-0000-0000-0000-000000000001', 17,-1.8, 0.36, 14.2, 20),  -- social_status
  ('30008000-0000-0000-0000-000000000001', 18, 0.7, 0.31, 66.8,  6),  -- supervision_hr
  ('30008000-0000-0000-0000-000000000001', 19, 0.3, 0.30, 57.4,  8),  -- supervision_technical (note: rank adjusted)
  ('30008000-0000-0000-0000-000000000001', 20,-0.8, 0.32, 31.0, 15),  -- variety
  ('30008000-0000-0000-0000-000000000001', 21,-2.0, 0.37, 11.9, 21)   -- working_conditions
ON CONFLICT DO NOTHING;

INSERT INTO work_values_scores (session_id, value_id, mu, display_score, rank) VALUES
  ('30008000-0000-0000-0000-000000000001', 'altruism', 1.73, 85.0, 1),
  ('30008000-0000-0000-0000-000000000001', 'achievement', 0.7, 66.8, 2),
  ('30008000-0000-0000-0000-000000000001', 'autonomy', 0.67, 66.1, 3),
  ('30008000-0000-0000-0000-000000000001', 'safety', 0.33, 58.3, 4),
  ('30008000-0000-0000-0000-000000000001', 'comfort', -0.87, 29.6, 5),
  ('30008000-0000-0000-0000-000000000001', 'status', -1.07, 25.4, 6)
ON CONFLICT DO NOTHING;
UPDATE users SET wv_vector = '[0.9,0.5,-0.6,-1.2,-1.5,0.6,0.0,-1.0,1.3,1.5,-0.3,1.8,0.2,-0.1,-0.5,2.1,-1.8,0.7,0.3,-0.8,-2.0]'
WHERE id = '10000000-0000-0000-0000-000000000008';

-- User09: 自由裁量志向グラフィックデザイナー（autonomy, creativity高め / company_policies, security低め）
INSERT INTO work_values_sessions (id, user_id, circular_triads, consistency_coefficient, consistency_level, purpose)
VALUES ('30009000-0000-0000-0000-000000000001', '10000000-0000-0000-0000-000000000009', 33, 0.914, 'high', 'general')
ON CONFLICT DO NOTHING;
INSERT INTO work_needs_scores (session_id, need_id, mu, se, display_score, rank) VALUES
  ('30009000-0000-0000-0000-000000000001', 1,  1.3, 0.32, 78.6,  4),  -- ability_utilization
  ('30009000-0000-0000-0000-000000000001', 2,  0.7, 0.31, 66.8,  7),  -- achievement
  ('30009000-0000-0000-0000-000000000001', 3, -0.8, 0.32, 31.0, 15),  -- activity
  ('30009000-0000-0000-0000-000000000001', 4, -0.2, 0.29, 45.0, 12),  -- advancement
  ('30009000-0000-0000-0000-000000000001', 5, -1.6, 0.35, 16.8, 19),  -- authority
  ('30009000-0000-0000-0000-000000000001', 6,  2.3, 0.35, 90.9,  1),  -- autonomy
  ('30009000-0000-0000-0000-000000000001', 7, -1.3, 0.34, 21.4, 18),  -- company_policies
  ('30009000-0000-0000-0000-000000000001', 8, -0.5, 0.30, 37.8, 14),  -- compensation
  ('30009000-0000-0000-0000-000000000001', 9,  0.5, 0.30, 62.2,  8),  -- co_workers
  ('30009000-0000-0000-0000-000000000001', 10, 2.0, 0.34, 88.1,  2),  -- creativity
  ('30009000-0000-0000-0000-000000000001', 11, 1.5, 0.33, 81.8,  3),  -- independence
  ('30009000-0000-0000-0000-000000000001', 12, 0.3, 0.30, 57.4,  9),  -- moral_values
  ('30009000-0000-0000-0000-000000000001', 13, 0.8, 0.31, 69.0,  6),  -- recognition
  ('30009000-0000-0000-0000-000000000001', 14, 1.0, 0.32, 73.1,  5),  -- responsibility
  ('30009000-0000-0000-0000-000000000001', 15,-1.8, 0.36, 14.2, 20),  -- security
  ('30009000-0000-0000-0000-000000000001', 16, 0.0, 0.29, 50.0, 10),  -- social_service
  ('30009000-0000-0000-0000-000000000001', 17,-2.2, 0.38, 10.0, 21),  -- social_status
  ('30009000-0000-0000-0000-000000000001', 18,-0.3, 0.30, 42.6, 11),  -- supervision_hr
  ('30009000-0000-0000-0000-000000000001', 19,-0.3, 0.30, 42.6, 11),  -- supervision_technical
  ('30009000-0000-0000-0000-000000000001', 20,-1.0, 0.33, 26.9, 16),  -- variety
  ('30009000-0000-0000-0000-000000000001', 21,-1.2, 0.34, 23.1, 17)   -- working_conditions
ON CONFLICT DO NOTHING;

INSERT INTO work_values_scores (session_id, value_id, mu, display_score, rank) VALUES
  ('30009000-0000-0000-0000-000000000001', 'autonomy', 1.77, 85.4, 1),
  ('30009000-0000-0000-0000-000000000001', 'achievement', 1.0, 73.1, 2),
  ('30009000-0000-0000-0000-000000000001', 'altruism', 0.27, 56.6, 3),
  ('30009000-0000-0000-0000-000000000001', 'comfort', -0.63, 34.7, 4),
  ('30009000-0000-0000-0000-000000000001', 'safety', -0.63, 34.7, 5),
  ('30009000-0000-0000-0000-000000000001', 'status', -0.8, 31.0, 6)
ON CONFLICT DO NOTHING;
UPDATE users SET wv_vector = '[1.3,0.7,-0.8,-0.2,-1.6,2.3,-1.3,-0.5,0.5,2.0,1.5,0.3,0.8,1.0,-1.8,0.0,-2.2,-0.3,-0.3,-1.0,-1.2]'
WHERE id = '10000000-0000-0000-0000-000000000009';

-- User10: リーダーシップ志向事業開発（authority, advancement高め / autonomy, independence低め）
INSERT INTO work_values_sessions (id, user_id, circular_triads, consistency_coefficient, consistency_level, purpose)
VALUES ('3000a000-0000-0000-0000-000000000001', '10000000-0000-0000-0000-00000000000a', 36, 0.906, 'high', 'general')
ON CONFLICT DO NOTHING;
INSERT INTO work_needs_scores (session_id, need_id, mu, se, display_score, rank) VALUES
  ('3000a000-0000-0000-0000-000000000001', 1,  0.5, 0.30, 62.2,  8),  -- ability_utilization
  ('3000a000-0000-0000-0000-000000000001', 2,  1.5, 0.33, 81.8,  3),  -- achievement
  ('3000a000-0000-0000-0000-000000000001', 3,  0.8, 0.31, 69.0,  6),  -- activity
  ('3000a000-0000-0000-0000-000000000001', 4,  2.0, 0.34, 88.1,  1),  -- advancement
  ('3000a000-0000-0000-0000-000000000001', 5,  1.8, 0.34, 85.8,  2),  -- authority
  ('3000a000-0000-0000-0000-000000000001', 6, -1.2, 0.34, 23.1, 18),  -- autonomy
  ('3000a000-0000-0000-0000-000000000001', 7,  0.3, 0.30, 57.4,  9),  -- company_policies
  ('3000a000-0000-0000-0000-000000000001', 8,  1.0, 0.32, 73.1,  5),  -- compensation
  ('3000a000-0000-0000-0000-000000000001', 9,  0.6, 0.31, 64.6,  7),  -- co_workers
  ('3000a000-0000-0000-0000-000000000001', 10,-0.8, 0.32, 31.0, 15),  -- creativity
  ('3000a000-0000-0000-0000-000000000001', 11,-1.5, 0.35, 18.2, 19),  -- independence
  ('3000a000-0000-0000-0000-000000000001', 12,-0.3, 0.30, 42.6, 12),  -- moral_values
  ('3000a000-0000-0000-0000-000000000001', 13, 1.2, 0.32, 76.9,  4),  -- recognition
  ('3000a000-0000-0000-0000-000000000001', 14, 0.2, 0.29, 55.0, 10),  -- responsibility
  ('3000a000-0000-0000-0000-000000000001', 15,-0.5, 0.31, 37.8, 13),  -- security
  ('3000a000-0000-0000-0000-000000000001', 16,-0.1, 0.29, 47.5, 11),  -- social_service
  ('3000a000-0000-0000-0000-000000000001', 17, 0.0, 0.29, 50.0, 10),  -- social_status  (note: rank adjusted)
  ('3000a000-0000-0000-0000-000000000001', 18,-0.6, 0.31, 35.4, 14),  -- supervision_hr
  ('3000a000-0000-0000-0000-000000000001', 19,-1.0, 0.33, 26.9, 16),  -- supervision_technical
  ('3000a000-0000-0000-0000-000000000001', 20,-1.8, 0.36, 14.2, 20),  -- variety
  ('3000a000-0000-0000-0000-000000000001', 21,-2.0, 0.37, 11.9, 21)   -- working_conditions
ON CONFLICT DO NOTHING;

INSERT INTO work_values_scores (session_id, value_id, mu, display_score, rank) VALUES
  ('3000a000-0000-0000-0000-000000000001', 'status', 1.25, 77.7, 1),
  ('3000a000-0000-0000-0000-000000000001', 'achievement', 1.0, 73.1, 2),
  ('3000a000-0000-0000-0000-000000000001', 'altruism', 0.07, 51.7, 3),
  ('3000a000-0000-0000-0000-000000000001', 'safety', -0.43, 39.3, 4),
  ('3000a000-0000-0000-0000-000000000001', 'autonomy', -0.6, 35.4, 5),
  ('3000a000-0000-0000-0000-000000000001', 'comfort', -0.67, 33.9, 6)
ON CONFLICT DO NOTHING;
UPDATE users SET wv_vector = '[0.5,1.5,0.8,2.0,1.8,-1.2,0.3,1.0,0.6,-0.8,-1.5,-0.3,1.2,0.2,-0.5,-0.1,0.0,-0.6,-1.0,-1.8,-2.0]'
WHERE id = '10000000-0000-0000-0000-00000000000a';

-- User11: 対人関係志向セールス（co_workers, recognition高め / creativity, independence低め）
INSERT INTO work_values_sessions (id, user_id, circular_triads, consistency_coefficient, consistency_level, purpose)
VALUES ('3000b000-0000-0000-0000-000000000001', '10000000-0000-0000-0000-00000000000b', 42, 0.891, 'high', 'general')
ON CONFLICT DO NOTHING;
INSERT INTO work_needs_scores (session_id, need_id, mu, se, display_score, rank) VALUES
  ('3000b000-0000-0000-0000-000000000001', 1, -0.2, 0.29, 45.0, 11),  -- ability_utilization
  ('3000b000-0000-0000-0000-000000000001', 2,  1.5, 0.33, 81.8,  3),  -- achievement
  ('3000b000-0000-0000-0000-000000000001', 3,  0.8, 0.31, 69.0,  6),  -- activity
  ('3000b000-0000-0000-0000-000000000001', 4,  1.0, 0.32, 73.1,  5),  -- advancement
  ('3000b000-0000-0000-0000-000000000001', 5,  0.5, 0.30, 62.2,  8),  -- authority
  ('3000b000-0000-0000-0000-000000000001', 6, -1.3, 0.34, 21.4, 18),  -- autonomy
  ('3000b000-0000-0000-0000-000000000001', 7,  0.2, 0.29, 55.0,  9),  -- company_policies
  ('3000b000-0000-0000-0000-000000000001', 8,  1.2, 0.32, 76.9,  4),  -- compensation
  ('3000b000-0000-0000-0000-000000000001', 9,  2.2, 0.35, 90.0,  1),  -- co_workers
  ('3000b000-0000-0000-0000-000000000001', 10,-1.5, 0.35, 18.2, 19),  -- creativity
  ('3000b000-0000-0000-0000-000000000001', 11,-1.8, 0.36, 14.2, 20),  -- independence
  ('3000b000-0000-0000-0000-000000000001', 12, 0.0, 0.29, 50.0, 10),  -- moral_values
  ('3000b000-0000-0000-0000-000000000001', 13, 1.8, 0.34, 85.8,  2),  -- recognition
  ('3000b000-0000-0000-0000-000000000001', 14,-0.3, 0.30, 42.6, 12),  -- responsibility
  ('3000b000-0000-0000-0000-000000000001', 15, 0.6, 0.31, 64.6,  7),  -- security
  ('3000b000-0000-0000-0000-000000000001', 16, 0.0, 0.29, 50.0, 10),  -- social_service
  ('3000b000-0000-0000-0000-000000000001', 17,-0.5, 0.30, 37.8, 14),  -- social_status
  ('3000b000-0000-0000-0000-000000000001', 18,-0.8, 0.32, 31.0, 15),  -- supervision_hr
  ('3000b000-0000-0000-0000-000000000001', 19,-0.4, 0.30, 40.1, 13),  -- supervision_technical
  ('3000b000-0000-0000-0000-000000000001', 20,-1.0, 0.33, 26.9, 16),  -- variety
  ('3000b000-0000-0000-0000-000000000001', 21,-2.0, 0.37, 11.9, 21)   -- working_conditions
ON CONFLICT DO NOTHING;

INSERT INTO work_values_scores (session_id, value_id, mu, display_score, rank) VALUES
  ('3000b000-0000-0000-0000-000000000001', 'altruism', 0.73, 67.6, 1),
  ('3000b000-0000-0000-0000-000000000001', 'status', 0.7, 66.8, 2),
  ('3000b000-0000-0000-0000-000000000001', 'achievement', 0.65, 65.7, 3),
  ('3000b000-0000-0000-0000-000000000001', 'safety', -0.33, 41.7, 4),
  ('3000b000-0000-0000-0000-000000000001', 'comfort', -0.37, 40.9, 5),
  ('3000b000-0000-0000-0000-000000000001', 'autonomy', -1.03, 26.2, 6)
ON CONFLICT DO NOTHING;
UPDATE users SET wv_vector = '[-0.2,1.5,0.8,1.0,0.5,-1.3,0.2,1.2,2.2,-1.5,-1.8,0.0,1.8,-0.3,0.6,0.0,-0.5,-0.8,-0.4,-1.0,-2.0]'
WHERE id = '10000000-0000-0000-0000-00000000000b';

-- User12: バランス型PM（responsibility, achievement高め / variety, working_conditions低め）
INSERT INTO work_values_sessions (id, user_id, circular_triads, consistency_coefficient, consistency_level, purpose)
VALUES ('3000c000-0000-0000-0000-000000000001', '10000000-0000-0000-0000-00000000000c', 29, 0.925, 'high', 'general')
ON CONFLICT DO NOTHING;
INSERT INTO work_needs_scores (session_id, need_id, mu, se, display_score, rank) VALUES
  ('3000c000-0000-0000-0000-000000000001', 1,  1.2, 0.32, 76.9,  4),  -- ability_utilization
  ('3000c000-0000-0000-0000-000000000001', 2,  1.8, 0.34, 85.8,  2),  -- achievement
  ('3000c000-0000-0000-0000-000000000001', 3,  0.3, 0.30, 57.4,  9),  -- activity
  ('3000c000-0000-0000-0000-000000000001', 4,  1.0, 0.32, 73.1,  5),  -- advancement
  ('3000c000-0000-0000-0000-000000000001', 5,  0.5, 0.30, 62.2,  7),  -- authority
  ('3000c000-0000-0000-0000-000000000001', 6,  0.6, 0.31, 64.6,  6),  -- autonomy
  ('3000c000-0000-0000-0000-000000000001', 7,  0.0, 0.29, 50.0, 10),  -- company_policies
  ('3000c000-0000-0000-0000-000000000001', 8,  0.5, 0.30, 62.2,  7),  -- compensation
  ('3000c000-0000-0000-0000-000000000001', 9,  0.8, 0.31, 69.0,  5),  -- co_workers (note: rank adjusted)
  ('3000c000-0000-0000-0000-000000000001', 10, 0.3, 0.30, 57.4,  9),  -- creativity
  ('3000c000-0000-0000-0000-000000000001', 11,-0.5, 0.30, 37.8, 13),  -- independence
  ('3000c000-0000-0000-0000-000000000001', 12, 0.2, 0.29, 55.0,  8),  -- moral_values (note: rank adjusted)
  ('3000c000-0000-0000-0000-000000000001', 13, 0.0, 0.29, 50.0, 10),  -- recognition
  ('3000c000-0000-0000-0000-000000000001', 14, 2.0, 0.34, 88.1,  1),  -- responsibility
  ('3000c000-0000-0000-0000-000000000001', 15,-0.3, 0.30, 42.6, 12),  -- security
  ('3000c000-0000-0000-0000-000000000001', 16, 1.5, 0.33, 81.8,  3),  -- social_service
  ('3000c000-0000-0000-0000-000000000001', 17,-1.5, 0.35, 18.2, 18),  -- social_status
  ('3000c000-0000-0000-0000-000000000001', 18,-0.8, 0.32, 31.0, 15),  -- supervision_hr
  ('3000c000-0000-0000-0000-000000000001', 19,-0.6, 0.31, 35.4, 14),  -- supervision_technical
  ('3000c000-0000-0000-0000-000000000001', 20,-1.8, 0.36, 14.2, 19),  -- variety
  ('3000c000-0000-0000-0000-000000000001', 21,-2.2, 0.38, 10.0, 20)   -- working_conditions  (note: rank adjusted)
ON CONFLICT DO NOTHING;

INSERT INTO work_values_scores (session_id, value_id, mu, display_score, rank) VALUES
  ('3000c000-0000-0000-0000-000000000001', 'achievement', 1.5, 81.8, 1),
  ('3000c000-0000-0000-0000-000000000001', 'autonomy', 0.97, 72.4, 2),
  ('3000c000-0000-0000-0000-000000000001', 'altruism', 0.83, 69.7, 3),
  ('3000c000-0000-0000-0000-000000000001', 'status', 0.0, 50.0, 4),
  ('3000c000-0000-0000-0000-000000000001', 'safety', -0.47, 38.5, 5),
  ('3000c000-0000-0000-0000-000000000001', 'comfort', -0.67, 33.9, 6)
ON CONFLICT DO NOTHING;
UPDATE users SET wv_vector = '[1.2,1.8,0.3,1.0,0.5,0.6,0.0,0.5,0.8,0.3,-0.5,0.2,0.0,2.0,-0.3,1.5,-1.5,-0.8,-0.6,-1.8,-2.2]'
WHERE id = '10000000-0000-0000-0000-00000000000c';

-- User13: コミュニケーション志向マーケター（social_service, co_workers高め / authority, social_status低め）
INSERT INTO work_values_sessions (id, user_id, circular_triads, consistency_coefficient, consistency_level, purpose)
VALUES ('3000d000-0000-0000-0000-000000000001', '10000000-0000-0000-0000-00000000000d', 37, 0.904, 'high', 'general')
ON CONFLICT DO NOTHING;
INSERT INTO work_needs_scores (session_id, need_id, mu, se, display_score, rank) VALUES
  ('3000d000-0000-0000-0000-000000000001', 1,  0.6, 0.31, 64.6,  7),  -- ability_utilization
  ('3000d000-0000-0000-0000-000000000001', 2,  1.0, 0.32, 73.1,  5),  -- achievement
  ('3000d000-0000-0000-0000-000000000001', 3,  0.3, 0.30, 57.4,  9),  -- activity
  ('3000d000-0000-0000-0000-000000000001', 4,  0.5, 0.30, 62.2,  8),  -- advancement
  ('3000d000-0000-0000-0000-000000000001', 5, -1.8, 0.36, 14.2, 20),  -- authority
  ('3000d000-0000-0000-0000-000000000001', 6,  0.8, 0.31, 69.0,  6),  -- autonomy
  ('3000d000-0000-0000-0000-000000000001', 7, -0.2, 0.29, 45.0, 11),  -- company_policies
  ('3000d000-0000-0000-0000-000000000001', 8,  0.0, 0.29, 50.0, 10),  -- compensation
  ('3000d000-0000-0000-0000-000000000001', 9,  1.8, 0.34, 85.8,  2),  -- co_workers
  ('3000d000-0000-0000-0000-000000000001', 10, 1.3, 0.32, 78.6,  4),  -- creativity
  ('3000d000-0000-0000-0000-000000000001', 11,-0.5, 0.30, 37.8, 13),  -- independence
  ('3000d000-0000-0000-0000-000000000001', 12, 1.5, 0.33, 81.8,  3),  -- moral_values
  ('3000d000-0000-0000-0000-000000000001', 13,-0.3, 0.30, 42.6, 12),  -- recognition
  ('3000d000-0000-0000-0000-000000000001', 14, 0.2, 0.29, 55.0,  9),  -- responsibility (note: rank adjusted)
  ('3000d000-0000-0000-0000-000000000001', 15,-0.8, 0.32, 31.0, 14),  -- security
  ('3000d000-0000-0000-0000-000000000001', 16, 2.0, 0.34, 88.1,  1),  -- social_service
  ('3000d000-0000-0000-0000-000000000001', 17,-2.0, 0.37, 11.9, 21),  -- social_status
  ('3000d000-0000-0000-0000-000000000001', 18,-1.0, 0.33, 26.9, 16),  -- supervision_hr
  ('3000d000-0000-0000-0000-000000000001', 19,-1.2, 0.34, 23.1, 17),  -- supervision_technical
  ('3000d000-0000-0000-0000-000000000001', 20,-1.5, 0.35, 18.2, 18),  -- variety
  ('3000d000-0000-0000-0000-000000000001', 21,-1.5, 0.35, 18.2, 18)   -- working_conditions (note: rank adjusted)
ON CONFLICT DO NOTHING;

INSERT INTO work_values_scores (session_id, value_id, mu, display_score, rank) VALUES
  ('3000d000-0000-0000-0000-000000000001', 'altruism', 1.77, 85.4, 1),
  ('3000d000-0000-0000-0000-000000000001', 'achievement', 0.8, 69.0, 2),
  ('3000d000-0000-0000-0000-000000000001', 'autonomy', 0.77, 68.3, 3),
  ('3000d000-0000-0000-0000-000000000001', 'comfort', -0.67, 33.9, 4),
  ('3000d000-0000-0000-0000-000000000001', 'safety', -0.8, 31.0, 5),
  ('3000d000-0000-0000-0000-000000000001', 'status', -0.9, 28.9, 6)
ON CONFLICT DO NOTHING;
UPDATE users SET wv_vector = '[0.6,1.0,0.3,0.5,-1.8,0.8,-0.2,0.0,1.8,1.3,-0.5,1.5,-0.3,0.2,-0.8,2.0,-2.0,-1.0,-1.2,-1.5,-1.5]'
WHERE id = '10000000-0000-0000-0000-00000000000d';

-- ============================================================
-- Career Interest 診断データ（10名分）
-- ci_vector順: A1,A2,A3,C1,C2,C3,E1,E2,E3,I1,I2,I3,I4,R1,R2,R3,S1,S2,S3,S4
-- ============================================================

-- User04: フロントエンドエンジニア（I高め、A中程度、R中程度）
INSERT INTO career_interest_sessions (id, user_id)
VALUES ('31004000-0000-0000-0000-000000000001', '10000000-0000-0000-0000-000000000004')
ON CONFLICT DO NOTHING;
INSERT INTO career_interest_scores (session_id, basic_interest_id, score, rank) VALUES
  ('31004000-0000-0000-0000-000000000001', 'A1', 3.8, 5),
  ('31004000-0000-0000-0000-000000000001', 'A2', 3.5, 8),
  ('31004000-0000-0000-0000-000000000001', 'A3', 3.6, 7),
  ('31004000-0000-0000-0000-000000000001', 'C1', 2.5, 16),
  ('31004000-0000-0000-0000-000000000001', 'C2', 2.8, 14),
  ('31004000-0000-0000-0000-000000000001', 'C3', 2.3, 18),
  ('31004000-0000-0000-0000-000000000001', 'E1', 2.7, 15),
  ('31004000-0000-0000-0000-000000000001', 'E2', 2.5, 16),
  ('31004000-0000-0000-0000-000000000001', 'E3', 2.4, 17),
  ('31004000-0000-0000-0000-000000000001', 'I1', 4.5, 1),
  ('31004000-0000-0000-0000-000000000001', 'I2', 4.2, 2),
  ('31004000-0000-0000-0000-000000000001', 'I3', 4.0, 3),
  ('31004000-0000-0000-0000-000000000001', 'I4', 3.9, 4),
  ('31004000-0000-0000-0000-000000000001', 'R1', 3.2, 10),
  ('31004000-0000-0000-0000-000000000001', 'R2', 3.7, 6),
  ('31004000-0000-0000-0000-000000000001', 'R3', 3.0, 12),
  ('31004000-0000-0000-0000-000000000001', 'S1', 2.9, 13),
  ('31004000-0000-0000-0000-000000000001', 'S2', 2.6, 15),
  ('31004000-0000-0000-0000-000000000001', 'S3', 3.1, 11),
  ('31004000-0000-0000-0000-000000000001', 'S4', 3.3, 9)
ON CONFLICT DO NOTHING;
-- RIASEC: R=mean(3.2,3.7,3.0)=3.30, I=mean(4.5,4.2,4.0,3.9)=4.15, A=mean(3.8,3.5,3.6)=3.63, S=mean(2.9,2.6,3.1,3.3)=2.98, E=mean(2.7,2.5,2.4)=2.53, C=mean(2.5,2.8,2.3)=2.53
INSERT INTO career_riasec_scores (session_id, riasec_type, score, rank) VALUES
  ('31004000-0000-0000-0000-000000000001', 'I', 4.15, 1),
  ('31004000-0000-0000-0000-000000000001', 'A', 3.63, 2),
  ('31004000-0000-0000-0000-000000000001', 'R', 3.30, 3),
  ('31004000-0000-0000-0000-000000000001', 'S', 2.98, 4),
  ('31004000-0000-0000-0000-000000000001', 'E', 2.53, 5),
  ('31004000-0000-0000-0000-000000000001', 'C', 2.53, 6)
ON CONFLICT DO NOTHING;
UPDATE users SET ci_vector = '[3.8,3.5,3.6,2.5,2.8,2.3,2.7,2.5,2.4,4.5,4.2,4.0,3.9,3.2,3.7,3.0,2.9,2.6,3.1,3.3]'
WHERE id = '10000000-0000-0000-0000-000000000004';

-- User05: インフラエンジニア（R高め、C中程度、I中程度）
INSERT INTO career_interest_sessions (id, user_id)
VALUES ('31005000-0000-0000-0000-000000000001', '10000000-0000-0000-0000-000000000005')
ON CONFLICT DO NOTHING;
INSERT INTO career_interest_scores (session_id, basic_interest_id, score, rank) VALUES
  ('31005000-0000-0000-0000-000000000001', 'A1', 2.3, 17),
  ('31005000-0000-0000-0000-000000000001', 'A2', 2.1, 19),
  ('31005000-0000-0000-0000-000000000001', 'A3', 2.5, 15),
  ('31005000-0000-0000-0000-000000000001', 'C1', 3.8, 4),
  ('31005000-0000-0000-0000-000000000001', 'C2', 3.5, 7),
  ('31005000-0000-0000-0000-000000000001', 'C3', 3.9, 3),
  ('31005000-0000-0000-0000-000000000001', 'E1', 2.4, 16),
  ('31005000-0000-0000-0000-000000000001', 'E2', 2.2, 18),
  ('31005000-0000-0000-0000-000000000001', 'E3', 2.0, 20),
  ('31005000-0000-0000-0000-000000000001', 'I1', 3.6, 6),
  ('31005000-0000-0000-0000-000000000001', 'I2', 3.3, 9),
  ('31005000-0000-0000-0000-000000000001', 'I3', 3.4, 8),
  ('31005000-0000-0000-0000-000000000001', 'I4', 3.2, 10),
  ('31005000-0000-0000-0000-000000000001', 'R1', 4.5, 1),
  ('31005000-0000-0000-0000-000000000001', 'R2', 4.2, 2),
  ('31005000-0000-0000-0000-000000000001', 'R3', 3.7, 5),
  ('31005000-0000-0000-0000-000000000001', 'S1', 2.6, 14),
  ('31005000-0000-0000-0000-000000000001', 'S2', 2.8, 12),
  ('31005000-0000-0000-0000-000000000001', 'S3', 2.7, 13),
  ('31005000-0000-0000-0000-000000000001', 'S4', 3.0, 11)
ON CONFLICT DO NOTHING;
-- RIASEC: R=mean(4.5,4.2,3.7)=4.13, I=mean(3.6,3.3,3.4,3.2)=3.38, A=mean(2.3,2.1,2.5)=2.30, S=mean(2.6,2.8,2.7,3.0)=2.78, E=mean(2.4,2.2,2.0)=2.20, C=mean(3.8,3.5,3.9)=3.73
INSERT INTO career_riasec_scores (session_id, riasec_type, score, rank) VALUES
  ('31005000-0000-0000-0000-000000000001', 'R', 4.13, 1),
  ('31005000-0000-0000-0000-000000000001', 'C', 3.73, 2),
  ('31005000-0000-0000-0000-000000000001', 'I', 3.38, 3),
  ('31005000-0000-0000-0000-000000000001', 'S', 2.78, 4),
  ('31005000-0000-0000-0000-000000000001', 'A', 2.30, 5),
  ('31005000-0000-0000-0000-000000000001', 'E', 2.20, 6)
ON CONFLICT DO NOTHING;
UPDATE users SET ci_vector = '[2.3,2.1,2.5,3.8,3.5,3.9,2.4,2.2,2.0,3.6,3.3,3.4,3.2,4.5,4.2,3.7,2.6,2.8,2.7,3.0]'
WHERE id = '10000000-0000-0000-0000-000000000005';

-- User06: データサイエンティスト（I高め、R中程度、C中程度）
INSERT INTO career_interest_sessions (id, user_id)
VALUES ('31006000-0000-0000-0000-000000000001', '10000000-0000-0000-0000-000000000006')
ON CONFLICT DO NOTHING;
INSERT INTO career_interest_scores (session_id, basic_interest_id, score, rank) VALUES
  ('31006000-0000-0000-0000-000000000001', 'A1', 2.8, 14),
  ('31006000-0000-0000-0000-000000000001', 'A2', 3.0, 12),
  ('31006000-0000-0000-0000-000000000001', 'A3', 2.6, 16),
  ('31006000-0000-0000-0000-000000000001', 'C1', 3.5, 7),
  ('31006000-0000-0000-0000-000000000001', 'C2', 3.3, 9),
  ('31006000-0000-0000-0000-000000000001', 'C3', 3.6, 6),
  ('31006000-0000-0000-0000-000000000001', 'E1', 2.4, 17),
  ('31006000-0000-0000-0000-000000000001', 'E2', 2.2, 19),
  ('31006000-0000-0000-0000-000000000001', 'E3', 2.3, 18),
  ('31006000-0000-0000-0000-000000000001', 'I1', 4.8, 1),
  ('31006000-0000-0000-0000-000000000001', 'I2', 4.5, 2),
  ('31006000-0000-0000-0000-000000000001', 'I3', 4.3, 3),
  ('31006000-0000-0000-0000-000000000001', 'I4', 4.0, 4),
  ('31006000-0000-0000-0000-000000000001', 'R1', 3.2, 10),
  ('31006000-0000-0000-0000-000000000001', 'R2', 3.8, 5),
  ('31006000-0000-0000-0000-000000000001', 'R3', 3.1, 11),
  ('31006000-0000-0000-0000-000000000001', 'S1', 2.0, 20),
  ('31006000-0000-0000-0000-000000000001', 'S2', 2.5, 15),
  ('31006000-0000-0000-0000-000000000001', 'S3', 2.9, 13),
  ('31006000-0000-0000-0000-000000000001', 'S4', 2.1, 19)
ON CONFLICT DO NOTHING;
-- RIASEC: R=mean(3.2,3.8,3.1)=3.37, I=mean(4.8,4.5,4.3,4.0)=4.40, A=mean(2.8,3.0,2.6)=2.80, S=mean(2.0,2.5,2.9,2.1)=2.38, E=mean(2.4,2.2,2.3)=2.30, C=mean(3.5,3.3,3.6)=3.47
INSERT INTO career_riasec_scores (session_id, riasec_type, score, rank) VALUES
  ('31006000-0000-0000-0000-000000000001', 'I', 4.40, 1),
  ('31006000-0000-0000-0000-000000000001', 'C', 3.47, 2),
  ('31006000-0000-0000-0000-000000000001', 'R', 3.37, 3),
  ('31006000-0000-0000-0000-000000000001', 'A', 2.80, 4),
  ('31006000-0000-0000-0000-000000000001', 'S', 2.38, 5),
  ('31006000-0000-0000-0000-000000000001', 'E', 2.30, 6)
ON CONFLICT DO NOTHING;
UPDATE users SET ci_vector = '[2.8,3.0,2.6,3.5,3.3,3.6,2.4,2.2,2.3,4.8,4.5,4.3,4.0,3.2,3.8,3.1,2.0,2.5,2.9,2.1]'
WHERE id = '10000000-0000-0000-0000-000000000006';

-- User07: バックエンドエンジニア（I高め、R高め、E低め）
INSERT INTO career_interest_sessions (id, user_id)
VALUES ('31007000-0000-0000-0000-000000000001', '10000000-0000-0000-0000-000000000007')
ON CONFLICT DO NOTHING;
INSERT INTO career_interest_scores (session_id, basic_interest_id, score, rank) VALUES
  ('31007000-0000-0000-0000-000000000001', 'A1', 2.5, 16),
  ('31007000-0000-0000-0000-000000000001', 'A2', 2.3, 18),
  ('31007000-0000-0000-0000-000000000001', 'A3', 2.7, 14),
  ('31007000-0000-0000-0000-000000000001', 'C1', 3.0, 12),
  ('31007000-0000-0000-0000-000000000001', 'C2', 3.2, 10),
  ('31007000-0000-0000-0000-000000000001', 'C3', 2.8, 13),
  ('31007000-0000-0000-0000-000000000001', 'E1', 2.4, 17),
  ('31007000-0000-0000-0000-000000000001', 'E2', 2.6, 15),
  ('31007000-0000-0000-0000-000000000001', 'E3', 2.2, 19),
  ('31007000-0000-0000-0000-000000000001', 'I1', 4.6, 1),
  ('31007000-0000-0000-0000-000000000001', 'I2', 4.3, 2),
  ('31007000-0000-0000-0000-000000000001', 'I3', 4.1, 3),
  ('31007000-0000-0000-0000-000000000001', 'I4', 3.8, 5),
  ('31007000-0000-0000-0000-000000000001', 'R1', 4.0, 4),
  ('31007000-0000-0000-0000-000000000001', 'R2', 3.7, 6),
  ('31007000-0000-0000-0000-000000000001', 'R3', 3.5, 8),
  ('31007000-0000-0000-0000-000000000001', 'S1', 3.3, 9),
  ('31007000-0000-0000-0000-000000000001', 'S2', 3.6, 7),
  ('31007000-0000-0000-0000-000000000001', 'S3', 3.1, 11),
  ('31007000-0000-0000-0000-000000000001', 'S4', 2.0, 20)
ON CONFLICT DO NOTHING;
-- RIASEC: R=mean(4.0,3.7,3.5)=3.73, I=mean(4.6,4.3,4.1,3.8)=4.20, A=mean(2.5,2.3,2.7)=2.50, S=mean(3.3,3.6,3.1,2.0)=3.00, E=mean(2.4,2.6,2.2)=2.40, C=mean(3.0,3.2,2.8)=3.00
INSERT INTO career_riasec_scores (session_id, riasec_type, score, rank) VALUES
  ('31007000-0000-0000-0000-000000000001', 'I', 4.20, 1),
  ('31007000-0000-0000-0000-000000000001', 'R', 3.73, 2),
  ('31007000-0000-0000-0000-000000000001', 'S', 3.00, 3),
  ('31007000-0000-0000-0000-000000000001', 'C', 3.00, 4),
  ('31007000-0000-0000-0000-000000000001', 'A', 2.50, 5),
  ('31007000-0000-0000-0000-000000000001', 'E', 2.40, 6)
ON CONFLICT DO NOTHING;
UPDATE users SET ci_vector = '[2.5,2.3,2.7,3.0,3.2,2.8,2.4,2.6,2.2,4.6,4.3,4.1,3.8,4.0,3.7,3.5,3.3,3.6,3.1,2.0]'
WHERE id = '10000000-0000-0000-0000-000000000007';

-- User08: UXデザイナー（A高め、S高め、R低め）
INSERT INTO career_interest_sessions (id, user_id)
VALUES ('31008000-0000-0000-0000-000000000001', '10000000-0000-0000-0000-000000000008')
ON CONFLICT DO NOTHING;
INSERT INTO career_interest_scores (session_id, basic_interest_id, score, rank) VALUES
  ('31008000-0000-0000-0000-000000000001', 'A1', 4.5, 1),
  ('31008000-0000-0000-0000-000000000001', 'A2', 4.2, 3),
  ('31008000-0000-0000-0000-000000000001', 'A3', 4.3, 2),
  ('31008000-0000-0000-0000-000000000001', 'C1', 2.3, 18),
  ('31008000-0000-0000-0000-000000000001', 'C2', 2.5, 16),
  ('31008000-0000-0000-0000-000000000001', 'C3', 2.1, 20),
  ('31008000-0000-0000-0000-000000000001', 'E1', 3.0, 12),
  ('31008000-0000-0000-0000-000000000001', 'E2', 2.8, 14),
  ('31008000-0000-0000-0000-000000000001', 'E3', 2.6, 15),
  ('31008000-0000-0000-0000-000000000001', 'I1', 3.5, 8),
  ('31008000-0000-0000-0000-000000000001', 'I2', 3.3, 9),
  ('31008000-0000-0000-0000-000000000001', 'I3', 3.2, 10),
  ('31008000-0000-0000-0000-000000000001', 'I4', 3.1, 11),
  ('31008000-0000-0000-0000-000000000001', 'R1', 2.2, 19),
  ('31008000-0000-0000-0000-000000000001', 'R2', 2.4, 17),
  ('31008000-0000-0000-0000-000000000001', 'R3', 2.9, 13),
  ('31008000-0000-0000-0000-000000000001', 'S1', 4.0, 4),
  ('31008000-0000-0000-0000-000000000001', 'S2', 3.8, 5),
  ('31008000-0000-0000-0000-000000000001', 'S3', 3.7, 6),
  ('31008000-0000-0000-0000-000000000001', 'S4', 3.6, 7)
ON CONFLICT DO NOTHING;
-- RIASEC: R=mean(2.2,2.4,2.9)=2.50, I=mean(3.5,3.3,3.2,3.1)=3.28, A=mean(4.5,4.2,4.3)=4.33, S=mean(4.0,3.8,3.7,3.6)=3.78, E=mean(3.0,2.8,2.6)=2.80, C=mean(2.3,2.5,2.1)=2.30
INSERT INTO career_riasec_scores (session_id, riasec_type, score, rank) VALUES
  ('31008000-0000-0000-0000-000000000001', 'A', 4.33, 1),
  ('31008000-0000-0000-0000-000000000001', 'S', 3.78, 2),
  ('31008000-0000-0000-0000-000000000001', 'I', 3.28, 3),
  ('31008000-0000-0000-0000-000000000001', 'E', 2.80, 4),
  ('31008000-0000-0000-0000-000000000001', 'R', 2.50, 5),
  ('31008000-0000-0000-0000-000000000001', 'C', 2.30, 6)
ON CONFLICT DO NOTHING;
UPDATE users SET ci_vector = '[4.5,4.2,4.3,2.3,2.5,2.1,3.0,2.8,2.6,3.5,3.3,3.2,3.1,2.2,2.4,2.9,4.0,3.8,3.7,3.6]'
WHERE id = '10000000-0000-0000-0000-000000000008';

-- User09: グラフィックデザイナー（A高め、I中程度、S低め）
INSERT INTO career_interest_sessions (id, user_id)
VALUES ('31009000-0000-0000-0000-000000000001', '10000000-0000-0000-0000-000000000009')
ON CONFLICT DO NOTHING;
INSERT INTO career_interest_scores (session_id, basic_interest_id, score, rank) VALUES
  ('31009000-0000-0000-0000-000000000001', 'A1', 4.8, 1),
  ('31009000-0000-0000-0000-000000000001', 'A2', 4.5, 2),
  ('31009000-0000-0000-0000-000000000001', 'A3', 4.6, 2),
  ('31009000-0000-0000-0000-000000000001', 'C1', 2.0, 20),
  ('31009000-0000-0000-0000-000000000001', 'C2', 2.2, 18),
  ('31009000-0000-0000-0000-000000000001', 'C3', 2.1, 19),
  ('31009000-0000-0000-0000-000000000001', 'E1', 2.8, 14),
  ('31009000-0000-0000-0000-000000000001', 'E2', 3.0, 12),
  ('31009000-0000-0000-0000-000000000001', 'E3', 2.5, 16),
  ('31009000-0000-0000-0000-000000000001', 'I1', 3.5, 7),
  ('31009000-0000-0000-0000-000000000001', 'I2', 3.3, 9),
  ('31009000-0000-0000-0000-000000000001', 'I3', 3.7, 5),
  ('31009000-0000-0000-0000-000000000001', 'I4', 3.6, 6),
  ('31009000-0000-0000-0000-000000000001', 'R1', 3.2, 10),
  ('31009000-0000-0000-0000-000000000001', 'R2', 2.9, 13),
  ('31009000-0000-0000-0000-000000000001', 'R3', 3.4, 8),
  ('31009000-0000-0000-0000-000000000001', 'S1', 2.3, 17),
  ('31009000-0000-0000-0000-000000000001', 'S2', 2.6, 15),
  ('31009000-0000-0000-0000-000000000001', 'S3', 3.1, 11),
  ('31009000-0000-0000-0000-000000000001', 'S4', 2.4, 16)
ON CONFLICT DO NOTHING;
-- RIASEC: R=mean(3.2,2.9,3.4)=3.17, I=mean(3.5,3.3,3.7,3.6)=3.53, A=mean(4.8,4.5,4.6)=4.63, S=mean(2.3,2.6,3.1,2.4)=2.60, E=mean(2.8,3.0,2.5)=2.77, C=mean(2.0,2.2,2.1)=2.10
INSERT INTO career_riasec_scores (session_id, riasec_type, score, rank) VALUES
  ('31009000-0000-0000-0000-000000000001', 'A', 4.63, 1),
  ('31009000-0000-0000-0000-000000000001', 'I', 3.53, 2),
  ('31009000-0000-0000-0000-000000000001', 'R', 3.17, 3),
  ('31009000-0000-0000-0000-000000000001', 'E', 2.77, 4),
  ('31009000-0000-0000-0000-000000000001', 'S', 2.60, 5),
  ('31009000-0000-0000-0000-000000000001', 'C', 2.10, 6)
ON CONFLICT DO NOTHING;
UPDATE users SET ci_vector = '[4.8,4.5,4.6,2.0,2.2,2.1,2.8,3.0,2.5,3.5,3.3,3.7,3.6,3.2,2.9,3.4,2.3,2.6,3.1,2.4]'
WHERE id = '10000000-0000-0000-0000-000000000009';

-- User10: 事業開発（E高め、S中程度、C低め）
INSERT INTO career_interest_sessions (id, user_id)
VALUES ('3100a000-0000-0000-0000-000000000001', '10000000-0000-0000-0000-00000000000a')
ON CONFLICT DO NOTHING;
INSERT INTO career_interest_scores (session_id, basic_interest_id, score, rank) VALUES
  ('3100a000-0000-0000-0000-000000000001', 'A1', 2.8, 14),
  ('3100a000-0000-0000-0000-000000000001', 'A2', 3.0, 12),
  ('3100a000-0000-0000-0000-000000000001', 'A3', 2.5, 16),
  ('3100a000-0000-0000-0000-000000000001', 'C1', 2.3, 18),
  ('3100a000-0000-0000-0000-000000000001', 'C2', 2.6, 15),
  ('3100a000-0000-0000-0000-000000000001', 'C3', 2.4, 17),
  ('3100a000-0000-0000-0000-000000000001', 'E1', 4.5, 1),
  ('3100a000-0000-0000-0000-000000000001', 'E2', 4.3, 2),
  ('3100a000-0000-0000-0000-000000000001', 'E3', 4.0, 4),
  ('3100a000-0000-0000-0000-000000000001', 'I1', 2.9, 13),
  ('3100a000-0000-0000-0000-000000000001', 'I2', 3.1, 11),
  ('3100a000-0000-0000-0000-000000000001', 'I3', 2.7, 14),
  ('3100a000-0000-0000-0000-000000000001', 'I4', 3.2, 10),
  ('3100a000-0000-0000-0000-000000000001', 'R1', 2.2, 19),
  ('3100a000-0000-0000-0000-000000000001', 'R2', 2.0, 20),
  ('3100a000-0000-0000-0000-000000000001', 'R3', 2.1, 19),
  ('3100a000-0000-0000-0000-000000000001', 'S1', 3.8, 5),
  ('3100a000-0000-0000-0000-000000000001', 'S2', 3.5, 7),
  ('3100a000-0000-0000-0000-000000000001', 'S3', 3.6, 6),
  ('3100a000-0000-0000-0000-000000000001', 'S4', 4.2, 3)
ON CONFLICT DO NOTHING;
-- RIASEC: R=mean(2.2,2.0,2.1)=2.10, I=mean(2.9,3.1,2.7,3.2)=2.98, A=mean(2.8,3.0,2.5)=2.77, S=mean(3.8,3.5,3.6,4.2)=3.78, E=mean(4.5,4.3,4.0)=4.27, C=mean(2.3,2.6,2.4)=2.43
INSERT INTO career_riasec_scores (session_id, riasec_type, score, rank) VALUES
  ('3100a000-0000-0000-0000-000000000001', 'E', 4.27, 1),
  ('3100a000-0000-0000-0000-000000000001', 'S', 3.78, 2),
  ('3100a000-0000-0000-0000-000000000001', 'I', 2.98, 3),
  ('3100a000-0000-0000-0000-000000000001', 'A', 2.77, 4),
  ('3100a000-0000-0000-0000-000000000001', 'C', 2.43, 5),
  ('3100a000-0000-0000-0000-000000000001', 'R', 2.10, 6)
ON CONFLICT DO NOTHING;
UPDATE users SET ci_vector = '[2.8,3.0,2.5,2.3,2.6,2.4,4.5,4.3,4.0,2.9,3.1,2.7,3.2,2.2,2.0,2.1,3.8,3.5,3.6,4.2]'
WHERE id = '10000000-0000-0000-0000-00000000000a';

-- User11: セールス（E高め、S高め、I低め）
INSERT INTO career_interest_sessions (id, user_id)
VALUES ('3100b000-0000-0000-0000-000000000001', '10000000-0000-0000-0000-00000000000b')
ON CONFLICT DO NOTHING;
INSERT INTO career_interest_scores (session_id, basic_interest_id, score, rank) VALUES
  ('3100b000-0000-0000-0000-000000000001', 'A1', 2.3, 17),
  ('3100b000-0000-0000-0000-000000000001', 'A2', 2.5, 15),
  ('3100b000-0000-0000-0000-000000000001', 'A3', 2.1, 19),
  ('3100b000-0000-0000-0000-000000000001', 'C1', 3.2, 10),
  ('3100b000-0000-0000-0000-000000000001', 'C2', 3.0, 12),
  ('3100b000-0000-0000-0000-000000000001', 'C3', 3.4, 8),
  ('3100b000-0000-0000-0000-000000000001', 'E1', 4.6, 1),
  ('3100b000-0000-0000-0000-000000000001', 'E2', 4.4, 2),
  ('3100b000-0000-0000-0000-000000000001', 'E3', 4.2, 3),
  ('3100b000-0000-0000-0000-000000000001', 'I1', 2.2, 18),
  ('3100b000-0000-0000-0000-000000000001', 'I2', 2.4, 16),
  ('3100b000-0000-0000-0000-000000000001', 'I3', 2.0, 20),
  ('3100b000-0000-0000-0000-000000000001', 'I4', 2.6, 14),
  ('3100b000-0000-0000-0000-000000000001', 'R1', 2.8, 13),
  ('3100b000-0000-0000-0000-000000000001', 'R2', 3.1, 11),
  ('3100b000-0000-0000-0000-000000000001', 'R3', 2.9, 12),
  ('3100b000-0000-0000-0000-000000000001', 'S1', 4.0, 4),
  ('3100b000-0000-0000-0000-000000000001', 'S2', 3.8, 5),
  ('3100b000-0000-0000-0000-000000000001', 'S3', 3.6, 7),
  ('3100b000-0000-0000-0000-000000000001', 'S4', 3.7, 6)
ON CONFLICT DO NOTHING;
-- RIASEC: R=mean(2.8,3.1,2.9)=2.93, I=mean(2.2,2.4,2.0,2.6)=2.30, A=mean(2.3,2.5,2.1)=2.30, S=mean(4.0,3.8,3.6,3.7)=3.78, E=mean(4.6,4.4,4.2)=4.40, C=mean(3.2,3.0,3.4)=3.20
INSERT INTO career_riasec_scores (session_id, riasec_type, score, rank) VALUES
  ('3100b000-0000-0000-0000-000000000001', 'E', 4.40, 1),
  ('3100b000-0000-0000-0000-000000000001', 'S', 3.78, 2),
  ('3100b000-0000-0000-0000-000000000001', 'C', 3.20, 3),
  ('3100b000-0000-0000-0000-000000000001', 'R', 2.93, 4),
  ('3100b000-0000-0000-0000-000000000001', 'I', 2.30, 5),
  ('3100b000-0000-0000-0000-000000000001', 'A', 2.30, 6)
ON CONFLICT DO NOTHING;
UPDATE users SET ci_vector = '[2.3,2.5,2.1,3.2,3.0,3.4,4.6,4.4,4.2,2.2,2.4,2.0,2.6,2.8,3.1,2.9,4.0,3.8,3.6,3.7]'
WHERE id = '10000000-0000-0000-0000-00000000000b';

-- User12: PM（E中程度、I中程度、S中程度 - バランス型）
INSERT INTO career_interest_sessions (id, user_id)
VALUES ('3100c000-0000-0000-0000-000000000001', '10000000-0000-0000-0000-00000000000c')
ON CONFLICT DO NOTHING;
INSERT INTO career_interest_scores (session_id, basic_interest_id, score, rank) VALUES
  ('3100c000-0000-0000-0000-000000000001', 'A1', 3.2, 10),
  ('3100c000-0000-0000-0000-000000000001', 'A2', 3.0, 13),
  ('3100c000-0000-0000-0000-000000000001', 'A3', 3.4, 8),
  ('3100c000-0000-0000-0000-000000000001', 'C1', 3.1, 11),
  ('3100c000-0000-0000-0000-000000000001', 'C2', 2.8, 15),
  ('3100c000-0000-0000-0000-000000000001', 'C3', 3.0, 13),
  ('3100c000-0000-0000-0000-000000000001', 'E1', 3.9, 4),
  ('3100c000-0000-0000-0000-000000000001', 'E2', 4.0, 3),
  ('3100c000-0000-0000-0000-000000000001', 'E3', 3.7, 6),
  ('3100c000-0000-0000-0000-000000000001', 'I1', 3.8, 5),
  ('3100c000-0000-0000-0000-000000000001', 'I2', 3.5, 7),
  ('3100c000-0000-0000-0000-000000000001', 'I3', 3.3, 9),
  ('3100c000-0000-0000-0000-000000000001', 'I4', 4.2, 1),
  ('3100c000-0000-0000-0000-000000000001', 'R1', 2.5, 18),
  ('3100c000-0000-0000-0000-000000000001', 'R2', 2.7, 16),
  ('3100c000-0000-0000-0000-000000000001', 'R3', 2.6, 17),
  ('3100c000-0000-0000-0000-000000000001', 'S1', 3.6, 7),
  ('3100c000-0000-0000-0000-000000000001', 'S2', 4.1, 2),
  ('3100c000-0000-0000-0000-000000000001', 'S3', 2.9, 14),
  ('3100c000-0000-0000-0000-000000000001', 'S4', 3.1, 11)
ON CONFLICT DO NOTHING;
-- RIASEC: R=mean(2.5,2.7,2.6)=2.60, I=mean(3.8,3.5,3.3,4.2)=3.70, A=mean(3.2,3.0,3.4)=3.20, S=mean(3.6,4.1,2.9,3.1)=3.43, E=mean(3.9,4.0,3.7)=3.87, C=mean(3.1,2.8,3.0)=2.97
INSERT INTO career_riasec_scores (session_id, riasec_type, score, rank) VALUES
  ('3100c000-0000-0000-0000-000000000001', 'E', 3.87, 1),
  ('3100c000-0000-0000-0000-000000000001', 'I', 3.70, 2),
  ('3100c000-0000-0000-0000-000000000001', 'S', 3.43, 3),
  ('3100c000-0000-0000-0000-000000000001', 'A', 3.20, 4),
  ('3100c000-0000-0000-0000-000000000001', 'C', 2.97, 5),
  ('3100c000-0000-0000-0000-000000000001', 'R', 2.60, 6)
ON CONFLICT DO NOTHING;
UPDATE users SET ci_vector = '[3.2,3.0,3.4,3.1,2.8,3.0,3.9,4.0,3.7,3.8,3.5,3.3,4.2,2.5,2.7,2.6,3.6,4.1,2.9,3.1]'
WHERE id = '10000000-0000-0000-0000-00000000000c';

-- User13: マーケター（E中程度、A中程度、S高め）
INSERT INTO career_interest_sessions (id, user_id)
VALUES ('3100d000-0000-0000-0000-000000000001', '10000000-0000-0000-0000-00000000000d')
ON CONFLICT DO NOTHING;
INSERT INTO career_interest_scores (session_id, basic_interest_id, score, rank) VALUES
  ('3100d000-0000-0000-0000-000000000001', 'A1', 3.6, 6),
  ('3100d000-0000-0000-0000-000000000001', 'A2', 3.8, 5),
  ('3100d000-0000-0000-0000-000000000001', 'A3', 3.4, 9),
  ('3100d000-0000-0000-0000-000000000001', 'C1', 3.0, 13),
  ('3100d000-0000-0000-0000-000000000001', 'C2', 2.8, 15),
  ('3100d000-0000-0000-0000-000000000001', 'C3', 3.2, 10),
  ('3100d000-0000-0000-0000-000000000001', 'E1', 3.5, 8),
  ('3100d000-0000-0000-0000-000000000001', 'E2', 3.9, 4),
  ('3100d000-0000-0000-0000-000000000001', 'E3', 3.3, 9),
  ('3100d000-0000-0000-0000-000000000001', 'I1', 2.9, 14),
  ('3100d000-0000-0000-0000-000000000001', 'I2', 2.6, 16),
  ('3100d000-0000-0000-0000-000000000001', 'I3', 3.1, 11),
  ('3100d000-0000-0000-0000-000000000001', 'I4', 2.5, 17),
  ('3100d000-0000-0000-0000-000000000001', 'R1', 2.2, 19),
  ('3100d000-0000-0000-0000-000000000001', 'R2', 2.4, 18),
  ('3100d000-0000-0000-0000-000000000001', 'R3', 2.0, 20),
  ('3100d000-0000-0000-0000-000000000001', 'S1', 4.2, 1),
  ('3100d000-0000-0000-0000-000000000001', 'S2', 4.0, 3),
  ('3100d000-0000-0000-0000-000000000001', 'S3', 4.1, 2),
  ('3100d000-0000-0000-0000-000000000001', 'S4', 3.7, 5)
ON CONFLICT DO NOTHING;
-- RIASEC: R=mean(2.2,2.4,2.0)=2.20, I=mean(2.9,2.6,3.1,2.5)=2.78, A=mean(3.6,3.8,3.4)=3.60, S=mean(4.2,4.0,4.1,3.7)=4.00, E=mean(3.5,3.9,3.3)=3.57, C=mean(3.0,2.8,3.2)=3.00
INSERT INTO career_riasec_scores (session_id, riasec_type, score, rank) VALUES
  ('3100d000-0000-0000-0000-000000000001', 'S', 4.00, 1),
  ('3100d000-0000-0000-0000-000000000001', 'A', 3.60, 2),
  ('3100d000-0000-0000-0000-000000000001', 'E', 3.57, 3),
  ('3100d000-0000-0000-0000-000000000001', 'C', 3.00, 4),
  ('3100d000-0000-0000-0000-000000000001', 'I', 2.78, 5),
  ('3100d000-0000-0000-0000-000000000001', 'R', 2.20, 6)
ON CONFLICT DO NOTHING;
UPDATE users SET ci_vector = '[3.6,3.8,3.4,3.0,2.8,3.2,3.5,3.9,3.3,2.9,2.6,3.1,2.5,2.2,2.4,2.0,4.2,4.0,4.1,3.7]'
WHERE id = '10000000-0000-0000-0000-00000000000d';


-- seed_users_1b.sql: 候補者ユーザー14〜23（10名）
-- Usage: psql -h localhost -U user -d inselfy -f /tmp/seed_users_1b.sql


-- ============================================================
-- 候補者ユーザー14〜23
-- ============================================================
INSERT INTO users (id, line_id, auth_type, username, display_name, email, name, is_public, profile_color, headline, location, about, industry, job_type, job_seeking_status)
VALUES
  ('10000000-0000-0000-0000-00000000000e', 'line_seed_014', 'line', 'yuki_morita', '森田悠希', 'morita@example.com', '森田悠希', true, '#7B68EE',
   'データサイエンティスト', '北海道札幌市', '統計学とPythonを駆使したデータ分析基盤の構築に従事。機械学習モデルの設計からMLOpsまで幅広く対応しています。', 'IT・通信', 'フルタイム', 'active'),
  ('10000000-0000-0000-0000-00000000000f', 'line_seed_015', 'line', 'rina_fujita', '藤田里奈', 'fujita@example.com', '藤田里奈', true, '#E8827C',
   'フロントエンドエンジニア', '愛知県名古屋市', 'ReactとNext.jsを中心としたモダンフロントエンド開発が得意です。アクセシビリティとパフォーマンス最適化に力を入れています。', 'IT・通信', 'フルタイム', 'open'),
  ('10000000-0000-0000-0000-000000000010', 'line_seed_016', 'line', 'kenji_ogawa', '小川健二', 'ogawa.k@example.com', '小川健二', true, '#4CAF50',
   'インフラエンジニア / SRE', '東京都', 'AWSとKubernetesを活用したクラウドインフラの設計・運用を8年経験。可用性99.99%のシステム基盤を構築してきました。', 'IT・通信', 'フルタイム', 'active'),
  ('10000000-0000-0000-0000-000000000011', 'line_seed_017', 'line', 'mao_nakamura', '中村真央', 'nakamura.m@example.com', '中村真央', true, '#FF8F00',
   'UXリサーチャー / サービスデザイナー', '京都府京都市', 'ユーザーインタビューと定量分析を組み合わせたUXリサーチを専門としています。人間中心設計の考え方でプロダクト改善を推進してきました。', 'デザイン・広告', 'フルタイム', 'open'),
  ('10000000-0000-0000-0000-000000000012', 'line_seed_018', 'line', 'takuya_ito', '伊藤拓也', 'ito.t@example.com', '伊藤拓也', true, '#5C6BC0',
   'セキュリティエンジニア', '東京都千代田区', 'Webアプリケーションの脆弱性診断とセキュリティアーキテクチャ設計を専門としています。CISSP保持。金融系システムのセキュリティ強化に多く携わってきました。', '金融・フィンテック', 'フルタイム', 'not_seeking'),
  ('10000000-0000-0000-0000-000000000013', 'line_seed_019', 'line', 'ayaka_shimizu', '清水彩花', 'shimizu@example.com', '清水彩花', true, '#26A69A',
   'iOSエンジニア', '福岡県福岡市', 'SwiftUIを使ったiOSアプリ開発に4年従事。ヘルスケア領域のアプリを中心に、ユーザー体験にこだわった開発を続けています。', 'IT・通信', 'フルタイム', 'active'),
  ('10000000-0000-0000-0000-000000000014', 'line_seed_020', 'line', 'daiki_watanabe', '渡辺大樹', 'watanabe.d@example.com', '渡辺大樹', true, '#8D6E63',
   'QAエンジニア / テストアーキテクト', '大阪府大阪市', 'テスト自動化フレームワークの設計と品質プロセスの改善をリードしています。E2Eテスト基盤の構築とCI/CDパイプラインへの統合が得意です。', 'IT・通信', 'フルタイム', 'open'),
  ('10000000-0000-0000-0000-000000000015', 'line_seed_021', 'line', 'saki_honda', '本田咲', 'honda@example.com', '本田咲', true, '#AB47BC',
   'マーケティングストラテジスト', '東京都渋谷区', 'BtoB SaaSのデジタルマーケティング戦略立案と実行を担当。コンテンツマーケティングとリードジェネレーションの仕組みづくりに強みがあります。', 'IT・通信', 'フルタイム', 'active'),
  ('10000000-0000-0000-0000-000000000016', 'line_seed_022', 'line', 'ryota_matsuda', '松田涼太', 'matsuda@example.com', '松田涼太', true, '#00897B',
   '組み込みソフトウェアエンジニア', '静岡県浜松市', 'C/C++による組み込みシステム開発を12年経験。自動車のECUソフトウェアからIoTデバイスのファームウェアまで幅広く対応しています。', '製造業・ものづくり', 'フルタイム', 'not_seeking'),
  ('10000000-0000-0000-0000-000000000017', 'line_seed_023', 'line', 'haruka_aoki', '青木遥', 'aoki@example.com', '青木遥', true, '#EF5350',
   'カスタマーサクセスマネージャー', '神奈川県横浜市', 'SaaSプロダクトのオンボーディング設計からチャーン防止施策まで、カスタマーサクセスの仕組みを一貫して構築してきました。NPS改善とアップセル戦略が得意です。', 'IT・通信', 'フルタイム', 'open')
ON CONFLICT (line_id) DO NOTHING;

-- 職歴
DELETE FROM experiences WHERE user_id IN (
  '10000000-0000-0000-0000-00000000000e',
  '10000000-0000-0000-0000-00000000000f',
  '10000000-0000-0000-0000-000000000010',
  '10000000-0000-0000-0000-000000000011',
  '10000000-0000-0000-0000-000000000012',
  '10000000-0000-0000-0000-000000000013',
  '10000000-0000-0000-0000-000000000014',
  '10000000-0000-0000-0000-000000000015',
  '10000000-0000-0000-0000-000000000016',
  '10000000-0000-0000-0000-000000000017'
);
INSERT INTO experiences (id, user_id, company_name, title, start_year, start_month, end_year, end_month, is_current, description)
VALUES
  -- ユーザー14: 森田悠希（データサイエンティスト）
  ('e000e000-0000-0000-0000-000000000001', '10000000-0000-0000-0000-00000000000e', '株式会社データインサイト', 'シニアデータサイエンティスト', 2021, 7, NULL, NULL, true,
   'ECサイトのレコメンドエンジンと需要予測モデルの開発をリード。A/Bテスト基盤の設計と分析パイプラインの構築も担当。'),
  ('e000e000-0000-0000-0000-000000000002', '10000000-0000-0000-0000-00000000000e', '合同会社アナリティクスワン', 'データアナリスト', 2018, 4, 2021, 6, false,
   '金融機関向けの不正検知モデルの構築と顧客セグメンテーション分析を担当。SQLとPythonを使った大規模データ処理に従事。'),
  -- ユーザー15: 藤田里奈（フロントエンドエンジニア）
  ('e000f000-0000-0000-0000-000000000001', '10000000-0000-0000-0000-00000000000f', 'テックスタート株式会社', 'フロントエンドエンジニア', 2022, 1, NULL, NULL, true,
   'React/Next.jsを用いたBtoB SaaSプロダクトのフロントエンド開発を担当。デザインシステムの構築とコンポーネントライブラリの整備をリード。'),
  ('e000f000-0000-0000-0000-000000000002', '10000000-0000-0000-0000-00000000000f', '株式会社ウェブクラフト', 'ジュニアエンジニア', 2019, 4, 2021, 12, false,
   '受託開発チームでVue.jsを使ったWebアプリケーションの開発に従事。複数プロジェクトのフロントエンド実装を担当。'),
  -- ユーザー16: 小川健二（インフラエンジニア / SRE）
  ('e0010000-0000-0000-0000-000000000001', '10000000-0000-0000-0000-000000000010', '株式会社クラウドベース', 'SREリード', 2020, 10, NULL, NULL, true,
   'AWSとKubernetesを使ったマイクロサービス基盤の設計・運用を統括。SLOの策定とオブザーバビリティ基盤の構築を主導。'),
  ('e0010000-0000-0000-0000-000000000002', '10000000-0000-0000-0000-000000000010', '株式会社サーバーワークス', 'インフラエンジニア', 2016, 4, 2020, 9, false,
   'オンプレミスからAWSへのクラウドマイグレーションプロジェクトを複数担当。Terraformによるインフラのコード化を推進。'),
  -- ユーザー17: 中村真央（UXリサーチャー）
  ('e0011000-0000-0000-0000-000000000001', '10000000-0000-0000-0000-000000000011', '株式会社デザインハブ', 'UXリサーチャー', 2021, 4, NULL, NULL, true,
   'ユーザーインタビューの設計から分析レポートの作成までを一貫して担当。プロダクトチームへのインサイト共有と改善提案を推進。'),
  ('e0011000-0000-0000-0000-000000000002', '10000000-0000-0000-0000-000000000011', 'デザインファーム株式会社', 'UIデザイナー', 2018, 10, 2021, 3, false,
   'BtoC向けアプリのUI設計とプロトタイピングを担当。ユーザビリティテストの実施を通じてリサーチ業務に興味を持ち転向。'),
  -- ユーザー18: 伊藤拓也（セキュリティエンジニア）
  ('e0012000-0000-0000-0000-000000000001', '10000000-0000-0000-0000-000000000012', 'サイバーディフェンス株式会社', 'セキュリティコンサルタント', 2019, 1, NULL, NULL, true,
   '金融機関向けのセキュリティアセスメントとペネトレーションテストを実施。ISMS構築支援やインシデントレスポンス体制の設計も担当。'),
  ('e0012000-0000-0000-0000-000000000002', '10000000-0000-0000-0000-000000000012', '株式会社ネットプロテクト', 'セキュリティエンジニア', 2015, 4, 2018, 12, false,
   '自社Webサービスの脆弱性診断と対策実装を担当。WAFの導入やセキュリティログの監視基盤構築に従事。'),
  -- ユーザー19: 清水彩花（iOSエンジニア）
  ('e0013000-0000-0000-0000-000000000001', '10000000-0000-0000-0000-000000000013', 'ヘルステック株式会社', 'iOSエンジニア', 2022, 4, NULL, NULL, true,
   'SwiftUIを使ったヘルスケアアプリの開発を担当。HealthKitとの連携機能やウェアラブルデバイスとのBluetooth通信の実装を主導。'),
  ('e0013000-0000-0000-0000-000000000002', '10000000-0000-0000-0000-000000000013', '株式会社モバイルワークス', 'モバイルエンジニア', 2020, 4, 2022, 3, false,
   'iOS/Androidアプリの開発を幅広く経験。Flutterを用いたクロスプラットフォーム開発にも携わった。'),
  -- ユーザー20: 渡辺大樹（QAエンジニア）
  ('e0014000-0000-0000-0000-000000000001', '10000000-0000-0000-0000-000000000014', '株式会社クオリティテック', 'QAリード', 2021, 7, NULL, NULL, true,
   'テスト自動化戦略の策定とPlaywright/Cypressを使ったE2Eテスト基盤の構築を主導。品質メトリクスの可視化と改善プロセスの定着に注力。'),
  ('e0014000-0000-0000-0000-000000000002', '10000000-0000-0000-0000-000000000014', 'ソフトウェアテスト株式会社', 'テストエンジニア', 2017, 4, 2021, 6, false,
   'Webアプリケーションの手動テストおよびテスト自動化に従事。Seleniumを使ったリグレッションテストの自動化を担当。'),
  -- ユーザー21: 本田咲（マーケティングストラテジスト）
  ('e0015000-0000-0000-0000-000000000001', '10000000-0000-0000-0000-000000000015', '株式会社グロースパートナーズ', 'マーケティングマネージャー', 2022, 1, NULL, NULL, true,
   'BtoB SaaSのマーケティング戦略全体を統括。コンテンツマーケティングとウェビナー施策でMQL数を前年比200%に成長させた。'),
  ('e0015000-0000-0000-0000-000000000002', '10000000-0000-0000-0000-000000000015', 'デジタルマーケティング株式会社', 'マーケティングプランナー', 2018, 4, 2021, 12, false,
   'Web広告運用とSEO戦略の立案を担当。複数クライアントのリスティング広告とSNS広告のパフォーマンス改善に携わった。'),
  -- ユーザー22: 松田涼太（組み込みソフトウェアエンジニア）
  ('e0016000-0000-0000-0000-000000000001', '10000000-0000-0000-0000-000000000016', '東和精機ソリューションズ株式会社', 'シニアエンベデッドエンジニア', 2018, 4, NULL, NULL, true,
   '車載ECUソフトウェアの設計・開発をリード。AUTOSAR準拠のプラットフォーム開発とリアルタイムOS上のアプリケーション実装を担当。'),
  ('e0016000-0000-0000-0000-000000000002', '10000000-0000-0000-0000-000000000016', '浜松電子工業株式会社', '組み込みエンジニア', 2012, 4, 2018, 3, false,
   'IoTデバイスのファームウェア開発に従事。センサーデータの収集と通信プロトコルの実装を担当。'),
  -- ユーザー23: 青木遥（カスタマーサクセスマネージャー）
  ('e0017000-0000-0000-0000-000000000001', '10000000-0000-0000-0000-000000000017', '株式会社SaaSブリッジ', 'カスタマーサクセスマネージャー', 2021, 10, NULL, NULL, true,
   'エンタープライズ顧客のオンボーディング設計とヘルススコア運用を担当。チャーンレートを15%から5%に改善。'),
  ('e0017000-0000-0000-0000-000000000002', '10000000-0000-0000-0000-000000000017', '株式会社カスタマーファースト', 'カスタマーサポートリーダー', 2018, 4, 2021, 9, false,
   'SaaSプロダクトのサポートチームリーダーとしてFAQ整備やチャットbot導入を推進。顧客満足度調査の設計と分析も担当。');

-- 学歴
DELETE FROM educations WHERE user_id IN (
  '10000000-0000-0000-0000-00000000000e',
  '10000000-0000-0000-0000-00000000000f',
  '10000000-0000-0000-0000-000000000010',
  '10000000-0000-0000-0000-000000000011',
  '10000000-0000-0000-0000-000000000012',
  '10000000-0000-0000-0000-000000000013',
  '10000000-0000-0000-0000-000000000014',
  '10000000-0000-0000-0000-000000000015',
  '10000000-0000-0000-0000-000000000016',
  '10000000-0000-0000-0000-000000000017'
);
INSERT INTO educations (id, user_id, school, degree, start_year, end_year)
VALUES
  ('f000e000-0000-0000-0000-000000000001', '10000000-0000-0000-0000-00000000000e', '北海道大学', '理学部数学科', 2014, 2018),
  ('f000f000-0000-0000-0000-000000000001', '10000000-0000-0000-0000-00000000000f', '名古屋工業大学', '情報工学科', 2015, 2019),
  ('f0010000-0000-0000-0000-000000000001', '10000000-0000-0000-0000-000000000010', '筑波大学', '情報科学類', 2012, 2016),
  ('f0011000-0000-0000-0000-000000000001', '10000000-0000-0000-0000-000000000011', '京都工芸繊維大学', 'デザイン・建築学課程', 2014, 2018),
  ('f0012000-0000-0000-0000-000000000001', '10000000-0000-0000-0000-000000000012', '東京理科大学', '理工学部情報科学科', 2011, 2015),
  ('f0013000-0000-0000-0000-000000000001', '10000000-0000-0000-0000-000000000013', '九州大学', '工学部電気情報工学科', 2016, 2020),
  ('f0014000-0000-0000-0000-000000000001', '10000000-0000-0000-0000-000000000014', '大阪大学', '基礎工学部情報科学科', 2013, 2017),
  ('f0015000-0000-0000-0000-000000000001', '10000000-0000-0000-0000-000000000015', '早稲田大学', '商学部', 2014, 2018),
  ('f0016000-0000-0000-0000-000000000001', '10000000-0000-0000-0000-000000000016', '静岡大学', '工学部電子工学科', 2008, 2012),
  ('f0017000-0000-0000-0000-000000000001', '10000000-0000-0000-0000-000000000017', '横浜国立大学', '経営学部', 2014, 2018);

-- スキル（新規スキルの追加）
INSERT INTO skills (id, name) VALUES
  ('20000000-0000-0000-0000-000000000030', 'Kubernetes'),
  ('20000000-0000-0000-0000-000000000031', 'Terraform'),
  ('20000000-0000-0000-0000-000000000032', 'Swift'),
  ('20000000-0000-0000-0000-000000000033', 'SwiftUI'),
  ('20000000-0000-0000-0000-000000000034', 'Next.js'),
  ('20000000-0000-0000-0000-000000000035', 'Vue.js'),
  ('20000000-0000-0000-0000-000000000036', 'セキュリティ診断'),
  ('20000000-0000-0000-0000-000000000037', 'UXリサーチ'),
  ('20000000-0000-0000-0000-000000000038', 'Playwright'),
  ('20000000-0000-0000-0000-000000000039', 'コンテンツマーケティング'),
  ('20000000-0000-0000-0000-000000000040', 'C/C++'),
  ('20000000-0000-0000-0000-000000000041', 'RTOS'),
  ('20000000-0000-0000-0000-000000000042', 'カスタマーサクセス'),
  ('20000000-0000-0000-0000-000000000043', 'SQL'),
  ('20000000-0000-0000-0000-000000000044', '機械学習')
ON CONFLICT (name) DO NOTHING;


-- ============================================================
-- Work Values 診断データ
-- ============================================================

-- ユーザー14: 森田悠希（データサイエンティスト）— 知的好奇心・分析力重視型
INSERT INTO work_values_sessions (id, user_id, circular_triads, consistency_coefficient, consistency_level, purpose)
VALUES ('3000e000-0000-0000-0000-000000000001', '10000000-0000-0000-0000-00000000000e', 30, 0.922, 'high', 'general')
ON CONFLICT DO NOTHING;

INSERT INTO work_needs_scores (session_id, need_id, mu, se, display_score, rank) VALUES
  ('3000e000-0000-0000-0000-000000000001', 1,  2.3, 0.34, 90.9,  1),  -- ability_utilization
  ('3000e000-0000-0000-0000-000000000001', 2,  1.5, 0.32, 81.8,  4),  -- achievement
  ('3000e000-0000-0000-0000-000000000001', 3,  0.2, 0.29, 55.0, 10),  -- activity
  ('3000e000-0000-0000-0000-000000000001', 4,  0.5, 0.30, 62.2,  8),  -- advancement
  ('3000e000-0000-0000-0000-000000000001', 5, -1.8, 0.36, 14.2, 20),  -- authority
  ('3000e000-0000-0000-0000-000000000001', 6,  1.8, 0.33, 85.8,  3),  -- autonomy
  ('3000e000-0000-0000-0000-000000000001', 7, -0.4, 0.30, 40.1, 13),  -- company_policies
  ('3000e000-0000-0000-0000-000000000001', 8, -0.1, 0.29, 47.5, 11),  -- compensation
  ('3000e000-0000-0000-0000-000000000001', 9,  0.3, 0.30, 57.4,  9),  -- co_workers
  ('3000e000-0000-0000-0000-000000000001', 10, 2.0, 0.34, 88.1,  2),  -- creativity
  ('3000e000-0000-0000-0000-000000000001', 11, 1.2, 0.32, 76.9,  5),  -- independence
  ('3000e000-0000-0000-0000-000000000001', 12,-0.3, 0.30, 42.6, 12),  -- moral_values
  ('3000e000-0000-0000-0000-000000000001', 13,-0.6, 0.31, 35.4, 14),  -- recognition
  ('3000e000-0000-0000-0000-000000000001', 14, 0.8, 0.31, 69.0,  6),  -- responsibility
  ('3000e000-0000-0000-0000-000000000001', 15,-0.8, 0.32, 31.0, 15),  -- security
  ('3000e000-0000-0000-0000-000000000001', 16,-1.0, 0.33, 26.9, 17),  -- social_service
  ('3000e000-0000-0000-0000-000000000001', 17,-2.0, 0.37, 11.9, 21),  -- social_status
  ('3000e000-0000-0000-0000-000000000001', 18,-0.9, 0.32, 28.9, 16),  -- supervision_hr
  ('3000e000-0000-0000-0000-000000000001', 19,-1.2, 0.34, 23.1, 18),  -- supervision_technical
  ('3000e000-0000-0000-0000-000000000001', 20, 0.6, 0.31, 64.6,  7),  -- variety
  ('3000e000-0000-0000-0000-000000000001', 21,-1.5, 0.35, 18.2, 19)   -- working_conditions
ON CONFLICT DO NOTHING;

INSERT INTO work_values_scores (session_id, value_id, mu, display_score, rank) VALUES
  ('3000e000-0000-0000-0000-000000000001', 'achievement', 1.9, 87.0, 1),
  ('3000e000-0000-0000-0000-000000000001', 'autonomy', 1.53, 82.2, 2),
  ('3000e000-0000-0000-0000-000000000001', 'comfort', -0.07, 48.3, 3),
  ('3000e000-0000-0000-0000-000000000001', 'altruism', -0.33, 41.7, 4),
  ('3000e000-0000-0000-0000-000000000001', 'safety', -0.83, 30.3, 5),
  ('3000e000-0000-0000-0000-000000000001', 'status', -0.97, 27.4, 6)
ON CONFLICT DO NOTHING;

UPDATE users SET wv_vector = '[2.3,1.5,0.2,0.5,-1.8,1.8,-0.4,-0.1,0.3,2.0,1.2,-0.3,-0.6,0.8,-0.8,-1.0,-2.0,-0.9,-1.2,0.6,-1.5]'
WHERE id = '10000000-0000-0000-0000-00000000000e';

-- ユーザー15: 藤田里奈（フロントエンド）— チームワーク・創造性・社会貢献重視型
INSERT INTO work_values_sessions (id, user_id, circular_triads, consistency_coefficient, consistency_level, purpose)
VALUES ('3000f000-0000-0000-0000-000000000001', '10000000-0000-0000-0000-00000000000f', 38, 0.901, 'high', 'general')
ON CONFLICT DO NOTHING;

INSERT INTO work_needs_scores (session_id, need_id, mu, se, display_score, rank) VALUES
  ('3000f000-0000-0000-0000-000000000001', 1,  0.8, 0.31, 69.0,  6),  -- ability_utilization
  ('3000f000-0000-0000-0000-000000000001', 2,  0.5, 0.30, 62.2,  8),  -- achievement
  ('3000f000-0000-0000-0000-000000000001', 3, -0.6, 0.31, 35.4, 14),  -- activity
  ('3000f000-0000-0000-0000-000000000001', 4, -0.2, 0.29, 45.0, 12),  -- advancement
  ('3000f000-0000-0000-0000-000000000001', 5, -1.5, 0.35, 18.2, 20),  -- authority
  ('3000f000-0000-0000-0000-000000000001', 6,  0.6, 0.31, 64.6,  7),  -- autonomy
  ('3000f000-0000-0000-0000-000000000001', 7,  0.1, 0.29, 52.5, 10),  -- company_policies
  ('3000f000-0000-0000-0000-000000000001', 8, -0.3, 0.30, 42.6, 13),  -- compensation
  ('3000f000-0000-0000-0000-000000000001', 9,  2.0, 0.34, 88.1,  1),  -- co_workers
  ('3000f000-0000-0000-0000-000000000001', 10, 1.6, 0.33, 83.2,  3),  -- creativity
  ('3000f000-0000-0000-0000-000000000001', 11,-0.8, 0.32, 31.0, 15),  -- independence
  ('3000f000-0000-0000-0000-000000000001', 12, 1.0, 0.32, 73.1,  5),  -- moral_values
  ('3000f000-0000-0000-0000-000000000001', 13, 0.3, 0.30, 57.4,  9),  -- recognition
  ('3000f000-0000-0000-0000-000000000001', 14, 0.0, 0.29, 50.0, 11),  -- responsibility
  ('3000f000-0000-0000-0000-000000000001', 15,-1.0, 0.33, 26.9, 16),  -- security
  ('3000f000-0000-0000-0000-000000000001', 16, 1.8, 0.34, 85.8,  2),  -- social_service
  ('3000f000-0000-0000-0000-000000000001', 17,-2.2, 0.38, 10.0, 21),  -- social_status
  ('3000f000-0000-0000-0000-000000000001', 18,-1.2, 0.34, 23.1, 17),  -- supervision_hr
  ('3000f000-0000-0000-0000-000000000001', 19,-1.3, 0.34, 21.4, 18),  -- supervision_technical
  ('3000f000-0000-0000-0000-000000000001', 20, 1.2, 0.32, 76.9,  4),  -- variety
  ('3000f000-0000-0000-0000-000000000001', 21,-1.5, 0.35, 18.2, 19)   -- working_conditions
ON CONFLICT DO NOTHING;

INSERT INTO work_values_scores (session_id, value_id, mu, display_score, rank) VALUES
  ('3000f000-0000-0000-0000-000000000001', 'altruism', 1.6, 83.2, 1),
  ('3000f000-0000-0000-0000-000000000001', 'autonomy', 0.73, 67.6, 2),
  ('3000f000-0000-0000-0000-000000000001', 'achievement', 0.65, 65.7, 3),
  ('3000f000-0000-0000-0000-000000000001', 'comfort', -0.5, 37.8, 4),
  ('3000f000-0000-0000-0000-000000000001', 'safety', -0.8, 31.0, 5),
  ('3000f000-0000-0000-0000-000000000001', 'status', -0.9, 28.9, 6)
ON CONFLICT DO NOTHING;

UPDATE users SET wv_vector = '[0.8,0.5,-0.6,-0.2,-1.5,0.6,0.1,-0.3,2.0,1.6,-0.8,1.0,0.3,0.0,-1.0,1.8,-2.2,-1.2,-1.3,1.2,-1.5]'
WHERE id = '10000000-0000-0000-0000-00000000000f';

-- ユーザー16: 小川健二（SRE）— 安定・自律・責任重視型
INSERT INTO work_values_sessions (id, user_id, circular_triads, consistency_coefficient, consistency_level, purpose)
VALUES ('30010000-0000-0000-0000-000000000001', '10000000-0000-0000-0000-000000000010', 25, 0.935, 'high', 'general')
ON CONFLICT DO NOTHING;

INSERT INTO work_needs_scores (session_id, need_id, mu, se, display_score, rank) VALUES
  ('30010000-0000-0000-0000-000000000001', 1,  1.0, 0.32, 73.1,  6),  -- ability_utilization
  ('30010000-0000-0000-0000-000000000001', 2,  0.8, 0.31, 69.0,  8),  -- achievement
  ('30010000-0000-0000-0000-000000000001', 3,  0.4, 0.30, 59.9, 10),  -- activity
  ('30010000-0000-0000-0000-000000000001', 4,  0.6, 0.31, 64.6,  9),  -- advancement
  ('30010000-0000-0000-0000-000000000001', 5, -0.5, 0.30, 37.8, 15),  -- authority
  ('30010000-0000-0000-0000-000000000001', 6,  1.8, 0.33, 85.8,  2),  -- autonomy
  ('30010000-0000-0000-0000-000000000001', 7,  1.2, 0.32, 76.9,  5),  -- company_policies
  ('30010000-0000-0000-0000-000000000001', 8,  0.9, 0.31, 71.1,  7),  -- compensation
  ('30010000-0000-0000-0000-000000000001', 9,  0.0, 0.29, 50.0, 12),  -- co_workers
  ('30010000-0000-0000-0000-000000000001', 10,-0.4, 0.30, 40.1, 14),  -- creativity
  ('30010000-0000-0000-0000-000000000001', 11, 1.3, 0.32, 78.6,  4),  -- independence
  ('30010000-0000-0000-0000-000000000001', 12, 0.2, 0.29, 55.0, 11),  -- moral_values
  ('30010000-0000-0000-0000-000000000001', 13,-0.8, 0.32, 31.0, 16),  -- recognition
  ('30010000-0000-0000-0000-000000000001', 14, 2.0, 0.34, 88.1,  1),  -- responsibility
  ('30010000-0000-0000-0000-000000000001', 15, 1.5, 0.33, 81.8,  3),  -- security
  ('30010000-0000-0000-0000-000000000001', 16,-1.0, 0.33, 26.9, 17),  -- social_service
  ('30010000-0000-0000-0000-000000000001', 17,-1.5, 0.35, 18.2, 20),  -- social_status
  ('30010000-0000-0000-0000-000000000001', 18,-0.3, 0.30, 42.6, 13),  -- supervision_hr
  ('30010000-0000-0000-0000-000000000001', 19,-1.0, 0.33, 26.9, 18),  -- supervision_technical
  ('30010000-0000-0000-0000-000000000001', 20,-1.3, 0.34, 21.4, 19),  -- variety
  ('30010000-0000-0000-0000-000000000001', 21,-2.0, 0.37, 11.9, 21)   -- working_conditions
ON CONFLICT DO NOTHING;

INSERT INTO work_values_scores (session_id, value_id, mu, display_score, rank) VALUES
  ('30010000-0000-0000-0000-000000000001', 'autonomy', 1.13, 75.6, 1),
  ('30010000-0000-0000-0000-000000000001', 'achievement', 0.9, 71.1, 2),
  ('30010000-0000-0000-0000-000000000001', 'comfort', 0.13, 53.3, 3),
  ('30010000-0000-0000-0000-000000000001', 'safety', -0.03, 49.2, 4),
  ('30010000-0000-0000-0000-000000000001', 'altruism', -0.27, 43.4, 5),
  ('30010000-0000-0000-0000-000000000001', 'status', -0.55, 36.6, 6)
ON CONFLICT DO NOTHING;

UPDATE users SET wv_vector = '[1.0,0.8,0.4,0.6,-0.5,1.8,1.2,0.9,0.0,-0.4,1.3,0.2,-0.8,2.0,1.5,-1.0,-1.5,-0.3,-1.0,-1.3,-2.0]'
WHERE id = '10000000-0000-0000-0000-000000000010';

-- ユーザー17: 中村真央（UXリサーチャー）— 社会貢献・協調・倫理重視型
INSERT INTO work_values_sessions (id, user_id, circular_triads, consistency_coefficient, consistency_level, purpose)
VALUES ('30011000-0000-0000-0000-000000000001', '10000000-0000-0000-0000-000000000011', 40, 0.896, 'high', 'general')
ON CONFLICT DO NOTHING;

INSERT INTO work_needs_scores (session_id, need_id, mu, se, display_score, rank) VALUES
  ('30011000-0000-0000-0000-000000000001', 1,  0.6, 0.31, 64.6,  7),  -- ability_utilization
  ('30011000-0000-0000-0000-000000000001', 2,  0.3, 0.30, 57.4,  9),  -- achievement
  ('30011000-0000-0000-0000-000000000001', 3, -0.9, 0.32, 28.9, 16),  -- activity
  ('30011000-0000-0000-0000-000000000001', 4, -0.5, 0.30, 37.8, 13),  -- advancement
  ('30011000-0000-0000-0000-000000000001', 5, -2.0, 0.37, 11.9, 21),  -- authority
  ('30011000-0000-0000-0000-000000000001', 6,  0.4, 0.30, 59.9,  8),  -- autonomy
  ('30011000-0000-0000-0000-000000000001', 7,  0.0, 0.29, 50.0, 10),  -- company_policies
  ('30011000-0000-0000-0000-000000000001', 8, -0.6, 0.31, 35.4, 14),  -- compensation
  ('30011000-0000-0000-0000-000000000001', 9,  1.8, 0.33, 85.8,  2),  -- co_workers
  ('30011000-0000-0000-0000-000000000001', 10, 1.5, 0.33, 81.8,  3),  -- creativity
  ('30011000-0000-0000-0000-000000000001', 11,-0.7, 0.31, 33.2, 15),  -- independence
  ('30011000-0000-0000-0000-000000000001', 12, 1.3, 0.32, 78.6,  4),  -- moral_values
  ('30011000-0000-0000-0000-000000000001', 13, 0.8, 0.31, 69.0,  6),  -- recognition
  ('30011000-0000-0000-0000-000000000001', 14,-0.2, 0.29, 45.0, 11),  -- responsibility
  ('30011000-0000-0000-0000-000000000001', 15,-1.0, 0.33, 26.9, 17),  -- security
  ('30011000-0000-0000-0000-000000000001', 16, 2.2, 0.35, 90.0,  1),  -- social_service
  ('30011000-0000-0000-0000-000000000001', 17,-1.5, 0.35, 18.2, 19),  -- social_status
  ('30011000-0000-0000-0000-000000000001', 18,-0.4, 0.30, 40.1, 12),  -- supervision_hr
  ('30011000-0000-0000-0000-000000000001', 19,-1.2, 0.34, 23.1, 18),  -- supervision_technical
  ('30011000-0000-0000-0000-000000000001', 20, 1.0, 0.32, 73.1,  5),  -- variety
  ('30011000-0000-0000-0000-000000000001', 21,-1.8, 0.36, 14.2, 20)   -- working_conditions
ON CONFLICT DO NOTHING;

INSERT INTO work_values_scores (session_id, value_id, mu, display_score, rank) VALUES
  ('30011000-0000-0000-0000-000000000001', 'altruism', 1.77, 85.4, 1),
  ('30011000-0000-0000-0000-000000000001', 'autonomy', 0.57, 63.8, 2),
  ('30011000-0000-0000-0000-000000000001', 'achievement', 0.45, 61.1, 3),
  ('30011000-0000-0000-0000-000000000001', 'safety', -0.53, 37.0, 4),
  ('30011000-0000-0000-0000-000000000001', 'comfort', -0.67, 33.9, 5),
  ('30011000-0000-0000-0000-000000000001', 'status', -0.8, 31.0, 6)
ON CONFLICT DO NOTHING;

UPDATE users SET wv_vector = '[0.6,0.3,-0.9,-0.5,-2.0,0.4,0.0,-0.6,1.8,1.5,-0.7,1.3,0.8,-0.2,-1.0,2.2,-1.5,-0.4,-1.2,1.0,-1.8]'
WHERE id = '10000000-0000-0000-0000-000000000011';

-- ユーザー18: 伊藤拓也（セキュリティエンジニア）— 報酬・地位・権威重視型
INSERT INTO work_values_sessions (id, user_id, circular_triads, consistency_coefficient, consistency_level, purpose)
VALUES ('30012000-0000-0000-0000-000000000001', '10000000-0000-0000-0000-000000000012', 32, 0.917, 'high', 'general')
ON CONFLICT DO NOTHING;

INSERT INTO work_needs_scores (session_id, need_id, mu, se, display_score, rank) VALUES
  ('30012000-0000-0000-0000-000000000001', 1,  0.5, 0.30, 62.2,  9),  -- ability_utilization
  ('30012000-0000-0000-0000-000000000001', 2,  1.5, 0.33, 81.8,  4),  -- achievement
  ('30012000-0000-0000-0000-000000000001', 3,  0.2, 0.29, 55.0, 11),  -- activity
  ('30012000-0000-0000-0000-000000000001', 4,  2.0, 0.34, 88.1,  2),  -- advancement
  ('30012000-0000-0000-0000-000000000001', 5,  1.2, 0.32, 76.9,  5),  -- authority
  ('30012000-0000-0000-0000-000000000001', 6,  0.8, 0.31, 69.0,  7),  -- autonomy
  ('30012000-0000-0000-0000-000000000001', 7,  0.0, 0.29, 50.0, 12),  -- company_policies
  ('30012000-0000-0000-0000-000000000001', 8,  2.3, 0.35, 90.9,  1),  -- compensation
  ('30012000-0000-0000-0000-000000000001', 9, -0.5, 0.30, 37.8, 15),  -- co_workers
  ('30012000-0000-0000-0000-000000000001', 10,-0.3, 0.30, 42.6, 13),  -- creativity
  ('30012000-0000-0000-0000-000000000001', 11, 0.3, 0.30, 57.4, 10),  -- independence
  ('30012000-0000-0000-0000-000000000001', 12,-0.8, 0.32, 31.0, 16),  -- moral_values
  ('30012000-0000-0000-0000-000000000001', 13, 1.8, 0.34, 85.8,  3),  -- recognition
  ('30012000-0000-0000-0000-000000000001', 14, 1.0, 0.32, 73.1,  6),  -- responsibility
  ('30012000-0000-0000-0000-000000000001', 15,-0.4, 0.30, 40.1, 14),  -- security
  ('30012000-0000-0000-0000-000000000001', 16,-1.5, 0.35, 18.2, 19),  -- social_service
  ('30012000-0000-0000-0000-000000000001', 17, 0.6, 0.31, 64.6,  8),  -- social_status
  ('30012000-0000-0000-0000-000000000001', 18,-1.0, 0.33, 26.9, 17),  -- supervision_hr
  ('30012000-0000-0000-0000-000000000001', 19,-1.2, 0.34, 23.1, 18),  -- supervision_technical
  ('30012000-0000-0000-0000-000000000001', 20,-1.8, 0.36, 14.2, 20),  -- variety
  ('30012000-0000-0000-0000-000000000001', 21,-2.2, 0.38, 10.0, 21)   -- working_conditions
ON CONFLICT DO NOTHING;

INSERT INTO work_values_scores (session_id, value_id, mu, display_score, rank) VALUES
  ('30012000-0000-0000-0000-000000000001', 'status', 1.4, 80.2, 1),
  ('30012000-0000-0000-0000-000000000001', 'achievement', 1.0, 73.1, 2),
  ('30012000-0000-0000-0000-000000000001', 'autonomy', 0.5, 62.2, 3),
  ('30012000-0000-0000-0000-000000000001', 'comfort', -0.27, 43.4, 4),
  ('30012000-0000-0000-0000-000000000001', 'safety', -0.73, 32.4, 5),
  ('30012000-0000-0000-0000-000000000001', 'altruism', -0.93, 28.2, 6)
ON CONFLICT DO NOTHING;

UPDATE users SET wv_vector = '[0.5,1.5,0.2,2.0,1.2,0.8,0.0,2.3,-0.5,-0.3,0.3,-0.8,1.8,1.0,-0.4,-1.5,0.6,-1.0,-1.2,-1.8,-2.2]'
WHERE id = '10000000-0000-0000-0000-000000000012';

-- ユーザー19: 清水彩花（iOSエンジニア）— 多様性・活動・創造性重視型
INSERT INTO work_values_sessions (id, user_id, circular_triads, consistency_coefficient, consistency_level, purpose)
VALUES ('30013000-0000-0000-0000-000000000001', '10000000-0000-0000-0000-000000000013', 42, 0.891, 'high', 'general')
ON CONFLICT DO NOTHING;

INSERT INTO work_needs_scores (session_id, need_id, mu, se, display_score, rank) VALUES
  ('30013000-0000-0000-0000-000000000001', 1,  1.2, 0.32, 76.9,  4),  -- ability_utilization
  ('30013000-0000-0000-0000-000000000001', 2,  0.6, 0.31, 64.6,  7),  -- achievement
  ('30013000-0000-0000-0000-000000000001', 3,  1.5, 0.33, 81.8,  3),  -- activity
  ('30013000-0000-0000-0000-000000000001', 4,  0.1, 0.29, 52.5, 10),  -- advancement
  ('30013000-0000-0000-0000-000000000001', 5, -1.0, 0.33, 26.9, 17),  -- authority
  ('30013000-0000-0000-0000-000000000001', 6,  0.8, 0.31, 69.0,  6),  -- autonomy
  ('30013000-0000-0000-0000-000000000001', 7, -0.5, 0.30, 37.8, 14),  -- company_policies
  ('30013000-0000-0000-0000-000000000001', 8, -0.2, 0.29, 45.0, 12),  -- compensation
  ('30013000-0000-0000-0000-000000000001', 9,  1.0, 0.32, 73.1,  5),  -- co_workers
  ('30013000-0000-0000-0000-000000000001', 10, 1.8, 0.34, 85.8,  2),  -- creativity
  ('30013000-0000-0000-0000-000000000001', 11,-0.3, 0.30, 42.6, 13),  -- independence
  ('30013000-0000-0000-0000-000000000001', 12, 0.3, 0.30, 57.4,  9),  -- moral_values
  ('30013000-0000-0000-0000-000000000001', 13, 0.5, 0.30, 62.2,  8),  -- recognition
  ('30013000-0000-0000-0000-000000000001', 14,-0.6, 0.31, 35.4, 15),  -- responsibility
  ('30013000-0000-0000-0000-000000000001', 15,-1.5, 0.35, 18.2, 19),  -- security
  ('30013000-0000-0000-0000-000000000001', 16,-0.1, 0.29, 47.5, 11),  -- social_service
  ('30013000-0000-0000-0000-000000000001', 17,-1.8, 0.36, 14.2, 20),  -- social_status
  ('30013000-0000-0000-0000-000000000001', 18,-0.8, 0.32, 31.0, 16),  -- supervision_hr
  ('30013000-0000-0000-0000-000000000001', 19,-1.2, 0.34, 23.1, 18),  -- supervision_technical
  ('30013000-0000-0000-0000-000000000001', 20, 2.2, 0.35, 90.0,  1),  -- variety
  ('30013000-0000-0000-0000-000000000001', 21,-2.0, 0.37, 11.9, 21)   -- working_conditions
ON CONFLICT DO NOTHING;

INSERT INTO work_values_scores (session_id, value_id, mu, display_score, rank) VALUES
  ('30013000-0000-0000-0000-000000000001', 'achievement', 0.9, 71.1, 1),
  ('30013000-0000-0000-0000-000000000001', 'autonomy', 0.67, 66.1, 2),
  ('30013000-0000-0000-0000-000000000001', 'altruism', 0.4, 59.9, 3),
  ('30013000-0000-0000-0000-000000000001', 'comfort', -0.05, 48.8, 4),
  ('30013000-0000-0000-0000-000000000001', 'status', -0.55, 36.6, 5),
  ('30013000-0000-0000-0000-000000000001', 'safety', -0.83, 30.3, 6)
ON CONFLICT DO NOTHING;

UPDATE users SET wv_vector = '[1.2,0.6,1.5,0.1,-1.0,0.8,-0.5,-0.2,1.0,1.8,-0.3,0.3,0.5,-0.6,-1.5,-0.1,-1.8,-0.8,-1.2,2.2,-2.0]'
WHERE id = '10000000-0000-0000-0000-000000000013';

-- ユーザー20: 渡辺大樹（QAエンジニア）— 制度の公正性・上司の信頼・安定重視型
INSERT INTO work_values_sessions (id, user_id, circular_triads, consistency_coefficient, consistency_level, purpose)
VALUES ('30014000-0000-0000-0000-000000000001', '10000000-0000-0000-0000-000000000014', 45, 0.883, 'high', 'general')
ON CONFLICT DO NOTHING;

INSERT INTO work_needs_scores (session_id, need_id, mu, se, display_score, rank) VALUES
  ('30014000-0000-0000-0000-000000000001', 1,  0.3, 0.30, 57.4, 10),  -- ability_utilization
  ('30014000-0000-0000-0000-000000000001', 2,  0.5, 0.30, 62.2,  8),  -- achievement
  ('30014000-0000-0000-0000-000000000001', 3,  0.0, 0.29, 50.0, 11),  -- activity
  ('30014000-0000-0000-0000-000000000001', 4, -0.3, 0.30, 42.6, 12),  -- advancement
  ('30014000-0000-0000-0000-000000000001', 5, -1.5, 0.35, 18.2, 19),  -- authority
  ('30014000-0000-0000-0000-000000000001', 6,  0.8, 0.31, 69.0,  6),  -- autonomy
  ('30014000-0000-0000-0000-000000000001', 7,  2.0, 0.34, 88.1,  1),  -- company_policies
  ('30014000-0000-0000-0000-000000000001', 8,  0.6, 0.31, 64.6,  7),  -- compensation
  ('30014000-0000-0000-0000-000000000001', 9,  1.0, 0.32, 73.1,  5),  -- co_workers
  ('30014000-0000-0000-0000-000000000001', 10,-0.8, 0.32, 31.0, 15),  -- creativity
  ('30014000-0000-0000-0000-000000000001', 11,-0.5, 0.30, 37.8, 14),  -- independence
  ('30014000-0000-0000-0000-000000000001', 12, 1.2, 0.32, 76.9,  4),  -- moral_values
  ('30014000-0000-0000-0000-000000000001', 13, 0.4, 0.30, 59.9,  9),  -- recognition
  ('30014000-0000-0000-0000-000000000001', 14,-0.4, 0.30, 40.1, 13),  -- responsibility
  ('30014000-0000-0000-0000-000000000001', 15, 1.8, 0.34, 85.8,  2),  -- security
  ('30014000-0000-0000-0000-000000000001', 16,-1.0, 0.33, 26.9, 16),  -- social_service
  ('30014000-0000-0000-0000-000000000001', 17,-1.8, 0.36, 14.2, 20),  -- social_status
  ('30014000-0000-0000-0000-000000000001', 18, 1.5, 0.33, 81.8,  3),  -- supervision_hr
  ('30014000-0000-0000-0000-000000000001', 19,-1.2, 0.34, 23.1, 17),  -- supervision_technical
  ('30014000-0000-0000-0000-000000000001', 20,-1.3, 0.34, 21.4, 18),  -- variety
  ('30014000-0000-0000-0000-000000000001', 21,-2.2, 0.38, 10.0, 21)   -- working_conditions
ON CONFLICT DO NOTHING;

INSERT INTO work_values_scores (session_id, value_id, mu, display_score, rank) VALUES
  ('30014000-0000-0000-0000-000000000001', 'safety', 0.77, 68.3, 1),
  ('30014000-0000-0000-0000-000000000001', 'achievement', 0.4, 59.9, 2),
  ('30014000-0000-0000-0000-000000000001', 'altruism', 0.4, 59.9, 3),
  ('30014000-0000-0000-0000-000000000001', 'autonomy', -0.13, 46.7, 4),
  ('30014000-0000-0000-0000-000000000001', 'comfort', -0.27, 43.4, 5),
  ('30014000-0000-0000-0000-000000000001', 'status', -0.8, 31.0, 6)
ON CONFLICT DO NOTHING;

UPDATE users SET wv_vector = '[0.3,0.5,0.0,-0.3,-1.5,0.8,2.0,0.6,1.0,-0.8,-0.5,1.2,0.4,-0.4,1.8,-1.0,-1.8,1.5,-1.2,-1.3,-2.2]'
WHERE id = '10000000-0000-0000-0000-000000000014';

-- ユーザー21: 本田咲（マーケティング）— 達成・承認・影響力重視型
INSERT INTO work_values_sessions (id, user_id, circular_triads, consistency_coefficient, consistency_level, purpose)
VALUES ('30015000-0000-0000-0000-000000000001', '10000000-0000-0000-0000-000000000015', 33, 0.914, 'high', 'general')
ON CONFLICT DO NOTHING;

INSERT INTO work_needs_scores (session_id, need_id, mu, se, display_score, rank) VALUES
  ('30015000-0000-0000-0000-000000000001', 1,  0.8, 0.31, 69.0,  6),  -- ability_utilization
  ('30015000-0000-0000-0000-000000000001', 2,  2.2, 0.35, 90.0,  1),  -- achievement
  ('30015000-0000-0000-0000-000000000001', 3,  0.5, 0.30, 62.2,  8),  -- activity
  ('30015000-0000-0000-0000-000000000001', 4,  1.5, 0.33, 81.8,  4),  -- advancement
  ('30015000-0000-0000-0000-000000000001', 5,  0.6, 0.31, 64.6,  7),  -- authority
  ('30015000-0000-0000-0000-000000000001', 6,  0.3, 0.30, 57.4,  9),  -- autonomy
  ('30015000-0000-0000-0000-000000000001', 7, -0.2, 0.29, 45.0, 12),  -- company_policies
  ('30015000-0000-0000-0000-000000000001', 8,  1.0, 0.32, 73.1,  5),  -- compensation
  ('30015000-0000-0000-0000-000000000001', 9,  0.0, 0.29, 50.0, 10),  -- co_workers
  ('30015000-0000-0000-0000-000000000001', 10, 0.2, 0.29, 55.0, 11),  -- creativity
  ('30015000-0000-0000-0000-000000000001', 11,-0.5, 0.30, 37.8, 13),  -- independence
  ('30015000-0000-0000-0000-000000000001', 12,-0.6, 0.31, 35.4, 14),  -- moral_values
  ('30015000-0000-0000-0000-000000000001', 13, 2.0, 0.34, 88.1,  2),  -- recognition
  ('30015000-0000-0000-0000-000000000001', 14, 1.8, 0.34, 85.8,  3),  -- responsibility
  ('30015000-0000-0000-0000-000000000001', 15,-0.8, 0.32, 31.0, 15),  -- security
  ('30015000-0000-0000-0000-000000000001', 16,-1.0, 0.33, 26.9, 16),  -- social_service
  ('30015000-0000-0000-0000-000000000001', 17,-1.2, 0.34, 23.1, 17),  -- social_status
  ('30015000-0000-0000-0000-000000000001', 18,-1.5, 0.35, 18.2, 19),  -- supervision_hr
  ('30015000-0000-0000-0000-000000000001', 19,-1.3, 0.34, 21.4, 18),  -- supervision_technical
  ('30015000-0000-0000-0000-000000000001', 20,-1.8, 0.36, 14.2, 20),  -- variety
  ('30015000-0000-0000-0000-000000000001', 21,-2.0, 0.37, 11.9, 21)   -- working_conditions
ON CONFLICT DO NOTHING;

INSERT INTO work_values_scores (session_id, value_id, mu, display_score, rank) VALUES
  ('30015000-0000-0000-0000-000000000001', 'achievement', 1.5, 81.8, 1),
  ('30015000-0000-0000-0000-000000000001', 'autonomy', 0.77, 68.3, 2),
  ('30015000-0000-0000-0000-000000000001', 'status', 0.72, 67.4, 3),
  ('30015000-0000-0000-0000-000000000001', 'altruism', -0.53, 37.0, 4),
  ('30015000-0000-0000-0000-000000000001', 'comfort', -0.6, 35.4, 5),
  ('30015000-0000-0000-0000-000000000001', 'safety', -1.0, 26.9, 6)
ON CONFLICT DO NOTHING;

UPDATE users SET wv_vector = '[0.8,2.2,0.5,1.5,0.6,0.3,-0.2,1.0,0.0,0.2,-0.5,-0.6,2.0,1.8,-0.8,-1.0,-1.2,-1.5,-1.3,-1.8,-2.0]'
WHERE id = '10000000-0000-0000-0000-000000000015';

-- ユーザー22: 松田涼太（組み込みエンジニア）— 安全性・労働条件・独立重視型
INSERT INTO work_values_sessions (id, user_id, circular_triads, consistency_coefficient, consistency_level, purpose)
VALUES ('30016000-0000-0000-0000-000000000001', '10000000-0000-0000-0000-000000000016', 28, 0.927, 'high', 'general')
ON CONFLICT DO NOTHING;

INSERT INTO work_needs_scores (session_id, need_id, mu, se, display_score, rank) VALUES
  ('30016000-0000-0000-0000-000000000001', 1,  0.6, 0.31, 64.6,  6),  -- ability_utilization
  ('30016000-0000-0000-0000-000000000001', 2,  0.3, 0.30, 57.4,  8),  -- achievement
  ('30016000-0000-0000-0000-000000000001', 3,  0.1, 0.29, 52.5, 10),  -- activity
  ('30016000-0000-0000-0000-000000000001', 4, -0.5, 0.30, 37.8, 14),  -- advancement
  ('30016000-0000-0000-0000-000000000001', 5, -1.5, 0.35, 18.2, 19),  -- authority
  ('30016000-0000-0000-0000-000000000001', 6,  0.8, 0.31, 69.0,  5),  -- autonomy
  ('30016000-0000-0000-0000-000000000001', 7,  1.0, 0.32, 73.1,  4),  -- company_policies
  ('30016000-0000-0000-0000-000000000001', 8,  0.5, 0.30, 62.2,  7),  -- compensation
  ('30016000-0000-0000-0000-000000000001', 9, -0.3, 0.30, 42.6, 12),  -- co_workers
  ('30016000-0000-0000-0000-000000000001', 10,-1.0, 0.33, 26.9, 16),  -- creativity
  ('30016000-0000-0000-0000-000000000001', 11, 1.5, 0.33, 81.8,  3),  -- independence
  ('30016000-0000-0000-0000-000000000001', 12, 0.2, 0.29, 55.0,  9),  -- moral_values
  ('30016000-0000-0000-0000-000000000001', 13,-0.8, 0.32, 31.0, 15),  -- recognition
  ('30016000-0000-0000-0000-000000000001', 14,-0.6, 0.31, 35.4, 13),  -- responsibility
  ('30016000-0000-0000-0000-000000000001', 15, 2.0, 0.34, 88.1,  1),  -- security
  ('30016000-0000-0000-0000-000000000001', 16,-1.2, 0.34, 23.1, 17),  -- social_service
  ('30016000-0000-0000-0000-000000000001', 17,-1.8, 0.36, 14.2, 20),  -- social_status
  ('30016000-0000-0000-0000-000000000001', 18, 0.0, 0.29, 50.0, 11),  -- supervision_hr
  ('30016000-0000-0000-0000-000000000001', 19,-1.3, 0.34, 21.4, 18),  -- supervision_technical
  ('30016000-0000-0000-0000-000000000001', 20,-2.0, 0.37, 11.9, 21),  -- variety
  ('30016000-0000-0000-0000-000000000001', 21, 1.8, 0.34, 85.8,  2)   -- working_conditions
ON CONFLICT DO NOTHING;

INSERT INTO work_values_scores (session_id, value_id, mu, display_score, rank) VALUES
  ('30016000-0000-0000-0000-000000000001', 'comfort', 0.65, 65.7, 1),
  ('30016000-0000-0000-0000-000000000001', 'achievement', 0.45, 61.1, 2),
  ('30016000-0000-0000-0000-000000000001', 'safety', -0.1, 47.5, 3),
  ('30016000-0000-0000-0000-000000000001', 'autonomy', -0.27, 43.4, 4),
  ('30016000-0000-0000-0000-000000000001', 'altruism', -0.43, 39.3, 5),
  ('30016000-0000-0000-0000-000000000001', 'status', -1.15, 24.0, 6)
ON CONFLICT DO NOTHING;

UPDATE users SET wv_vector = '[0.6,0.3,0.1,-0.5,-1.5,0.8,1.0,0.5,-0.3,-1.0,1.5,0.2,-0.8,-0.6,2.0,-1.2,-1.8,0.0,-1.3,-2.0,1.8]'
WHERE id = '10000000-0000-0000-0000-000000000016';

-- ユーザー23: 青木遥（カスタマーサクセス）— 同僚・社会貢献・上司重視型
INSERT INTO work_values_sessions (id, user_id, circular_triads, consistency_coefficient, consistency_level, purpose)
VALUES ('30017000-0000-0000-0000-000000000001', '10000000-0000-0000-0000-000000000017', 36, 0.906, 'high', 'general')
ON CONFLICT DO NOTHING;

INSERT INTO work_needs_scores (session_id, need_id, mu, se, display_score, rank) VALUES
  ('30017000-0000-0000-0000-000000000001', 1,  0.0, 0.29, 50.0, 11),  -- ability_utilization
  ('30017000-0000-0000-0000-000000000001', 2,  0.5, 0.30, 62.2,  8),  -- achievement
  ('30017000-0000-0000-0000-000000000001', 3,  0.3, 0.30, 57.4,  9),  -- activity
  ('30017000-0000-0000-0000-000000000001', 4, -0.5, 0.30, 37.8, 14),  -- advancement
  ('30017000-0000-0000-0000-000000000001', 5, -1.8, 0.36, 14.2, 20),  -- authority
  ('30017000-0000-0000-0000-000000000001', 6, -0.3, 0.30, 42.6, 12),  -- autonomy
  ('30017000-0000-0000-0000-000000000001', 7,  0.2, 0.29, 55.0, 10),  -- company_policies
  ('30017000-0000-0000-0000-000000000001', 8, -0.6, 0.31, 35.4, 15),  -- compensation
  ('30017000-0000-0000-0000-000000000001', 9,  2.2, 0.35, 90.0,  1),  -- co_workers
  ('30017000-0000-0000-0000-000000000001', 10, 0.6, 0.31, 64.6,  7),  -- creativity
  ('30017000-0000-0000-0000-000000000001', 11,-1.0, 0.33, 26.9, 17),  -- independence
  ('30017000-0000-0000-0000-000000000001', 12, 0.8, 0.31, 69.0,  6),  -- moral_values
  ('30017000-0000-0000-0000-000000000001', 13, 1.0, 0.32, 73.1,  5),  -- recognition
  ('30017000-0000-0000-0000-000000000001', 14,-0.4, 0.30, 40.1, 13),  -- responsibility
  ('30017000-0000-0000-0000-000000000001', 15,-0.8, 0.32, 31.0, 16),  -- security
  ('30017000-0000-0000-0000-000000000001', 16, 2.0, 0.34, 88.1,  2),  -- social_service
  ('30017000-0000-0000-0000-000000000001', 17,-2.0, 0.37, 11.9, 21),  -- social_status
  ('30017000-0000-0000-0000-000000000001', 18, 1.5, 0.33, 81.8,  3),  -- supervision_hr
  ('30017000-0000-0000-0000-000000000001', 19, 1.2, 0.32, 76.9,  4),  -- supervision_technical
  ('30017000-0000-0000-0000-000000000001', 20,-1.2, 0.34, 23.1, 18),  -- variety
  ('30017000-0000-0000-0000-000000000001', 21,-1.5, 0.35, 18.2, 19)   -- working_conditions
ON CONFLICT DO NOTHING;

INSERT INTO work_values_scores (session_id, value_id, mu, display_score, rank) VALUES
  ('30017000-0000-0000-0000-000000000001', 'altruism', 1.67, 84.1, 1),
  ('30017000-0000-0000-0000-000000000001', 'safety', 0.97, 72.4, 2),
  ('30017000-0000-0000-0000-000000000001', 'achievement', 0.25, 56.2, 3),
  ('30017000-0000-0000-0000-000000000001', 'autonomy', -0.03, 49.2, 4),
  ('30017000-0000-0000-0000-000000000001', 'comfort', -0.8, 31.0, 5),
  ('30017000-0000-0000-0000-000000000001', 'status', -0.82, 30.5, 6)
ON CONFLICT DO NOTHING;

UPDATE users SET wv_vector = '[0.0,0.5,0.3,-0.5,-1.8,-0.3,0.2,-0.6,2.2,0.6,-1.0,0.8,1.0,-0.4,-0.8,2.0,-2.0,1.5,1.2,-1.2,-1.5]'
WHERE id = '10000000-0000-0000-0000-000000000017';

-- ============================================================
-- Career Interest 診断データ
-- ============================================================

-- ユーザー14: 森田悠希 — I(研究)寄り、次いでC(慣習)
INSERT INTO career_interest_sessions (id, user_id)
VALUES ('3100e000-0000-0000-0000-000000000001', '10000000-0000-0000-0000-00000000000e')
ON CONFLICT DO NOTHING;

INSERT INTO career_interest_scores (session_id, basic_interest_id, score, rank) VALUES
  ('3100e000-0000-0000-0000-000000000001', 'A1', 2.8, 12),
  ('3100e000-0000-0000-0000-000000000001', 'A2', 2.5, 15),
  ('3100e000-0000-0000-0000-000000000001', 'A3', 2.3, 17),
  ('3100e000-0000-0000-0000-000000000001', 'C1', 3.8, 5),
  ('3100e000-0000-0000-0000-000000000001', 'C2', 3.5, 8),
  ('3100e000-0000-0000-0000-000000000001', 'C3', 3.2, 10),
  ('3100e000-0000-0000-0000-000000000001', 'E1', 2.6, 14),
  ('3100e000-0000-0000-0000-000000000001', 'E2', 2.4, 16),
  ('3100e000-0000-0000-0000-000000000001', 'E3', 2.2, 18),
  ('3100e000-0000-0000-0000-000000000001', 'I1', 4.8, 1),
  ('3100e000-0000-0000-0000-000000000001', 'I2', 4.5, 2),
  ('3100e000-0000-0000-0000-000000000001', 'I3', 4.2, 3),
  ('3100e000-0000-0000-0000-000000000001', 'I4', 4.0, 4),
  ('3100e000-0000-0000-0000-000000000001', 'R1', 3.6, 6),
  ('3100e000-0000-0000-0000-000000000001', 'R2', 3.5, 7),
  ('3100e000-0000-0000-0000-000000000001', 'R3', 3.0, 11),
  ('3100e000-0000-0000-0000-000000000001', 'S1', 2.7, 13),
  ('3100e000-0000-0000-0000-000000000001', 'S2', 2.2, 19),
  ('3100e000-0000-0000-0000-000000000001', 'S3', 2.0, 20),
  ('3100e000-0000-0000-0000-000000000001', 'S4', 3.3, 9)
ON CONFLICT DO NOTHING;

-- RIASEC: I=(4.8+4.5+4.2+4.0)/4=4.38, R=(3.6+3.5+3.0)/3=3.37, C=(3.8+3.5+3.2)/3=3.50, A=(2.8+2.5+2.3)/3=2.53, E=(2.6+2.4+2.2)/3=2.40, S=(2.7+2.2+2.0+3.3)/4=2.55
INSERT INTO career_riasec_scores (session_id, riasec_type, score, rank) VALUES
  ('3100e000-0000-0000-0000-000000000001', 'I', 4.38, 1),
  ('3100e000-0000-0000-0000-000000000001', 'C', 3.50, 2),
  ('3100e000-0000-0000-0000-000000000001', 'R', 3.37, 3),
  ('3100e000-0000-0000-0000-000000000001', 'S', 2.55, 4),
  ('3100e000-0000-0000-0000-000000000001', 'A', 2.53, 5),
  ('3100e000-0000-0000-0000-000000000001', 'E', 2.40, 6)
ON CONFLICT DO NOTHING;

UPDATE users SET ci_vector = '[2.8,2.5,2.3,3.8,3.5,3.2,2.6,2.4,2.2,4.8,4.5,4.2,4.0,3.6,3.5,3.0,2.7,2.2,2.0,3.3]'
WHERE id = '10000000-0000-0000-0000-00000000000e';

-- ユーザー15: 藤田里奈 — A(芸術)寄り、次いでS(社会)
INSERT INTO career_interest_sessions (id, user_id)
VALUES ('3100f000-0000-0000-0000-000000000001', '10000000-0000-0000-0000-00000000000f')
ON CONFLICT DO NOTHING;

INSERT INTO career_interest_scores (session_id, basic_interest_id, score, rank) VALUES
  ('3100f000-0000-0000-0000-000000000001', 'A1', 4.5, 1),
  ('3100f000-0000-0000-0000-000000000001', 'A2', 4.2, 3),
  ('3100f000-0000-0000-0000-000000000001', 'A3', 4.0, 4),
  ('3100f000-0000-0000-0000-000000000001', 'C1', 2.3, 17),
  ('3100f000-0000-0000-0000-000000000001', 'C2', 2.0, 19),
  ('3100f000-0000-0000-0000-000000000001', 'C3', 1.8, 20),
  ('3100f000-0000-0000-0000-000000000001', 'E1', 2.8, 13),
  ('3100f000-0000-0000-0000-000000000001', 'E2', 2.5, 15),
  ('3100f000-0000-0000-0000-000000000001', 'E3', 2.6, 14),
  ('3100f000-0000-0000-0000-000000000001', 'I1', 3.5, 7),
  ('3100f000-0000-0000-0000-000000000001', 'I2', 3.3, 9),
  ('3100f000-0000-0000-0000-000000000001', 'I3', 3.0, 11),
  ('3100f000-0000-0000-0000-000000000001', 'I4', 3.2, 10),
  ('3100f000-0000-0000-0000-000000000001', 'R1', 2.4, 16),
  ('3100f000-0000-0000-0000-000000000001', 'R2', 2.2, 18),
  ('3100f000-0000-0000-0000-000000000001', 'R3', 3.0, 12),
  ('3100f000-0000-0000-0000-000000000001', 'S1', 3.8, 5),
  ('3100f000-0000-0000-0000-000000000001', 'S2', 3.6, 6),
  ('3100f000-0000-0000-0000-000000000001', 'S3', 3.4, 8),
  ('3100f000-0000-0000-0000-000000000001', 'S4', 4.3, 2)
ON CONFLICT DO NOTHING;

-- RIASEC: A=(4.5+4.2+4.0)/3=4.23, S=(3.8+3.6+3.4+4.3)/4=3.78, I=(3.5+3.3+3.0+3.2)/4=3.25, E=(2.8+2.5+2.6)/3=2.63, R=(2.4+2.2+3.0)/3=2.53, C=(2.3+2.0+1.8)/3=2.03
INSERT INTO career_riasec_scores (session_id, riasec_type, score, rank) VALUES
  ('3100f000-0000-0000-0000-000000000001', 'A', 4.23, 1),
  ('3100f000-0000-0000-0000-000000000001', 'S', 3.78, 2),
  ('3100f000-0000-0000-0000-000000000001', 'I', 3.25, 3),
  ('3100f000-0000-0000-0000-000000000001', 'E', 2.63, 4),
  ('3100f000-0000-0000-0000-000000000001', 'R', 2.53, 5),
  ('3100f000-0000-0000-0000-000000000001', 'C', 2.03, 6)
ON CONFLICT DO NOTHING;

UPDATE users SET ci_vector = '[4.5,4.2,4.0,2.3,2.0,1.8,2.8,2.5,2.6,3.5,3.3,3.0,3.2,2.4,2.2,3.0,3.8,3.6,3.4,4.3]'
WHERE id = '10000000-0000-0000-0000-00000000000f';

-- ユーザー16: 小川健二 — R(現実)寄り、次いでI(研究)
INSERT INTO career_interest_sessions (id, user_id)
VALUES ('31010000-0000-0000-0000-000000000001', '10000000-0000-0000-0000-000000000010')
ON CONFLICT DO NOTHING;

INSERT INTO career_interest_scores (session_id, basic_interest_id, score, rank) VALUES
  ('31010000-0000-0000-0000-000000000001', 'A1', 2.0, 18),
  ('31010000-0000-0000-0000-000000000001', 'A2', 1.8, 19),
  ('31010000-0000-0000-0000-000000000001', 'A3', 1.5, 20),
  ('31010000-0000-0000-0000-000000000001', 'C1', 3.5, 7),
  ('31010000-0000-0000-0000-000000000001', 'C2', 3.3, 9),
  ('31010000-0000-0000-0000-000000000001', 'C3', 3.0, 12),
  ('31010000-0000-0000-0000-000000000001', 'E1', 2.5, 15),
  ('31010000-0000-0000-0000-000000000001', 'E2', 2.3, 16),
  ('31010000-0000-0000-0000-000000000001', 'E3', 2.2, 17),
  ('31010000-0000-0000-0000-000000000001', 'I1', 4.0, 4),
  ('31010000-0000-0000-0000-000000000001', 'I2', 3.8, 5),
  ('31010000-0000-0000-0000-000000000001', 'I3', 3.5, 8),
  ('31010000-0000-0000-0000-000000000001', 'I4', 3.2, 10),
  ('31010000-0000-0000-0000-000000000001', 'R1', 4.5, 1),
  ('31010000-0000-0000-0000-000000000001', 'R2', 4.3, 2),
  ('31010000-0000-0000-0000-000000000001', 'R3', 4.2, 3),
  ('31010000-0000-0000-0000-000000000001', 'S1', 2.8, 13),
  ('31010000-0000-0000-0000-000000000001', 'S2', 2.6, 14),
  ('31010000-0000-0000-0000-000000000001', 'S3', 3.1, 11),
  ('31010000-0000-0000-0000-000000000001', 'S4', 3.6, 6)
ON CONFLICT DO NOTHING;

-- RIASEC: R=(4.5+4.3+4.2)/3=4.33, I=(4.0+3.8+3.5+3.2)/4=3.63, C=(3.5+3.3+3.0)/3=3.27, S=(2.8+2.6+3.1+3.6)/4=3.03, E=(2.5+2.3+2.2)/3=2.33, A=(2.0+1.8+1.5)/3=1.77
INSERT INTO career_riasec_scores (session_id, riasec_type, score, rank) VALUES
  ('31010000-0000-0000-0000-000000000001', 'R', 4.33, 1),
  ('31010000-0000-0000-0000-000000000001', 'I', 3.63, 2),
  ('31010000-0000-0000-0000-000000000001', 'C', 3.27, 3),
  ('31010000-0000-0000-0000-000000000001', 'S', 3.03, 4),
  ('31010000-0000-0000-0000-000000000001', 'E', 2.33, 5),
  ('31010000-0000-0000-0000-000000000001', 'A', 1.77, 6)
ON CONFLICT DO NOTHING;

UPDATE users SET ci_vector = '[2.0,1.8,1.5,3.5,3.3,3.0,2.5,2.3,2.2,4.0,3.8,3.5,3.2,4.5,4.3,4.2,2.8,2.6,3.1,3.6]'
WHERE id = '10000000-0000-0000-0000-000000000010';

-- ユーザー17: 中村真央 — S(社会)寄り、次いでA(芸術)
INSERT INTO career_interest_sessions (id, user_id)
VALUES ('31011000-0000-0000-0000-000000000001', '10000000-0000-0000-0000-000000000011')
ON CONFLICT DO NOTHING;

INSERT INTO career_interest_scores (session_id, basic_interest_id, score, rank) VALUES
  ('31011000-0000-0000-0000-000000000001', 'A1', 3.8, 5),
  ('31011000-0000-0000-0000-000000000001', 'A2', 4.0, 4),
  ('31011000-0000-0000-0000-000000000001', 'A3', 3.5, 8),
  ('31011000-0000-0000-0000-000000000001', 'C1', 2.2, 17),
  ('31011000-0000-0000-0000-000000000001', 'C2', 2.0, 19),
  ('31011000-0000-0000-0000-000000000001', 'C3', 1.8, 20),
  ('31011000-0000-0000-0000-000000000001', 'E1', 3.0, 11),
  ('31011000-0000-0000-0000-000000000001', 'E2', 2.8, 13),
  ('31011000-0000-0000-0000-000000000001', 'E3', 2.5, 15),
  ('31011000-0000-0000-0000-000000000001', 'I1', 3.2, 10),
  ('31011000-0000-0000-0000-000000000001', 'I2', 2.9, 12),
  ('31011000-0000-0000-0000-000000000001', 'I3', 2.6, 14),
  ('31011000-0000-0000-0000-000000000001', 'I4', 2.3, 16),
  ('31011000-0000-0000-0000-000000000001', 'R1', 2.1, 18),
  ('31011000-0000-0000-0000-000000000001', 'R2', 3.3, 9),
  ('31011000-0000-0000-0000-000000000001', 'R3', 1.9, 20),
  ('31011000-0000-0000-0000-000000000001', 'S1', 4.5, 1),
  ('31011000-0000-0000-0000-000000000001', 'S2', 4.2, 2),
  ('31011000-0000-0000-0000-000000000001', 'S3', 4.1, 3),
  ('31011000-0000-0000-0000-000000000001', 'S4', 3.6, 7)
ON CONFLICT DO NOTHING;

-- RIASEC: S=(4.5+4.2+4.1+3.6)/4=4.10, A=(3.8+4.0+3.5)/3=3.77, E=(3.0+2.8+2.5)/3=2.77, I=(3.2+2.9+2.6+2.3)/4=2.75, R=(2.1+3.3+1.9)/3=2.43, C=(2.2+2.0+1.8)/3=2.00
INSERT INTO career_riasec_scores (session_id, riasec_type, score, rank) VALUES
  ('31011000-0000-0000-0000-000000000001', 'S', 4.10, 1),
  ('31011000-0000-0000-0000-000000000001', 'A', 3.77, 2),
  ('31011000-0000-0000-0000-000000000001', 'E', 2.77, 3),
  ('31011000-0000-0000-0000-000000000001', 'I', 2.75, 4),
  ('31011000-0000-0000-0000-000000000001', 'R', 2.43, 5),
  ('31011000-0000-0000-0000-000000000001', 'C', 2.00, 6)
ON CONFLICT DO NOTHING;

UPDATE users SET ci_vector = '[3.8,4.0,3.5,2.2,2.0,1.8,3.0,2.8,2.5,3.2,2.9,2.6,2.3,2.1,3.3,1.9,4.5,4.2,4.1,3.6]'
WHERE id = '10000000-0000-0000-0000-000000000011';

-- ユーザー18: 伊藤拓也 — E(企業)寄り、次いでI(研究)
INSERT INTO career_interest_sessions (id, user_id)
VALUES ('31012000-0000-0000-0000-000000000001', '10000000-0000-0000-0000-000000000012')
ON CONFLICT DO NOTHING;

INSERT INTO career_interest_scores (session_id, basic_interest_id, score, rank) VALUES
  ('31012000-0000-0000-0000-000000000001', 'A1', 2.2, 17),
  ('31012000-0000-0000-0000-000000000001', 'A2', 2.0, 18),
  ('31012000-0000-0000-0000-000000000001', 'A3', 1.8, 20),
  ('31012000-0000-0000-0000-000000000001', 'C1', 3.5, 8),
  ('31012000-0000-0000-0000-000000000001', 'C2', 3.3, 9),
  ('31012000-0000-0000-0000-000000000001', 'C3', 3.0, 12),
  ('31012000-0000-0000-0000-000000000001', 'E1', 4.5, 1),
  ('31012000-0000-0000-0000-000000000001', 'E2', 4.2, 3),
  ('31012000-0000-0000-0000-000000000001', 'E3', 4.3, 2),
  ('31012000-0000-0000-0000-000000000001', 'I1', 3.8, 5),
  ('31012000-0000-0000-0000-000000000001', 'I2', 3.6, 6),
  ('31012000-0000-0000-0000-000000000001', 'I3', 3.5, 7),
  ('31012000-0000-0000-0000-000000000001', 'I4', 4.0, 4),
  ('31012000-0000-0000-0000-000000000001', 'R1', 3.2, 10),
  ('31012000-0000-0000-0000-000000000001', 'R2', 3.0, 11),
  ('31012000-0000-0000-0000-000000000001', 'R3', 2.8, 14),
  ('31012000-0000-0000-0000-000000000001', 'S1', 2.5, 15),
  ('31012000-0000-0000-0000-000000000001', 'S2', 2.3, 16),
  ('31012000-0000-0000-0000-000000000001', 'S3', 1.9, 19),
  ('31012000-0000-0000-0000-000000000001', 'S4', 2.9, 13)
ON CONFLICT DO NOTHING;

-- RIASEC: E=(4.5+4.2+4.3)/3=4.33, I=(3.8+3.6+3.5+4.0)/4=3.73, C=(3.5+3.3+3.0)/3=3.27, R=(3.2+3.0+2.8)/3=3.00, S=(2.5+2.3+1.9+2.9)/4=2.40, A=(2.2+2.0+1.8)/3=2.00
INSERT INTO career_riasec_scores (session_id, riasec_type, score, rank) VALUES
  ('31012000-0000-0000-0000-000000000001', 'E', 4.33, 1),
  ('31012000-0000-0000-0000-000000000001', 'I', 3.73, 2),
  ('31012000-0000-0000-0000-000000000001', 'C', 3.27, 3),
  ('31012000-0000-0000-0000-000000000001', 'R', 3.00, 4),
  ('31012000-0000-0000-0000-000000000001', 'S', 2.40, 5),
  ('31012000-0000-0000-0000-000000000001', 'A', 2.00, 6)
ON CONFLICT DO NOTHING;

UPDATE users SET ci_vector = '[2.2,2.0,1.8,3.5,3.3,3.0,4.5,4.2,4.3,3.8,3.6,3.5,4.0,3.2,3.0,2.8,2.5,2.3,1.9,2.9]'
WHERE id = '10000000-0000-0000-0000-000000000012';

-- ユーザー19: 清水彩花 — A(芸術)寄り、次いでR(現実)
INSERT INTO career_interest_sessions (id, user_id)
VALUES ('31013000-0000-0000-0000-000000000001', '10000000-0000-0000-0000-000000000013')
ON CONFLICT DO NOTHING;

INSERT INTO career_interest_scores (session_id, basic_interest_id, score, rank) VALUES
  ('31013000-0000-0000-0000-000000000001', 'A1', 4.3, 2),
  ('31013000-0000-0000-0000-000000000001', 'A2', 4.5, 1),
  ('31013000-0000-0000-0000-000000000001', 'A3', 3.8, 5),
  ('31013000-0000-0000-0000-000000000001', 'C1', 2.5, 15),
  ('31013000-0000-0000-0000-000000000001', 'C2', 2.3, 17),
  ('31013000-0000-0000-0000-000000000001', 'C3', 2.0, 19),
  ('31013000-0000-0000-0000-000000000001', 'E1', 2.8, 13),
  ('31013000-0000-0000-0000-000000000001', 'E2', 2.5, 16),
  ('31013000-0000-0000-0000-000000000001', 'E3', 2.6, 14),
  ('31013000-0000-0000-0000-000000000001', 'I1', 3.5, 8),
  ('31013000-0000-0000-0000-000000000001', 'I2', 3.2, 10),
  ('31013000-0000-0000-0000-000000000001', 'I3', 3.0, 11),
  ('31013000-0000-0000-0000-000000000001', 'I4', 3.6, 7),
  ('31013000-0000-0000-0000-000000000001', 'R1', 4.0, 3),
  ('31013000-0000-0000-0000-000000000001', 'R2', 3.9, 4),
  ('31013000-0000-0000-0000-000000000001', 'R3', 3.7, 6),
  ('31013000-0000-0000-0000-000000000001', 'S1', 3.0, 12),
  ('31013000-0000-0000-0000-000000000001', 'S2', 2.2, 18),
  ('31013000-0000-0000-0000-000000000001', 'S3', 2.0, 20),
  ('31013000-0000-0000-0000-000000000001', 'S4', 3.3, 9)
ON CONFLICT DO NOTHING;

-- RIASEC: A=(4.3+4.5+3.8)/3=4.20, R=(4.0+3.9+3.7)/3=3.87, I=(3.5+3.2+3.0+3.6)/4=3.33, S=(3.0+2.2+2.0+3.3)/4=2.63, E=(2.8+2.5+2.6)/3=2.63, C=(2.5+2.3+2.0)/3=2.27
INSERT INTO career_riasec_scores (session_id, riasec_type, score, rank) VALUES
  ('31013000-0000-0000-0000-000000000001', 'A', 4.20, 1),
  ('31013000-0000-0000-0000-000000000001', 'R', 3.87, 2),
  ('31013000-0000-0000-0000-000000000001', 'I', 3.33, 3),
  ('31013000-0000-0000-0000-000000000001', 'S', 2.63, 4),
  ('31013000-0000-0000-0000-000000000001', 'E', 2.63, 5),
  ('31013000-0000-0000-0000-000000000001', 'C', 2.27, 6)
ON CONFLICT DO NOTHING;

UPDATE users SET ci_vector = '[4.3,4.5,3.8,2.5,2.3,2.0,2.8,2.5,2.6,3.5,3.2,3.0,3.6,4.0,3.9,3.7,3.0,2.2,2.0,3.3]'
WHERE id = '10000000-0000-0000-0000-000000000013';

-- ユーザー20: 渡辺大樹 — C(慣習)寄り、次いでR(現実)
INSERT INTO career_interest_sessions (id, user_id)
VALUES ('31014000-0000-0000-0000-000000000001', '10000000-0000-0000-0000-000000000014')
ON CONFLICT DO NOTHING;

INSERT INTO career_interest_scores (session_id, basic_interest_id, score, rank) VALUES
  ('31014000-0000-0000-0000-000000000001', 'A1', 2.0, 18),
  ('31014000-0000-0000-0000-000000000001', 'A2', 1.8, 19),
  ('31014000-0000-0000-0000-000000000001', 'A3', 1.5, 20),
  ('31014000-0000-0000-0000-000000000001', 'C1', 4.5, 1),
  ('31014000-0000-0000-0000-000000000001', 'C2', 4.3, 2),
  ('31014000-0000-0000-0000-000000000001', 'C3', 4.0, 4),
  ('31014000-0000-0000-0000-000000000001', 'E1', 2.5, 15),
  ('31014000-0000-0000-0000-000000000001', 'E2', 2.3, 16),
  ('31014000-0000-0000-0000-000000000001', 'E3', 2.2, 17),
  ('31014000-0000-0000-0000-000000000001', 'I1', 3.5, 7),
  ('31014000-0000-0000-0000-000000000001', 'I2', 3.3, 9),
  ('31014000-0000-0000-0000-000000000001', 'I3', 3.0, 12),
  ('31014000-0000-0000-0000-000000000001', 'I4', 3.2, 10),
  ('31014000-0000-0000-0000-000000000001', 'R1', 4.2, 3),
  ('31014000-0000-0000-0000-000000000001', 'R2', 3.8, 5),
  ('31014000-0000-0000-0000-000000000001', 'R3', 3.5, 8),
  ('31014000-0000-0000-0000-000000000001', 'S1', 2.8, 13),
  ('31014000-0000-0000-0000-000000000001', 'S2', 2.6, 14),
  ('31014000-0000-0000-0000-000000000001', 'S3', 3.1, 11),
  ('31014000-0000-0000-0000-000000000001', 'S4', 3.6, 6)
ON CONFLICT DO NOTHING;

-- RIASEC: C=(4.5+4.3+4.0)/3=4.27, R=(4.2+3.8+3.5)/3=3.83, I=(3.5+3.3+3.0+3.2)/4=3.25, S=(2.8+2.6+3.1+3.6)/4=3.03, E=(2.5+2.3+2.2)/3=2.33, A=(2.0+1.8+1.5)/3=1.77
INSERT INTO career_riasec_scores (session_id, riasec_type, score, rank) VALUES
  ('31014000-0000-0000-0000-000000000001', 'C', 4.27, 1),
  ('31014000-0000-0000-0000-000000000001', 'R', 3.83, 2),
  ('31014000-0000-0000-0000-000000000001', 'I', 3.25, 3),
  ('31014000-0000-0000-0000-000000000001', 'S', 3.03, 4),
  ('31014000-0000-0000-0000-000000000001', 'E', 2.33, 5),
  ('31014000-0000-0000-0000-000000000001', 'A', 1.77, 6)
ON CONFLICT DO NOTHING;

UPDATE users SET ci_vector = '[2.0,1.8,1.5,4.5,4.3,4.0,2.5,2.3,2.2,3.5,3.3,3.0,3.2,4.2,3.8,3.5,2.8,2.6,3.1,3.6]'
WHERE id = '10000000-0000-0000-0000-000000000014';

-- ユーザー21: 本田咲 — E(企業)寄り、次いでS(社会)
INSERT INTO career_interest_sessions (id, user_id)
VALUES ('31015000-0000-0000-0000-000000000001', '10000000-0000-0000-0000-000000000015')
ON CONFLICT DO NOTHING;

INSERT INTO career_interest_scores (session_id, basic_interest_id, score, rank) VALUES
  ('31015000-0000-0000-0000-000000000001', 'A1', 3.0, 10),
  ('31015000-0000-0000-0000-000000000001', 'A2', 2.7, 14),
  ('31015000-0000-0000-0000-000000000001', 'A3', 3.2, 9),
  ('31015000-0000-0000-0000-000000000001', 'C1', 2.5, 15),
  ('31015000-0000-0000-0000-000000000001', 'C2', 2.3, 17),
  ('31015000-0000-0000-0000-000000000001', 'C3', 2.1, 19),
  ('31015000-0000-0000-0000-000000000001', 'E1', 4.5, 1),
  ('31015000-0000-0000-0000-000000000001', 'E2', 4.3, 2),
  ('31015000-0000-0000-0000-000000000001', 'E3', 4.0, 4),
  ('31015000-0000-0000-0000-000000000001', 'I1', 2.6, 13),
  ('31015000-0000-0000-0000-000000000001', 'I2', 2.4, 16),
  ('31015000-0000-0000-0000-000000000001', 'I3', 2.2, 18),
  ('31015000-0000-0000-0000-000000000001', 'I4', 1.9, 20),
  ('31015000-0000-0000-0000-000000000001', 'R1', 2.9, 11),
  ('31015000-0000-0000-0000-000000000001', 'R2', 3.3, 8),
  ('31015000-0000-0000-0000-000000000001', 'R3', 2.8, 12),
  ('31015000-0000-0000-0000-000000000001', 'S1', 4.2, 3),
  ('31015000-0000-0000-0000-000000000001', 'S2', 3.8, 5),
  ('31015000-0000-0000-0000-000000000001', 'S3', 3.5, 7),
  ('31015000-0000-0000-0000-000000000001', 'S4', 3.6, 6)
ON CONFLICT DO NOTHING;

-- RIASEC: E=(4.5+4.3+4.0)/3=4.27, S=(4.2+3.8+3.5+3.6)/4=3.78, R=(2.9+3.3+2.8)/3=3.00, A=(3.0+2.7+3.2)/3=2.97, C=(2.5+2.3+2.1)/3=2.30, I=(2.6+2.4+2.2+1.9)/4=2.28
INSERT INTO career_riasec_scores (session_id, riasec_type, score, rank) VALUES
  ('31015000-0000-0000-0000-000000000001', 'E', 4.27, 1),
  ('31015000-0000-0000-0000-000000000001', 'S', 3.78, 2),
  ('31015000-0000-0000-0000-000000000001', 'R', 3.00, 3),
  ('31015000-0000-0000-0000-000000000001', 'A', 2.97, 4),
  ('31015000-0000-0000-0000-000000000001', 'C', 2.30, 5),
  ('31015000-0000-0000-0000-000000000001', 'I', 2.28, 6)
ON CONFLICT DO NOTHING;

UPDATE users SET ci_vector = '[3.0,2.7,3.2,2.5,2.3,2.1,4.5,4.3,4.0,2.6,2.4,2.2,1.9,2.9,3.3,2.8,4.2,3.8,3.5,3.6]'
WHERE id = '10000000-0000-0000-0000-000000000015';

-- ユーザー22: 松田涼太 — R(現実)寄り、次いでC(慣習)
INSERT INTO career_interest_sessions (id, user_id)
VALUES ('31016000-0000-0000-0000-000000000001', '10000000-0000-0000-0000-000000000016')
ON CONFLICT DO NOTHING;

INSERT INTO career_interest_scores (session_id, basic_interest_id, score, rank) VALUES
  ('31016000-0000-0000-0000-000000000001', 'A1', 1.8, 19),
  ('31016000-0000-0000-0000-000000000001', 'A2', 1.5, 20),
  ('31016000-0000-0000-0000-000000000001', 'A3', 2.0, 18),
  ('31016000-0000-0000-0000-000000000001', 'C1', 3.8, 5),
  ('31016000-0000-0000-0000-000000000001', 'C2', 3.6, 7),
  ('31016000-0000-0000-0000-000000000001', 'C3', 3.5, 8),
  ('31016000-0000-0000-0000-000000000001', 'E1', 2.5, 15),
  ('31016000-0000-0000-0000-000000000001', 'E2', 2.3, 16),
  ('31016000-0000-0000-0000-000000000001', 'E3', 2.2, 17),
  ('31016000-0000-0000-0000-000000000001', 'I1', 3.5, 9),
  ('31016000-0000-0000-0000-000000000001', 'I2', 3.3, 10),
  ('31016000-0000-0000-0000-000000000001', 'I3', 3.0, 12),
  ('31016000-0000-0000-0000-000000000001', 'I4', 3.2, 11),
  ('31016000-0000-0000-0000-000000000001', 'R1', 4.8, 1),
  ('31016000-0000-0000-0000-000000000001', 'R2', 4.5, 2),
  ('31016000-0000-0000-0000-000000000001', 'R3', 4.3, 3),
  ('31016000-0000-0000-0000-000000000001', 'S1', 2.8, 13),
  ('31016000-0000-0000-0000-000000000001', 'S2', 2.6, 14),
  ('31016000-0000-0000-0000-000000000001', 'S3', 3.8, 6),
  ('31016000-0000-0000-0000-000000000001', 'S4', 4.0, 4)
ON CONFLICT DO NOTHING;

-- RIASEC: R=(4.8+4.5+4.3)/3=4.53, C=(3.8+3.6+3.5)/3=3.63, S=(2.8+2.6+3.8+4.0)/4=3.30, I=(3.5+3.3+3.0+3.2)/4=3.25, E=(2.5+2.3+2.2)/3=2.33, A=(1.8+1.5+2.0)/3=1.77
INSERT INTO career_riasec_scores (session_id, riasec_type, score, rank) VALUES
  ('31016000-0000-0000-0000-000000000001', 'R', 4.53, 1),
  ('31016000-0000-0000-0000-000000000001', 'C', 3.63, 2),
  ('31016000-0000-0000-0000-000000000001', 'S', 3.30, 3),
  ('31016000-0000-0000-0000-000000000001', 'I', 3.25, 4),
  ('31016000-0000-0000-0000-000000000001', 'E', 2.33, 5),
  ('31016000-0000-0000-0000-000000000001', 'A', 1.77, 6)
ON CONFLICT DO NOTHING;

UPDATE users SET ci_vector = '[1.8,1.5,2.0,3.8,3.6,3.5,2.5,2.3,2.2,3.5,3.3,3.0,3.2,4.8,4.5,4.3,2.8,2.6,3.8,4.0]'
WHERE id = '10000000-0000-0000-0000-000000000016';

-- ユーザー23: 青木遥 — S(社会)寄り、次いでE(企業)
INSERT INTO career_interest_sessions (id, user_id)
VALUES ('31017000-0000-0000-0000-000000000001', '10000000-0000-0000-0000-000000000017')
ON CONFLICT DO NOTHING;

INSERT INTO career_interest_scores (session_id, basic_interest_id, score, rank) VALUES
  ('31017000-0000-0000-0000-000000000001', 'A1', 2.8, 12),
  ('31017000-0000-0000-0000-000000000001', 'A2', 2.5, 14),
  ('31017000-0000-0000-0000-000000000001', 'A3', 2.3, 17),
  ('31017000-0000-0000-0000-000000000001', 'C1', 3.0, 11),
  ('31017000-0000-0000-0000-000000000001', 'C2', 2.8, 13),
  ('31017000-0000-0000-0000-000000000001', 'C3', 2.5, 15),
  ('31017000-0000-0000-0000-000000000001', 'E1', 4.0, 4),
  ('31017000-0000-0000-0000-000000000001', 'E2', 3.8, 5),
  ('31017000-0000-0000-0000-000000000001', 'E3', 3.5, 8),
  ('31017000-0000-0000-0000-000000000001', 'I1', 2.2, 18),
  ('31017000-0000-0000-0000-000000000001', 'I2', 2.0, 19),
  ('31017000-0000-0000-0000-000000000001', 'I3', 1.8, 20),
  ('31017000-0000-0000-0000-000000000001', 'I4', 3.2, 10),
  ('31017000-0000-0000-0000-000000000001', 'R1', 3.3, 9),
  ('31017000-0000-0000-0000-000000000001', 'R2', 2.4, 16),
  ('31017000-0000-0000-0000-000000000001', 'R3', 3.5, 7),
  ('31017000-0000-0000-0000-000000000001', 'S1', 4.5, 1),
  ('31017000-0000-0000-0000-000000000001', 'S2', 4.3, 2),
  ('31017000-0000-0000-0000-000000000001', 'S3', 4.2, 3),
  ('31017000-0000-0000-0000-000000000001', 'S4', 3.6, 6)
ON CONFLICT DO NOTHING;

-- RIASEC: S=(4.5+4.3+4.2+3.6)/4=4.15, E=(4.0+3.8+3.5)/3=3.77, R=(3.3+2.4+3.5)/3=3.07, C=(3.0+2.8+2.5)/3=2.77, A=(2.8+2.5+2.3)/3=2.53, I=(2.2+2.0+1.8+3.2)/4=2.30
INSERT INTO career_riasec_scores (session_id, riasec_type, score, rank) VALUES
  ('31017000-0000-0000-0000-000000000001', 'S', 4.15, 1),
  ('31017000-0000-0000-0000-000000000001', 'E', 3.77, 2),
  ('31017000-0000-0000-0000-000000000001', 'R', 3.07, 3),
  ('31017000-0000-0000-0000-000000000001', 'C', 2.77, 4),
  ('31017000-0000-0000-0000-000000000001', 'A', 2.53, 5),
  ('31017000-0000-0000-0000-000000000001', 'I', 2.30, 6)
ON CONFLICT DO NOTHING;

UPDATE users SET ci_vector = '[2.8,2.5,2.3,3.0,2.8,2.5,4.0,3.8,3.5,2.2,2.0,1.8,3.2,3.3,2.4,3.5,4.5,4.3,4.2,3.6]'
WHERE id = '10000000-0000-0000-0000-000000000017';


-- seed_users_1c.sql: 候補者ユーザー24〜33（10名）
-- Usage: psql -h localhost -U user -d inselfy -f /tmp/seed_users_1c.sql


-- ============================================================
-- 候補者ユーザー24〜33（10名）
-- ============================================================
INSERT INTO users (id, line_id, auth_type, username, display_name, email, name, is_public, profile_color, headline, location, about, industry, job_type, job_seeking_status)
VALUES
  ('10000000-0000-0000-0000-000000000018', 'line_seed_024', 'line', 'yuki_morita2', '森田悠希', 'yuki.morita@example.com', '森田悠希', true, '#4A9E8F',
   'SREエンジニア', '東京都', 'クラウドインフラの設計・運用を専門とし、大規模サービスの信頼性向上に取り組んでいます。Kubernetes と Terraform によるインフラ自動化が得意です。', 'IT・通信', 'フルタイム', 'active'),
  ('10000000-0000-0000-0000-000000000019', 'line_seed_025', 'line', 'mio_nakamura', '中村澪', 'mio.nakamura@example.com', '中村澪', true, '#D47FA6',
   'UXリサーチャー', '京都府', 'ユーザーリサーチの設計から分析までを一貫して担当しています。定性調査と定量分析を組み合わせたインサイト抽出を得意としています。', 'IT・通信', 'フルタイム', 'open'),
  ('10000000-0000-0000-0000-00000000001a', 'line_seed_026', 'line', 'kenji_ogawa2', '小川健二', 'kenji.ogawa@example.com', '小川健二', true, '#7B8EC9',
   'データエンジニア', '愛知県', 'ビッグデータ基盤の構築と運用を担当しています。Apache Spark や dbt を使ったデータパイプラインの設計・最適化に6年の経験があります。', 'IT・通信', 'フルタイム', 'active'),
  ('10000000-0000-0000-0000-00000000001b', 'line_seed_027', 'line', 'sakura_ito', '伊藤さくら', 'sakura.ito@example.com', '伊藤さくら', true, '#E8A87C',
   'カスタマーサクセスマネージャー', '大阪府', 'BtoB SaaS のカスタマーサクセス部門で、オンボーディング設計からチャーン防止施策まで幅広く担当。顧客のビジネス成果にコミットする姿勢を大切にしています。', 'IT・通信', 'フルタイム', 'open'),
  ('10000000-0000-0000-0000-00000000001c', 'line_seed_028', 'line', 'takeru_honda', '本田武', 'takeru.honda@example.com', '本田武', true, '#5C9E5C',
   '組み込みエンジニア', '静岡県', 'IoT デバイスのファームウェア開発を担当しています。C/C++ によるリアルタイム制御と通信プロトコル実装の経験が豊富です。', '製造業', 'フルタイム', 'active'),
  ('10000000-0000-0000-0000-00000000001d', 'line_seed_029', 'line', 'ayaka_shimizu2', '清水彩花', 'ayaka.shimizu@example.com', '清水彩花', true, '#C47EC4',
   'マーケティングストラテジスト', '福岡県', 'デジタルマーケティング戦略の立案と実行を担当。SEO・コンテンツマーケティング・広告運用を横断的にマネジメントし、リード獲得の最大化に貢献しています。', 'IT・通信', 'フルタイム', 'not_seeking'),
  ('10000000-0000-0000-0000-00000000001e', 'line_seed_030', 'line', 'ryota_matsuda2', '松田良太', 'ryota.matsuda@example.com', '松田良太', true, '#8B6B3D',
   '機械学習エンジニア', '北海道', 'レコメンドシステムや自然言語処理モデルの開発・運用を担当しています。PyTorch と MLflow を使った MLOps の構築にも取り組んでいます。', 'IT・通信', 'フルタイム', 'active'),
  ('10000000-0000-0000-0000-00000000001f', 'line_seed_031', 'line', 'hana_yoshida', '吉田花', 'hana.yoshida@example.com', '吉田花', true, '#6BAED6',
   '法務・コンプライアンス担当', '東京都', 'IT企業で契約審査や個人情報保護法対応を担当しています。事業部門と連携しながらリスクを最小化する実務的な法務支援を心がけています。', 'IT・通信', 'フルタイム', 'open'),
  ('10000000-0000-0000-0000-000000000020', 'line_seed_032', 'line', 'sho_aoki', '青木翔', 'sho.aoki@example.com', '青木翔', true, '#D6856B',
   'モバイルエンジニア', '神奈川県', 'iOS / Android のネイティブアプリ開発に7年従事。SwiftとKotlinを中心に、UI設計からパフォーマンス最適化まで一貫して手がけています。', 'IT・通信', 'フルタイム', 'active'),
  ('10000000-0000-0000-0000-000000000021', 'line_seed_033', 'line', 'rina_takahashi', '高橋里奈', 'rina.takahashi@example.com', '高橋里奈', true, '#9E7BB5',
   '人事企画・組織開発', '広島県', '採用戦略の設計から組織開発施策の推進まで、人事領域を幅広く担当しています。エンゲージメントサーベイの導入・分析を通じた組織改善が得意です。', '人材・教育', 'フルタイム', 'open')
ON CONFLICT (line_id) DO NOTHING;

-- ============================================================
-- 職歴
-- ============================================================
DELETE FROM experiences WHERE user_id IN (
  '10000000-0000-0000-0000-000000000018',
  '10000000-0000-0000-0000-000000000019',
  '10000000-0000-0000-0000-00000000001a',
  '10000000-0000-0000-0000-00000000001b',
  '10000000-0000-0000-0000-00000000001c',
  '10000000-0000-0000-0000-00000000001d',
  '10000000-0000-0000-0000-00000000001e',
  '10000000-0000-0000-0000-00000000001f',
  '10000000-0000-0000-0000-000000000020',
  '10000000-0000-0000-0000-000000000021'
);
INSERT INTO experiences (id, user_id, company_name, title, start_year, start_month, end_year, end_month, is_current, description)
VALUES
  -- ユーザー24: 森田悠希（SRE）
  ('e0018000-0000-0000-0000-000000000001', '10000000-0000-0000-0000-000000000018', '株式会社クラウドベース', 'SREエンジニア', 2021, 7, NULL, NULL, true,
   'KubernetesクラスタとTerraformによるインフラ管理を担当。SLO/SLIの策定と監視基盤の構築を主導し、サービス可用性を99.95%まで向上させた。'),
  ('e0018000-0000-0000-0000-000000000002', '10000000-0000-0000-0000-000000000018', '株式会社ネクストウェブ', 'インフラエンジニア', 2018, 4, 2021, 6, false,
   'AWS上でのWebサービス運用を担当。CI/CDパイプラインの構築やコスト最適化に取り組み、インフラコストを年間30%削減した。'),
  -- ユーザー25: 中村澪（UXリサーチャー）
  ('e0019000-0000-0000-0000-000000000001', '10000000-0000-0000-0000-000000000019', '株式会社ユーザーファースト', 'シニアUXリサーチャー', 2022, 1, NULL, NULL, true,
   'BtoB SaaSプロダクトのユーザビリティ調査とペルソナ設計を担当。インタビュー設計から分析レポート作成まで一貫して手がけている。'),
  -- ユーザー26: 小川健二（データエンジニア）
  ('e001a000-0000-0000-0000-000000000001', '10000000-0000-0000-0000-00000000001a', 'データフロー株式会社', 'シニアデータエンジニア', 2021, 4, NULL, NULL, true,
   'Apache SparkとdbtによるETLパイプラインの設計・構築を主導。リアルタイムデータ処理基盤を構築し、分析チームのクエリ応答時間を80%短縮した。'),
  ('e001a000-0000-0000-0000-000000000002', '10000000-0000-0000-0000-00000000001a', '株式会社アナリティクスワン', 'データエンジニア', 2017, 10, 2021, 3, false,
   'データウェアハウスの設計と運用を担当。BigQueryを中心としたデータ基盤を構築し、社内のデータ民主化を推進した。'),
  -- ユーザー27: 伊藤さくら（カスタマーサクセス）
  ('e001b000-0000-0000-0000-000000000001', '10000000-0000-0000-0000-00000000001b', '株式会社サクセスパートナー', 'カスタマーサクセスマネージャー', 2020, 9, NULL, NULL, true,
   'エンタープライズ顧客20社を担当し、オンボーディングからリテンション施策までを推進。NPS 15ポイント改善、チャーンレート30%削減を達成した。'),
  ('e001b000-0000-0000-0000-000000000002', '10000000-0000-0000-0000-00000000001b', '株式会社ウェブマーケット', 'カスタマーサポート', 2018, 4, 2020, 8, false,
   'SaaS製品のテクニカルサポートを担当。問い合わせ対応フローの改善に取り組み、平均解決時間を40%短縮した。'),
  -- ユーザー28: 本田武（組み込みエンジニア）
  ('e001c000-0000-0000-0000-000000000001', '10000000-0000-0000-0000-00000000001c', '浜松精機株式会社', '組み込みソフトウェアエンジニア', 2019, 4, NULL, NULL, true,
   'IoTセンサーデバイスのファームウェア開発を担当。RTOS上でのリアルタイム通信制御とBLE通信プロトコルの実装を主導している。'),
  -- ユーザー29: 清水彩花（マーケティング）
  ('e001d000-0000-0000-0000-000000000001', '10000000-0000-0000-0000-00000000001d', '株式会社マーケティングプラス', 'マーケティングマネージャー', 2021, 1, NULL, NULL, true,
   'BtoB SaaSのデジタルマーケティング戦略を統括。コンテンツマーケティングとSEO施策により、オーガニック流入を前年比150%に成長させた。'),
  ('e001d000-0000-0000-0000-000000000002', '10000000-0000-0000-0000-00000000001d', '株式会社アドテック', 'マーケティングプランナー', 2017, 4, 2020, 12, false,
   'リスティング広告とSNS広告の運用を担当。月間広告予算1,000万円の最適化を行い、CPA30%削減を実現した。'),
  -- ユーザー30: 松田良太（機械学習エンジニア）
  ('e001e000-0000-0000-0000-000000000001', '10000000-0000-0000-0000-00000000001e', 'AIラボ株式会社', '機械学習エンジニア', 2020, 7, NULL, NULL, true,
   'レコメンドエンジンと自然言語処理モデルの開発を担当。PyTorchによるモデル構築からMLflowを使った実験管理、本番環境へのデプロイまで一貫して手がけている。'),
  ('e001e000-0000-0000-0000-000000000002', '10000000-0000-0000-0000-00000000001e', '株式会社データサイエンス研究所', 'データサイエンティスト', 2017, 4, 2020, 6, false,
   '需要予測モデルの開発と運用を担当。時系列分析手法を活用し、在庫最適化に貢献した。'),
  -- ユーザー31: 吉田花（法務）
  ('e001f000-0000-0000-0000-000000000001', '10000000-0000-0000-0000-00000000001f', '株式会社リーガルテック', '法務担当', 2021, 4, NULL, NULL, true,
   '契約審査、個人情報保護法対応、利用規約の策定を担当。ISMS認証取得プロジェクトではリーダーを務め、社内の情報セキュリティ体制を整備した。'),
  -- ユーザー32: 青木翔（モバイルエンジニア）
  ('e0020000-0000-0000-0000-000000000001', '10000000-0000-0000-0000-000000000020', '株式会社アプリクラフト', 'リードモバイルエンジニア', 2021, 10, NULL, NULL, true,
   'iOS / Androidアプリの設計と開発をリード。SwiftUIとJetpack Composeを活用したモダンなUIアーキテクチャの導入を主導している。'),
  ('e0020000-0000-0000-0000-000000000002', '10000000-0000-0000-0000-000000000020', '株式会社モバイルワークス', 'モバイルエンジニア', 2017, 4, 2021, 9, false,
   'EC系iOSアプリの開発に従事。決済機能の実装やプッシュ通知基盤の構築を担当した。'),
  -- ユーザー33: 高橋里奈（人事企画）
  ('e0021000-0000-0000-0000-000000000001', '10000000-0000-0000-0000-000000000021', '株式会社ピープルフォース', '人事企画マネージャー', 2020, 4, NULL, NULL, true,
   '採用戦略の設計から組織開発施策の企画・推進を担当。エンゲージメントサーベイの導入・分析を通じてエンゲージメントスコアを20ポイント向上させた。'),
  ('e0021000-0000-0000-0000-000000000002', '10000000-0000-0000-0000-000000000021', '株式会社HRコンサルティング', '人事コンサルタント', 2016, 4, 2020, 3, false,
   '中小企業向けの人事制度設計・評価制度構築コンサルティングに従事。年間15社のプロジェクトを担当した。');

-- ============================================================
-- 学歴
-- ============================================================
DELETE FROM educations WHERE user_id IN (
  '10000000-0000-0000-0000-000000000018',
  '10000000-0000-0000-0000-000000000019',
  '10000000-0000-0000-0000-00000000001a',
  '10000000-0000-0000-0000-00000000001b',
  '10000000-0000-0000-0000-00000000001c',
  '10000000-0000-0000-0000-00000000001d',
  '10000000-0000-0000-0000-00000000001e',
  '10000000-0000-0000-0000-00000000001f',
  '10000000-0000-0000-0000-000000000020',
  '10000000-0000-0000-0000-000000000021'
);
INSERT INTO educations (id, user_id, school, degree, start_year, end_year)
VALUES
  ('f0018000-0000-0000-0000-000000000001', '10000000-0000-0000-0000-000000000018', '筑波大学', '情報科学類', 2014, 2018),
  ('f0019000-0000-0000-0000-000000000001', '10000000-0000-0000-0000-000000000019', '同志社大学', '心理学部', 2016, 2020),
  ('f001a000-0000-0000-0000-000000000001', '10000000-0000-0000-0000-00000000001a', '名古屋大学', '情報学部', 2013, 2017),
  ('f001b000-0000-0000-0000-000000000001', '10000000-0000-0000-0000-00000000001b', '関西学院大学', '商学部', 2014, 2018),
  ('f001c000-0000-0000-0000-000000000001', '10000000-0000-0000-0000-00000000001c', '静岡大学', '工学部電子工学科', 2015, 2019),
  ('f001d000-0000-0000-0000-000000000001', '10000000-0000-0000-0000-00000000001d', '九州大学', '経済学部', 2013, 2017),
  ('f001e000-0000-0000-0000-000000000001', '10000000-0000-0000-0000-00000000001e', '北海道大学', '理学部数学科', 2013, 2017),
  ('f001f000-0000-0000-0000-000000000001', '10000000-0000-0000-0000-00000000001f', '中央大学', '法学部', 2015, 2019),
  ('f0020000-0000-0000-0000-000000000001', '10000000-0000-0000-0000-000000000020', '横浜国立大学', '理工学部情報工学科', 2013, 2017),
  ('f0021000-0000-0000-0000-000000000001', '10000000-0000-0000-0000-000000000021', '広島大学', '教育学部', 2012, 2016);

-- ============================================================
-- スキル（新規スキルのみ追加）
-- ============================================================
INSERT INTO skills (id, name) VALUES
  ('20000000-0000-0000-0000-000000000050', 'Kubernetes'),
  ('20000000-0000-0000-0000-000000000051', 'Terraform'),
  ('20000000-0000-0000-0000-000000000052', 'ユーザーリサーチ'),
  ('20000000-0000-0000-0000-000000000053', 'Apache Spark'),
  ('20000000-0000-0000-0000-000000000054', 'dbt'),
  ('20000000-0000-0000-0000-000000000055', 'C/C++'),
  ('20000000-0000-0000-0000-000000000056', 'RTOS'),
  ('20000000-0000-0000-0000-000000000057', 'SEO'),
  ('20000000-0000-0000-0000-000000000058', 'コンテンツマーケティング'),
  ('20000000-0000-0000-0000-000000000059', 'PyTorch'),
  ('20000000-0000-0000-0000-000000000060', 'MLflow'),
  ('20000000-0000-0000-0000-000000000061', '契約審査'),
  ('20000000-0000-0000-0000-000000000062', '個人情報保護'),
  ('20000000-0000-0000-0000-000000000063', 'Swift'),
  ('20000000-0000-0000-0000-000000000064', 'Kotlin'),
  ('20000000-0000-0000-0000-000000000065', '組織開発'),
  ('20000000-0000-0000-0000-000000000066', '採用戦略')
ON CONFLICT (name) DO NOTHING;


-- ============================================================
-- Work Values 診断データ
-- ============================================================

-- ユーザー24: 森田悠希（SRE）- 自律性・技術力重視、権威・地位無関心
INSERT INTO work_values_sessions (id, user_id, circular_triads, consistency_coefficient, consistency_level, purpose)
VALUES ('30018000-0000-0000-0000-000000000001', '10000000-0000-0000-0000-000000000018', 30, 0.922, 'high', 'general')
ON CONFLICT DO NOTHING;

INSERT INTO work_needs_scores (session_id, need_id, mu, se, display_score, rank) VALUES
  ('30018000-0000-0000-0000-000000000001', 1,  1.9, 0.33, 87.0,  2),  -- ability_utilization
  ('30018000-0000-0000-0000-000000000001', 2,  1.2, 0.31, 76.9,  5),  -- achievement
  ('30018000-0000-0000-0000-000000000001', 3, -0.3, 0.29, 42.6, 12),  -- activity
  ('30018000-0000-0000-0000-000000000001', 4,  0.4, 0.30, 59.9,  8),  -- advancement
  ('30018000-0000-0000-0000-000000000001', 5, -1.8, 0.36, 14.2, 20),  -- authority
  ('30018000-0000-0000-0000-000000000001', 6,  2.2, 0.35, 90.0,  1),  -- autonomy
  ('30018000-0000-0000-0000-000000000001', 7, -0.1, 0.29, 47.5, 11),  -- company_policies
  ('30018000-0000-0000-0000-000000000001', 8,  0.3, 0.30, 57.4,  9),  -- compensation
  ('30018000-0000-0000-0000-000000000001', 9,  0.5, 0.30, 62.2,  7),  -- co_workers
  ('30018000-0000-0000-0000-000000000001', 10, 1.5, 0.32, 81.8,  3),  -- creativity
  ('30018000-0000-0000-0000-000000000001', 11, 1.0, 0.31, 73.1,  6),  -- independence
  ('30018000-0000-0000-0000-000000000001', 12,-0.5, 0.30, 37.8, 14),  -- moral_values
  ('30018000-0000-0000-0000-000000000001', 13,-0.7, 0.31, 33.2, 15),  -- recognition
  ('30018000-0000-0000-0000-000000000001', 14, 1.3, 0.32, 78.6,  4),  -- responsibility
  ('30018000-0000-0000-0000-000000000001', 15,-0.4, 0.30, 40.1, 13),  -- security
  ('30018000-0000-0000-0000-000000000001', 16, 0.1, 0.29, 52.5, 10),  -- social_service
  ('30018000-0000-0000-0000-000000000001', 17,-2.0, 0.37, 11.9, 21),  -- social_status
  ('30018000-0000-0000-0000-000000000001', 18,-0.8, 0.32, 31.0, 16),  -- supervision_hr
  ('30018000-0000-0000-0000-000000000001', 19,-1.0, 0.33, 26.9, 17),  -- supervision_technical
  ('30018000-0000-0000-0000-000000000001', 20,-1.2, 0.34, 23.1, 18),  -- variety
  ('30018000-0000-0000-0000-000000000001', 21,-1.5, 0.35, 18.2, 19)   -- working_conditions
ON CONFLICT DO NOTHING;

INSERT INTO work_values_scores (session_id, value_id, mu, display_score, rank) VALUES
  ('30018000-0000-0000-0000-000000000001', 'autonomy', 1.67, 84.1, 1),
  ('30018000-0000-0000-0000-000000000001', 'achievement', 1.55, 82.5, 2),
  ('30018000-0000-0000-0000-000000000001', 'altruism', 0.03, 50.8, 3),
  ('30018000-0000-0000-0000-000000000001', 'comfort', -0.35, 41.3, 4),
  ('30018000-0000-0000-0000-000000000001', 'safety', -0.63, 34.7, 5),
  ('30018000-0000-0000-0000-000000000001', 'status', -1.02, 26.4, 6)
ON CONFLICT DO NOTHING;

UPDATE users SET wv_vector = '[1.9,1.2,-0.3,0.4,-1.8,2.2,-0.1,0.3,0.5,1.5,1.0,-0.5,-0.7,1.3,-0.4,0.1,-2.0,-0.8,-1.0,-1.2,-1.5]'
WHERE id = '10000000-0000-0000-0000-000000000018';

-- ユーザー25: 中村澪（UXリサーチャー）- 創造性・社会貢献・同僚重視
INSERT INTO work_values_sessions (id, user_id, circular_triads, consistency_coefficient, consistency_level, purpose)
VALUES ('30019000-0000-0000-0000-000000000001', '10000000-0000-0000-0000-000000000019', 38, 0.901, 'high', 'general')
ON CONFLICT DO NOTHING;

INSERT INTO work_needs_scores (session_id, need_id, mu, se, display_score, rank) VALUES
  ('30019000-0000-0000-0000-000000000001', 1,  1.0, 0.31, 73.1,  5),  -- ability_utilization
  ('30019000-0000-0000-0000-000000000001', 2,  0.6, 0.30, 64.6,  8),  -- achievement
  ('30019000-0000-0000-0000-000000000001', 3, -0.4, 0.30, 40.1, 13),  -- activity
  ('30019000-0000-0000-0000-000000000001', 4, -0.6, 0.31, 35.4, 15),  -- advancement
  ('30019000-0000-0000-0000-000000000001', 5, -1.6, 0.35, 16.8, 20),  -- authority
  ('30019000-0000-0000-0000-000000000001', 6,  1.3, 0.32, 78.6,  4),  -- autonomy
  ('30019000-0000-0000-0000-000000000001', 7,  0.0, 0.29, 50.0, 10),  -- company_policies
  ('30019000-0000-0000-0000-000000000001', 8, -0.5, 0.30, 37.8, 14),  -- compensation
  ('30019000-0000-0000-0000-000000000001', 9,  1.7, 0.33, 84.6,  2),  -- co_workers
  ('30019000-0000-0000-0000-000000000001', 10, 2.1, 0.35, 89.1,  1),  -- creativity
  ('30019000-0000-0000-0000-000000000001', 11,-0.2, 0.29, 45.0, 12),  -- independence
  ('30019000-0000-0000-0000-000000000001', 12, 0.8, 0.31, 69.0,  6),  -- moral_values
  ('30019000-0000-0000-0000-000000000001', 13, 0.2, 0.29, 55.0,  9),  -- recognition
  ('30019000-0000-0000-0000-000000000001', 14, 0.7, 0.31, 66.8,  7),  -- responsibility
  ('30019000-0000-0000-0000-000000000001', 15,-0.8, 0.32, 31.0, 16),  -- security
  ('30019000-0000-0000-0000-000000000001', 16, 1.5, 0.33, 81.8,  3),  -- social_service
  ('30019000-0000-0000-0000-000000000001', 17,-1.8, 0.36, 14.2, 21),  -- social_status
  ('30019000-0000-0000-0000-000000000001', 18,-0.1, 0.29, 47.5, 11),  -- supervision_hr
  ('30019000-0000-0000-0000-000000000001', 19,-1.0, 0.33, 26.9, 17),  -- supervision_technical
  ('30019000-0000-0000-0000-000000000001', 20,-1.2, 0.34, 23.1, 18),  -- variety
  ('30019000-0000-0000-0000-000000000001', 21,-1.4, 0.34, 19.8, 19)   -- working_conditions
ON CONFLICT DO NOTHING;

INSERT INTO work_values_scores (session_id, value_id, mu, display_score, rank) VALUES
  ('30019000-0000-0000-0000-000000000001', 'autonomy', 1.37, 79.7, 1),
  ('30019000-0000-0000-0000-000000000001', 'altruism', 1.33, 79.1, 2),
  ('30019000-0000-0000-0000-000000000001', 'achievement', 0.8, 69.0, 3),
  ('30019000-0000-0000-0000-000000000001', 'safety', -0.37, 40.9, 4),
  ('30019000-0000-0000-0000-000000000001', 'comfort', -0.75, 32.1, 5),
  ('30019000-0000-0000-0000-000000000001', 'status', -0.95, 27.9, 6)
ON CONFLICT DO NOTHING;

UPDATE users SET wv_vector = '[1.0,0.6,-0.4,-0.6,-1.6,1.3,0.0,-0.5,1.7,2.1,-0.2,0.8,0.2,0.7,-0.8,1.5,-1.8,-0.1,-1.0,-1.2,-1.4]'
WHERE id = '10000000-0000-0000-0000-000000000019';

-- ユーザー26: 小川健二（データエンジニア）- 能力活用・独立性重視、社会貢献低い
INSERT INTO work_values_sessions (id, user_id, circular_triads, consistency_coefficient, consistency_level, purpose)
VALUES ('3001a000-0000-0000-0000-000000000001', '10000000-0000-0000-0000-00000000001a', 25, 0.935, 'high', 'general')
ON CONFLICT DO NOTHING;

INSERT INTO work_needs_scores (session_id, need_id, mu, se, display_score, rank) VALUES
  ('3001a000-0000-0000-0000-000000000001', 1,  2.3, 0.35, 90.9,  1),  -- ability_utilization
  ('3001a000-0000-0000-0000-000000000001', 2,  1.5, 0.32, 81.8,  3),  -- achievement
  ('3001a000-0000-0000-0000-000000000001', 3,  0.2, 0.29, 55.0, 10),  -- activity
  ('3001a000-0000-0000-0000-000000000001', 4,  0.6, 0.30, 64.6,  7),  -- advancement
  ('3001a000-0000-0000-0000-000000000001', 5, -1.0, 0.33, 26.9, 17),  -- authority
  ('3001a000-0000-0000-0000-000000000001', 6,  1.8, 0.34, 85.8,  2),  -- autonomy
  ('3001a000-0000-0000-0000-000000000001', 7, -0.3, 0.30, 42.6, 13),  -- company_policies
  ('3001a000-0000-0000-0000-000000000001', 8,  0.8, 0.31, 69.0,  5),  -- compensation
  ('3001a000-0000-0000-0000-000000000001', 9,  0.0, 0.29, 50.0, 11),  -- co_workers
  ('3001a000-0000-0000-0000-000000000001', 10, 1.0, 0.31, 73.1,  4),  -- creativity
  ('3001a000-0000-0000-0000-000000000001', 11, 0.7, 0.31, 66.8,  6),  -- independence
  ('3001a000-0000-0000-0000-000000000001', 12,-0.2, 0.29, 45.0, 12),  -- moral_values
  ('3001a000-0000-0000-0000-000000000001', 13,-0.5, 0.30, 37.8, 14),  -- recognition
  ('3001a000-0000-0000-0000-000000000001', 14, 0.5, 0.30, 62.2,  8),  -- responsibility
  ('3001a000-0000-0000-0000-000000000001', 15, 0.3, 0.30, 57.4,  9),  -- security
  ('3001a000-0000-0000-0000-000000000001', 16,-1.5, 0.35, 18.2, 20),  -- social_service
  ('3001a000-0000-0000-0000-000000000001', 17,-1.2, 0.34, 23.1, 18),  -- social_status
  ('3001a000-0000-0000-0000-000000000001', 18,-0.8, 0.32, 31.0, 15),  -- supervision_hr
  ('3001a000-0000-0000-0000-000000000001', 19,-0.6, 0.31, 35.4, 14),  -- supervision_technical
  ('3001a000-0000-0000-0000-000000000001', 20,-1.8, 0.36, 14.2, 21),  -- variety
  ('3001a000-0000-0000-0000-000000000001', 21,-1.3, 0.34, 21.4, 19)   -- working_conditions
ON CONFLICT DO NOTHING;

INSERT INTO work_values_scores (session_id, value_id, mu, display_score, rank) VALUES
  ('3001a000-0000-0000-0000-000000000001', 'achievement', 1.9, 87.0, 1),
  ('3001a000-0000-0000-0000-000000000001', 'autonomy', 1.1, 75.0, 2),
  ('3001a000-0000-0000-0000-000000000001', 'comfort', -0.18, 45.4, 3),
  ('3001a000-0000-0000-0000-000000000001', 'status', -0.53, 37.2, 4),
  ('3001a000-0000-0000-0000-000000000001', 'altruism', -0.57, 36.2, 5),
  ('3001a000-0000-0000-0000-000000000001', 'safety', -0.57, 36.2, 6)
ON CONFLICT DO NOTHING;

UPDATE users SET wv_vector = '[2.3,1.5,0.2,0.6,-1.0,1.8,-0.3,0.8,0.0,1.0,0.7,-0.2,-0.5,0.5,0.3,-1.5,-1.2,-0.8,-0.6,-1.8,-1.3]'
WHERE id = '10000000-0000-0000-0000-00000000001a';

-- ユーザー27: 伊藤さくら（カスタマーサクセス）- 同僚・社会貢献・道徳重視
INSERT INTO work_values_sessions (id, user_id, circular_triads, consistency_coefficient, consistency_level, purpose)
VALUES ('3001b000-0000-0000-0000-000000000001', '10000000-0000-0000-0000-00000000001b', 42, 0.891, 'high', 'general')
ON CONFLICT DO NOTHING;

INSERT INTO work_needs_scores (session_id, need_id, mu, se, display_score, rank) VALUES
  ('3001b000-0000-0000-0000-000000000001', 1,  0.3, 0.30, 57.4, 10),  -- ability_utilization
  ('3001b000-0000-0000-0000-000000000001', 2,  1.0, 0.31, 73.1,  5),  -- achievement
  ('3001b000-0000-0000-0000-000000000001', 3,  0.5, 0.30, 62.2,  8),  -- activity
  ('3001b000-0000-0000-0000-000000000001', 4,  0.2, 0.29, 55.0, 11),  -- advancement
  ('3001b000-0000-0000-0000-000000000001', 5, -1.3, 0.34, 21.4, 18),  -- authority
  ('3001b000-0000-0000-0000-000000000001', 6,  0.4, 0.30, 59.9,  9),  -- autonomy
  ('3001b000-0000-0000-0000-000000000001', 7,  0.6, 0.30, 64.6,  7),  -- company_policies
  ('3001b000-0000-0000-0000-000000000001', 8, -0.4, 0.30, 40.1, 14),  -- compensation
  ('3001b000-0000-0000-0000-000000000001', 9,  2.0, 0.34, 88.1,  1),  -- co_workers
  ('3001b000-0000-0000-0000-000000000001', 10,-0.3, 0.30, 42.6, 13),  -- creativity
  ('3001b000-0000-0000-0000-000000000001', 11,-0.8, 0.32, 31.0, 16),  -- independence
  ('3001b000-0000-0000-0000-000000000001', 12, 1.2, 0.32, 76.9,  4),  -- moral_values
  ('3001b000-0000-0000-0000-000000000001', 13, 0.8, 0.31, 69.0,  6),  -- recognition
  ('3001b000-0000-0000-0000-000000000001', 14, 0.0, 0.29, 50.0, 12),  -- responsibility
  ('3001b000-0000-0000-0000-000000000001', 15,-0.5, 0.30, 37.8, 15),  -- security
  ('3001b000-0000-0000-0000-000000000001', 16, 1.8, 0.34, 85.8,  2),  -- social_service
  ('3001b000-0000-0000-0000-000000000001', 17,-1.5, 0.35, 18.2, 19),  -- social_status
  ('3001b000-0000-0000-0000-000000000001', 18, 1.5, 0.33, 81.8,  3),  -- supervision_hr
  ('3001b000-0000-0000-0000-000000000001', 19,-0.2, 0.29, 45.0, 13),  -- supervision_technical
  ('3001b000-0000-0000-0000-000000000001', 20,-1.0, 0.33, 26.9, 17),  -- variety
  ('3001b000-0000-0000-0000-000000000001', 21,-1.8, 0.36, 14.2, 20)   -- working_conditions
ON CONFLICT DO NOTHING;

INSERT INTO work_values_scores (session_id, value_id, mu, display_score, rank) VALUES
  ('3001b000-0000-0000-0000-000000000001', 'altruism', 1.67, 84.1, 1),
  ('3001b000-0000-0000-0000-000000000001', 'achievement', 0.65, 65.7, 2),
  ('3001b000-0000-0000-0000-000000000001', 'safety', 0.63, 65.3, 3),
  ('3001b000-0000-0000-0000-000000000001', 'autonomy', 0.03, 50.8, 4),
  ('3001b000-0000-0000-0000-000000000001', 'status', -0.45, 38.9, 5),
  ('3001b000-0000-0000-0000-000000000001', 'comfort', -0.67, 33.9, 6)
ON CONFLICT DO NOTHING;

UPDATE users SET wv_vector = '[0.3,1.0,0.5,0.2,-1.3,0.4,0.6,-0.4,2.0,-0.3,-0.8,1.2,0.8,0.0,-0.5,1.8,-1.5,1.5,-0.2,-1.0,-1.8]'
WHERE id = '10000000-0000-0000-0000-00000000001b';

-- ユーザー28: 本田武（組み込みエンジニア）- 能力活用・責任・安定重視
INSERT INTO work_values_sessions (id, user_id, circular_triads, consistency_coefficient, consistency_level, purpose)
VALUES ('3001c000-0000-0000-0000-000000000001', '10000000-0000-0000-0000-00000000001c', 33, 0.914, 'high', 'general')
ON CONFLICT DO NOTHING;

INSERT INTO work_needs_scores (session_id, need_id, mu, se, display_score, rank) VALUES
  ('3001c000-0000-0000-0000-000000000001', 1,  2.0, 0.34, 88.1,  1),  -- ability_utilization
  ('3001c000-0000-0000-0000-000000000001', 2,  1.3, 0.32, 78.6,  4),  -- achievement
  ('3001c000-0000-0000-0000-000000000001', 3,  0.4, 0.30, 59.9,  9),  -- activity
  ('3001c000-0000-0000-0000-000000000001', 4,  0.0, 0.29, 50.0, 11),  -- advancement
  ('3001c000-0000-0000-0000-000000000001', 5, -0.6, 0.31, 35.4, 14),  -- authority
  ('3001c000-0000-0000-0000-000000000001', 6,  1.0, 0.31, 73.1,  5),  -- autonomy
  ('3001c000-0000-0000-0000-000000000001', 7,  0.3, 0.30, 57.4, 10),  -- company_policies
  ('3001c000-0000-0000-0000-000000000001', 8,  0.5, 0.30, 62.2,  8),  -- compensation
  ('3001c000-0000-0000-0000-000000000001', 9, -0.2, 0.29, 45.0, 12),  -- co_workers
  ('3001c000-0000-0000-0000-000000000001', 10, 0.8, 0.31, 69.0,  6),  -- creativity
  ('3001c000-0000-0000-0000-000000000001', 11, 0.6, 0.30, 64.6,  7),  -- independence
  ('3001c000-0000-0000-0000-000000000001', 12,-0.3, 0.30, 42.6, 13),  -- moral_values
  ('3001c000-0000-0000-0000-000000000001', 13,-1.0, 0.33, 26.9, 17),  -- recognition
  ('3001c000-0000-0000-0000-000000000001', 14, 1.5, 0.33, 81.8,  3),  -- responsibility
  ('3001c000-0000-0000-0000-000000000001', 15, 1.7, 0.33, 84.6,  2),  -- security
  ('3001c000-0000-0000-0000-000000000001', 16,-0.8, 0.32, 31.0, 16),  -- social_service
  ('3001c000-0000-0000-0000-000000000001', 17,-1.5, 0.35, 18.2, 19),  -- social_status
  ('3001c000-0000-0000-0000-000000000001', 18,-0.7, 0.31, 33.2, 15),  -- supervision_hr
  ('3001c000-0000-0000-0000-000000000001', 19,-1.2, 0.34, 23.1, 18),  -- supervision_technical
  ('3001c000-0000-0000-0000-000000000001', 20,-1.8, 0.36, 14.2, 20),  -- variety
  ('3001c000-0000-0000-0000-000000000001', 21,-2.0, 0.37, 11.9, 21)   -- working_conditions
ON CONFLICT DO NOTHING;

INSERT INTO work_values_scores (session_id, value_id, mu, display_score, rank) VALUES
  ('3001c000-0000-0000-0000-000000000001', 'achievement', 1.65, 83.9, 1),
  ('3001c000-0000-0000-0000-000000000001', 'autonomy', 1.1, 75.0, 2),
  ('3001c000-0000-0000-0000-000000000001', 'comfort', -0.1, 47.5, 3),
  ('3001c000-0000-0000-0000-000000000001', 'altruism', -0.43, 39.3, 4),
  ('3001c000-0000-0000-0000-000000000001', 'safety', -0.53, 37.0, 5),
  ('3001c000-0000-0000-0000-000000000001', 'status', -0.78, 31.5, 6)
ON CONFLICT DO NOTHING;

UPDATE users SET wv_vector = '[2.0,1.3,0.4,0.0,-0.6,1.0,0.3,0.5,-0.2,0.8,0.6,-0.3,-1.0,1.5,1.7,-0.8,-1.5,-0.7,-1.2,-1.8,-2.0]'
WHERE id = '10000000-0000-0000-0000-00000000001c';

-- ユーザー29: 清水彩花（マーケティング）- 達成・昇進・報酬重視（ビジネス型）
INSERT INTO work_values_sessions (id, user_id, circular_triads, consistency_coefficient, consistency_level, purpose)
VALUES ('3001d000-0000-0000-0000-000000000001', '10000000-0000-0000-0000-00000000001d', 36, 0.906, 'high', 'general')
ON CONFLICT DO NOTHING;

INSERT INTO work_needs_scores (session_id, need_id, mu, se, display_score, rank) VALUES
  ('3001d000-0000-0000-0000-000000000001', 1,  0.8, 0.31, 69.0,  6),  -- ability_utilization
  ('3001d000-0000-0000-0000-000000000001', 2,  2.0, 0.34, 88.1,  1),  -- achievement
  ('3001d000-0000-0000-0000-000000000001', 3,  0.5, 0.30, 62.2,  8),  -- activity
  ('3001d000-0000-0000-0000-000000000001', 4,  1.6, 0.33, 83.2,  2),  -- advancement
  ('3001d000-0000-0000-0000-000000000001', 5,  0.3, 0.30, 57.4,  9),  -- authority
  ('3001d000-0000-0000-0000-000000000001', 6,  0.6, 0.30, 64.6,  7),  -- autonomy
  ('3001d000-0000-0000-0000-000000000001', 7, -0.2, 0.29, 45.0, 12),  -- company_policies
  ('3001d000-0000-0000-0000-000000000001', 8,  1.3, 0.32, 78.6,  4),  -- compensation
  ('3001d000-0000-0000-0000-000000000001', 9,  0.2, 0.29, 55.0, 10),  -- co_workers
  ('3001d000-0000-0000-0000-000000000001', 10,-0.5, 0.30, 37.8, 14),  -- creativity
  ('3001d000-0000-0000-0000-000000000001', 11,-0.3, 0.30, 42.6, 13),  -- independence
  ('3001d000-0000-0000-0000-000000000001', 12, 0.0, 0.29, 50.0, 11),  -- moral_values
  ('3001d000-0000-0000-0000-000000000001', 13, 1.5, 0.33, 81.8,  3),  -- recognition
  ('3001d000-0000-0000-0000-000000000001', 14, 1.0, 0.31, 73.1,  5),  -- responsibility
  ('3001d000-0000-0000-0000-000000000001', 15,-0.8, 0.32, 31.0, 16),  -- security
  ('3001d000-0000-0000-0000-000000000001', 16,-0.6, 0.31, 35.4, 15),  -- social_service
  ('3001d000-0000-0000-0000-000000000001', 17,-1.0, 0.33, 26.9, 17),  -- social_status
  ('3001d000-0000-0000-0000-000000000001', 18,-1.3, 0.34, 21.4, 18),  -- supervision_hr
  ('3001d000-0000-0000-0000-000000000001', 19,-1.5, 0.35, 18.2, 19),  -- supervision_technical
  ('3001d000-0000-0000-0000-000000000001', 20,-1.8, 0.36, 14.2, 20),  -- variety
  ('3001d000-0000-0000-0000-000000000001', 21,-2.0, 0.37, 11.9, 21)   -- working_conditions
ON CONFLICT DO NOTHING;

INSERT INTO work_values_scores (session_id, value_id, mu, display_score, rank) VALUES
  ('3001d000-0000-0000-0000-000000000001', 'achievement', 1.4, 80.2, 1),
  ('3001d000-0000-0000-0000-000000000001', 'status', 0.6, 64.6, 2),
  ('3001d000-0000-0000-0000-000000000001', 'autonomy', 0.37, 59.1, 3),
  ('3001d000-0000-0000-0000-000000000001', 'altruism', -0.13, 46.7, 4),
  ('3001d000-0000-0000-0000-000000000001', 'comfort', -0.52, 37.4, 5),
  ('3001d000-0000-0000-0000-000000000001', 'safety', -1.0, 26.9, 6)
ON CONFLICT DO NOTHING;

UPDATE users SET wv_vector = '[0.8,2.0,0.5,1.6,0.3,0.6,-0.2,1.3,0.2,-0.5,-0.3,0.0,1.5,1.0,-0.8,-0.6,-1.0,-1.3,-1.5,-1.8,-2.0]'
WHERE id = '10000000-0000-0000-0000-00000000001d';

-- ユーザー30: 松田良太（機械学習エンジニア）- 創造性・能力活用・自律性重視、研究者型
INSERT INTO work_values_sessions (id, user_id, circular_triads, consistency_coefficient, consistency_level, purpose)
VALUES ('3001e000-0000-0000-0000-000000000001', '10000000-0000-0000-0000-00000000001e', 22, 0.943, 'high', 'general')
ON CONFLICT DO NOTHING;

INSERT INTO work_needs_scores (session_id, need_id, mu, se, display_score, rank) VALUES
  ('3001e000-0000-0000-0000-000000000001', 1,  2.2, 0.35, 90.0,  2),  -- ability_utilization
  ('3001e000-0000-0000-0000-000000000001', 2,  1.6, 0.33, 83.2,  4),  -- achievement
  ('3001e000-0000-0000-0000-000000000001', 3, -0.6, 0.31, 35.4, 15),  -- activity
  ('3001e000-0000-0000-0000-000000000001', 4,  0.3, 0.30, 57.4,  9),  -- advancement
  ('3001e000-0000-0000-0000-000000000001', 5, -1.5, 0.35, 18.2, 19),  -- authority
  ('3001e000-0000-0000-0000-000000000001', 6,  1.8, 0.34, 85.8,  3),  -- autonomy
  ('3001e000-0000-0000-0000-000000000001', 7, -0.4, 0.30, 40.1, 13),  -- company_policies
  ('3001e000-0000-0000-0000-000000000001', 8,  0.0, 0.29, 50.0, 11),  -- compensation
  ('3001e000-0000-0000-0000-000000000001', 9, -0.3, 0.30, 42.6, 12),  -- co_workers
  ('3001e000-0000-0000-0000-000000000001', 10, 2.5, 0.36, 92.4,  1),  -- creativity
  ('3001e000-0000-0000-0000-000000000001', 11, 1.2, 0.32, 76.9,  5),  -- independence
  ('3001e000-0000-0000-0000-000000000001', 12,-0.1, 0.29, 47.5, 12),  -- moral_values
  ('3001e000-0000-0000-0000-000000000001', 13,-0.5, 0.30, 37.8, 14),  -- recognition
  ('3001e000-0000-0000-0000-000000000001', 14, 0.8, 0.31, 69.0,  6),  -- responsibility
  ('3001e000-0000-0000-0000-000000000001', 15,-0.7, 0.31, 33.2, 16),  -- security
  ('3001e000-0000-0000-0000-000000000001', 16, 0.5, 0.30, 62.2,  8),  -- social_service
  ('3001e000-0000-0000-0000-000000000001', 17,-1.8, 0.36, 14.2, 20),  -- social_status
  ('3001e000-0000-0000-0000-000000000001', 18,-1.0, 0.33, 26.9, 17),  -- supervision_hr
  ('3001e000-0000-0000-0000-000000000001', 19, 0.6, 0.30, 64.6,  7),  -- supervision_technical
  ('3001e000-0000-0000-0000-000000000001', 20, 0.1, 0.29, 52.5, 10),  -- variety
  ('3001e000-0000-0000-0000-000000000001', 21,-2.2, 0.38, 10.0, 21)   -- working_conditions
ON CONFLICT DO NOTHING;

INSERT INTO work_values_scores (session_id, value_id, mu, display_score, rank) VALUES
  ('3001e000-0000-0000-0000-000000000001', 'achievement', 1.9, 87.0, 1),
  ('3001e000-0000-0000-0000-000000000001', 'autonomy', 1.7, 84.6, 2),
  ('3001e000-0000-0000-0000-000000000001', 'altruism', 0.03, 50.8, 3),
  ('3001e000-0000-0000-0000-000000000001', 'safety', -0.27, 43.4, 4),
  ('3001e000-0000-0000-0000-000000000001', 'comfort', -0.37, 40.9, 5),
  ('3001e000-0000-0000-0000-000000000001', 'status', -0.88, 29.4, 6)
ON CONFLICT DO NOTHING;

UPDATE users SET wv_vector = '[2.2,1.6,-0.6,0.3,-1.5,1.8,-0.4,0.0,-0.3,2.5,1.2,-0.1,-0.5,0.8,-0.7,0.5,-1.8,-1.0,0.6,0.1,-2.2]'
WHERE id = '10000000-0000-0000-0000-00000000001e';

-- ユーザー31: 吉田花（法務）- 道徳・安定・会社方針重視、堅実型
INSERT INTO work_values_sessions (id, user_id, circular_triads, consistency_coefficient, consistency_level, purpose)
VALUES ('3001f000-0000-0000-0000-000000000001', '10000000-0000-0000-0000-00000000001f', 40, 0.896, 'high', 'general')
ON CONFLICT DO NOTHING;

INSERT INTO work_needs_scores (session_id, need_id, mu, se, display_score, rank) VALUES
  ('3001f000-0000-0000-0000-000000000001', 1,  0.5, 0.30, 62.2,  8),  -- ability_utilization
  ('3001f000-0000-0000-0000-000000000001', 2,  0.3, 0.30, 57.4, 10),  -- achievement
  ('3001f000-0000-0000-0000-000000000001', 3, -0.5, 0.30, 37.8, 14),  -- activity
  ('3001f000-0000-0000-0000-000000000001', 4, -0.3, 0.30, 42.6, 13),  -- advancement
  ('3001f000-0000-0000-0000-000000000001', 5, -1.2, 0.34, 23.1, 18),  -- authority
  ('3001f000-0000-0000-0000-000000000001', 6,  0.8, 0.31, 69.0,  6),  -- autonomy
  ('3001f000-0000-0000-0000-000000000001', 7,  1.5, 0.33, 81.8,  3),  -- company_policies
  ('3001f000-0000-0000-0000-000000000001', 8,  0.4, 0.30, 59.9,  9),  -- compensation
  ('3001f000-0000-0000-0000-000000000001', 9,  0.6, 0.30, 64.6,  7),  -- co_workers
  ('3001f000-0000-0000-0000-000000000001', 10,-0.8, 0.32, 31.0, 16),  -- creativity
  ('3001f000-0000-0000-0000-000000000001', 11, 0.2, 0.29, 55.0, 11),  -- independence
  ('3001f000-0000-0000-0000-000000000001', 12, 2.0, 0.34, 88.1,  1),  -- moral_values
  ('3001f000-0000-0000-0000-000000000001', 13, 0.0, 0.29, 50.0, 12),  -- recognition
  ('3001f000-0000-0000-0000-000000000001', 14, 1.0, 0.31, 73.1,  5),  -- responsibility
  ('3001f000-0000-0000-0000-000000000001', 15, 1.8, 0.34, 85.8,  2),  -- security
  ('3001f000-0000-0000-0000-000000000001', 16, 1.2, 0.32, 76.9,  4),  -- social_service
  ('3001f000-0000-0000-0000-000000000001', 17,-1.0, 0.33, 26.9, 17),  -- social_status
  ('3001f000-0000-0000-0000-000000000001', 18,-0.6, 0.31, 35.4, 15),  -- supervision_hr
  ('3001f000-0000-0000-0000-000000000001', 19,-0.7, 0.31, 33.2, 16),  -- supervision_technical
  ('3001f000-0000-0000-0000-000000000001', 20,-1.5, 0.35, 18.2, 19),  -- variety
  ('3001f000-0000-0000-0000-000000000001', 21,-1.8, 0.36, 14.2, 20)   -- working_conditions
ON CONFLICT DO NOTHING;

INSERT INTO work_values_scores (session_id, value_id, mu, display_score, rank) VALUES
  ('3001f000-0000-0000-0000-000000000001', 'altruism', 1.27, 78.0, 1),
  ('3001f000-0000-0000-0000-000000000001', 'achievement', 0.4, 59.9, 2),
  ('3001f000-0000-0000-0000-000000000001', 'autonomy', 0.33, 58.3, 3),
  ('3001f000-0000-0000-0000-000000000001', 'safety', 0.07, 51.7, 4),
  ('3001f000-0000-0000-0000-000000000001', 'comfort', -0.23, 44.2, 5),
  ('3001f000-0000-0000-0000-000000000001', 'status', -0.62, 34.9, 6)
ON CONFLICT DO NOTHING;

UPDATE users SET wv_vector = '[0.5,0.3,-0.5,-0.3,-1.2,0.8,1.5,0.4,0.6,-0.8,0.2,2.0,0.0,1.0,1.8,1.2,-1.0,-0.6,-0.7,-1.5,-1.8]'
WHERE id = '10000000-0000-0000-0000-00000000001f';

-- ユーザー32: 青木翔（モバイルエンジニア）- 創造性・自律性・多様性重視
INSERT INTO work_values_sessions (id, user_id, circular_triads, consistency_coefficient, consistency_level, purpose)
VALUES ('30020000-0000-0000-0000-000000000001', '10000000-0000-0000-0000-000000000020', 28, 0.927, 'high', 'general')
ON CONFLICT DO NOTHING;

INSERT INTO work_needs_scores (session_id, need_id, mu, se, display_score, rank) VALUES
  ('30020000-0000-0000-0000-000000000001', 1,  1.5, 0.32, 81.8,  3),  -- ability_utilization
  ('30020000-0000-0000-0000-000000000001', 2,  1.0, 0.31, 73.1,  6),  -- achievement
  ('30020000-0000-0000-0000-000000000001', 3,  0.3, 0.30, 57.4,  9),  -- activity
  ('30020000-0000-0000-0000-000000000001', 4,  0.5, 0.30, 62.2,  8),  -- advancement
  ('30020000-0000-0000-0000-000000000001', 5, -1.5, 0.35, 18.2, 19),  -- authority
  ('30020000-0000-0000-0000-000000000001', 6,  1.8, 0.34, 85.8,  2),  -- autonomy
  ('30020000-0000-0000-0000-000000000001', 7, -0.4, 0.30, 40.1, 14),  -- company_policies
  ('30020000-0000-0000-0000-000000000001', 8,  0.2, 0.29, 55.0, 10),  -- compensation
  ('30020000-0000-0000-0000-000000000001', 9,  0.7, 0.31, 66.8,  7),  -- co_workers
  ('30020000-0000-0000-0000-000000000001', 10, 2.0, 0.34, 88.1,  1),  -- creativity
  ('30020000-0000-0000-0000-000000000001', 11, 0.0, 0.29, 50.0, 11),  -- independence
  ('30020000-0000-0000-0000-000000000001', 12,-0.2, 0.29, 45.0, 12),  -- moral_values
  ('30020000-0000-0000-0000-000000000001', 13,-0.3, 0.30, 42.6, 13),  -- recognition
  ('30020000-0000-0000-0000-000000000001', 14, 1.2, 0.32, 76.9,  4),  -- responsibility
  ('30020000-0000-0000-0000-000000000001', 15,-0.8, 0.32, 31.0, 16),  -- security
  ('30020000-0000-0000-0000-000000000001', 16,-0.5, 0.30, 37.8, 15),  -- social_service
  ('30020000-0000-0000-0000-000000000001', 17,-1.8, 0.36, 14.2, 20),  -- social_status
  ('30020000-0000-0000-0000-000000000001', 18,-0.7, 0.31, 33.2, 17),  -- supervision_hr
  ('30020000-0000-0000-0000-000000000001', 19,-1.0, 0.33, 26.9, 18),  -- supervision_technical
  ('30020000-0000-0000-0000-000000000001', 20, 1.1, 0.32, 75.0,  5),  -- variety
  ('30020000-0000-0000-0000-000000000001', 21,-2.0, 0.37, 11.9, 21)   -- working_conditions
ON CONFLICT DO NOTHING;

INSERT INTO work_values_scores (session_id, value_id, mu, display_score, rank) VALUES
  ('30020000-0000-0000-0000-000000000001', 'autonomy', 1.67, 84.1, 1),
  ('30020000-0000-0000-0000-000000000001', 'achievement', 1.25, 77.7, 2),
  ('30020000-0000-0000-0000-000000000001', 'altruism', -0.0, 50.0, 3),
  ('30020000-0000-0000-0000-000000000001', 'comfort', -0.2, 45.0, 4),
  ('30020000-0000-0000-0000-000000000001', 'safety', -0.7, 33.2, 5),
  ('30020000-0000-0000-0000-000000000001', 'status', -0.78, 31.5, 6)
ON CONFLICT DO NOTHING;

UPDATE users SET wv_vector = '[1.5,1.0,0.3,0.5,-1.5,1.8,-0.4,0.2,0.7,2.0,0.0,-0.2,-0.3,1.2,-0.8,-0.5,-1.8,-0.7,-1.0,1.1,-2.0]'
WHERE id = '10000000-0000-0000-0000-000000000020';

-- ユーザー33: 高橋里奈（人事企画）- 社会貢献・同僚・承認重視
INSERT INTO work_values_sessions (id, user_id, circular_triads, consistency_coefficient, consistency_level, purpose)
VALUES ('30021000-0000-0000-0000-000000000001', '10000000-0000-0000-0000-000000000021', 34, 0.912, 'high', 'general')
ON CONFLICT DO NOTHING;

INSERT INTO work_needs_scores (session_id, need_id, mu, se, display_score, rank) VALUES
  ('30021000-0000-0000-0000-000000000001', 1,  0.4, 0.30, 59.9,  9),  -- ability_utilization
  ('30021000-0000-0000-0000-000000000001', 2,  0.8, 0.31, 69.0,  6),  -- achievement
  ('30021000-0000-0000-0000-000000000001', 3,  0.3, 0.30, 57.4, 10),  -- activity
  ('30021000-0000-0000-0000-000000000001', 4,  0.5, 0.30, 62.2,  8),  -- advancement
  ('30021000-0000-0000-0000-000000000001', 5, -0.8, 0.32, 31.0, 16),  -- authority
  ('30021000-0000-0000-0000-000000000001', 6,  0.0, 0.29, 50.0, 11),  -- autonomy
  ('30021000-0000-0000-0000-000000000001', 7,  0.6, 0.30, 64.6,  7),  -- company_policies
  ('30021000-0000-0000-0000-000000000001', 8, -0.3, 0.30, 42.6, 13),  -- compensation
  ('30021000-0000-0000-0000-000000000001', 9,  1.8, 0.34, 85.8,  2),  -- co_workers
  ('30021000-0000-0000-0000-000000000001', 10,-0.5, 0.30, 37.8, 14),  -- creativity
  ('30021000-0000-0000-0000-000000000001', 11,-0.6, 0.31, 35.4, 15),  -- independence
  ('30021000-0000-0000-0000-000000000001', 12, 1.0, 0.31, 73.1,  5),  -- moral_values
  ('30021000-0000-0000-0000-000000000001', 13, 1.2, 0.32, 76.9,  4),  -- recognition
  ('30021000-0000-0000-0000-000000000001', 14, 0.2, 0.29, 55.0, 12),  -- responsibility
  ('30021000-0000-0000-0000-000000000001', 15,-0.2, 0.29, 45.0, 13),  -- security
  ('30021000-0000-0000-0000-000000000001', 16, 2.0, 0.34, 88.1,  1),  -- social_service
  ('30021000-0000-0000-0000-000000000001', 17,-1.3, 0.34, 21.4, 18),  -- social_status
  ('30021000-0000-0000-0000-000000000001', 18, 1.5, 0.33, 81.8,  3),  -- supervision_hr
  ('30021000-0000-0000-0000-000000000001', 19,-0.4, 0.30, 40.1, 14),  -- supervision_technical
  ('30021000-0000-0000-0000-000000000001', 20,-1.5, 0.35, 18.2, 19),  -- variety
  ('30021000-0000-0000-0000-000000000001', 21,-1.8, 0.36, 14.2, 20)   -- working_conditions
ON CONFLICT DO NOTHING;

INSERT INTO work_values_scores (session_id, value_id, mu, display_score, rank) VALUES
  ('30021000-0000-0000-0000-000000000001', 'altruism', 1.6, 83.2, 1),
  ('30021000-0000-0000-0000-000000000001', 'achievement', 0.6, 64.6, 2),
  ('30021000-0000-0000-0000-000000000001', 'safety', 0.57, 63.8, 3),
  ('30021000-0000-0000-0000-000000000001', 'status', -0.1, 47.5, 4),
  ('30021000-0000-0000-0000-000000000001', 'autonomy', -0.1, 47.5, 5),
  ('30021000-0000-0000-0000-000000000001', 'comfort', -0.68, 33.6, 6)
ON CONFLICT DO NOTHING;

UPDATE users SET wv_vector = '[0.4,0.8,0.3,0.5,-0.8,0.0,0.6,-0.3,1.8,-0.5,-0.6,1.0,1.2,0.2,-0.2,2.0,-1.3,1.5,-0.4,-1.5,-1.8]'
WHERE id = '10000000-0000-0000-0000-000000000021';

-- ============================================================
-- Career Interest 診断データ
-- ============================================================

-- ユーザー24: 森田悠希（SRE）- I(研究)型、R(現実)型高い
-- RIASEC: R=(3.5+3.3+2.8)/3=3.20, I=(4.3+4.0+3.8+3.5)/4=3.90, A=(2.5+2.3+2.0)/3=2.27, S=(2.2+2.0+1.8+1.6)/4=1.90, E=(3.0+2.8+2.5)/3=2.77, C=(2.6+2.4+2.2)/3=2.40
INSERT INTO career_interest_sessions (id, user_id)
VALUES ('31018000-0000-0000-0000-000000000001', '10000000-0000-0000-0000-000000000018')
ON CONFLICT DO NOTHING;

INSERT INTO career_interest_scores (session_id, basic_interest_id, score, rank) VALUES
  ('31018000-0000-0000-0000-000000000001', 'A1', 2.5, 13),
  ('31018000-0000-0000-0000-000000000001', 'A2', 2.3, 15),
  ('31018000-0000-0000-0000-000000000001', 'A3', 2.0, 18),
  ('31018000-0000-0000-0000-000000000001', 'C1', 2.6, 12),
  ('31018000-0000-0000-0000-000000000001', 'C2', 2.4, 14),
  ('31018000-0000-0000-0000-000000000001', 'C3', 2.2, 16),
  ('31018000-0000-0000-0000-000000000001', 'E1', 3.0, 9),
  ('31018000-0000-0000-0000-000000000001', 'E2', 2.8, 10),
  ('31018000-0000-0000-0000-000000000001', 'E3', 2.5, 13),
  ('31018000-0000-0000-0000-000000000001', 'I1', 4.3, 1),
  ('31018000-0000-0000-0000-000000000001', 'I2', 4.0, 2),
  ('31018000-0000-0000-0000-000000000001', 'I3', 3.8, 3),
  ('31018000-0000-0000-0000-000000000001', 'I4', 3.5, 5),
  ('31018000-0000-0000-0000-000000000001', 'R1', 3.5, 4),
  ('31018000-0000-0000-0000-000000000001', 'R2', 3.3, 6),
  ('31018000-0000-0000-0000-000000000001', 'R3', 2.8, 11),
  ('31018000-0000-0000-0000-000000000001', 'S1', 2.2, 17),
  ('31018000-0000-0000-0000-000000000001', 'S2', 2.0, 18),
  ('31018000-0000-0000-0000-000000000001', 'S3', 1.8, 19),
  ('31018000-0000-0000-0000-000000000001', 'S4', 1.6, 20)
ON CONFLICT DO NOTHING;

INSERT INTO career_riasec_scores (session_id, riasec_type, score, rank) VALUES
  ('31018000-0000-0000-0000-000000000001', 'I', 3.90, 1),
  ('31018000-0000-0000-0000-000000000001', 'R', 3.20, 2),
  ('31018000-0000-0000-0000-000000000001', 'E', 2.77, 3),
  ('31018000-0000-0000-0000-000000000001', 'C', 2.40, 4),
  ('31018000-0000-0000-0000-000000000001', 'A', 2.27, 5),
  ('31018000-0000-0000-0000-000000000001', 'S', 1.90, 6)
ON CONFLICT DO NOTHING;

UPDATE users SET ci_vector = '[2.5,2.3,2.0,2.6,2.4,2.2,3.0,2.8,2.5,4.3,4.0,3.8,3.5,3.5,3.3,2.8,2.2,2.0,1.8,1.6]'
WHERE id = '10000000-0000-0000-0000-000000000018';

-- ユーザー25: 中村澪（UXリサーチャー）- A(芸術)型、S(社会)型高い
-- RIASEC: R=(2.0+1.8+1.5)/3=1.77, I=(3.2+3.0+2.8+2.5)/4=2.88, A=(4.5+4.2+3.8)/3=4.17, S=(3.8+3.5+3.3+3.0)/4=3.40, E=(2.5+2.3+2.0)/3=2.27, C=(2.2+2.0+1.8)/3=2.00
INSERT INTO career_interest_sessions (id, user_id)
VALUES ('31019000-0000-0000-0000-000000000001', '10000000-0000-0000-0000-000000000019')
ON CONFLICT DO NOTHING;

INSERT INTO career_interest_scores (session_id, basic_interest_id, score, rank) VALUES
  ('31019000-0000-0000-0000-000000000001', 'A1', 4.5, 1),
  ('31019000-0000-0000-0000-000000000001', 'A2', 4.2, 2),
  ('31019000-0000-0000-0000-000000000001', 'A3', 3.8, 4),
  ('31019000-0000-0000-0000-000000000001', 'C1', 2.2, 16),
  ('31019000-0000-0000-0000-000000000001', 'C2', 2.0, 17),
  ('31019000-0000-0000-0000-000000000001', 'C3', 1.8, 19),
  ('31019000-0000-0000-0000-000000000001', 'E1', 2.5, 14),
  ('31019000-0000-0000-0000-000000000001', 'E2', 2.3, 15),
  ('31019000-0000-0000-0000-000000000001', 'E3', 2.0, 17),
  ('31019000-0000-0000-0000-000000000001', 'I1', 3.2, 8),
  ('31019000-0000-0000-0000-000000000001', 'I2', 3.0, 9),
  ('31019000-0000-0000-0000-000000000001', 'I3', 2.8, 11),
  ('31019000-0000-0000-0000-000000000001', 'I4', 2.5, 13),
  ('31019000-0000-0000-0000-000000000001', 'R1', 2.0, 18),
  ('31019000-0000-0000-0000-000000000001', 'R2', 1.8, 19),
  ('31019000-0000-0000-0000-000000000001', 'R3', 1.5, 20),
  ('31019000-0000-0000-0000-000000000001', 'S1', 3.8, 3),
  ('31019000-0000-0000-0000-000000000001', 'S2', 3.5, 5),
  ('31019000-0000-0000-0000-000000000001', 'S3', 3.3, 6),
  ('31019000-0000-0000-0000-000000000001', 'S4', 3.0, 10)
ON CONFLICT DO NOTHING;

INSERT INTO career_riasec_scores (session_id, riasec_type, score, rank) VALUES
  ('31019000-0000-0000-0000-000000000001', 'A', 4.17, 1),
  ('31019000-0000-0000-0000-000000000001', 'S', 3.40, 2),
  ('31019000-0000-0000-0000-000000000001', 'I', 2.88, 3),
  ('31019000-0000-0000-0000-000000000001', 'E', 2.27, 4),
  ('31019000-0000-0000-0000-000000000001', 'C', 2.00, 5),
  ('31019000-0000-0000-0000-000000000001', 'R', 1.77, 6)
ON CONFLICT DO NOTHING;

UPDATE users SET ci_vector = '[4.5,4.2,3.8,2.2,2.0,1.8,2.5,2.3,2.0,3.2,3.0,2.8,2.5,2.0,1.8,1.5,3.8,3.5,3.3,3.0]'
WHERE id = '10000000-0000-0000-0000-000000000019';

-- ユーザー26: 小川健二（データエンジニア）- I(研究)型、R(現実)型高い
-- RIASEC: R=(3.8+3.5+3.2)/3=3.50, I=(4.5+4.2+4.0+3.7)/4=4.10, A=(2.3+2.0+1.8)/3=2.03, S=(2.0+1.8+1.5+1.3)/4=1.65, E=(2.8+2.5+2.3)/3=2.53, C=(3.0+2.8+2.5)/3=2.77
INSERT INTO career_interest_sessions (id, user_id)
VALUES ('3101a000-0000-0000-0000-000000000001', '10000000-0000-0000-0000-00000000001a')
ON CONFLICT DO NOTHING;

INSERT INTO career_interest_scores (session_id, basic_interest_id, score, rank) VALUES
  ('3101a000-0000-0000-0000-000000000001', 'A1', 2.3, 14),
  ('3101a000-0000-0000-0000-000000000001', 'A2', 2.0, 16),
  ('3101a000-0000-0000-0000-000000000001', 'A3', 1.8, 18),
  ('3101a000-0000-0000-0000-000000000001', 'C1', 3.0, 8),
  ('3101a000-0000-0000-0000-000000000001', 'C2', 2.8, 10),
  ('3101a000-0000-0000-0000-000000000001', 'C3', 2.5, 12),
  ('3101a000-0000-0000-0000-000000000001', 'E1', 2.8, 9),
  ('3101a000-0000-0000-0000-000000000001', 'E2', 2.5, 11),
  ('3101a000-0000-0000-0000-000000000001', 'E3', 2.3, 13),
  ('3101a000-0000-0000-0000-000000000001', 'I1', 4.5, 1),
  ('3101a000-0000-0000-0000-000000000001', 'I2', 4.2, 2),
  ('3101a000-0000-0000-0000-000000000001', 'I3', 4.0, 3),
  ('3101a000-0000-0000-0000-000000000001', 'I4', 3.7, 5),
  ('3101a000-0000-0000-0000-000000000001', 'R1', 3.8, 4),
  ('3101a000-0000-0000-0000-000000000001', 'R2', 3.5, 6),
  ('3101a000-0000-0000-0000-000000000001', 'R3', 3.2, 7),
  ('3101a000-0000-0000-0000-000000000001', 'S1', 2.0, 15),
  ('3101a000-0000-0000-0000-000000000001', 'S2', 1.8, 17),
  ('3101a000-0000-0000-0000-000000000001', 'S3', 1.5, 19),
  ('3101a000-0000-0000-0000-000000000001', 'S4', 1.3, 20)
ON CONFLICT DO NOTHING;

INSERT INTO career_riasec_scores (session_id, riasec_type, score, rank) VALUES
  ('3101a000-0000-0000-0000-000000000001', 'I', 4.10, 1),
  ('3101a000-0000-0000-0000-000000000001', 'R', 3.50, 2),
  ('3101a000-0000-0000-0000-000000000001', 'C', 2.77, 3),
  ('3101a000-0000-0000-0000-000000000001', 'E', 2.53, 4),
  ('3101a000-0000-0000-0000-000000000001', 'A', 2.03, 5),
  ('3101a000-0000-0000-0000-000000000001', 'S', 1.65, 6)
ON CONFLICT DO NOTHING;

UPDATE users SET ci_vector = '[2.3,2.0,1.8,3.0,2.8,2.5,2.8,2.5,2.3,4.5,4.2,4.0,3.7,3.8,3.5,3.2,2.0,1.8,1.5,1.3]'
WHERE id = '10000000-0000-0000-0000-00000000001a';

-- ユーザー27: 伊藤さくら（カスタマーサクセス）- S(社会)型、E(企業)型高い
-- RIASEC: R=(1.8+1.5+1.3)/3=1.53, I=(2.5+2.3+2.0+1.8)/4=2.15, A=(3.0+2.8+2.5)/3=2.77, S=(4.5+4.2+4.0+3.8)/4=4.13, E=(3.8+3.5+3.3)/3=3.53, C=(2.5+2.3+2.0)/3=2.27
INSERT INTO career_interest_sessions (id, user_id)
VALUES ('3101b000-0000-0000-0000-000000000001', '10000000-0000-0000-0000-00000000001b')
ON CONFLICT DO NOTHING;

INSERT INTO career_interest_scores (session_id, basic_interest_id, score, rank) VALUES
  ('3101b000-0000-0000-0000-000000000001', 'A1', 3.0, 10),
  ('3101b000-0000-0000-0000-000000000001', 'A2', 2.8, 11),
  ('3101b000-0000-0000-0000-000000000001', 'A3', 2.5, 13),
  ('3101b000-0000-0000-0000-000000000001', 'C1', 2.5, 14),
  ('3101b000-0000-0000-0000-000000000001', 'C2', 2.3, 15),
  ('3101b000-0000-0000-0000-000000000001', 'C3', 2.0, 17),
  ('3101b000-0000-0000-0000-000000000001', 'E1', 3.8, 4),
  ('3101b000-0000-0000-0000-000000000001', 'E2', 3.5, 6),
  ('3101b000-0000-0000-0000-000000000001', 'E3', 3.3, 8),
  ('3101b000-0000-0000-0000-000000000001', 'I1', 2.5, 12),
  ('3101b000-0000-0000-0000-000000000001', 'I2', 2.3, 16),
  ('3101b000-0000-0000-0000-000000000001', 'I3', 2.0, 18),
  ('3101b000-0000-0000-0000-000000000001', 'I4', 1.8, 19),
  ('3101b000-0000-0000-0000-000000000001', 'R1', 1.8, 20),
  ('3101b000-0000-0000-0000-000000000001', 'R2', 1.5, 20),
  ('3101b000-0000-0000-0000-000000000001', 'R3', 1.3, 20),
  ('3101b000-0000-0000-0000-000000000001', 'S1', 4.5, 1),
  ('3101b000-0000-0000-0000-000000000001', 'S2', 4.2, 2),
  ('3101b000-0000-0000-0000-000000000001', 'S3', 4.0, 3),
  ('3101b000-0000-0000-0000-000000000001', 'S4', 3.8, 5)
ON CONFLICT DO NOTHING;

INSERT INTO career_riasec_scores (session_id, riasec_type, score, rank) VALUES
  ('3101b000-0000-0000-0000-000000000001', 'S', 4.13, 1),
  ('3101b000-0000-0000-0000-000000000001', 'E', 3.53, 2),
  ('3101b000-0000-0000-0000-000000000001', 'A', 2.77, 3),
  ('3101b000-0000-0000-0000-000000000001', 'C', 2.27, 4),
  ('3101b000-0000-0000-0000-000000000001', 'I', 2.15, 5),
  ('3101b000-0000-0000-0000-000000000001', 'R', 1.53, 6)
ON CONFLICT DO NOTHING;

UPDATE users SET ci_vector = '[3.0,2.8,2.5,2.5,2.3,2.0,3.8,3.5,3.3,2.5,2.3,2.0,1.8,1.8,1.5,1.3,4.5,4.2,4.0,3.8]'
WHERE id = '10000000-0000-0000-0000-00000000001b';

-- ユーザー28: 本田武（組み込みエンジニア）- R(現実)型、I(研究)型高い
-- RIASEC: R=(4.5+4.2+4.0)/3=4.23, I=(3.8+3.5+3.3+3.0)/4=3.40, A=(2.0+1.8+1.5)/3=1.77, S=(2.3+2.0+1.8+1.5)/4=1.90, E=(2.5+2.3+2.0)/3=2.27, C=(2.8+2.5+2.3)/3=2.53
INSERT INTO career_interest_sessions (id, user_id)
VALUES ('3101c000-0000-0000-0000-000000000001', '10000000-0000-0000-0000-00000000001c')
ON CONFLICT DO NOTHING;

INSERT INTO career_interest_scores (session_id, basic_interest_id, score, rank) VALUES
  ('3101c000-0000-0000-0000-000000000001', 'A1', 2.0, 15),
  ('3101c000-0000-0000-0000-000000000001', 'A2', 1.8, 17),
  ('3101c000-0000-0000-0000-000000000001', 'A3', 1.5, 19),
  ('3101c000-0000-0000-0000-000000000001', 'C1', 2.8, 10),
  ('3101c000-0000-0000-0000-000000000001', 'C2', 2.5, 12),
  ('3101c000-0000-0000-0000-000000000001', 'C3', 2.3, 14),
  ('3101c000-0000-0000-0000-000000000001', 'E1', 2.5, 13),
  ('3101c000-0000-0000-0000-000000000001', 'E2', 2.3, 14),
  ('3101c000-0000-0000-0000-000000000001', 'E3', 2.0, 16),
  ('3101c000-0000-0000-0000-000000000001', 'I1', 3.8, 4),
  ('3101c000-0000-0000-0000-000000000001', 'I2', 3.5, 5),
  ('3101c000-0000-0000-0000-000000000001', 'I3', 3.3, 7),
  ('3101c000-0000-0000-0000-000000000001', 'I4', 3.0, 9),
  ('3101c000-0000-0000-0000-000000000001', 'R1', 4.5, 1),
  ('3101c000-0000-0000-0000-000000000001', 'R2', 4.2, 2),
  ('3101c000-0000-0000-0000-000000000001', 'R3', 4.0, 3),
  ('3101c000-0000-0000-0000-000000000001', 'S1', 2.3, 14),
  ('3101c000-0000-0000-0000-000000000001', 'S2', 2.0, 16),
  ('3101c000-0000-0000-0000-000000000001', 'S3', 1.8, 18),
  ('3101c000-0000-0000-0000-000000000001', 'S4', 1.5, 20)
ON CONFLICT DO NOTHING;

INSERT INTO career_riasec_scores (session_id, riasec_type, score, rank) VALUES
  ('3101c000-0000-0000-0000-000000000001', 'R', 4.23, 1),
  ('3101c000-0000-0000-0000-000000000001', 'I', 3.40, 2),
  ('3101c000-0000-0000-0000-000000000001', 'C', 2.53, 3),
  ('3101c000-0000-0000-0000-000000000001', 'E', 2.27, 4),
  ('3101c000-0000-0000-0000-000000000001', 'S', 1.90, 5),
  ('3101c000-0000-0000-0000-000000000001', 'A', 1.77, 6)
ON CONFLICT DO NOTHING;

UPDATE users SET ci_vector = '[2.0,1.8,1.5,2.8,2.5,2.3,2.5,2.3,2.0,3.8,3.5,3.3,3.0,4.5,4.2,4.0,2.3,2.0,1.8,1.5]'
WHERE id = '10000000-0000-0000-0000-00000000001c';

-- ユーザー29: 清水彩花（マーケティング）- E(企業)型、A(芸術)型高い
-- RIASEC: R=(2.0+1.8+1.5)/3=1.77, I=(2.8+2.5+2.3+2.0)/4=2.40, A=(3.8+3.5+3.3)/3=3.53, S=(3.0+2.8+2.5+2.3)/4=2.65, E=(4.5+4.2+4.0)/3=4.23, C=(3.0+2.8+2.5)/3=2.77
INSERT INTO career_interest_sessions (id, user_id)
VALUES ('3101d000-0000-0000-0000-000000000001', '10000000-0000-0000-0000-00000000001d')
ON CONFLICT DO NOTHING;

INSERT INTO career_interest_scores (session_id, basic_interest_id, score, rank) VALUES
  ('3101d000-0000-0000-0000-000000000001', 'A1', 3.8, 4),
  ('3101d000-0000-0000-0000-000000000001', 'A2', 3.5, 6),
  ('3101d000-0000-0000-0000-000000000001', 'A3', 3.3, 7),
  ('3101d000-0000-0000-0000-000000000001', 'C1', 3.0, 9),
  ('3101d000-0000-0000-0000-000000000001', 'C2', 2.8, 10),
  ('3101d000-0000-0000-0000-000000000001', 'C3', 2.5, 13),
  ('3101d000-0000-0000-0000-000000000001', 'E1', 4.5, 1),
  ('3101d000-0000-0000-0000-000000000001', 'E2', 4.2, 2),
  ('3101d000-0000-0000-0000-000000000001', 'E3', 4.0, 3),
  ('3101d000-0000-0000-0000-000000000001', 'I1', 2.8, 11),
  ('3101d000-0000-0000-0000-000000000001', 'I2', 2.5, 14),
  ('3101d000-0000-0000-0000-000000000001', 'I3', 2.3, 15),
  ('3101d000-0000-0000-0000-000000000001', 'I4', 2.0, 17),
  ('3101d000-0000-0000-0000-000000000001', 'R1', 2.0, 18),
  ('3101d000-0000-0000-0000-000000000001', 'R2', 1.8, 19),
  ('3101d000-0000-0000-0000-000000000001', 'R3', 1.5, 20),
  ('3101d000-0000-0000-0000-000000000001', 'S1', 3.0, 8),
  ('3101d000-0000-0000-0000-000000000001', 'S2', 2.8, 10),
  ('3101d000-0000-0000-0000-000000000001', 'S3', 2.5, 12),
  ('3101d000-0000-0000-0000-000000000001', 'S4', 2.3, 16)
ON CONFLICT DO NOTHING;

INSERT INTO career_riasec_scores (session_id, riasec_type, score, rank) VALUES
  ('3101d000-0000-0000-0000-000000000001', 'E', 4.23, 1),
  ('3101d000-0000-0000-0000-000000000001', 'A', 3.53, 2),
  ('3101d000-0000-0000-0000-000000000001', 'C', 2.77, 3),
  ('3101d000-0000-0000-0000-000000000001', 'S', 2.65, 4),
  ('3101d000-0000-0000-0000-000000000001', 'I', 2.40, 5),
  ('3101d000-0000-0000-0000-000000000001', 'R', 1.77, 6)
ON CONFLICT DO NOTHING;

UPDATE users SET ci_vector = '[3.8,3.5,3.3,3.0,2.8,2.5,4.5,4.2,4.0,2.8,2.5,2.3,2.0,2.0,1.8,1.5,3.0,2.8,2.5,2.3]'
WHERE id = '10000000-0000-0000-0000-00000000001d';

-- ユーザー30: 松田良太（機械学習エンジニア）- I(研究)型トップ、A(芸術)型高い
-- RIASEC: R=(3.2+3.0+2.8)/3=3.00, I=(4.8+4.5+4.3+4.0)/4=4.40, A=(3.5+3.2+3.0)/3=3.23, S=(2.0+1.8+1.5+1.3)/4=1.65, E=(2.5+2.3+2.0)/3=2.27, C=(2.5+2.3+2.0)/3=2.27
INSERT INTO career_interest_sessions (id, user_id)
VALUES ('3101e000-0000-0000-0000-000000000001', '10000000-0000-0000-0000-00000000001e')
ON CONFLICT DO NOTHING;

INSERT INTO career_interest_scores (session_id, basic_interest_id, score, rank) VALUES
  ('3101e000-0000-0000-0000-000000000001', 'A1', 3.5, 6),
  ('3101e000-0000-0000-0000-000000000001', 'A2', 3.2, 8),
  ('3101e000-0000-0000-0000-000000000001', 'A3', 3.0, 9),
  ('3101e000-0000-0000-0000-000000000001', 'C1', 2.5, 13),
  ('3101e000-0000-0000-0000-000000000001', 'C2', 2.3, 14),
  ('3101e000-0000-0000-0000-000000000001', 'C3', 2.0, 16),
  ('3101e000-0000-0000-0000-000000000001', 'E1', 2.5, 12),
  ('3101e000-0000-0000-0000-000000000001', 'E2', 2.3, 15),
  ('3101e000-0000-0000-0000-000000000001', 'E3', 2.0, 17),
  ('3101e000-0000-0000-0000-000000000001', 'I1', 4.8, 1),
  ('3101e000-0000-0000-0000-000000000001', 'I2', 4.5, 2),
  ('3101e000-0000-0000-0000-000000000001', 'I3', 4.3, 3),
  ('3101e000-0000-0000-0000-000000000001', 'I4', 4.0, 4),
  ('3101e000-0000-0000-0000-000000000001', 'R1', 3.2, 7),
  ('3101e000-0000-0000-0000-000000000001', 'R2', 3.0, 10),
  ('3101e000-0000-0000-0000-000000000001', 'R3', 2.8, 11),
  ('3101e000-0000-0000-0000-000000000001', 'S1', 2.0, 18),
  ('3101e000-0000-0000-0000-000000000001', 'S2', 1.8, 19),
  ('3101e000-0000-0000-0000-000000000001', 'S3', 1.5, 20),
  ('3101e000-0000-0000-0000-000000000001', 'S4', 1.3, 20)
ON CONFLICT DO NOTHING;

INSERT INTO career_riasec_scores (session_id, riasec_type, score, rank) VALUES
  ('3101e000-0000-0000-0000-000000000001', 'I', 4.40, 1),
  ('3101e000-0000-0000-0000-000000000001', 'A', 3.23, 2),
  ('3101e000-0000-0000-0000-000000000001', 'R', 3.00, 3),
  ('3101e000-0000-0000-0000-000000000001', 'E', 2.27, 4),
  ('3101e000-0000-0000-0000-000000000001', 'C', 2.27, 5),
  ('3101e000-0000-0000-0000-000000000001', 'S', 1.65, 6)
ON CONFLICT DO NOTHING;

UPDATE users SET ci_vector = '[3.5,3.2,3.0,2.5,2.3,2.0,2.5,2.3,2.0,4.8,4.5,4.3,4.0,3.2,3.0,2.8,2.0,1.8,1.5,1.3]'
WHERE id = '10000000-0000-0000-0000-00000000001e';

-- ユーザー31: 吉田花（法務）- C(慣習)型、S(社会)型高い
-- RIASEC: R=(2.0+1.8+1.5)/3=1.77, I=(2.8+2.5+2.3+2.0)/4=2.40, A=(2.5+2.3+2.0)/3=2.27, S=(3.5+3.3+3.0+2.8)/4=3.15, E=(3.2+3.0+2.8)/3=3.00, C=(4.5+4.2+4.0)/3=4.23
INSERT INTO career_interest_sessions (id, user_id)
VALUES ('3101f000-0000-0000-0000-000000000001', '10000000-0000-0000-0000-00000000001f')
ON CONFLICT DO NOTHING;

INSERT INTO career_interest_scores (session_id, basic_interest_id, score, rank) VALUES
  ('3101f000-0000-0000-0000-000000000001', 'A1', 2.5, 13),
  ('3101f000-0000-0000-0000-000000000001', 'A2', 2.3, 14),
  ('3101f000-0000-0000-0000-000000000001', 'A3', 2.0, 16),
  ('3101f000-0000-0000-0000-000000000001', 'C1', 4.5, 1),
  ('3101f000-0000-0000-0000-000000000001', 'C2', 4.2, 2),
  ('3101f000-0000-0000-0000-000000000001', 'C3', 4.0, 3),
  ('3101f000-0000-0000-0000-000000000001', 'E1', 3.2, 7),
  ('3101f000-0000-0000-0000-000000000001', 'E2', 3.0, 9),
  ('3101f000-0000-0000-0000-000000000001', 'E3', 2.8, 11),
  ('3101f000-0000-0000-0000-000000000001', 'I1', 2.8, 10),
  ('3101f000-0000-0000-0000-000000000001', 'I2', 2.5, 12),
  ('3101f000-0000-0000-0000-000000000001', 'I3', 2.3, 15),
  ('3101f000-0000-0000-0000-000000000001', 'I4', 2.0, 17),
  ('3101f000-0000-0000-0000-000000000001', 'R1', 2.0, 18),
  ('3101f000-0000-0000-0000-000000000001', 'R2', 1.8, 19),
  ('3101f000-0000-0000-0000-000000000001', 'R3', 1.5, 20),
  ('3101f000-0000-0000-0000-000000000001', 'S1', 3.5, 4),
  ('3101f000-0000-0000-0000-000000000001', 'S2', 3.3, 5),
  ('3101f000-0000-0000-0000-000000000001', 'S3', 3.0, 8),
  ('3101f000-0000-0000-0000-000000000001', 'S4', 2.8, 11)
ON CONFLICT DO NOTHING;

INSERT INTO career_riasec_scores (session_id, riasec_type, score, rank) VALUES
  ('3101f000-0000-0000-0000-000000000001', 'C', 4.23, 1),
  ('3101f000-0000-0000-0000-000000000001', 'S', 3.15, 2),
  ('3101f000-0000-0000-0000-000000000001', 'E', 3.00, 3),
  ('3101f000-0000-0000-0000-000000000001', 'I', 2.40, 4),
  ('3101f000-0000-0000-0000-000000000001', 'A', 2.27, 5),
  ('3101f000-0000-0000-0000-000000000001', 'R', 1.77, 6)
ON CONFLICT DO NOTHING;

UPDATE users SET ci_vector = '[2.5,2.3,2.0,4.5,4.2,4.0,3.2,3.0,2.8,2.8,2.5,2.3,2.0,2.0,1.8,1.5,3.5,3.3,3.0,2.8]'
WHERE id = '10000000-0000-0000-0000-00000000001f';

-- ユーザー32: 青木翔（モバイルエンジニア）- I(研究)型、A(芸術)型高い（クリエイティブ技術者）
-- RIASEC: R=(3.0+2.8+2.5)/3=2.77, I=(4.2+4.0+3.8+3.5)/4=3.88, A=(4.0+3.8+3.5)/3=3.77, S=(2.3+2.0+1.8+1.5)/4=1.90, E=(2.5+2.3+2.0)/3=2.27, C=(2.3+2.0+1.8)/3=2.03
INSERT INTO career_interest_sessions (id, user_id)
VALUES ('31020000-0000-0000-0000-000000000001', '10000000-0000-0000-0000-000000000020')
ON CONFLICT DO NOTHING;

INSERT INTO career_interest_scores (session_id, basic_interest_id, score, rank) VALUES
  ('31020000-0000-0000-0000-000000000001', 'A1', 4.0, 3),
  ('31020000-0000-0000-0000-000000000001', 'A2', 3.8, 5),
  ('31020000-0000-0000-0000-000000000001', 'A3', 3.5, 7),
  ('31020000-0000-0000-0000-000000000001', 'C1', 2.3, 15),
  ('31020000-0000-0000-0000-000000000001', 'C2', 2.0, 17),
  ('31020000-0000-0000-0000-000000000001', 'C3', 1.8, 19),
  ('31020000-0000-0000-0000-000000000001', 'E1', 2.5, 13),
  ('31020000-0000-0000-0000-000000000001', 'E2', 2.3, 14),
  ('31020000-0000-0000-0000-000000000001', 'E3', 2.0, 16),
  ('31020000-0000-0000-0000-000000000001', 'I1', 4.2, 1),
  ('31020000-0000-0000-0000-000000000001', 'I2', 4.0, 2),
  ('31020000-0000-0000-0000-000000000001', 'I3', 3.8, 4),
  ('31020000-0000-0000-0000-000000000001', 'I4', 3.5, 6),
  ('31020000-0000-0000-0000-000000000001', 'R1', 3.0, 8),
  ('31020000-0000-0000-0000-000000000001', 'R2', 2.8, 9),
  ('31020000-0000-0000-0000-000000000001', 'R3', 2.5, 12),
  ('31020000-0000-0000-0000-000000000001', 'S1', 2.3, 14),
  ('31020000-0000-0000-0000-000000000001', 'S2', 2.0, 18),
  ('31020000-0000-0000-0000-000000000001', 'S3', 1.8, 19),
  ('31020000-0000-0000-0000-000000000001', 'S4', 1.5, 20)
ON CONFLICT DO NOTHING;

INSERT INTO career_riasec_scores (session_id, riasec_type, score, rank) VALUES
  ('31020000-0000-0000-0000-000000000001', 'I', 3.88, 1),
  ('31020000-0000-0000-0000-000000000001', 'A', 3.77, 2),
  ('31020000-0000-0000-0000-000000000001', 'R', 2.77, 3),
  ('31020000-0000-0000-0000-000000000001', 'E', 2.27, 4),
  ('31020000-0000-0000-0000-000000000001', 'C', 2.03, 5),
  ('31020000-0000-0000-0000-000000000001', 'S', 1.90, 6)
ON CONFLICT DO NOTHING;

UPDATE users SET ci_vector = '[4.0,3.8,3.5,2.3,2.0,1.8,2.5,2.3,2.0,4.2,4.0,3.8,3.5,3.0,2.8,2.5,2.3,2.0,1.8,1.5]'
WHERE id = '10000000-0000-0000-0000-000000000020';

-- ユーザー33: 高橋里奈（人事企画）- S(社会)型、E(企業)型高い
-- RIASEC: R=(1.8+1.5+1.3)/3=1.53, I=(2.5+2.3+2.0+1.8)/4=2.15, A=(3.3+3.0+2.8)/3=3.03, S=(4.3+4.0+3.8+3.5)/4=3.90, E=(4.0+3.8+3.5)/3=3.77, C=(2.8+2.5+2.3)/3=2.53
INSERT INTO career_interest_sessions (id, user_id)
VALUES ('31021000-0000-0000-0000-000000000001', '10000000-0000-0000-0000-000000000021')
ON CONFLICT DO NOTHING;

INSERT INTO career_interest_scores (session_id, basic_interest_id, score, rank) VALUES
  ('31021000-0000-0000-0000-000000000001', 'A1', 3.3, 8),
  ('31021000-0000-0000-0000-000000000001', 'A2', 3.0, 10),
  ('31021000-0000-0000-0000-000000000001', 'A3', 2.8, 11),
  ('31021000-0000-0000-0000-000000000001', 'C1', 2.8, 12),
  ('31021000-0000-0000-0000-000000000001', 'C2', 2.5, 13),
  ('31021000-0000-0000-0000-000000000001', 'C3', 2.3, 15),
  ('31021000-0000-0000-0000-000000000001', 'E1', 4.0, 3),
  ('31021000-0000-0000-0000-000000000001', 'E2', 3.8, 4),
  ('31021000-0000-0000-0000-000000000001', 'E3', 3.5, 6),
  ('31021000-0000-0000-0000-000000000001', 'I1', 2.5, 14),
  ('31021000-0000-0000-0000-000000000001', 'I2', 2.3, 16),
  ('31021000-0000-0000-0000-000000000001', 'I3', 2.0, 17),
  ('31021000-0000-0000-0000-000000000001', 'I4', 1.8, 18),
  ('31021000-0000-0000-0000-000000000001', 'R1', 1.8, 19),
  ('31021000-0000-0000-0000-000000000001', 'R2', 1.5, 20),
  ('31021000-0000-0000-0000-000000000001', 'R3', 1.3, 20),
  ('31021000-0000-0000-0000-000000000001', 'S1', 4.3, 1),
  ('31021000-0000-0000-0000-000000000001', 'S2', 4.0, 2),
  ('31021000-0000-0000-0000-000000000001', 'S3', 3.8, 5),
  ('31021000-0000-0000-0000-000000000001', 'S4', 3.5, 7)
ON CONFLICT DO NOTHING;

INSERT INTO career_riasec_scores (session_id, riasec_type, score, rank) VALUES
  ('31021000-0000-0000-0000-000000000001', 'S', 3.90, 1),
  ('31021000-0000-0000-0000-000000000001', 'E', 3.77, 2),
  ('31021000-0000-0000-0000-000000000001', 'A', 3.03, 3),
  ('31021000-0000-0000-0000-000000000001', 'C', 2.53, 4),
  ('31021000-0000-0000-0000-000000000001', 'I', 2.15, 5),
  ('31021000-0000-0000-0000-000000000001', 'R', 1.53, 6)
ON CONFLICT DO NOTHING;

UPDATE users SET ci_vector = '[3.3,3.0,2.8,2.8,2.5,2.3,4.0,3.8,3.5,2.5,2.3,2.0,1.8,1.8,1.5,1.3,4.3,4.0,3.8,3.5]'
WHERE id = '10000000-0000-0000-0000-000000000021';


-- seed_users_1d.sql: 候補者ユーザー34〜43（10名）
-- Usage: psql -h localhost -U user -d inselfy -f /tmp/seed_users_1d.sql


-- ============================================================
-- 新規スキル
-- ============================================================
INSERT INTO skills (id, name) VALUES
  ('20000000-0000-0000-0000-000000000070', 'Ruby'),
  ('20000000-0000-0000-0000-000000000071', 'Rails'),
  ('20000000-0000-0000-0000-000000000072', 'Vue.js'),
  ('20000000-0000-0000-0000-000000000073', 'GCP'),
  ('20000000-0000-0000-0000-000000000074', 'Tableau'),
  ('20000000-0000-0000-0000-000000000075', 'Unity'),
  ('20000000-0000-0000-0000-000000000076', 'C#'),
  ('20000000-0000-0000-0000-000000000077', 'Flutter'),
  ('20000000-0000-0000-0000-000000000078', 'Dart'),
  ('20000000-0000-0000-0000-000000000079', 'Salesforce'),
  ('20000000-0000-0000-0000-000000000080', '情報設計'),
  ('20000000-0000-0000-0000-000000000081', 'MySQL'),
  ('20000000-0000-0000-0000-000000000082', 'Elasticsearch'),
  ('20000000-0000-0000-0000-000000000083', 'マーケティング戦略'),
  ('20000000-0000-0000-0000-000000000084', 'PHP'),
  ('20000000-0000-0000-0000-000000000085', 'Laravel')
ON CONFLICT (name) DO NOTHING;

-- ============================================================
-- 候補者ユーザー 34〜43
-- ============================================================
INSERT INTO users (id, line_id, auth_type, username, display_name, email, name, is_public, profile_color, headline, location, about, industry, job_type, job_seeking_status)
VALUES
  ('10000000-0000-0000-0000-000000000022', 'line_seed_034', 'line', 'yosuke_nishimura', '西村洋介', 'nishimura_y@example.com', '西村洋介', true, '#3D8B6E',
   'SREエンジニア', '東京都', 'クラウドインフラの設計と運用自動化に従事。大規模サービスの可用性向上とコスト最適化が得意です。', 'IT・通信', 'フルタイム', 'active'),
  ('10000000-0000-0000-0000-000000000023', 'line_seed_035', 'line', 'ayaka_honda', '本田彩花', 'honda_a@example.com', '本田彩花', true, '#6B8BD6',
   'データアナリスト', '名古屋市', 'BIツールを活用したデータ分析と可視化が専門。経営層向けのダッシュボード構築と意思決定支援に携わっています。', 'IT・通信', 'フルタイム', 'open'),
  ('10000000-0000-0000-0000-000000000024', 'line_seed_036', 'line', 'takumi_ogawa', '小川匠', 'ogawa_t@example.com', '小川匠', true, '#D68B6B',
   'ゲームエンジニア', '大阪府', 'UnityとC#を用いたモバイルゲーム開発に5年以上従事。パフォーマンスチューニングとシェーダー開発に強み。', 'ゲーム・エンタメ', 'フルタイム', 'active'),
  ('10000000-0000-0000-0000-000000000025', 'line_seed_037', 'line', 'misaki_aoki', '青木美咲', 'aoki_m@example.com', '青木美咲', true, '#9B6BD6',
   'モバイルエンジニア', '福岡県', 'FlutterによるクロスプラットフォームアプリとネイティブiOS開発の両方に対応。UIアニメーションの実装が得意です。', 'IT・通信', 'フルタイム', 'open'),
  ('10000000-0000-0000-0000-000000000026', 'line_seed_038', 'line', 'ryusei_matsuda', '松田龍星', 'matsuda_r@example.com', '松田龍星', true, '#D6C16B',
   'Webエンジニア', '札幌市', 'RubyとRailsを中心としたWebアプリケーション開発が専門。新規事業の立ち上げフェーズでの開発経験が豊富です。', 'IT・通信', 'フルタイム', 'active'),
  ('10000000-0000-0000-0000-000000000027', 'line_seed_039', 'line', 'kanako_yoshimura', '吉村加奈子', 'yoshimura_k@example.com', '吉村加奈子', true, '#6BD6B8',
   '情報アーキテクト / IAデザイナー', '京都府', 'Webサービスの情報設計とユーザビリティ改善に携わっています。サイトマップ設計からワイヤーフレーム制作まで一貫して対応。', 'IT・通信', 'フルタイム', 'not_seeking'),
  ('10000000-0000-0000-0000-000000000028', 'line_seed_040', 'line', 'shun_harada', '原田駿', 'harada_s@example.com', '原田駿', true, '#3D8B6E',
   'バックエンドエンジニア', '広島市', 'PHPとLaravelを用いたEC基盤の開発に従事。決済・在庫管理システムの設計と大規模トラフィック対応が強み。', 'IT・通信', 'フルタイム', 'active'),
  ('10000000-0000-0000-0000-000000000029', 'line_seed_041', 'line', 'emi_kubo', '久保恵美', 'kubo_e@example.com', '久保恵美', true, '#6B8BD6',
   'マーケティングマネージャー', '東京都', 'BtoB SaaSのマーケティング戦略立案からMA運用まで幅広く担当。リード獲得からナーチャリングまでのファネル最適化に強み。', 'IT・通信', 'フルタイム', 'active'),
  ('10000000-0000-0000-0000-00000000002a', 'line_seed_042', 'line', 'kosei_yamashita', '山下航生', 'yamashita_k@example.com', '山下航生', true, '#D68B6B',
   'フロントエンドエンジニア', '神戸市', 'Vue.jsとTypeScriptでのSPA開発が得意。コンポーネント設計とアクセシビリティの改善に注力しています。', 'IT・通信', 'フルタイム', 'open'),
  ('10000000-0000-0000-0000-00000000002b', 'line_seed_043', 'line', 'saya_inoue', '井上沙也', 'inoue_s@example.com', '井上沙也', true, '#9B6BD6',
   'セールスエンジニア / プリセールス', '東京都', 'SaaS製品の技術的な提案と導入支援を担当。顧客の課題をヒアリングし、最適なソリューションを設計・提案する役割を担っています。', 'IT・通信', 'フルタイム', 'active')
ON CONFLICT (line_id) DO NOTHING;

-- ============================================================
-- 職歴
-- ============================================================
DELETE FROM experiences WHERE user_id IN (
  '10000000-0000-0000-0000-000000000022',
  '10000000-0000-0000-0000-000000000023',
  '10000000-0000-0000-0000-000000000024',
  '10000000-0000-0000-0000-000000000025',
  '10000000-0000-0000-0000-000000000026',
  '10000000-0000-0000-0000-000000000027',
  '10000000-0000-0000-0000-000000000028',
  '10000000-0000-0000-0000-000000000029',
  '10000000-0000-0000-0000-00000000002a',
  '10000000-0000-0000-0000-00000000002b'
);
INSERT INTO experiences (id, user_id, company_name, title, start_year, start_month, end_year, end_month, is_current, description)
VALUES
  ('e0022000-0000-0000-0000-000000000001', '10000000-0000-0000-0000-000000000022', '株式会社スカイプラットフォーム', 'SRE', 2021, 7, NULL, NULL, true,
   'AWS/GCP上のマルチクラウド環境の設計・運用を担当。Terraformによるインフラのコード化と、Datadogを用いた監視基盤の整備を主導。可用性99.99%を維持。'),
  ('e0022000-0000-0000-0000-000000000002', '10000000-0000-0000-0000-000000000022', '株式会社インフラテック', 'インフラエンジニア', 2018, 4, 2021, 6, false,
   'オンプレミスからクラウドへの移行プロジェクトに参画。AWSのVPC設計とECS環境の構築を担当。'),
  ('e0023000-0000-0000-0000-000000000001', '10000000-0000-0000-0000-000000000023', '株式会社データインサイト', 'データアナリスト', 2020, 10, NULL, NULL, true,
   '経営ダッシュボードの設計・構築を主導。Tableauを用いた可視化と、SQLによるデータ抽出・分析を日常的に実施。月次の経営レポート作成にも従事。'),
  ('e0024000-0000-0000-0000-000000000001', '10000000-0000-0000-0000-000000000024', '株式会社ゲームスタジオ', 'ゲームエンジニア', 2020, 4, NULL, NULL, true,
   'UnityでのモバイルRPG開発を主導。パフォーマンスプロファイリングとメモリ最適化により、低スペック端末でのフレームレートを30%改善。'),
  ('e0024000-0000-0000-0000-000000000002', '10000000-0000-0000-0000-000000000024', '株式会社エンタテインメントワークス', 'ジュニアエンジニア', 2017, 4, 2020, 3, false,
   'カジュアルゲームの企画・開発を担当。Unity/C#でのプロトタイプ制作からリリースまでを経験。'),
  ('e0025000-0000-0000-0000-000000000001', '10000000-0000-0000-0000-000000000025', '株式会社アプリクリエイト', 'モバイルエンジニア', 2021, 1, NULL, NULL, true,
   'Flutterを用いたヘルスケアアプリのクロスプラットフォーム開発をリード。カスタムアニメーションの実装とネイティブプラグインの開発を担当。'),
  ('e0026000-0000-0000-0000-000000000001', '10000000-0000-0000-0000-000000000026', '株式会社スタートアップファクトリー', 'Webエンジニア', 2021, 4, NULL, NULL, true,
   'Ruby on Railsを用いた新規SaaSプロダクトの立ち上げに参画。要件定義からAPI設計、フロントエンド連携まで幅広く対応。'),
  ('e0026000-0000-0000-0000-000000000002', '10000000-0000-0000-0000-000000000026', '株式会社ウェブソリューション', 'ジュニアエンジニア', 2019, 4, 2021, 3, false,
   'PHPによるコーポレートサイトとECサイトの受託開発を経験。'),
  ('e0027000-0000-0000-0000-000000000001', '10000000-0000-0000-0000-000000000027', '株式会社UXデザインラボ', '情報アーキテクト', 2019, 7, NULL, NULL, true,
   'BtoB SaaSの情報設計とナビゲーション改善を主導。ユーザーインタビューに基づく構造設計でタスク完了率を25%向上させた実績あり。'),
  ('e0028000-0000-0000-0000-000000000001', '10000000-0000-0000-0000-000000000028', '株式会社コマースプラス', 'バックエンドエンジニア', 2020, 4, NULL, NULL, true,
   'Laravel/PHPで月間100万PVのECプラットフォームのAPI開発を担当。決済連携とポイントシステムの設計・実装を主導。'),
  ('e0028000-0000-0000-0000-000000000002', '10000000-0000-0000-0000-000000000028', '株式会社システムクラフト', 'エンジニア', 2017, 4, 2020, 3, false,
   '業務システムの受託開発。PHP/MySQLを中心に在庫管理システムと顧客管理システムを開発。'),
  ('e0029000-0000-0000-0000-000000000001', '10000000-0000-0000-0000-000000000029', '株式会社グロースハック', 'マーケティングマネージャー', 2021, 4, NULL, NULL, true,
   'BtoB SaaSのマーケティング全般を統括。MAツールの導入と運用、リードジェネレーション施策でMQL数を3倍に成長。'),
  ('e0029000-0000-0000-0000-000000000002', '10000000-0000-0000-0000-000000000029', '株式会社デジタルエージェンシー', 'マーケター', 2018, 4, 2021, 3, false,
   'クライアント企業のデジタルマーケティング支援。リスティング広告運用とLP制作ディレクションを担当。'),
  ('e002a000-0000-0000-0000-000000000001', '10000000-0000-0000-0000-00000000002a', '株式会社フロントテック', 'フロントエンドエンジニア', 2020, 10, NULL, NULL, true,
   'Vue.js/TypeScriptでの管理画面SPA開発を主導。コンポーネントライブラリの整備とStorybook導入でチーム開発効率を改善。'),
  ('e002b000-0000-0000-0000-000000000001', '10000000-0000-0000-0000-00000000002b', '株式会社クラウドセールス', 'セールスエンジニア', 2021, 7, NULL, NULL, true,
   'SaaS製品の技術提案とPoC支援を担当。年間20社以上の大手企業への導入を技術面からサポート。'),
  ('e002b000-0000-0000-0000-000000000002', '10000000-0000-0000-0000-00000000002b', '株式会社ITコンサルティング', 'コンサルタント', 2018, 4, 2021, 6, false,
   'クライアント企業のIT導入支援とシステム要件定義を担当。Salesforce導入プロジェクトを複数件リード。')
;

-- ============================================================
-- 学歴
-- ============================================================
DELETE FROM educations WHERE user_id IN (
  '10000000-0000-0000-0000-000000000022',
  '10000000-0000-0000-0000-000000000023',
  '10000000-0000-0000-0000-000000000024',
  '10000000-0000-0000-0000-000000000025',
  '10000000-0000-0000-0000-000000000026',
  '10000000-0000-0000-0000-000000000027',
  '10000000-0000-0000-0000-000000000028',
  '10000000-0000-0000-0000-000000000029',
  '10000000-0000-0000-0000-00000000002a',
  '10000000-0000-0000-0000-00000000002b'
);
INSERT INTO educations (id, user_id, school, degree, start_year, end_year)
VALUES
  ('f0022000-0000-0000-0000-000000000001', '10000000-0000-0000-0000-000000000022', '東京大学', '工学部電子情報工学科', 2014, 2018),
  ('f0023000-0000-0000-0000-000000000001', '10000000-0000-0000-0000-000000000023', '名古屋大学', '経済学部', 2016, 2020),
  ('f0024000-0000-0000-0000-000000000001', '10000000-0000-0000-0000-000000000024', '大阪大学', '基礎工学部情報科学科', 2013, 2017),
  ('f0025000-0000-0000-0000-000000000001', '10000000-0000-0000-0000-000000000025', '九州工業大学', '情報工学部', 2017, 2021),
  ('f0026000-0000-0000-0000-000000000001', '10000000-0000-0000-0000-000000000026', '北海道大学', '工学部情報エレクトロニクス学科', 2015, 2019),
  ('f0027000-0000-0000-0000-000000000001', '10000000-0000-0000-0000-000000000027', '京都大学', '総合人間学部認知情報学系', 2015, 2019),
  ('f0028000-0000-0000-0000-000000000001', '10000000-0000-0000-0000-000000000028', '広島大学', '工学部第四類', 2013, 2017),
  ('f0029000-0000-0000-0000-000000000001', '10000000-0000-0000-0000-000000000029', '慶應義塾大学', '商学部', 2014, 2018),
  ('f002a000-0000-0000-0000-000000000001', '10000000-0000-0000-0000-00000000002a', '神戸大学', '工学部情報知能工学科', 2016, 2020),
  ('f002b000-0000-0000-0000-000000000001', '10000000-0000-0000-0000-00000000002b', '早稲田大学', '理工学部情報通信学科', 2014, 2018)
;

-- ============================================================
-- ユーザースキル
-- ============================================================

-- ============================================================
-- Work Values 診断データ
-- ============================================================

-- ユーザー34: SREエンジニア (技術力・自律・責任を重視)
INSERT INTO work_values_sessions (id, user_id, circular_triads, consistency_coefficient, consistency_level, purpose)
VALUES ('30022000-0000-0000-0000-000000000001', '10000000-0000-0000-0000-000000000022', 30, 0.922, 'high', 'general')
ON CONFLICT DO NOTHING;

INSERT INTO work_needs_scores (session_id, need_id, mu, se, display_score, rank) VALUES
  ('30022000-0000-0000-0000-000000000001',  1,   2.0, 0.34,  88.1,  1),  -- ability_utilization
  ('30022000-0000-0000-0000-000000000001',  2,   1.5, 0.33,  81.8,  3),  -- achievement
  ('30022000-0000-0000-0000-000000000001',  3,  -0.3, 0.29,  42.6, 13),  -- activity
  ('30022000-0000-0000-0000-000000000001',  4,   0.4, 0.29,  59.9,  8),  -- advancement
  ('30022000-0000-0000-0000-000000000001',  5,  -0.8, 0.30,  31.0, 17),  -- authority
  ('30022000-0000-0000-0000-000000000001',  6,   1.8, 0.33,  85.8,  2),  -- autonomy
  ('30022000-0000-0000-0000-000000000001',  7,   0.0, 0.28,  50.0, 11),  -- company_policies
  ('30022000-0000-0000-0000-000000000001',  8,   0.5, 0.30,  62.2,  7),  -- compensation
  ('30022000-0000-0000-0000-000000000001',  9,   0.3, 0.29,  57.4,  9),  -- co_workers
  ('30022000-0000-0000-0000-000000000001', 10,   1.0, 0.31,  73.1,  5),  -- creativity
  ('30022000-0000-0000-0000-000000000001', 11,   1.2, 0.32,  76.9,  4),  -- independence
  ('30022000-0000-0000-0000-000000000001', 12,   0.0, 0.28,  50.0, 12),  -- moral_values
  ('30022000-0000-0000-0000-000000000001', 13,  -0.4, 0.29,  40.1, 14),  -- recognition
  ('30022000-0000-0000-0000-000000000001', 14,   0.8, 0.30,  69.0,  6),  -- responsibility
  ('30022000-0000-0000-0000-000000000001', 15,   0.2, 0.29,  55.0, 10),  -- security
  ('30022000-0000-0000-0000-000000000001', 16,  -0.2, 0.29,  45.0, 15),  -- social_service [MISSING_LINE_BREAK]
  ('30022000-0000-0000-0000-000000000001', 17,  -1.0, 0.31,  26.9, 19),  -- social_status
  ('30022000-0000-0000-0000-000000000001', 18,  -0.5, 0.30,  37.8, 16),  -- supervision_hr
  ('30022000-0000-0000-0000-000000000001', 19,  -0.8, 0.30,  31.0, 18),  -- supervision_technical
  ('30022000-0000-0000-0000-000000000001', 20,  -1.3, 0.32,  21.4, 20),  -- variety
  ('30022000-0000-0000-0000-000000000001', 21,  -1.8, 0.33,  14.2, 21)   -- working_conditions
ON CONFLICT DO NOTHING;

INSERT INTO work_values_scores (session_id, value_id, mu, display_score, rank) VALUES
  ('30022000-0000-0000-0000-000000000001', 'achievement', 1.75, 85.2, 1),
  ('30022000-0000-0000-0000-000000000001', 'autonomy', 1.2, 76.9, 2),
  ('30022000-0000-0000-0000-000000000001', 'altruism', 0.03, 50.8, 3),
  ('30022000-0000-0000-0000-000000000001', 'comfort', -0.25, 43.8, 4),
  ('30022000-0000-0000-0000-000000000001', 'safety', -0.43, 39.3, 5),
  ('30022000-0000-0000-0000-000000000001', 'status', -0.45, 38.9, 6)
ON CONFLICT DO NOTHING;

UPDATE users SET wv_vector = '[2.0,1.5,-0.3,0.4,-0.8,1.8,0.0,0.5,0.3,1.0,1.2,0.0,-0.4,0.8,0.2,-0.2,-1.0,-0.5,-0.8,-1.3,-1.8]'
WHERE id = '10000000-0000-0000-0000-000000000022';

-- ユーザー35: データアナリスト (達成感・仲間・社会貢献を重視)
INSERT INTO work_values_sessions (id, user_id, circular_triads, consistency_coefficient, consistency_level, purpose)
VALUES ('30023000-0000-0000-0000-000000000001', '10000000-0000-0000-0000-000000000023', 36, 0.907, 'high', 'general')
ON CONFLICT DO NOTHING;

INSERT INTO work_needs_scores (session_id, need_id, mu, se, display_score, rank) VALUES
  ('30023000-0000-0000-0000-000000000001',  1,   0.8, 0.30,  69.0,  5),  -- ability_utilization
  ('30023000-0000-0000-0000-000000000001',  2,   1.5, 0.33,  81.8,  2),  -- achievement
  ('30023000-0000-0000-0000-000000000001',  3,   0.2, 0.29,  55.0, 11),  -- activity
  ('30023000-0000-0000-0000-000000000001',  4,   0.5, 0.30,  62.2,  7),  -- advancement
  ('30023000-0000-0000-0000-000000000001',  5,  -1.0, 0.31,  26.9, 18),  -- authority
  ('30023000-0000-0000-0000-000000000001',  6,   0.6, 0.30,  64.6,  6),  -- autonomy
  ('30023000-0000-0000-0000-000000000001',  7,   0.0, 0.28,  50.0, 12),  -- company_policies
  ('30023000-0000-0000-0000-000000000001',  8,   0.3, 0.29,  57.4,  9),  -- compensation
  ('30023000-0000-0000-0000-000000000001',  9,   1.8, 0.33,  85.8,  1),  -- co_workers
  ('30023000-0000-0000-0000-000000000001', 10,   0.5, 0.30,  62.2,  8),  -- creativity
  ('30023000-0000-0000-0000-000000000001', 11,  -0.2, 0.29,  45.0, 14),  -- independence
  ('30023000-0000-0000-0000-000000000001', 12,   0.8, 0.30,  69.0,  4),  -- moral_values
  ('30023000-0000-0000-0000-000000000001', 13,   0.0, 0.28,  50.0, 13),  -- recognition
  ('30023000-0000-0000-0000-000000000001', 14,   0.2, 0.29,  55.0, 10),  -- responsibility
  ('30023000-0000-0000-0000-000000000001', 15,  -0.3, 0.29,  42.6, 15),  -- security
  ('30023000-0000-0000-0000-000000000001', 16,   1.2, 0.32,  76.9,  3),  -- social_service
  ('30023000-0000-0000-0000-000000000001', 17,  -0.8, 0.30,  31.0, 19),  -- social_status
  ('30023000-0000-0000-0000-000000000001', 18,  -0.5, 0.30,  37.8, 16),  -- supervision_hr
  ('30023000-0000-0000-0000-000000000001', 19,  -0.6, 0.30,  35.4, 17),  -- supervision_technical
  ('30023000-0000-0000-0000-000000000001', 20,  -1.2, 0.32,  23.1, 20),  -- variety
  ('30023000-0000-0000-0000-000000000001', 21,  -1.5, 0.33,  18.2, 21)   -- working_conditions
ON CONFLICT DO NOTHING;

INSERT INTO work_values_scores (session_id, value_id, mu, display_score, rank) VALUES
  ('30023000-0000-0000-0000-000000000001', 'altruism', 1.27, 78.0, 1),
  ('30023000-0000-0000-0000-000000000001', 'achievement', 1.15, 76.0, 2),
  ('30023000-0000-0000-0000-000000000001', 'autonomy', 0.43, 60.7, 3),
  ('30023000-0000-0000-0000-000000000001', 'status', -0.33, 41.9, 4),
  ('30023000-0000-0000-0000-000000000001', 'safety', -0.37, 40.9, 5),
  ('30023000-0000-0000-0000-000000000001', 'comfort', -0.45, 38.9, 6)
ON CONFLICT DO NOTHING;

UPDATE users SET wv_vector = '[0.8,1.5,0.2,0.5,-1.0,0.6,0.0,0.3,1.8,0.5,-0.2,0.8,0.0,0.2,-0.3,1.2,-0.8,-0.5,-0.6,-1.2,-1.5]'
WHERE id = '10000000-0000-0000-0000-000000000023';

-- ユーザー36: ゲームエンジニア (創造性・能力活用・自律を重視)
INSERT INTO work_values_sessions (id, user_id, circular_triads, consistency_coefficient, consistency_level, purpose)
VALUES ('30024000-0000-0000-0000-000000000001', '10000000-0000-0000-0000-000000000024', 28, 0.927, 'high', 'general')
ON CONFLICT DO NOTHING;

INSERT INTO work_needs_scores (session_id, need_id, mu, se, display_score, rank) VALUES
  ('30024000-0000-0000-0000-000000000001',  1,   1.8, 0.33,  85.8,  2),  -- ability_utilization
  ('30024000-0000-0000-0000-000000000001',  2,   1.2, 0.32,  76.9,  4),  -- achievement
  ('30024000-0000-0000-0000-000000000001',  3,   0.5, 0.30,  62.2,  8),  -- activity
  ('30024000-0000-0000-0000-000000000001',  4,   0.3, 0.29,  57.4, 10),  -- advancement
  ('30024000-0000-0000-0000-000000000001',  5,  -1.2, 0.32,  23.1, 19),  -- authority
  ('30024000-0000-0000-0000-000000000001',  6,   1.5, 0.33,  81.8,  3),  -- autonomy
  ('30024000-0000-0000-0000-000000000001',  7,  -0.3, 0.29,  42.6, 13),  -- company_policies
  ('30024000-0000-0000-0000-000000000001',  8,   0.0, 0.28,  50.0, 11),  -- compensation
  ('30024000-0000-0000-0000-000000000001',  9,   0.6, 0.30,  64.6,  7),  -- co_workers
  ('30024000-0000-0000-0000-000000000001', 10,   2.2, 0.35,  90.0,  1),  -- creativity
  ('30024000-0000-0000-0000-000000000001', 11,   0.4, 0.29,  59.9,  9),  -- independence
  ('30024000-0000-0000-0000-000000000001', 12,   0.0, 0.28,  50.0, 12),  -- moral_values
  ('30024000-0000-0000-0000-000000000001', 13,  -0.4, 0.29,  40.1, 14),  -- recognition
  ('30024000-0000-0000-0000-000000000001', 14,   0.8, 0.30,  69.0,  5),  -- responsibility
  ('30024000-0000-0000-0000-000000000001', 15,  -0.5, 0.30,  37.8, 15),  -- security
  ('30024000-0000-0000-0000-000000000001', 16,   0.8, 0.30,  69.0,  6),  -- social_service
  ('30024000-0000-0000-0000-000000000001', 17,  -1.5, 0.33,  18.2, 20),  -- social_status
  ('30024000-0000-0000-0000-000000000001', 18,  -0.6, 0.30,  35.4, 16),  -- supervision_hr
  ('30024000-0000-0000-0000-000000000001', 19,  -0.8, 0.30,  31.0, 17),  -- supervision_technical
  ('30024000-0000-0000-0000-000000000001', 20,  -1.0, 0.31,  26.9, 18),  -- variety
  ('30024000-0000-0000-0000-000000000001', 21,  -1.8, 0.33,  14.2, 21)   -- working_conditions
ON CONFLICT DO NOTHING;

INSERT INTO work_values_scores (session_id, value_id, mu, display_score, rank) VALUES
  ('30024000-0000-0000-0000-000000000001', 'achievement', 1.5, 81.8, 1),
  ('30024000-0000-0000-0000-000000000001', 'autonomy', 1.5, 81.8, 2),
  ('30024000-0000-0000-0000-000000000001', 'altruism', 0.47, 61.5, 3),
  ('30024000-0000-0000-0000-000000000001', 'comfort', -0.4, 40.1, 4),
  ('30024000-0000-0000-0000-000000000001', 'safety', -0.57, 36.2, 5),
  ('30024000-0000-0000-0000-000000000001', 'status', -0.7, 33.2, 6)
ON CONFLICT DO NOTHING;

UPDATE users SET wv_vector = '[1.8,1.2,0.5,0.3,-1.2,1.5,-0.3,0.0,0.6,2.2,0.4,0.0,-0.4,0.8,-0.5,0.8,-1.5,-0.6,-0.8,-1.0,-1.8]'
WHERE id = '10000000-0000-0000-0000-000000000024';

-- ユーザー37: モバイルエンジニア (創造性・自律・仲間を重視)
INSERT INTO work_values_sessions (id, user_id, circular_triads, consistency_coefficient, consistency_level, purpose)
VALUES ('30025000-0000-0000-0000-000000000001', '10000000-0000-0000-0000-000000000025', 33, 0.914, 'high', 'general')
ON CONFLICT DO NOTHING;

INSERT INTO work_needs_scores (session_id, need_id, mu, se, display_score, rank) VALUES
  ('30025000-0000-0000-0000-000000000001',  1,   1.2, 0.32,  76.9,  4),  -- ability_utilization
  ('30025000-0000-0000-0000-000000000001',  2,   1.0, 0.31,  73.1,  5),  -- achievement
  ('30025000-0000-0000-0000-000000000001',  3,  -0.5, 0.30,  37.8, 15),  -- activity
  ('30025000-0000-0000-0000-000000000001',  4,   0.2, 0.29,  55.0, 10),  -- advancement
  ('30025000-0000-0000-0000-000000000001',  5,  -1.5, 0.33,  18.2, 20),  -- authority
  ('30025000-0000-0000-0000-000000000001',  6,   1.8, 0.33,  85.8,  2),  -- autonomy
  ('30025000-0000-0000-0000-000000000001',  7,  -0.1, 0.28,  47.5, 12),  -- company_policies
  ('30025000-0000-0000-0000-000000000001',  8,   0.0, 0.28,  50.0, 11),  -- compensation
  ('30025000-0000-0000-0000-000000000001',  9,   1.5, 0.33,  81.8,  3),  -- co_workers
  ('30025000-0000-0000-0000-000000000001', 10,   2.0, 0.34,  88.1,  1),  -- creativity
  ('30025000-0000-0000-0000-000000000001', 11,   0.3, 0.29,  57.4,  9),  -- independence
  ('30025000-0000-0000-0000-000000000001', 12,   0.5, 0.30,  62.2,  7),  -- moral_values
  ('30025000-0000-0000-0000-000000000001', 13,  -0.3, 0.29,  42.6, 13),  -- recognition
  ('30025000-0000-0000-0000-000000000001', 14,   0.5, 0.30,  62.2,  8),  -- responsibility
  ('30025000-0000-0000-0000-000000000001', 15,  -0.4, 0.29,  40.1, 14),  -- security
  ('30025000-0000-0000-0000-000000000001', 16,   0.8, 0.30,  69.0,  6),  -- social_service
  ('30025000-0000-0000-0000-000000000001', 17,  -1.8, 0.33,  14.2, 21),  -- social_status
  ('30025000-0000-0000-0000-000000000001', 18,  -0.6, 0.30,  35.4, 16),  -- supervision_hr
  ('30025000-0000-0000-0000-000000000001', 19,  -0.8, 0.30,  31.0, 17),  -- supervision_technical
  ('30025000-0000-0000-0000-000000000001', 20,  -1.0, 0.31,  26.9, 18),  -- variety
  ('30025000-0000-0000-0000-000000000001', 21,  -1.2, 0.32,  23.1, 19)   -- working_conditions
ON CONFLICT DO NOTHING;

INSERT INTO work_values_scores (session_id, value_id, mu, display_score, rank) VALUES
  ('30025000-0000-0000-0000-000000000001', 'autonomy', 1.43, 80.7, 1),
  ('30025000-0000-0000-0000-000000000001', 'achievement', 1.1, 75.0, 2),
  ('30025000-0000-0000-0000-000000000001', 'altruism', 0.93, 71.8, 3),
  ('30025000-0000-0000-0000-000000000001', 'comfort', -0.47, 38.5, 4),
  ('30025000-0000-0000-0000-000000000001', 'safety', -0.5, 37.8, 5),
  ('30025000-0000-0000-0000-000000000001', 'status', -0.85, 29.9, 6)
ON CONFLICT DO NOTHING;

UPDATE users SET wv_vector = '[1.2,1.0,-0.5,0.2,-1.5,1.8,-0.1,0.0,1.5,2.0,0.3,0.5,-0.3,0.5,-0.4,0.8,-1.8,-0.6,-0.8,-1.0,-1.2]'
WHERE id = '10000000-0000-0000-0000-000000000025';

-- ユーザー38: Webエンジニア (自律・達成感・能力活用を重視)
INSERT INTO work_values_sessions (id, user_id, circular_triads, consistency_coefficient, consistency_level, purpose)
VALUES ('30026000-0000-0000-0000-000000000001', '10000000-0000-0000-0000-000000000026', 31, 0.919, 'high', 'general')
ON CONFLICT DO NOTHING;

INSERT INTO work_needs_scores (session_id, need_id, mu, se, display_score, rank) VALUES
  ('30026000-0000-0000-0000-000000000001',  1,   1.5, 0.33,  81.8,  2),  -- ability_utilization
  ('30026000-0000-0000-0000-000000000001',  2,   1.5, 0.33,  81.8,  3),  -- achievement
  ('30026000-0000-0000-0000-000000000001',  3,   0.0, 0.28,  50.0, 12),  -- activity
  ('30026000-0000-0000-0000-000000000001',  4,   0.8, 0.30,  69.0,  5),  -- advancement
  ('30026000-0000-0000-0000-000000000001',  5,  -0.6, 0.30,  35.4, 16),  -- authority
  ('30026000-0000-0000-0000-000000000001',  6,   2.0, 0.34,  88.1,  1),  -- autonomy
  ('30026000-0000-0000-0000-000000000001',  7,  -0.1, 0.28,  47.5, 13),  -- company_policies
  ('30026000-0000-0000-0000-000000000001',  8,   0.5, 0.30,  62.2,  7),  -- compensation
  ('30026000-0000-0000-0000-000000000001',  9,   0.6, 0.30,  64.6,  6),  -- co_workers
  ('30026000-0000-0000-0000-000000000001', 10,   1.0, 0.31,  73.1,  4),  -- creativity
  ('30026000-0000-0000-0000-000000000001', 11,   0.5, 0.30,  62.2,  8),  -- independence
  ('30026000-0000-0000-0000-000000000001', 12,   0.0, 0.28,  50.0, 11),  -- moral_values
  ('30026000-0000-0000-0000-000000000001', 13,  -0.3, 0.29,  42.6, 14),  -- recognition
  ('30026000-0000-0000-0000-000000000001', 14,   0.3, 0.29,  57.4,  9),  -- responsibility
  ('30026000-0000-0000-0000-000000000001', 15,   0.2, 0.29,  55.0, 10),  -- security
  ('30026000-0000-0000-0000-000000000001', 16,  -0.2, 0.29,  45.0, 15),  -- social_service
  ('30026000-0000-0000-0000-000000000001', 17,  -1.2, 0.32,  23.1, 19),  -- social_status
  ('30026000-0000-0000-0000-000000000001', 18,  -0.5, 0.30,  37.8, 17),  -- supervision_hr
  ('30026000-0000-0000-0000-000000000001', 19,  -0.8, 0.30,  31.0, 18),  -- supervision_technical
  ('30026000-0000-0000-0000-000000000001', 20,  -1.5, 0.33,  18.2, 20),  -- variety
  ('30026000-0000-0000-0000-000000000001', 21,  -1.8, 0.33,  14.2, 21)   -- working_conditions
ON CONFLICT DO NOTHING;

INSERT INTO work_values_scores (session_id, value_id, mu, display_score, rank) VALUES
  ('30026000-0000-0000-0000-000000000001', 'achievement', 1.5, 81.8, 1),
  ('30026000-0000-0000-0000-000000000001', 'autonomy', 1.1, 75.0, 2),
  ('30026000-0000-0000-0000-000000000001', 'altruism', 0.13, 53.3, 3),
  ('30026000-0000-0000-0000-000000000001', 'status', -0.32, 41.9, 4),
  ('30026000-0000-0000-0000-000000000001', 'comfort', -0.35, 41.3, 5),
  ('30026000-0000-0000-0000-000000000001', 'safety', -0.47, 38.5, 6)
ON CONFLICT DO NOTHING;

UPDATE users SET wv_vector = '[1.5,1.5,0.0,0.8,-0.6,2.0,-0.1,0.5,0.6,1.0,0.5,0.0,-0.3,0.3,0.2,-0.2,-1.2,-0.5,-0.8,-1.5,-1.8]'
WHERE id = '10000000-0000-0000-0000-000000000026';

-- ユーザー39: 情報アーキテクト (創造性・仲間・社会貢献を重視)
INSERT INTO work_values_sessions (id, user_id, circular_triads, consistency_coefficient, consistency_level, purpose)
VALUES ('30027000-0000-0000-0000-000000000001', '10000000-0000-0000-0000-000000000027', 34, 0.912, 'high', 'general')
ON CONFLICT DO NOTHING;

INSERT INTO work_needs_scores (session_id, need_id, mu, se, display_score, rank) VALUES
  ('30027000-0000-0000-0000-000000000001',  1,   0.8, 0.30,  69.0,  5),  -- ability_utilization
  ('30027000-0000-0000-0000-000000000001',  2,   0.5, 0.30,  62.2,  8),  -- achievement
  ('30027000-0000-0000-0000-000000000001',  3,  -0.4, 0.29,  40.1, 14),  -- activity
  ('30027000-0000-0000-0000-000000000001',  4,   0.0, 0.28,  50.0, 11),  -- advancement
  ('30027000-0000-0000-0000-000000000001',  5,  -1.5, 0.33,  18.2, 20),  -- authority
  ('30027000-0000-0000-0000-000000000001',  6,   1.0, 0.31,  73.1,  4),  -- autonomy
  ('30027000-0000-0000-0000-000000000001',  7,   0.2, 0.29,  55.0, 10),  -- company_policies
  ('30027000-0000-0000-0000-000000000001',  8,  -0.2, 0.29,  45.0, 13),  -- compensation
  ('30027000-0000-0000-0000-000000000001',  9,   1.8, 0.33,  85.8,  2),  -- co_workers
  ('30027000-0000-0000-0000-000000000001', 10,   2.0, 0.34,  88.1,  1),  -- creativity
  ('30027000-0000-0000-0000-000000000001', 11,   0.0, 0.28,  50.0, 12),  -- independence
  ('30027000-0000-0000-0000-000000000001', 12,   0.8, 0.30,  69.0,  6),  -- moral_values
  ('30027000-0000-0000-0000-000000000001', 13,   0.5, 0.30,  62.2,  9),  -- recognition
  ('30027000-0000-0000-0000-000000000001', 14,   0.5, 0.30,  62.2,  7),  -- responsibility
  ('30027000-0000-0000-0000-000000000001', 15,  -0.5, 0.30,  37.8, 15),  -- security
  ('30027000-0000-0000-0000-000000000001', 16,   1.5, 0.33,  81.8,  3),  -- social_service
  ('30027000-0000-0000-0000-000000000001', 17,  -1.8, 0.33,  14.2, 21),  -- social_status
  ('30027000-0000-0000-0000-000000000001', 18,  -0.6, 0.30,  35.4, 16),  -- supervision_hr
  ('30027000-0000-0000-0000-000000000001', 19,  -0.8, 0.30,  31.0, 17),  -- supervision_technical
  ('30027000-0000-0000-0000-000000000001', 20,  -1.0, 0.31,  26.9, 18),  -- variety
  ('30027000-0000-0000-0000-000000000001', 21,  -1.2, 0.32,  23.1, 19)   -- working_conditions
ON CONFLICT DO NOTHING;

INSERT INTO work_values_scores (session_id, value_id, mu, display_score, rank) VALUES
  ('30027000-0000-0000-0000-000000000001', 'altruism', 1.37, 79.7, 1),
  ('30027000-0000-0000-0000-000000000001', 'autonomy', 1.17, 76.3, 2),
  ('30027000-0000-0000-0000-000000000001', 'achievement', 0.65, 65.7, 3),
  ('30027000-0000-0000-0000-000000000001', 'safety', -0.4, 40.1, 4),
  ('30027000-0000-0000-0000-000000000001', 'comfort', -0.55, 36.6, 5),
  ('30027000-0000-0000-0000-000000000001', 'status', -0.7, 33.2, 6)
ON CONFLICT DO NOTHING;

UPDATE users SET wv_vector = '[0.8,0.5,-0.4,0.0,-1.5,1.0,0.2,-0.2,1.8,2.0,0.0,0.8,0.5,0.5,-0.5,1.5,-1.8,-0.6,-0.8,-1.0,-1.2]'
WHERE id = '10000000-0000-0000-0000-000000000027';

-- ユーザー40: バックエンドPHP (能力活用・安定・報酬を重視)
INSERT INTO work_values_sessions (id, user_id, circular_triads, consistency_coefficient, consistency_level, purpose)
VALUES ('30028000-0000-0000-0000-000000000001', '10000000-0000-0000-0000-000000000028', 35, 0.909, 'high', 'general')
ON CONFLICT DO NOTHING;

INSERT INTO work_needs_scores (session_id, need_id, mu, se, display_score, rank) VALUES
  ('30028000-0000-0000-0000-000000000001',  1,   1.8, 0.33,  85.8,  1),  -- ability_utilization
  ('30028000-0000-0000-0000-000000000001',  2,   1.2, 0.32,  76.9,  4),  -- achievement
  ('30028000-0000-0000-0000-000000000001',  3,   0.0, 0.28,  50.0, 10),  -- activity
  ('30028000-0000-0000-0000-000000000001',  4,   0.5, 0.30,  62.2,  7),  -- advancement
  ('30028000-0000-0000-0000-000000000001',  5,  -0.5, 0.30,  37.8, 16),  -- authority
  ('30028000-0000-0000-0000-000000000001',  6,   1.0, 0.31,  73.1,  5),  -- autonomy
  ('30028000-0000-0000-0000-000000000001',  7,   0.5, 0.30,  62.2,  8),  -- company_policies
  ('30028000-0000-0000-0000-000000000001',  8,   1.5, 0.33,  81.8,  2),  -- compensation
  ('30028000-0000-0000-0000-000000000001',  9,   0.3, 0.29,  57.4,  9),  -- co_workers
  ('30028000-0000-0000-0000-000000000001', 10,   0.5, 0.30,  62.2,  6),  -- creativity
  ('30028000-0000-0000-0000-000000000001', 11,   0.0, 0.28,  50.0, 11),  -- independence
  ('30028000-0000-0000-0000-000000000001', 12,   0.0, 0.28,  50.0, 12),  -- moral_values
  ('30028000-0000-0000-0000-000000000001', 13,  -0.3, 0.29,  42.6, 14),  -- recognition
  ('30028000-0000-0000-0000-000000000001', 14,   0.0, 0.28,  50.0, 13),  -- responsibility
  ('30028000-0000-0000-0000-000000000001', 15,   1.2, 0.32,  76.9,  3),  -- security
  ('30028000-0000-0000-0000-000000000001', 16,  -0.3, 0.29,  42.6, 15),  -- social_service
  ('30028000-0000-0000-0000-000000000001', 17,  -0.8, 0.30,  31.0, 18),  -- social_status
  ('30028000-0000-0000-0000-000000000001', 18,  -0.5, 0.30,  37.8, 17),  -- supervision_hr
  ('30028000-0000-0000-0000-000000000001', 19,  -1.0, 0.31,  26.9, 19),  -- supervision_technical
  ('30028000-0000-0000-0000-000000000001', 20,  -1.5, 0.33,  18.2, 20),  -- variety
  ('30028000-0000-0000-0000-000000000001', 21,  -1.8, 0.33,  14.2, 21)   -- working_conditions
ON CONFLICT DO NOTHING;

INSERT INTO work_values_scores (session_id, value_id, mu, display_score, rank) VALUES
  ('30028000-0000-0000-0000-000000000001', 'achievement', 1.5, 81.8, 1),
  ('30028000-0000-0000-0000-000000000001', 'autonomy', 0.5, 62.2, 2),
  ('30028000-0000-0000-0000-000000000001', 'altruism', 0.0, 50.0, 3),
  ('30028000-0000-0000-0000-000000000001', 'comfort', -0.1, 47.5, 4),
  ('30028000-0000-0000-0000-000000000001', 'status', -0.28, 43.2, 5),
  ('30028000-0000-0000-0000-000000000001', 'safety', -0.33, 41.7, 6)
ON CONFLICT DO NOTHING;

UPDATE users SET wv_vector = '[1.8,1.2,0.0,0.5,-0.5,1.0,0.5,1.5,0.3,0.5,0.0,0.0,-0.3,0.0,1.2,-0.3,-0.8,-0.5,-1.0,-1.5,-1.8]'
WHERE id = '10000000-0000-0000-0000-000000000028';

-- ユーザー41: マーケティングマネージャー (達成感・昇進・承認を重視)
INSERT INTO work_values_sessions (id, user_id, circular_triads, consistency_coefficient, consistency_level, purpose)
VALUES ('30029000-0000-0000-0000-000000000001', '10000000-0000-0000-0000-000000000029', 37, 0.904, 'high', 'general')
ON CONFLICT DO NOTHING;

INSERT INTO work_needs_scores (session_id, need_id, mu, se, display_score, rank) VALUES
  ('30029000-0000-0000-0000-000000000001',  1,   0.5, 0.30,  62.2,  7),  -- ability_utilization
  ('30029000-0000-0000-0000-000000000001',  2,   2.0, 0.34,  88.1,  1),  -- achievement
  ('30029000-0000-0000-0000-000000000001',  3,   0.3, 0.29,  57.4, 10),  -- activity
  ('30029000-0000-0000-0000-000000000001',  4,   1.5, 0.33,  81.8,  2),  -- advancement
  ('30029000-0000-0000-0000-000000000001',  5,   0.0, 0.28,  50.0, 14),  -- authority
  ('30029000-0000-0000-0000-000000000001',  6,   0.5, 0.30,  62.2,  8),  -- autonomy
  ('30029000-0000-0000-0000-000000000001',  7,   0.3, 0.29,  57.4, 11),  -- company_policies
  ('30029000-0000-0000-0000-000000000001',  8,   0.8, 0.30,  69.0,  5),  -- compensation
  ('30029000-0000-0000-0000-000000000001',  9,   1.0, 0.31,  73.1,  4),  -- co_workers
  ('30029000-0000-0000-0000-000000000001', 10,   0.5, 0.30,  62.2,  9),  -- creativity
  ('30029000-0000-0000-0000-000000000001', 11,  -0.2, 0.29,  45.0, 15),  -- independence
  ('30029000-0000-0000-0000-000000000001', 12,   0.2, 0.29,  55.0, 12),  -- moral_values
  ('30029000-0000-0000-0000-000000000001', 13,   1.2, 0.32,  76.9,  3),  -- recognition
  ('30029000-0000-0000-0000-000000000001', 14,   0.8, 0.30,  69.0,  6),  -- responsibility
  ('30029000-0000-0000-0000-000000000001', 15,   0.0, 0.28,  50.0, 13),  -- security
  ('30029000-0000-0000-0000-000000000001', 16,  -0.2, 0.29,  45.0, 16),  -- social_service
  ('30029000-0000-0000-0000-000000000001', 17,  -0.5, 0.30,  37.8, 18),  -- social_status
  ('30029000-0000-0000-0000-000000000001', 18,  -0.3, 0.29,  42.6, 17),  -- supervision_hr
  ('30029000-0000-0000-0000-000000000001', 19,  -0.8, 0.30,  31.0, 19),  -- supervision_technical
  ('30029000-0000-0000-0000-000000000001', 20,  -1.2, 0.32,  23.1, 20),  -- variety
  ('30029000-0000-0000-0000-000000000001', 21,  -1.5, 0.33,  18.2, 21)   -- working_conditions
ON CONFLICT DO NOTHING;

INSERT INTO work_values_scores (session_id, value_id, mu, display_score, rank) VALUES
  ('30029000-0000-0000-0000-000000000001', 'achievement', 1.25, 77.7, 1),
  ('30029000-0000-0000-0000-000000000001', 'autonomy', 0.6, 64.6, 2),
  ('30029000-0000-0000-0000-000000000001', 'status', 0.55, 63.4, 3),
  ('30029000-0000-0000-0000-000000000001', 'altruism', 0.33, 58.3, 4),
  ('30029000-0000-0000-0000-000000000001', 'safety', -0.27, 43.4, 5),
  ('30029000-0000-0000-0000-000000000001', 'comfort', -0.3, 42.6, 6)
ON CONFLICT DO NOTHING;

UPDATE users SET wv_vector = '[0.5,2.0,0.3,1.5,0.0,0.5,0.3,0.8,1.0,0.5,-0.2,0.2,1.2,0.8,0.0,-0.2,-0.5,-0.3,-0.8,-1.2,-1.5]'
WHERE id = '10000000-0000-0000-0000-000000000029';

-- ユーザー42: フロントエンドVue (創造性・自律・仲間を重視)
INSERT INTO work_values_sessions (id, user_id, circular_triads, consistency_coefficient, consistency_level, purpose)
VALUES ('3002a000-0000-0000-0000-000000000001', '10000000-0000-0000-0000-00000000002a', 29, 0.925, 'high', 'general')
ON CONFLICT DO NOTHING;

INSERT INTO work_needs_scores (session_id, need_id, mu, se, display_score, rank) VALUES
  ('3002a000-0000-0000-0000-000000000001',  1,   1.5, 0.33,  81.8,  3),  -- ability_utilization
  ('3002a000-0000-0000-0000-000000000001',  2,   1.0, 0.31,  73.1,  5),  -- achievement
  ('3002a000-0000-0000-0000-000000000001',  3,  -0.6, 0.30,  35.4, 16),  -- activity
  ('3002a000-0000-0000-0000-000000000001',  4,   0.3, 0.29,  57.4, 10),  -- advancement
  ('3002a000-0000-0000-0000-000000000001',  5,  -1.2, 0.32,  23.1, 19),  -- authority
  ('3002a000-0000-0000-0000-000000000001',  6,   1.8, 0.33,  85.8,  2),  -- autonomy
  ('3002a000-0000-0000-0000-000000000001',  7,  -0.1, 0.28,  47.5, 12),  -- company_policies
  ('3002a000-0000-0000-0000-000000000001',  8,   0.0, 0.28,  50.0, 11),  -- compensation
  ('3002a000-0000-0000-0000-000000000001',  9,   1.5, 0.33,  81.8,  4),  -- co_workers
  ('3002a000-0000-0000-0000-000000000001', 10,   2.2, 0.35,  90.0,  1),  -- creativity
  ('3002a000-0000-0000-0000-000000000001', 11,   0.5, 0.30,  62.2,  7),  -- independence
  ('3002a000-0000-0000-0000-000000000001', 12,   0.5, 0.30,  62.2,  8),  -- moral_values
  ('3002a000-0000-0000-0000-000000000001', 13,  -0.3, 0.29,  42.6, 13),  -- recognition
  ('3002a000-0000-0000-0000-000000000001', 14,   0.5, 0.30,  62.2,  9),  -- responsibility
  ('3002a000-0000-0000-0000-000000000001', 15,  -0.5, 0.30,  37.8, 14),  -- security
  ('3002a000-0000-0000-0000-000000000001', 16,   0.8, 0.30,  69.0,  6),  -- social_service
  ('3002a000-0000-0000-0000-000000000001', 17,  -1.5, 0.33,  18.2, 20),  -- social_status
  ('3002a000-0000-0000-0000-000000000001', 18,  -0.6, 0.30,  35.4, 15),  -- supervision_hr
  ('3002a000-0000-0000-0000-000000000001', 19,  -0.8, 0.30,  31.0, 17),  -- supervision_technical
  ('3002a000-0000-0000-0000-000000000001', 20,  -1.0, 0.31,  26.9, 18),  -- variety
  ('3002a000-0000-0000-0000-000000000001', 21,  -1.8, 0.33,  14.2, 21)   -- working_conditions
ON CONFLICT DO NOTHING;

INSERT INTO work_values_scores (session_id, value_id, mu, display_score, rank) VALUES
  ('3002a000-0000-0000-0000-000000000001', 'autonomy', 1.5, 81.8, 1),
  ('3002a000-0000-0000-0000-000000000001', 'achievement', 1.25, 77.7, 2),
  ('3002a000-0000-0000-0000-000000000001', 'altruism', 0.93, 71.8, 3),
  ('3002a000-0000-0000-0000-000000000001', 'safety', -0.5, 37.8, 4),
  ('3002a000-0000-0000-0000-000000000001', 'comfort', -0.57, 36.2, 5),
  ('3002a000-0000-0000-0000-000000000001', 'status', -0.68, 33.7, 6)
ON CONFLICT DO NOTHING;

UPDATE users SET wv_vector = '[1.5,1.0,-0.6,0.3,-1.2,1.8,-0.1,0.0,1.5,2.2,0.5,0.5,-0.3,0.5,-0.5,0.8,-1.5,-0.6,-0.8,-1.0,-1.8]'
WHERE id = '10000000-0000-0000-0000-00000000002a';

-- ユーザー43: セールスエンジニア (達成感・昇進・責任を重視)
INSERT INTO work_values_sessions (id, user_id, circular_triads, consistency_coefficient, consistency_level, purpose)
VALUES ('3002b000-0000-0000-0000-000000000001', '10000000-0000-0000-0000-00000000002b', 38, 0.901, 'high', 'general')
ON CONFLICT DO NOTHING;

INSERT INTO work_needs_scores (session_id, need_id, mu, se, display_score, rank) VALUES
  ('3002b000-0000-0000-0000-000000000001',  1,   1.0, 0.31,  73.1,  5),  -- ability_utilization
  ('3002b000-0000-0000-0000-000000000001',  2,   1.8, 0.33,  85.8,  1),  -- achievement
  ('3002b000-0000-0000-0000-000000000001',  3,   0.3, 0.29,  57.4, 10),  -- activity
  ('3002b000-0000-0000-0000-000000000001',  4,   1.5, 0.33,  81.8,  2),  -- advancement
  ('3002b000-0000-0000-0000-000000000001',  5,   0.2, 0.29,  55.0, 11),  -- authority
  ('3002b000-0000-0000-0000-000000000001',  6,   0.8, 0.30,  69.0,  6),  -- autonomy
  ('3002b000-0000-0000-0000-000000000001',  7,   0.2, 0.29,  55.0, 12),  -- company_policies
  ('3002b000-0000-0000-0000-000000000001',  8,   1.0, 0.31,  73.1,  4),  -- compensation
  ('3002b000-0000-0000-0000-000000000001',  9,   0.5, 0.30,  62.2,  8),  -- co_workers
  ('3002b000-0000-0000-0000-000000000001', 10,   0.3, 0.29,  57.4,  9),  -- creativity
  ('3002b000-0000-0000-0000-000000000001', 11,  -0.3, 0.29,  42.6, 15),  -- independence
  ('3002b000-0000-0000-0000-000000000001', 12,   0.0, 0.28,  50.0, 13),  -- moral_values
  ('3002b000-0000-0000-0000-000000000001', 13,   0.8, 0.30,  69.0,  7),  -- recognition
  ('3002b000-0000-0000-0000-000000000001', 14,   1.2, 0.32,  76.9,  3),  -- responsibility
  ('3002b000-0000-0000-0000-000000000001', 15,   0.0, 0.28,  50.0, 14),  -- security
  ('3002b000-0000-0000-0000-000000000001', 16,  -0.2, 0.29,  45.0, 16),  -- social_service
  ('3002b000-0000-0000-0000-000000000001', 17,  -0.5, 0.30,  37.8, 18),  -- social_status
  ('3002b000-0000-0000-0000-000000000001', 18,  -0.3, 0.29,  42.6, 17),  -- supervision_hr
  ('3002b000-0000-0000-0000-000000000001', 19,  -0.8, 0.30,  31.0, 19),  -- supervision_technical
  ('3002b000-0000-0000-0000-000000000001', 20,  -1.2, 0.32,  23.1, 20),  -- variety
  ('3002b000-0000-0000-0000-000000000001', 21,  -1.8, 0.33,  14.2, 21)   -- working_conditions
ON CONFLICT DO NOTHING;

INSERT INTO work_values_scores (session_id, value_id, mu, display_score, rank) VALUES
  ('3002b000-0000-0000-0000-000000000001', 'achievement', 1.4, 80.2, 1),
  ('3002b000-0000-0000-0000-000000000001', 'autonomy', 0.77, 68.3, 2),
  ('3002b000-0000-0000-0000-000000000001', 'status', 0.5, 62.2, 3),
  ('3002b000-0000-0000-0000-000000000001', 'altruism', 0.1, 52.5, 4),
  ('3002b000-0000-0000-0000-000000000001', 'safety', -0.3, 42.6, 5),
  ('3002b000-0000-0000-0000-000000000001', 'comfort', -0.33, 41.7, 6)
ON CONFLICT DO NOTHING;

UPDATE users SET wv_vector = '[1.0,1.8,0.3,1.5,0.2,0.8,0.2,1.0,0.5,0.3,-0.3,0.0,0.8,1.2,0.0,-0.2,-0.5,-0.3,-0.8,-1.2,-1.8]'
WHERE id = '10000000-0000-0000-0000-00000000002b';

-- ============================================================
-- Career Interest 診断データ
-- ============================================================

-- ユーザー34: SRE → I(研究)・R(現実)型
INSERT INTO career_interest_sessions (id, user_id)
VALUES ('31022000-0000-0000-0000-000000000001', '10000000-0000-0000-0000-000000000022')
ON CONFLICT DO NOTHING;

INSERT INTO career_interest_scores (session_id, basic_interest_id, score, rank) VALUES
  ('31022000-0000-0000-0000-000000000001', 'A1', 2.5, 14),
  ('31022000-0000-0000-0000-000000000001', 'A2', 2.3, 16),
  ('31022000-0000-0000-0000-000000000001', 'A3', 2.0, 18),
  ('31022000-0000-0000-0000-000000000001', 'C1', 3.5, 6),
  ('31022000-0000-0000-0000-000000000001', 'C2', 3.3, 8),
  ('31022000-0000-0000-0000-000000000001', 'C3', 3.0, 11),
  ('31022000-0000-0000-0000-000000000001', 'E1', 2.8, 12),
  ('31022000-0000-0000-0000-000000000001', 'E2', 2.5, 15),
  ('31022000-0000-0000-0000-000000000001', 'E3', 2.3, 17),
  ('31022000-0000-0000-0000-000000000001', 'I1', 4.5, 1),
  ('31022000-0000-0000-0000-000000000001', 'I2', 4.2, 2),
  ('31022000-0000-0000-0000-000000000001', 'I3', 4.0, 3),
  ('31022000-0000-0000-0000-000000000001', 'I4', 3.8, 4),
  ('31022000-0000-0000-0000-000000000001', 'R1', 3.8, 5),
  ('31022000-0000-0000-0000-000000000001', 'R2', 3.5, 7),
  ('31022000-0000-0000-0000-000000000001', 'R3', 3.2, 9),
  ('31022000-0000-0000-0000-000000000001', 'S1', 2.8, 13),
  ('31022000-0000-0000-0000-000000000001', 'S2', 2.0, 19),
  ('31022000-0000-0000-0000-000000000001', 'S3', 1.8, 20),
  ('31022000-0000-0000-0000-000000000001', 'S4', 3.0, 10)
ON CONFLICT DO NOTHING;

INSERT INTO career_riasec_scores (session_id, riasec_type, score, rank) VALUES
  ('31022000-0000-0000-0000-000000000001', 'R', 3.50, 2),
  ('31022000-0000-0000-0000-000000000001', 'I', 4.13, 1),
  ('31022000-0000-0000-0000-000000000001', 'A', 2.27, 5),
  ('31022000-0000-0000-0000-000000000001', 'S', 2.40, 4),
  ('31022000-0000-0000-0000-000000000001', 'E', 2.53, 3),
  ('31022000-0000-0000-0000-000000000001', 'C', 3.27, 6)
ON CONFLICT DO NOTHING;

UPDATE users SET ci_vector = '[2.5,2.3,2.0,3.5,3.3,3.0,2.8,2.5,2.3,4.5,4.2,4.0,3.8,3.8,3.5,3.2,2.8,2.0,1.8,3.0]'
WHERE id = '10000000-0000-0000-0000-000000000022';

-- ユーザー35: データアナリスト → I(研究)・C(慣習)型
INSERT INTO career_interest_sessions (id, user_id)
VALUES ('31023000-0000-0000-0000-000000000001', '10000000-0000-0000-0000-000000000023')
ON CONFLICT DO NOTHING;

INSERT INTO career_interest_scores (session_id, basic_interest_id, score, rank) VALUES
  ('31023000-0000-0000-0000-000000000001', 'A1', 2.8, 12),
  ('31023000-0000-0000-0000-000000000001', 'A2', 2.5, 14),
  ('31023000-0000-0000-0000-000000000001', 'A3', 2.3, 16),
  ('31023000-0000-0000-0000-000000000001', 'C1', 4.0, 3),
  ('31023000-0000-0000-0000-000000000001', 'C2', 3.8, 5),
  ('31023000-0000-0000-0000-000000000001', 'C3', 3.5, 7),
  ('31023000-0000-0000-0000-000000000001', 'E1', 2.5, 15),
  ('31023000-0000-0000-0000-000000000001', 'E2', 2.3, 17),
  ('31023000-0000-0000-0000-000000000001', 'E3', 2.0, 18),
  ('31023000-0000-0000-0000-000000000001', 'I1', 4.3, 1),
  ('31023000-0000-0000-0000-000000000001', 'I2', 4.2, 2),
  ('31023000-0000-0000-0000-000000000001', 'I3', 3.8, 4),
  ('31023000-0000-0000-0000-000000000001', 'I4', 3.5, 6),
  ('31023000-0000-0000-0000-000000000001', 'R1', 2.8, 13),
  ('31023000-0000-0000-0000-000000000001', 'R2', 3.0, 10),
  ('31023000-0000-0000-0000-000000000001', 'R3', 2.0, 19),
  ('31023000-0000-0000-0000-000000000001', 'S1', 3.2, 8),
  ('31023000-0000-0000-0000-000000000001', 'S2', 3.0, 11),
  ('31023000-0000-0000-0000-000000000001', 'S3', 3.0, 9),
  ('31023000-0000-0000-0000-000000000001', 'S4', 1.8, 20)
ON CONFLICT DO NOTHING;

INSERT INTO career_riasec_scores (session_id, riasec_type, score, rank) VALUES
  ('31023000-0000-0000-0000-000000000001', 'R', 2.60, 4),
  ('31023000-0000-0000-0000-000000000001', 'I', 3.95, 1),
  ('31023000-0000-0000-0000-000000000001', 'A', 2.53, 5),
  ('31023000-0000-0000-0000-000000000001', 'S', 2.75, 3),
  ('31023000-0000-0000-0000-000000000001', 'E', 2.27, 6),
  ('31023000-0000-0000-0000-000000000001', 'C', 3.77, 2)
ON CONFLICT DO NOTHING;

UPDATE users SET ci_vector = '[2.8,2.5,2.3,4.0,3.8,3.5,2.5,2.3,2.0,4.3,4.2,3.8,3.5,2.8,3.0,2.0,3.2,3.0,3.0,1.8]'
WHERE id = '10000000-0000-0000-0000-000000000023';

-- ユーザー36: ゲームエンジニア → A(芸術)・R(現実)型
INSERT INTO career_interest_sessions (id, user_id)
VALUES ('31024000-0000-0000-0000-000000000001', '10000000-0000-0000-0000-000000000024')
ON CONFLICT DO NOTHING;

INSERT INTO career_interest_scores (session_id, basic_interest_id, score, rank) VALUES
  ('31024000-0000-0000-0000-000000000001', 'A1', 4.5, 1),
  ('31024000-0000-0000-0000-000000000001', 'A2', 4.0, 4),
  ('31024000-0000-0000-0000-000000000001', 'A3', 4.2, 3),
  ('31024000-0000-0000-0000-000000000001', 'C1', 2.0, 17),
  ('31024000-0000-0000-0000-000000000001', 'C2', 2.0, 18),
  ('31024000-0000-0000-0000-000000000001', 'C3', 1.8, 19),
  ('31024000-0000-0000-0000-000000000001', 'E1', 2.5, 14),
  ('31024000-0000-0000-0000-000000000001', 'E2', 2.3, 16),
  ('31024000-0000-0000-0000-000000000001', 'E3', 2.5, 15),
  ('31024000-0000-0000-0000-000000000001', 'I1', 3.8, 5),
  ('31024000-0000-0000-0000-000000000001', 'I2', 3.5, 7),
  ('31024000-0000-0000-0000-000000000001', 'I3', 3.2, 10),
  ('31024000-0000-0000-0000-000000000001', 'I4', 3.0, 12),
  ('31024000-0000-0000-0000-000000000001', 'R1', 4.3, 2),
  ('31024000-0000-0000-0000-000000000001', 'R2', 3.5, 8),
  ('31024000-0000-0000-0000-000000000001', 'R3', 3.5, 6),
  ('31024000-0000-0000-0000-000000000001', 'S1', 2.8, 13),
  ('31024000-0000-0000-0000-000000000001', 'S2', 3.0, 11),
  ('31024000-0000-0000-0000-000000000001', 'S3', 3.2, 9),
  ('31024000-0000-0000-0000-000000000001', 'S4', 1.5, 20)
ON CONFLICT DO NOTHING;

INSERT INTO career_riasec_scores (session_id, riasec_type, score, rank) VALUES
  ('31024000-0000-0000-0000-000000000001', 'R', 3.77, 2),
  ('31024000-0000-0000-0000-000000000001', 'I', 3.38, 3),
  ('31024000-0000-0000-0000-000000000001', 'A', 4.23, 1),
  ('31024000-0000-0000-0000-000000000001', 'S', 2.63, 5),
  ('31024000-0000-0000-0000-000000000001', 'E', 2.43, 6),
  ('31024000-0000-0000-0000-000000000001', 'C', 1.93, 4)
ON CONFLICT DO NOTHING;

UPDATE users SET ci_vector = '[4.5,4.0,4.2,2.0,2.0,1.8,2.5,2.3,2.5,3.8,3.5,3.2,3.0,4.3,3.5,3.5,2.8,3.0,3.2,1.5]'
WHERE id = '10000000-0000-0000-0000-000000000024';

-- ユーザー37: モバイルエンジニア → A(芸術)・I(研究)型
INSERT INTO career_interest_sessions (id, user_id)
VALUES ('31025000-0000-0000-0000-000000000001', '10000000-0000-0000-0000-000000000025')
ON CONFLICT DO NOTHING;

INSERT INTO career_interest_scores (session_id, basic_interest_id, score, rank) VALUES
  ('31025000-0000-0000-0000-000000000001', 'A1', 4.2, 2),
  ('31025000-0000-0000-0000-000000000001', 'A2', 4.0, 4),
  ('31025000-0000-0000-0000-000000000001', 'A3', 4.5, 1),
  ('31025000-0000-0000-0000-000000000001', 'C1', 2.3, 16),
  ('31025000-0000-0000-0000-000000000001', 'C2', 2.0, 18),
  ('31025000-0000-0000-0000-000000000001', 'C3', 2.0, 19),
  ('31025000-0000-0000-0000-000000000001', 'E1', 2.8, 12),
  ('31025000-0000-0000-0000-000000000001', 'E2', 2.5, 14),
  ('31025000-0000-0000-0000-000000000001', 'E3', 2.5, 15),
  ('31025000-0000-0000-0000-000000000001', 'I1', 4.0, 3),
  ('31025000-0000-0000-0000-000000000001', 'I2', 3.8, 5),
  ('31025000-0000-0000-0000-000000000001', 'I3', 3.5, 7),
  ('31025000-0000-0000-0000-000000000001', 'I4', 3.2, 9),
  ('31025000-0000-0000-0000-000000000001', 'R1', 3.5, 6),
  ('31025000-0000-0000-0000-000000000001', 'R2', 3.2, 10),
  ('31025000-0000-0000-0000-000000000001', 'R3', 2.8, 13),
  ('31025000-0000-0000-0000-000000000001', 'S1', 3.0, 11),
  ('31025000-0000-0000-0000-000000000001', 'S2', 2.3, 17),
  ('31025000-0000-0000-0000-000000000001', 'S3', 3.2, 8),
  ('31025000-0000-0000-0000-000000000001', 'S4', 1.8, 20)
ON CONFLICT DO NOTHING;

INSERT INTO career_riasec_scores (session_id, riasec_type, score, rank) VALUES
  ('31025000-0000-0000-0000-000000000001', 'R', 3.17, 3),
  ('31025000-0000-0000-0000-000000000001', 'I', 3.63, 2),
  ('31025000-0000-0000-0000-000000000001', 'A', 4.23, 1),
  ('31025000-0000-0000-0000-000000000001', 'S', 2.58, 5),
  ('31025000-0000-0000-0000-000000000001', 'E', 2.60, 4),
  ('31025000-0000-0000-0000-000000000001', 'C', 2.10, 6)
ON CONFLICT DO NOTHING;

UPDATE users SET ci_vector = '[4.2,4.0,4.5,2.3,2.0,2.0,2.8,2.5,2.5,4.0,3.8,3.5,3.2,3.5,3.2,2.8,3.0,2.3,3.2,1.8]'
WHERE id = '10000000-0000-0000-0000-000000000025';

-- ユーザー38: Webエンジニア → I(研究)・R(現実)型
INSERT INTO career_interest_sessions (id, user_id)
VALUES ('31026000-0000-0000-0000-000000000001', '10000000-0000-0000-0000-000000000026')
ON CONFLICT DO NOTHING;

INSERT INTO career_interest_scores (session_id, basic_interest_id, score, rank) VALUES
  ('31026000-0000-0000-0000-000000000001', 'A1', 3.0, 10),
  ('31026000-0000-0000-0000-000000000001', 'A2', 2.8, 12),
  ('31026000-0000-0000-0000-000000000001', 'A3', 2.5, 15),
  ('31026000-0000-0000-0000-000000000001', 'C1', 3.0, 11),
  ('31026000-0000-0000-0000-000000000001', 'C2', 2.8, 13),
  ('31026000-0000-0000-0000-000000000001', 'C3', 2.5, 16),
  ('31026000-0000-0000-0000-000000000001', 'E1', 3.2, 8),
  ('31026000-0000-0000-0000-000000000001', 'E2', 3.0, 9),
  ('31026000-0000-0000-0000-000000000001', 'E3', 2.8, 14),
  ('31026000-0000-0000-0000-000000000001', 'I1', 4.5, 1),
  ('31026000-0000-0000-0000-000000000001', 'I2', 4.0, 2),
  ('31026000-0000-0000-0000-000000000001', 'I3', 3.8, 4),
  ('31026000-0000-0000-0000-000000000001', 'I4', 3.5, 6),
  ('31026000-0000-0000-0000-000000000001', 'R1', 4.0, 3),
  ('31026000-0000-0000-0000-000000000001', 'R2', 3.5, 5),
  ('31026000-0000-0000-0000-000000000001', 'R3', 3.5, 7),
  ('31026000-0000-0000-0000-000000000001', 'S1', 2.3, 17),
  ('31026000-0000-0000-0000-000000000001', 'S2', 2.0, 19),
  ('31026000-0000-0000-0000-000000000001', 'S3', 2.0, 20),
  ('31026000-0000-0000-0000-000000000001', 'S4', 2.3, 18)
ON CONFLICT DO NOTHING;

INSERT INTO career_riasec_scores (session_id, riasec_type, score, rank) VALUES
  ('31026000-0000-0000-0000-000000000001', 'R', 3.67, 2),
  ('31026000-0000-0000-0000-000000000001', 'I', 3.95, 1),
  ('31026000-0000-0000-0000-000000000001', 'A', 2.77, 4),
  ('31026000-0000-0000-0000-000000000001', 'S', 2.15, 6),
  ('31026000-0000-0000-0000-000000000001', 'E', 3.00, 3),
  ('31026000-0000-0000-0000-000000000001', 'C', 2.77, 5)
ON CONFLICT DO NOTHING;

UPDATE users SET ci_vector = '[3.0,2.8,2.5,3.0,2.8,2.5,3.2,3.0,2.8,4.5,4.0,3.8,3.5,4.0,3.5,3.5,2.3,2.0,2.0,2.3]'
WHERE id = '10000000-0000-0000-0000-000000000026';

-- ユーザー39: 情報アーキテクト → A(芸術)・S(社会)型
INSERT INTO career_interest_sessions (id, user_id)
VALUES ('31027000-0000-0000-0000-000000000001', '10000000-0000-0000-0000-000000000027')
ON CONFLICT DO NOTHING;

INSERT INTO career_interest_scores (session_id, basic_interest_id, score, rank) VALUES
  ('31027000-0000-0000-0000-000000000001', 'A1', 4.5, 1),
  ('31027000-0000-0000-0000-000000000001', 'A2', 4.2, 3),
  ('31027000-0000-0000-0000-000000000001', 'A3', 4.0, 4),
  ('31027000-0000-0000-0000-000000000001', 'C1', 2.5, 15),
  ('31027000-0000-0000-0000-000000000001', 'C2', 2.3, 16),
  ('31027000-0000-0000-0000-000000000001', 'C3', 2.0, 18),
  ('31027000-0000-0000-0000-000000000001', 'E1', 2.8, 13),
  ('31027000-0000-0000-0000-000000000001', 'E2', 2.5, 14),
  ('31027000-0000-0000-0000-000000000001', 'E3', 2.0, 19),
  ('31027000-0000-0000-0000-000000000001', 'I1', 3.5, 6),
  ('31027000-0000-0000-0000-000000000001', 'I2', 3.2, 9),
  ('31027000-0000-0000-0000-000000000001', 'I3', 3.0, 11),
  ('31027000-0000-0000-0000-000000000001', 'I4', 2.8, 12),
  ('31027000-0000-0000-0000-000000000001', 'R1', 2.0, 17),
  ('31027000-0000-0000-0000-000000000001', 'R2', 2.0, 20),
  ('31027000-0000-0000-0000-000000000001', 'R3', 3.0, 10),
  ('31027000-0000-0000-0000-000000000001', 'S1', 4.3, 2),
  ('31027000-0000-0000-0000-000000000001', 'S2', 3.5, 7),
  ('31027000-0000-0000-0000-000000000001', 'S3', 3.5, 5),
  ('31027000-0000-0000-0000-000000000001', 'S4', 3.2, 8)
ON CONFLICT DO NOTHING;

INSERT INTO career_riasec_scores (session_id, riasec_type, score, rank) VALUES
  ('31027000-0000-0000-0000-000000000001', 'R', 2.33, 5),
  ('31027000-0000-0000-0000-000000000001', 'I', 3.13, 3),
  ('31027000-0000-0000-0000-000000000001', 'A', 4.23, 1),
  ('31027000-0000-0000-0000-000000000001', 'S', 3.63, 2),
  ('31027000-0000-0000-0000-000000000001', 'E', 2.43, 4),
  ('31027000-0000-0000-0000-000000000001', 'C', 2.27, 6)
ON CONFLICT DO NOTHING;

UPDATE users SET ci_vector = '[4.5,4.2,4.0,2.5,2.3,2.0,2.8,2.5,2.0,3.5,3.2,3.0,2.8,2.0,2.0,3.0,4.3,3.5,3.5,3.2]'
WHERE id = '10000000-0000-0000-0000-000000000027';

-- ユーザー40: バックエンドPHP → R(現実)・C(慣習)型
INSERT INTO career_interest_sessions (id, user_id)
VALUES ('31028000-0000-0000-0000-000000000001', '10000000-0000-0000-0000-000000000028')
ON CONFLICT DO NOTHING;

INSERT INTO career_interest_scores (session_id, basic_interest_id, score, rank) VALUES
  ('31028000-0000-0000-0000-000000000001', 'A1', 2.3, 15),
  ('31028000-0000-0000-0000-000000000001', 'A2', 2.0, 18),
  ('31028000-0000-0000-0000-000000000001', 'A3', 2.0, 19),
  ('31028000-0000-0000-0000-000000000001', 'C1', 3.8, 4),
  ('31028000-0000-0000-0000-000000000001', 'C2', 3.5, 6),
  ('31028000-0000-0000-0000-000000000001', 'C3', 3.5, 7),
  ('31028000-0000-0000-0000-000000000001', 'E1', 2.8, 12),
  ('31028000-0000-0000-0000-000000000001', 'E2', 2.5, 14),
  ('31028000-0000-0000-0000-000000000001', 'E3', 2.3, 16),
  ('31028000-0000-0000-0000-000000000001', 'I1', 3.5, 8),
  ('31028000-0000-0000-0000-000000000001', 'I2', 3.2, 9),
  ('31028000-0000-0000-0000-000000000001', 'I3', 3.0, 10),
  ('31028000-0000-0000-0000-000000000001', 'I4', 2.8, 13),
  ('31028000-0000-0000-0000-000000000001', 'R1', 4.2, 1),
  ('31028000-0000-0000-0000-000000000001', 'R2', 4.0, 2),
  ('31028000-0000-0000-0000-000000000001', 'R3', 3.8, 3),
  ('31028000-0000-0000-0000-000000000001', 'S1', 2.3, 17),
  ('31028000-0000-0000-0000-000000000001', 'S2', 2.0, 20),
  ('31028000-0000-0000-0000-000000000001', 'S3', 3.5, 5),
  ('31028000-0000-0000-0000-000000000001', 'S4', 3.0, 11)
ON CONFLICT DO NOTHING;

INSERT INTO career_riasec_scores (session_id, riasec_type, score, rank) VALUES
  ('31028000-0000-0000-0000-000000000001', 'R', 4.00, 1),
  ('31028000-0000-0000-0000-000000000001', 'I', 3.13, 3),
  ('31028000-0000-0000-0000-000000000001', 'A', 2.10, 6),
  ('31028000-0000-0000-0000-000000000001', 'S', 2.70, 4),
  ('31028000-0000-0000-0000-000000000001', 'E', 2.53, 5),
  ('31028000-0000-0000-0000-000000000001', 'C', 3.60, 2)
ON CONFLICT DO NOTHING;

UPDATE users SET ci_vector = '[2.3,2.0,2.0,3.8,3.5,3.5,2.8,2.5,2.3,3.5,3.2,3.0,2.8,4.2,4.0,3.8,2.3,2.0,3.5,3.0]'
WHERE id = '10000000-0000-0000-0000-000000000028';

-- ユーザー41: マーケティングマネージャー → E(企業)・S(社会)型
INSERT INTO career_interest_sessions (id, user_id)
VALUES ('31029000-0000-0000-0000-000000000001', '10000000-0000-0000-0000-000000000029')
ON CONFLICT DO NOTHING;

INSERT INTO career_interest_scores (session_id, basic_interest_id, score, rank) VALUES
  ('31029000-0000-0000-0000-000000000001', 'A1', 3.0, 10),
  ('31029000-0000-0000-0000-000000000001', 'A2', 3.5, 7),
  ('31029000-0000-0000-0000-000000000001', 'A3', 2.8, 12),
  ('31029000-0000-0000-0000-000000000001', 'C1', 3.0, 11),
  ('31029000-0000-0000-0000-000000000001', 'C2', 2.8, 13),
  ('31029000-0000-0000-0000-000000000001', 'C3', 2.5, 16),
  ('31029000-0000-0000-0000-000000000001', 'E1', 4.5, 1),
  ('31029000-0000-0000-0000-000000000001', 'E2', 4.2, 2),
  ('31029000-0000-0000-0000-000000000001', 'E3', 4.0, 3),
  ('31029000-0000-0000-0000-000000000001', 'I1', 2.5, 15),
  ('31029000-0000-0000-0000-000000000001', 'I2', 2.5, 17),
  ('31029000-0000-0000-0000-000000000001', 'I3', 2.3, 18),
  ('31029000-0000-0000-0000-000000000001', 'I4', 2.0, 19),
  ('31029000-0000-0000-0000-000000000001', 'R1', 2.0, 20),
  ('31029000-0000-0000-0000-000000000001', 'R2', 2.5, 14),
  ('31029000-0000-0000-0000-000000000001', 'R3', 3.0, 9),
  ('31029000-0000-0000-0000-000000000001', 'S1', 3.8, 4),
  ('31029000-0000-0000-0000-000000000001', 'S2', 3.8, 5),
  ('31029000-0000-0000-0000-000000000001', 'S3', 3.5, 6),
  ('31029000-0000-0000-0000-000000000001', 'S4', 3.5, 8)
ON CONFLICT DO NOTHING;

INSERT INTO career_riasec_scores (session_id, riasec_type, score, rank) VALUES
  ('31029000-0000-0000-0000-000000000001', 'R', 2.50, 5),
  ('31029000-0000-0000-0000-000000000001', 'I', 2.33, 6),
  ('31029000-0000-0000-0000-000000000001', 'A', 3.10, 3),
  ('31029000-0000-0000-0000-000000000001', 'S', 3.65, 2),
  ('31029000-0000-0000-0000-000000000001', 'E', 4.23, 1),
  ('31029000-0000-0000-0000-000000000001', 'C', 2.77, 4)
ON CONFLICT DO NOTHING;

UPDATE users SET ci_vector = '[3.0,3.5,2.8,3.0,2.8,2.5,4.5,4.2,4.0,2.5,2.5,2.3,2.0,2.0,2.5,3.0,3.8,3.8,3.5,3.5]'
WHERE id = '10000000-0000-0000-0000-000000000029';

-- ユーザー42: フロントエンドVue → A(芸術)・I(研究)型
INSERT INTO career_interest_sessions (id, user_id)
VALUES ('3102a000-0000-0000-0000-000000000001', '10000000-0000-0000-0000-00000000002a')
ON CONFLICT DO NOTHING;

INSERT INTO career_interest_scores (session_id, basic_interest_id, score, rank) VALUES
  ('3102a000-0000-0000-0000-000000000001', 'A1', 4.3, 2),
  ('3102a000-0000-0000-0000-000000000001', 'A2', 4.0, 3),
  ('3102a000-0000-0000-0000-000000000001', 'A3', 4.5, 1),
  ('3102a000-0000-0000-0000-000000000001', 'C1', 2.5, 14),
  ('3102a000-0000-0000-0000-000000000001', 'C2', 2.3, 16),
  ('3102a000-0000-0000-0000-000000000001', 'C3', 2.0, 18),
  ('3102a000-0000-0000-0000-000000000001', 'E1', 2.8, 12),
  ('3102a000-0000-0000-0000-000000000001', 'E2', 2.5, 15),
  ('3102a000-0000-0000-0000-000000000001', 'E3', 2.3, 17),
  ('3102a000-0000-0000-0000-000000000001', 'I1', 3.8, 5),
  ('3102a000-0000-0000-0000-000000000001', 'I2', 4.0, 4),
  ('3102a000-0000-0000-0000-000000000001', 'I3', 3.5, 7),
  ('3102a000-0000-0000-0000-000000000001', 'I4', 3.2, 9),
  ('3102a000-0000-0000-0000-000000000001', 'R1', 3.5, 6),
  ('3102a000-0000-0000-0000-000000000001', 'R2', 3.0, 10),
  ('3102a000-0000-0000-0000-000000000001', 'R3', 2.8, 11),
  ('3102a000-0000-0000-0000-000000000001', 'S1', 2.8, 13),
  ('3102a000-0000-0000-0000-000000000001', 'S2', 2.0, 19),
  ('3102a000-0000-0000-0000-000000000001', 'S3', 2.0, 20),
  ('3102a000-0000-0000-0000-000000000001', 'S4', 3.0, 8)
ON CONFLICT DO NOTHING;

INSERT INTO career_riasec_scores (session_id, riasec_type, score, rank) VALUES
  ('3102a000-0000-0000-0000-000000000001', 'R', 3.10, 3),
  ('3102a000-0000-0000-0000-000000000001', 'I', 3.63, 2),
  ('3102a000-0000-0000-0000-000000000001', 'A', 4.27, 1),
  ('3102a000-0000-0000-0000-000000000001', 'S', 2.45, 5),
  ('3102a000-0000-0000-0000-000000000001', 'E', 2.53, 4),
  ('3102a000-0000-0000-0000-000000000001', 'C', 2.27, 6)
ON CONFLICT DO NOTHING;

UPDATE users SET ci_vector = '[4.3,4.0,4.5,2.5,2.3,2.0,2.8,2.5,2.3,3.8,4.0,3.5,3.2,3.5,3.0,2.8,2.8,2.0,2.0,3.0]'
WHERE id = '10000000-0000-0000-0000-00000000002a';

-- ユーザー43: セールスエンジニア → E(企業)・I(研究)型
INSERT INTO career_interest_sessions (id, user_id)
VALUES ('3102b000-0000-0000-0000-000000000001', '10000000-0000-0000-0000-00000000002b')
ON CONFLICT DO NOTHING;

INSERT INTO career_interest_scores (session_id, basic_interest_id, score, rank) VALUES
  ('3102b000-0000-0000-0000-000000000001', 'A1', 2.8, 13),
  ('3102b000-0000-0000-0000-000000000001', 'A2', 2.5, 15),
  ('3102b000-0000-0000-0000-000000000001', 'A3', 2.3, 17),
  ('3102b000-0000-0000-0000-000000000001', 'C1', 3.5, 6),
  ('3102b000-0000-0000-0000-000000000001', 'C2', 3.2, 8),
  ('3102b000-0000-0000-0000-000000000001', 'C3', 3.0, 10),
  ('3102b000-0000-0000-0000-000000000001', 'E1', 4.5, 1),
  ('3102b000-0000-0000-0000-000000000001', 'E2', 4.0, 3),
  ('3102b000-0000-0000-0000-000000000001', 'E3', 4.2, 2),
  ('3102b000-0000-0000-0000-000000000001', 'I1', 3.8, 4),
  ('3102b000-0000-0000-0000-000000000001', 'I2', 3.5, 5),
  ('3102b000-0000-0000-0000-000000000001', 'I3', 3.2, 7),
  ('3102b000-0000-0000-0000-000000000001', 'I4', 3.0, 9),
  ('3102b000-0000-0000-0000-000000000001', 'R1', 2.5, 14),
  ('3102b000-0000-0000-0000-000000000001', 'R2', 2.5, 16),
  ('3102b000-0000-0000-0000-000000000001', 'R3', 2.3, 18),
  ('3102b000-0000-0000-0000-000000000001', 'S1', 3.0, 11),
  ('3102b000-0000-0000-0000-000000000001', 'S2', 3.0, 12),
  ('3102b000-0000-0000-0000-000000000001', 'S3', 2.0, 19),
  ('3102b000-0000-0000-0000-000000000001', 'S4', 2.0, 20)
ON CONFLICT DO NOTHING;

INSERT INTO career_riasec_scores (session_id, riasec_type, score, rank) VALUES
  ('3102b000-0000-0000-0000-000000000001', 'R', 2.43, 5),
  ('3102b000-0000-0000-0000-000000000001', 'I', 3.38, 2),
  ('3102b000-0000-0000-0000-000000000001', 'A', 2.53, 4),
  ('3102b000-0000-0000-0000-000000000001', 'S', 2.50, 6),
  ('3102b000-0000-0000-0000-000000000001', 'E', 4.23, 1),
  ('3102b000-0000-0000-0000-000000000001', 'C', 3.23, 3)
ON CONFLICT DO NOTHING;

UPDATE users SET ci_vector = '[2.8,2.5,2.3,3.5,3.2,3.0,4.5,4.0,4.2,3.8,3.5,3.2,3.0,2.5,2.5,2.3,3.0,3.0,2.0,2.0]'
WHERE id = '10000000-0000-0000-0000-00000000002b';


-- seed_users_1e.sql: 候補者ユーザー44〜53（10名）
-- Usage: psql -h localhost -U user -d inselfy -f /tmp/seed_users_1e.sql


-- ============================================================
-- 新規スキル
-- ============================================================
INSERT INTO skills (id, name) VALUES
  ('20000000-0000-0000-0000-000000000090', 'Rust'),
  ('20000000-0000-0000-0000-000000000091', 'Kotlin'),
  ('20000000-0000-0000-0000-000000000092', 'Swift'),
  ('20000000-0000-0000-0000-000000000093', 'Terraform'),
  ('20000000-0000-0000-0000-000000000094', 'Kubernetes'),
  ('20000000-0000-0000-0000-000000000095', 'Next.js'),
  ('20000000-0000-0000-0000-000000000096', 'GraphQL'),
  ('20000000-0000-0000-0000-000000000097', 'Scala'),
  ('20000000-0000-0000-0000-000000000098', 'Tableau'),
  ('20000000-0000-0000-0000-000000000099', 'Adobe XD'),
  ('20000000-0000-0000-0000-000000000100', 'R'),
  ('20000000-0000-0000-0000-000000000101', '機械学習'),
  ('20000000-0000-0000-0000-000000000102', 'Java'),
  ('20000000-0000-0000-0000-000000000103', 'Spring Boot'),
  ('20000000-0000-0000-0000-000000000104', 'セキュリティ'),
  ('20000000-0000-0000-0000-000000000105', 'dbt')
ON CONFLICT (name) DO NOTHING;

-- ============================================================
-- 候補者ユーザー 44〜53
-- ============================================================
INSERT INTO users (id, line_id, auth_type, username, display_name, email, name, is_public, profile_color, headline, location, about, industry, job_type, job_seeking_status)
VALUES
  ('10000000-0000-0000-0000-00000000002c', 'line_seed_044', 'line', 'kazuya_morimoto', '森本和也', 'morimoto_k@example.com', '森本和也', true, '#3D8B6E',
   'Rustエンジニア', '東京都', 'システムプログラミングとWebAssemblyに注力。高パフォーマンスなバックエンドサービスの設計・開発が得意です。', 'IT・通信', 'フルタイム', 'active'),
  ('10000000-0000-0000-0000-00000000002d', 'line_seed_045', 'line', 'mio_fujita', '藤田美緒', 'fujita_m@example.com', '藤田美緒', true, '#6B8BD6',
   'データサイエンティスト', '大阪府', '機械学習モデルの構築と本番運用に従事。需要予測や推薦システムの開発経験が豊富です。', 'IT・通信', 'フルタイム', 'open'),
  ('10000000-0000-0000-0000-00000000002e', 'line_seed_046', 'line', 'sho_nakamura', '中村翔', 'nakamura_s@example.com', '中村翔', true, '#D68B6B',
   'Androidエンジニア', '名古屋市', 'KotlinによるAndroidアプリ開発に5年以上従事。Jetpack Composeを用いたモダンUI開発とCI/CD整備が強み。', 'IT・通信', 'フルタイム', 'active'),
  ('10000000-0000-0000-0000-00000000002f', 'line_seed_047', 'line', 'haruka_shimizu', '清水遥', 'shimizu_h@example.com', '清水遥', true, '#9B6BD6',
   'UXリサーチャー / デザイナー', '福岡県', 'ユーザーリサーチからプロトタイピングまで一貫して担当。定量・定性の両面から改善提案を行っています。', 'IT・通信', 'フルタイム', 'open'),
  ('10000000-0000-0000-0000-000000000030', 'line_seed_048', 'line', 'tatsuki_endo', '遠藤竜輝', 'endo_t@example.com', '遠藤竜輝', true, '#D6C16B',
   'プラットフォームエンジニア', '札幌市', 'KubernetesとTerraformを用いた開発者プラットフォームの構築・運用が専門。社内の開発生産性向上に貢献しています。', 'IT・通信', 'フルタイム', 'active'),
  ('10000000-0000-0000-0000-000000000031', 'line_seed_049', 'line', 'natsuki_okada', '岡田夏希', 'okada_n@example.com', '岡田夏希', true, '#6BD6B8',
   'フルスタックエンジニア', '京都府', 'Next.jsとGoを組み合わせたWebアプリケーション開発に従事。フロントからインフラまで幅広く対応できます。', 'IT・通信', 'フルタイム', 'not_seeking'),
  ('10000000-0000-0000-0000-000000000032', 'line_seed_050', 'line', 'yuto_takahashi', '高橋悠人', 'takahashi_y@example.com', '高橋悠人', true, '#3D8B6E',
   'セキュリティエンジニア', '東京都', 'Webアプリケーションの脆弱性診断とセキュリティ設計を専門としています。ISMS構築支援やインシデントレスポンスの経験も豊富です。', 'IT・通信', 'フルタイム', 'active'),
  ('10000000-0000-0000-0000-000000000033', 'line_seed_051', 'line', 'aoi_sasaki', '佐々木葵', 'sasaki_a@example.com', '佐々木葵', true, '#6B8BD6',
   'データエンジニア', '仙台市', 'BigQueryとdbtを用いたデータ基盤の構築・運用に携わっています。データパイプラインの設計と品質管理が得意です。', 'IT・通信', 'フルタイム', 'active'),
  ('10000000-0000-0000-0000-000000000034', 'line_seed_052', 'line', 'kenji_watanabe52', '渡辺健二郎', 'watanabe_k52@example.com', '渡辺健二郎', true, '#D68B6B',
   'Javaエンジニア / アーキテクト', '広島市', 'Spring Bootを用いた大規模業務システムの設計・開発に10年以上従事。マイクロサービス化とレガシー刷新が強みです。', 'IT・通信', 'フルタイム', 'open'),
  ('10000000-0000-0000-0000-000000000035', 'line_seed_053', 'line', 'rina_kato', '加藤里奈', 'kato_r@example.com', '加藤里奈', true, '#9B6BD6',
   'QAエンジニア / テストリード', '神戸市', 'テスト自動化とCI/CDパイプラインへの品質ゲート組み込みが専門。E2Eテスト戦略の立案からチームへの浸透まで一貫して担当しています。', 'IT・通信', 'フルタイム', 'active')
ON CONFLICT (line_id) DO NOTHING;

-- ============================================================
-- 職歴
-- ============================================================
DELETE FROM experiences WHERE user_id IN (
  '10000000-0000-0000-0000-00000000002c',
  '10000000-0000-0000-0000-00000000002d',
  '10000000-0000-0000-0000-00000000002e',
  '10000000-0000-0000-0000-00000000002f',
  '10000000-0000-0000-0000-000000000030',
  '10000000-0000-0000-0000-000000000031',
  '10000000-0000-0000-0000-000000000032',
  '10000000-0000-0000-0000-000000000033',
  '10000000-0000-0000-0000-000000000034',
  '10000000-0000-0000-0000-000000000035'
);
INSERT INTO experiences (id, user_id, company_name, title, start_year, start_month, end_year, end_month, is_current, description)
VALUES
  ('e002c000-0000-0000-0000-000000000001', '10000000-0000-0000-0000-00000000002c', '株式会社ハイパフォーマンス', 'Rustエンジニア', 2022, 1, NULL, NULL, true,
   'Rustで記述されたリアルタイムデータ処理基盤の設計・開発を主導。秒間100万イベントを処理するパイプラインを構築し、レイテンシを従来比80%削減。'),
  ('e002c000-0000-0000-0000-000000000002', '10000000-0000-0000-0000-00000000002c', '株式会社システムコア', 'バックエンドエンジニア', 2018, 4, 2021, 12, false,
   'GoとC++によるミドルウェア開発に従事。分散キャッシュシステムの実装とパフォーマンスチューニングを担当。'),
  ('e002d000-0000-0000-0000-000000000001', '10000000-0000-0000-0000-00000000002d', '株式会社AIラボ', 'データサイエンティスト', 2021, 4, NULL, NULL, true,
   'ECサイト向け推薦システムの構築と運用を担当。協調フィルタリングとディープラーニングを組み合わせたモデルでCVRを15%改善。'),
  ('e002d000-0000-0000-0000-000000000002', '10000000-0000-0000-0000-00000000002d', '株式会社データプラットフォーム', 'データアナリスト', 2019, 4, 2021, 3, false,
   'BIダッシュボードの構築とABテストの統計分析を担当。マーケティング施策の効果測定基盤を整備。'),
  ('e002e000-0000-0000-0000-000000000001', '10000000-0000-0000-0000-00000000002e', '株式会社モバイルファースト', 'Androidエンジニア', 2021, 7, NULL, NULL, true,
   'Jetpack Composeを全面採用したFinTechアプリのリアーキテクチャを主導。ビルド時間の短縮とUI開発の効率化を実現。'),
  ('e002e000-0000-0000-0000-000000000002', '10000000-0000-0000-0000-00000000002e', '株式会社アプリケーションズ', 'ジュニアエンジニア', 2018, 4, 2021, 6, false,
   'Javaベースの既存AndroidアプリのKotlin移行と新機能開発を担当。プッシュ通知基盤の刷新にも携わった。'),
  ('e002f000-0000-0000-0000-000000000001', '10000000-0000-0000-0000-00000000002f', '株式会社ユーザーファースト', 'UXリサーチャー', 2020, 10, NULL, NULL, true,
   'ユーザーインタビューとユーザビリティテストの設計・実施を主導。年間50件以上の調査を通じてプロダクト改善に直接貢献。'),
  ('e0030000-0000-0000-0000-000000000001', '10000000-0000-0000-0000-000000000030', '株式会社クラウドネイティブ', 'プラットフォームエンジニア', 2021, 4, NULL, NULL, true,
   'Kubernetes上にInternal Developer Platformを構築。Terraformモジュールの標準化と自動デプロイパイプラインの整備でデプロイ頻度を3倍に向上。'),
  ('e0030000-0000-0000-0000-000000000002', '10000000-0000-0000-0000-000000000030', '株式会社インフラベース', 'インフラエンジニア', 2018, 4, 2021, 3, false,
   'AWS上の本番環境の設計と運用を担当。CloudFormationによるIaCの導入と監視基盤の整備を実施。'),
  ('e0031000-0000-0000-0000-000000000001', '10000000-0000-0000-0000-000000000031', '株式会社テックスタートアップ', 'フルスタックエンジニア', 2020, 7, NULL, NULL, true,
   'Next.jsとGoを用いたBtoB SaaSの開発を一人で立ち上げ期から担当。フロントエンド、バックエンドAPI、インフラ構築まで幅広く対応。'),
  ('e0031000-0000-0000-0000-000000000002', '10000000-0000-0000-0000-000000000031', '株式会社ウェブプロダクション', 'フロントエンドエンジニア', 2017, 4, 2020, 6, false,
   'ReactとTypeScriptによるSPA開発を担当。デザインシステムの構築とアクセシビリティ改善に貢献。'),
  ('e0032000-0000-0000-0000-000000000001', '10000000-0000-0000-0000-000000000032', '株式会社サイバーガード', 'セキュリティエンジニア', 2020, 10, NULL, NULL, true,
   'Webアプリケーションの脆弱性診断とペネトレーションテストを担当。ISMS認証取得を技術面からリードし、セキュリティインシデント対応フローを整備。'),
  ('e0032000-0000-0000-0000-000000000002', '10000000-0000-0000-0000-000000000032', '株式会社ネットワークソリューション', 'ネットワークエンジニア', 2017, 4, 2020, 9, false,
   '大規模ネットワーク環境の設計・構築と運用監視を担当。ファイアウォール設定とVPN構築の経験が豊富。'),
  ('e0033000-0000-0000-0000-000000000001', '10000000-0000-0000-0000-000000000033', '株式会社データドリブン', 'データエンジニア', 2021, 1, NULL, NULL, true,
   'BigQueryとdbtを用いたデータウェアハウスの設計・構築を担当。データリネージの可視化と品質監視の仕組みを導入し、データ信頼性を大幅に向上。'),
  ('e0033000-0000-0000-0000-000000000002', '10000000-0000-0000-0000-000000000033', '株式会社アナリティクス', 'データアナリスト', 2018, 4, 2020, 12, false,
   'SQLとPythonを用いたデータ分析と可視化を担当。ETLパイプラインの初期構築にも携わった。'),
  ('e0034000-0000-0000-0000-000000000001', '10000000-0000-0000-0000-000000000034', '株式会社エンタープライズシステムズ', 'シニアJavaエンジニア', 2019, 4, NULL, NULL, true,
   'Spring Bootベースのマイクロサービス基盤の設計・開発を主導。レガシーモノリスからの段階的移行計画を策定し、4つのサービス分離を完遂。'),
  ('e0034000-0000-0000-0000-000000000002', '10000000-0000-0000-0000-000000000034', '株式会社業務システム開発', 'Javaエンジニア', 2013, 4, 2019, 3, false,
   '金融機関向け業務システムの開発・保守に従事。要件定義から結合テストまで上流工程にも対応。'),
  ('e0035000-0000-0000-0000-000000000001', '10000000-0000-0000-0000-000000000035', '株式会社クオリティアシュアランス', 'QAリード', 2021, 4, NULL, NULL, true,
   'E2Eテスト自動化基盤の構築と品質戦略の立案を担当。PlaywrightによるテストスイートをCI/CDに組み込み、リグレッション検出率を90%に向上。'),
  ('e0035000-0000-0000-0000-000000000002', '10000000-0000-0000-0000-000000000035', '株式会社ソフトウェアテスト', 'QAエンジニア', 2018, 4, 2021, 3, false,
   'モバイルアプリとWebアプリのテスト設計と実行を担当。テストケース管理とバグトラッキングのプロセス改善に貢献。')
;

-- ============================================================
-- 学歴
-- ============================================================
DELETE FROM educations WHERE user_id IN (
  '10000000-0000-0000-0000-00000000002c',
  '10000000-0000-0000-0000-00000000002d',
  '10000000-0000-0000-0000-00000000002e',
  '10000000-0000-0000-0000-00000000002f',
  '10000000-0000-0000-0000-000000000030',
  '10000000-0000-0000-0000-000000000031',
  '10000000-0000-0000-0000-000000000032',
  '10000000-0000-0000-0000-000000000033',
  '10000000-0000-0000-0000-000000000034',
  '10000000-0000-0000-0000-000000000035'
);
INSERT INTO educations (id, user_id, school, degree, start_year, end_year)
VALUES
  ('f002c000-0000-0000-0000-000000000001', '10000000-0000-0000-0000-00000000002c', '東京工業大学', '情報理工学院', 2014, 2018),
  ('f002d000-0000-0000-0000-000000000001', '10000000-0000-0000-0000-00000000002d', '大阪大学', '基礎工学部情報科学科', 2015, 2019),
  ('f002e000-0000-0000-0000-000000000001', '10000000-0000-0000-0000-00000000002e', '名古屋工業大学', '情報工学科', 2014, 2018),
  ('f002f000-0000-0000-0000-000000000001', '10000000-0000-0000-0000-00000000002f', '九州大学', '芸術工学部', 2016, 2020),
  ('f0030000-0000-0000-0000-000000000001', '10000000-0000-0000-0000-000000000030', '北海道大学', '工学部情報エレクトロニクス学科', 2014, 2018),
  ('f0031000-0000-0000-0000-000000000001', '10000000-0000-0000-0000-000000000031', '京都大学', '工学部情報学科', 2013, 2017),
  ('f0032000-0000-0000-0000-000000000001', '10000000-0000-0000-0000-000000000032', '筑波大学', '情報科学類', 2013, 2017),
  ('f0033000-0000-0000-0000-000000000001', '10000000-0000-0000-0000-000000000033', '東北大学', '工学部情報知能システム総合学科', 2014, 2018),
  ('f0034000-0000-0000-0000-000000000001', '10000000-0000-0000-0000-000000000034', '広島大学', '工学部第四類', 2009, 2013),
  ('f0035000-0000-0000-0000-000000000001', '10000000-0000-0000-0000-000000000035', '神戸大学', '工学部情報知能工学科', 2014, 2018)
;

-- ============================================================
-- ユーザースキル
-- ============================================================

-- ============================================================
-- Work Values 診断データ
-- ============================================================

-- ユーザー44: Rustエンジニア (能力活用・自律・独立を重視)
INSERT INTO work_values_sessions (id, user_id, circular_triads, consistency_coefficient, consistency_level, purpose)
VALUES ('3002c000-0000-0000-0000-000000000001', '10000000-0000-0000-0000-00000000002c', 27, 0.930, 'high', 'general')
ON CONFLICT DO NOTHING;

INSERT INTO work_needs_scores (session_id, need_id, mu, se, display_score, rank) VALUES
  ('3002c000-0000-0000-0000-000000000001',  1,   2.2, 0.35,  90.0,  1),  -- ability_utilization
  ('3002c000-0000-0000-0000-000000000001',  2,   1.2, 0.32,  76.9,  4),  -- achievement
  ('3002c000-0000-0000-0000-000000000001',  3,  -0.4, 0.29,  40.1, 14),  -- activity
  ('3002c000-0000-0000-0000-000000000001',  4,   0.3, 0.29,  57.4,  9),  -- advancement
  ('3002c000-0000-0000-0000-000000000001',  5,  -1.0, 0.31,  26.9, 18),  -- authority
  ('3002c000-0000-0000-0000-000000000001',  6,   2.0, 0.34,  88.1,  2),  -- autonomy
  ('3002c000-0000-0000-0000-000000000001',  7,  -0.2, 0.29,  45.0, 12),  -- company_policies
  ('3002c000-0000-0000-0000-000000000001',  8,   0.5, 0.30,  62.2,  7),  -- compensation
  ('3002c000-0000-0000-0000-000000000001',  9,   0.0, 0.28,  50.0, 11),  -- co_workers
  ('3002c000-0000-0000-0000-000000000001', 10,   1.5, 0.33,  81.8,  3),  -- creativity
  ('3002c000-0000-0000-0000-000000000001', 11,   1.0, 0.31,  73.1,  5),  -- independence
  ('3002c000-0000-0000-0000-000000000001', 12,   0.0, 0.28,  50.0, 10),  -- moral_values
  ('3002c000-0000-0000-0000-000000000001', 13,  -0.5, 0.30,  37.8, 15),  -- recognition
  ('3002c000-0000-0000-0000-000000000001', 14,   0.8, 0.30,  69.0,  6),  -- responsibility
  ('3002c000-0000-0000-0000-000000000001', 15,   0.2, 0.29,  55.0,  8),  -- security
  ('3002c000-0000-0000-0000-000000000001', 16,  -0.3, 0.29,  42.6, 13),  -- social_service
  ('3002c000-0000-0000-0000-000000000001', 17,  -1.2, 0.32,  23.1, 19),  -- social_status
  ('3002c000-0000-0000-0000-000000000001', 18,  -0.6, 0.30,  35.4, 16),  -- supervision_hr
  ('3002c000-0000-0000-0000-000000000001', 19,  -0.8, 0.30,  31.0, 17),  -- supervision_technical
  ('3002c000-0000-0000-0000-000000000001', 20,  -1.5, 0.33,  18.2, 20),  -- variety
  ('3002c000-0000-0000-0000-000000000001', 21,  -1.8, 0.33,  14.2, 21)   -- working_conditions
ON CONFLICT DO NOTHING;

INSERT INTO work_values_scores (session_id, value_id, mu, display_score, rank) VALUES
  ('3002c000-0000-0000-0000-000000000001', 'achievement', 1.7, 84.6, 1),
  ('3002c000-0000-0000-0000-000000000001', 'autonomy', 1.43, 80.7, 2),
  ('3002c000-0000-0000-0000-000000000001', 'altruism', -0.1, 47.5, 3),
  ('3002c000-0000-0000-0000-000000000001', 'comfort', -0.33, 41.7, 4),
  ('3002c000-0000-0000-0000-000000000001', 'safety', -0.53, 37.0, 5),
  ('3002c000-0000-0000-0000-000000000001', 'status', -0.6, 35.4, 6)
ON CONFLICT DO NOTHING;

UPDATE users SET wv_vector = '[2.2,1.2,-0.4,0.3,-1.0,2.0,-0.2,0.5,0.0,1.5,1.0,0.0,-0.5,0.8,0.2,-0.3,-1.2,-0.6,-0.8,-1.5,-1.8]'
WHERE id = '10000000-0000-0000-0000-00000000002c';

-- ユーザー45: データサイエンティスト (達成感・能力活用・社会貢献を重視)
INSERT INTO work_values_sessions (id, user_id, circular_triads, consistency_coefficient, consistency_level, purpose)
VALUES ('3002d000-0000-0000-0000-000000000001', '10000000-0000-0000-0000-00000000002d', 34, 0.912, 'high', 'general')
ON CONFLICT DO NOTHING;

INSERT INTO work_needs_scores (session_id, need_id, mu, se, display_score, rank) VALUES
  ('3002d000-0000-0000-0000-000000000001',  1,   1.8, 0.33,  85.8,  2),  -- ability_utilization
  ('3002d000-0000-0000-0000-000000000001',  2,   2.0, 0.34,  88.1,  1),  -- achievement
  ('3002d000-0000-0000-0000-000000000001',  3,  -0.3, 0.29,  42.6, 13),  -- activity
  ('3002d000-0000-0000-0000-000000000001',  4,   0.5, 0.30,  62.2,  7),  -- advancement
  ('3002d000-0000-0000-0000-000000000001',  5,  -0.8, 0.30,  31.0, 17),  -- authority
  ('3002d000-0000-0000-0000-000000000001',  6,   1.0, 0.31,  73.1,  5),  -- autonomy
  ('3002d000-0000-0000-0000-000000000001',  7,   0.0, 0.28,  50.0, 11),  -- company_policies
  ('3002d000-0000-0000-0000-000000000001',  8,   0.3, 0.29,  57.4,  9),  -- compensation
  ('3002d000-0000-0000-0000-000000000001',  9,   0.8, 0.30,  69.0,  6),  -- co_workers
  ('3002d000-0000-0000-0000-000000000001', 10,   1.2, 0.32,  76.9,  4),  -- creativity
  ('3002d000-0000-0000-0000-000000000001', 11,   0.2, 0.29,  55.0, 10),  -- independence
  ('3002d000-0000-0000-0000-000000000001', 12,   0.5, 0.30,  62.2,  8),  -- moral_values
  ('3002d000-0000-0000-0000-000000000001', 13,  -0.2, 0.29,  45.0, 12),  -- recognition
  ('3002d000-0000-0000-0000-000000000001', 14,   0.5, 0.30,  62.2,  7),  -- responsibility
  ('3002d000-0000-0000-0000-000000000001', 15,  -0.5, 0.30,  37.8, 15),  -- security
  ('3002d000-0000-0000-0000-000000000001', 16,   1.5, 0.33,  81.8,  3),  -- social_service
  ('3002d000-0000-0000-0000-000000000001', 17,  -1.0, 0.31,  26.9, 18),  -- social_status
  ('3002d000-0000-0000-0000-000000000001', 18,  -0.4, 0.29,  40.1, 14),  -- supervision_hr
  ('3002d000-0000-0000-0000-000000000001', 19,  -0.6, 0.30,  35.4, 16),  -- supervision_technical
  ('3002d000-0000-0000-0000-000000000001', 20,  -1.2, 0.32,  23.1, 19),  -- variety
  ('3002d000-0000-0000-0000-000000000001', 21,  -1.5, 0.33,  18.2, 20)   -- working_conditions
ON CONFLICT DO NOTHING;

INSERT INTO work_values_scores (session_id, value_id, mu, display_score, rank) VALUES
  ('3002d000-0000-0000-0000-000000000001', 'achievement', 1.9, 87.0, 1),
  ('3002d000-0000-0000-0000-000000000001', 'altruism', 0.93, 71.8, 2),
  ('3002d000-0000-0000-0000-000000000001', 'autonomy', 0.9, 71.1, 3),
  ('3002d000-0000-0000-0000-000000000001', 'safety', -0.33, 41.7, 4),
  ('3002d000-0000-0000-0000-000000000001', 'status', -0.38, 40.7, 5),
  ('3002d000-0000-0000-0000-000000000001', 'comfort', -0.5, 37.8, 6)
ON CONFLICT DO NOTHING;

UPDATE users SET wv_vector = '[1.8,2.0,-0.3,0.5,-0.8,1.0,0.0,0.3,0.8,1.2,0.2,0.5,-0.2,0.5,-0.5,1.5,-1.0,-0.4,-0.6,-1.2,-1.5]'
WHERE id = '10000000-0000-0000-0000-00000000002d';

-- ユーザー46: Androidエンジニア (創造性・能力活用・自律を重視)
INSERT INTO work_values_sessions (id, user_id, circular_triads, consistency_coefficient, consistency_level, purpose)
VALUES ('3002e000-0000-0000-0000-000000000001', '10000000-0000-0000-0000-00000000002e', 30, 0.922, 'high', 'general')
ON CONFLICT DO NOTHING;

INSERT INTO work_needs_scores (session_id, need_id, mu, se, display_score, rank) VALUES
  ('3002e000-0000-0000-0000-000000000001',  1,   1.8, 0.33,  85.8,  2),  -- ability_utilization
  ('3002e000-0000-0000-0000-000000000001',  2,   1.0, 0.31,  73.1,  5),  -- achievement
  ('3002e000-0000-0000-0000-000000000001',  3,   0.3, 0.29,  57.4,  9),  -- activity
  ('3002e000-0000-0000-0000-000000000001',  4,   0.5, 0.30,  62.2,  7),  -- advancement
  ('3002e000-0000-0000-0000-000000000001',  5,  -1.0, 0.31,  26.9, 18),  -- authority
  ('3002e000-0000-0000-0000-000000000001',  6,   1.5, 0.33,  81.8,  3),  -- autonomy
  ('3002e000-0000-0000-0000-000000000001',  7,  -0.1, 0.28,  47.5, 12),  -- company_policies
  ('3002e000-0000-0000-0000-000000000001',  8,   0.2, 0.29,  55.0, 10),  -- compensation
  ('3002e000-0000-0000-0000-000000000001',  9,   0.8, 0.30,  69.0,  6),  -- co_workers
  ('3002e000-0000-0000-0000-000000000001', 10,   2.0, 0.34,  88.1,  1),  -- creativity
  ('3002e000-0000-0000-0000-000000000001', 11,   0.5, 0.30,  62.2,  8),  -- independence
  ('3002e000-0000-0000-0000-000000000001', 12,   0.0, 0.28,  50.0, 11),  -- moral_values
  ('3002e000-0000-0000-0000-000000000001', 13,  -0.3, 0.29,  42.6, 13),  -- recognition
  ('3002e000-0000-0000-0000-000000000001', 14,   1.2, 0.32,  76.9,  4),  -- responsibility
  ('3002e000-0000-0000-0000-000000000001', 15,  -0.5, 0.30,  37.8, 15),  -- security
  ('3002e000-0000-0000-0000-000000000001', 16,  -0.4, 0.29,  40.1, 14),  -- social_service
  ('3002e000-0000-0000-0000-000000000001', 17,  -1.5, 0.33,  18.2, 20),  -- social_status
  ('3002e000-0000-0000-0000-000000000001', 18,  -0.6, 0.30,  35.4, 16),  -- supervision_hr
  ('3002e000-0000-0000-0000-000000000001', 19,  -0.8, 0.30,  31.0, 17),  -- supervision_technical
  ('3002e000-0000-0000-0000-000000000001', 20,  -1.2, 0.32,  23.1, 19),  -- variety
  ('3002e000-0000-0000-0000-000000000001', 21,  -1.8, 0.33,  14.2, 21)   -- working_conditions
ON CONFLICT DO NOTHING;

INSERT INTO work_values_scores (session_id, value_id, mu, display_score, rank) VALUES
  ('3002e000-0000-0000-0000-000000000001', 'autonomy', 1.57, 82.7, 1),
  ('3002e000-0000-0000-0000-000000000001', 'achievement', 1.4, 80.2, 2),
  ('3002e000-0000-0000-0000-000000000001', 'altruism', 0.13, 53.3, 3),
  ('3002e000-0000-0000-0000-000000000001', 'comfort', -0.42, 39.7, 4),
  ('3002e000-0000-0000-0000-000000000001', 'safety', -0.5, 37.8, 5),
  ('3002e000-0000-0000-0000-000000000001', 'status', -0.57, 36.0, 6)
ON CONFLICT DO NOTHING;

UPDATE users SET wv_vector = '[1.8,1.0,0.3,0.5,-1.0,1.5,-0.1,0.2,0.8,2.0,0.5,0.0,-0.3,1.2,-0.5,-0.4,-1.5,-0.6,-0.8,-1.2,-1.8]'
WHERE id = '10000000-0000-0000-0000-00000000002e';

-- ユーザー47: UXリサーチャー (仲間・創造性・社会貢献を重視)
INSERT INTO work_values_sessions (id, user_id, circular_triads, consistency_coefficient, consistency_level, purpose)
VALUES ('3002f000-0000-0000-0000-000000000001', '10000000-0000-0000-0000-00000000002f', 33, 0.914, 'high', 'general')
ON CONFLICT DO NOTHING;

INSERT INTO work_needs_scores (session_id, need_id, mu, se, display_score, rank) VALUES
  ('3002f000-0000-0000-0000-000000000001',  1,   0.8, 0.30,  69.0,  6),  -- ability_utilization
  ('3002f000-0000-0000-0000-000000000001',  2,   0.5, 0.30,  62.2,  8),  -- achievement
  ('3002f000-0000-0000-0000-000000000001',  3,  -0.5, 0.30,  37.8, 15),  -- activity
  ('3002f000-0000-0000-0000-000000000001',  4,   0.0, 0.28,  50.0, 11),  -- advancement
  ('3002f000-0000-0000-0000-000000000001',  5,  -1.5, 0.33,  18.2, 20),  -- authority
  ('3002f000-0000-0000-0000-000000000001',  6,   1.0, 0.31,  73.1,  4),  -- autonomy
  ('3002f000-0000-0000-0000-000000000001',  7,   0.2, 0.29,  55.0, 10),  -- company_policies
  ('3002f000-0000-0000-0000-000000000001',  8,  -0.2, 0.29,  45.0, 13),  -- compensation
  ('3002f000-0000-0000-0000-000000000001',  9,   2.0, 0.34,  88.1,  1),  -- co_workers
  ('3002f000-0000-0000-0000-000000000001', 10,   1.8, 0.33,  85.8,  2),  -- creativity
  ('3002f000-0000-0000-0000-000000000001', 11,  -0.1, 0.28,  47.5, 12),  -- independence
  ('3002f000-0000-0000-0000-000000000001', 12,   0.8, 0.30,  69.0,  5),  -- moral_values
  ('3002f000-0000-0000-0000-000000000001', 13,   0.3, 0.29,  57.4,  9),  -- recognition
  ('3002f000-0000-0000-0000-000000000001', 14,   0.5, 0.30,  62.2,  7),  -- responsibility
  ('3002f000-0000-0000-0000-000000000001', 15,  -0.4, 0.29,  40.1, 14),  -- security
  ('3002f000-0000-0000-0000-000000000001', 16,   1.5, 0.33,  81.8,  3),  -- social_service
  ('3002f000-0000-0000-0000-000000000001', 17,  -1.8, 0.33,  14.2, 21),  -- social_status
  ('3002f000-0000-0000-0000-000000000001', 18,  -0.6, 0.30,  35.4, 16),  -- supervision_hr
  ('3002f000-0000-0000-0000-000000000001', 19,  -0.8, 0.30,  31.0, 17),  -- supervision_technical
  ('3002f000-0000-0000-0000-000000000001', 20,  -1.0, 0.31,  26.9, 18),  -- variety
  ('3002f000-0000-0000-0000-000000000001', 21,  -1.2, 0.32,  23.1, 19)   -- working_conditions
ON CONFLICT DO NOTHING;

INSERT INTO work_values_scores (session_id, value_id, mu, display_score, rank) VALUES
  ('3002f000-0000-0000-0000-000000000001', 'altruism', 1.43, 80.7, 1),
  ('3002f000-0000-0000-0000-000000000001', 'autonomy', 1.1, 75.0, 2),
  ('3002f000-0000-0000-0000-000000000001', 'achievement', 0.65, 65.7, 3),
  ('3002f000-0000-0000-0000-000000000001', 'safety', -0.4, 40.1, 4),
  ('3002f000-0000-0000-0000-000000000001', 'comfort', -0.57, 36.2, 5),
  ('3002f000-0000-0000-0000-000000000001', 'status', -0.75, 32.1, 6)
ON CONFLICT DO NOTHING;

UPDATE users SET wv_vector = '[0.8,0.5,-0.5,0.0,-1.5,1.0,0.2,-0.2,2.0,1.8,-0.1,0.8,0.3,0.5,-0.4,1.5,-1.8,-0.6,-0.8,-1.0,-1.2]'
WHERE id = '10000000-0000-0000-0000-00000000002f';

-- ユーザー48: プラットフォームエンジニア (自律・能力活用・責任を重視)
INSERT INTO work_values_sessions (id, user_id, circular_triads, consistency_coefficient, consistency_level, purpose)
VALUES ('30030000-0000-0000-0000-000000000001', '10000000-0000-0000-0000-000000000030', 29, 0.925, 'high', 'general')
ON CONFLICT DO NOTHING;

INSERT INTO work_needs_scores (session_id, need_id, mu, se, display_score, rank) VALUES
  ('30030000-0000-0000-0000-000000000001',  1,   1.8, 0.33,  85.8,  2),  -- ability_utilization
  ('30030000-0000-0000-0000-000000000001',  2,   1.2, 0.32,  76.9,  4),  -- achievement
  ('30030000-0000-0000-0000-000000000001',  3,  -0.2, 0.29,  45.0, 12),  -- activity
  ('30030000-0000-0000-0000-000000000001',  4,   0.5, 0.30,  62.2,  7),  -- advancement
  ('30030000-0000-0000-0000-000000000001',  5,  -0.5, 0.30,  37.8, 15),  -- authority
  ('30030000-0000-0000-0000-000000000001',  6,   2.0, 0.34,  88.1,  1),  -- autonomy
  ('30030000-0000-0000-0000-000000000001',  7,   0.0, 0.28,  50.0, 11),  -- company_policies
  ('30030000-0000-0000-0000-000000000001',  8,   0.5, 0.30,  62.2,  8),  -- compensation
  ('30030000-0000-0000-0000-000000000001',  9,   0.3, 0.29,  57.4,  9),  -- co_workers
  ('30030000-0000-0000-0000-000000000001', 10,   0.8, 0.30,  69.0,  6),  -- creativity
  ('30030000-0000-0000-0000-000000000001', 11,   1.0, 0.31,  73.1,  5),  -- independence
  ('30030000-0000-0000-0000-000000000001', 12,   0.0, 0.28,  50.0, 10),  -- moral_values
  ('30030000-0000-0000-0000-000000000001', 13,  -0.3, 0.29,  42.6, 13),  -- recognition
  ('30030000-0000-0000-0000-000000000001', 14,   1.5, 0.33,  81.8,  3),  -- responsibility
  ('30030000-0000-0000-0000-000000000001', 15,   0.2, 0.29,  55.0, 10),  -- security
  ('30030000-0000-0000-0000-000000000001', 16,  -0.4, 0.29,  40.1, 14),  -- social_service
  ('30030000-0000-0000-0000-000000000001', 17,  -1.0, 0.31,  26.9, 18),  -- social_status
  ('30030000-0000-0000-0000-000000000001', 18,  -0.6, 0.30,  35.4, 16),  -- supervision_hr
  ('30030000-0000-0000-0000-000000000001', 19,  -0.8, 0.30,  31.0, 17),  -- supervision_technical
  ('30030000-0000-0000-0000-000000000001', 20,  -1.5, 0.33,  18.2, 19),  -- variety
  ('30030000-0000-0000-0000-000000000001', 21,  -1.8, 0.33,  14.2, 20)   -- working_conditions
ON CONFLICT DO NOTHING;

INSERT INTO work_values_scores (session_id, value_id, mu, display_score, rank) VALUES
  ('30030000-0000-0000-0000-000000000001', 'achievement', 1.5, 81.8, 1),
  ('30030000-0000-0000-0000-000000000001', 'autonomy', 1.43, 80.7, 2),
  ('30030000-0000-0000-0000-000000000001', 'altruism', -0.03, 49.2, 3),
  ('30030000-0000-0000-0000-000000000001', 'comfort', -0.3, 42.6, 4),
  ('30030000-0000-0000-0000-000000000001', 'status', -0.33, 41.9, 5),
  ('30030000-0000-0000-0000-000000000001', 'safety', -0.47, 38.5, 6)
ON CONFLICT DO NOTHING;

UPDATE users SET wv_vector = '[1.8,1.2,-0.2,0.5,-0.5,2.0,0.0,0.5,0.3,0.8,1.0,0.0,-0.3,1.5,0.2,-0.4,-1.0,-0.6,-0.8,-1.5,-1.8]'
WHERE id = '10000000-0000-0000-0000-000000000030';

-- ユーザー49: フルスタックエンジニア (創造性・自律・達成感を重視)
INSERT INTO work_values_sessions (id, user_id, circular_triads, consistency_coefficient, consistency_level, purpose)
VALUES ('30031000-0000-0000-0000-000000000001', '10000000-0000-0000-0000-000000000031', 31, 0.919, 'high', 'general')
ON CONFLICT DO NOTHING;

INSERT INTO work_needs_scores (session_id, need_id, mu, se, display_score, rank) VALUES
  ('30031000-0000-0000-0000-000000000001',  1,   1.5, 0.33,  81.8,  3),  -- ability_utilization
  ('30031000-0000-0000-0000-000000000001',  2,   1.5, 0.33,  81.8,  4),  -- achievement
  ('30031000-0000-0000-0000-000000000001',  3,   0.0, 0.28,  50.0, 11),  -- activity
  ('30031000-0000-0000-0000-000000000001',  4,   0.8, 0.30,  69.0,  6),  -- advancement
  ('30031000-0000-0000-0000-000000000001',  5,  -0.8, 0.30,  31.0, 16),  -- authority
  ('30031000-0000-0000-0000-000000000001',  6,   1.8, 0.33,  85.8,  2),  -- autonomy
  ('30031000-0000-0000-0000-000000000001',  7,  -0.2, 0.29,  45.0, 13),  -- company_policies
  ('30031000-0000-0000-0000-000000000001',  8,   0.3, 0.29,  57.4,  9),  -- compensation
  ('30031000-0000-0000-0000-000000000001',  9,   0.5, 0.30,  62.2,  7),  -- co_workers
  ('30031000-0000-0000-0000-000000000001', 10,   2.0, 0.34,  88.1,  1),  -- creativity
  ('30031000-0000-0000-0000-000000000001', 11,   0.5, 0.30,  62.2,  8),  -- independence
  ('30031000-0000-0000-0000-000000000001', 12,   0.0, 0.28,  50.0, 12),  -- moral_values
  ('30031000-0000-0000-0000-000000000001', 13,  -0.3, 0.29,  42.6, 14),  -- recognition
  ('30031000-0000-0000-0000-000000000001', 14,   1.0, 0.31,  73.1,  5),  -- responsibility
  ('30031000-0000-0000-0000-000000000001', 15,   0.0, 0.28,  50.0, 10),  -- security
  ('30031000-0000-0000-0000-000000000001', 16,  -0.1, 0.28,  47.5, 15),  -- social_service
  ('30031000-0000-0000-0000-000000000001', 17,  -1.2, 0.32,  23.1, 19),  -- social_status
  ('30031000-0000-0000-0000-000000000001', 18,  -0.5, 0.30,  37.8, 17),  -- supervision_hr
  ('30031000-0000-0000-0000-000000000001', 19,  -0.8, 0.30,  31.0, 18),  -- supervision_technical
  ('30031000-0000-0000-0000-000000000001', 20,  -1.5, 0.33,  18.2, 20),  -- variety
  ('30031000-0000-0000-0000-000000000001', 21,  -1.8, 0.33,  14.2, 21)   -- working_conditions
ON CONFLICT DO NOTHING;

INSERT INTO work_values_scores (session_id, value_id, mu, display_score, rank) VALUES
  ('30031000-0000-0000-0000-000000000001', 'autonomy', 1.6, 83.2, 1),
  ('30031000-0000-0000-0000-000000000001', 'achievement', 1.5, 81.8, 2),
  ('30031000-0000-0000-0000-000000000001', 'altruism', 0.13, 53.3, 3),
  ('30031000-0000-0000-0000-000000000001', 'status', -0.38, 40.7, 4),
  ('30031000-0000-0000-0000-000000000001', 'comfort', -0.42, 39.7, 5),
  ('30031000-0000-0000-0000-000000000001', 'safety', -0.5, 37.8, 6)
ON CONFLICT DO NOTHING;

UPDATE users SET wv_vector = '[1.5,1.5,0.0,0.8,-0.8,1.8,-0.2,0.3,0.5,2.0,0.5,0.0,-0.3,1.0,0.0,-0.1,-1.2,-0.5,-0.8,-1.5,-1.8]'
WHERE id = '10000000-0000-0000-0000-000000000031';

-- ユーザー50: セキュリティエンジニア (責任・能力活用・安定を重視)
INSERT INTO work_values_sessions (id, user_id, circular_triads, consistency_coefficient, consistency_level, purpose)
VALUES ('30032000-0000-0000-0000-000000000001', '10000000-0000-0000-0000-000000000032', 32, 0.917, 'high', 'general')
ON CONFLICT DO NOTHING;

INSERT INTO work_needs_scores (session_id, need_id, mu, se, display_score, rank) VALUES
  ('30032000-0000-0000-0000-000000000001',  1,   1.8, 0.33,  85.8,  2),  -- ability_utilization
  ('30032000-0000-0000-0000-000000000001',  2,   1.0, 0.31,  73.1,  5),  -- achievement
  ('30032000-0000-0000-0000-000000000001',  3,   0.2, 0.29,  55.0, 10),  -- activity
  ('30032000-0000-0000-0000-000000000001',  4,   0.3, 0.29,  57.4,  9),  -- advancement
  ('30032000-0000-0000-0000-000000000001',  5,  -0.3, 0.29,  42.6, 14),  -- authority
  ('30032000-0000-0000-0000-000000000001',  6,   1.0, 0.31,  73.1,  4),  -- autonomy
  ('30032000-0000-0000-0000-000000000001',  7,   0.5, 0.30,  62.2,  7),  -- company_policies
  ('30032000-0000-0000-0000-000000000001',  8,   0.8, 0.30,  69.0,  6),  -- compensation
  ('30032000-0000-0000-0000-000000000001',  9,   0.0, 0.28,  50.0, 11),  -- co_workers
  ('30032000-0000-0000-0000-000000000001', 10,   0.5, 0.30,  62.2,  8),  -- creativity
  ('30032000-0000-0000-0000-000000000001', 11,   0.0, 0.28,  50.0, 12),  -- independence
  ('30032000-0000-0000-0000-000000000001', 12,   1.2, 0.32,  76.9,  3),  -- moral_values
  ('30032000-0000-0000-0000-000000000001', 13,  -0.2, 0.29,  45.0, 13),  -- recognition
  ('30032000-0000-0000-0000-000000000001', 14,   2.0, 0.34,  88.1,  1),  -- responsibility
  ('30032000-0000-0000-0000-000000000001', 15,   1.2, 0.32,  76.9,  3),  -- security
  ('30032000-0000-0000-0000-000000000001', 16,  -0.3, 0.29,  42.6, 15),  -- social_service
  ('30032000-0000-0000-0000-000000000001', 17,  -0.8, 0.30,  31.0, 18),  -- social_status
  ('30032000-0000-0000-0000-000000000001', 18,  -0.5, 0.30,  37.8, 16),  -- supervision_hr
  ('30032000-0000-0000-0000-000000000001', 19,  -0.5, 0.30,  37.8, 17),  -- supervision_technical
  ('30032000-0000-0000-0000-000000000001', 20,  -1.2, 0.32,  23.1, 19),  -- variety
  ('30032000-0000-0000-0000-000000000001', 21,  -1.5, 0.33,  18.2, 20)   -- working_conditions
ON CONFLICT DO NOTHING;

INSERT INTO work_values_scores (session_id, value_id, mu, display_score, rank) VALUES
  ('30032000-0000-0000-0000-000000000001', 'achievement', 1.4, 80.2, 1),
  ('30032000-0000-0000-0000-000000000001', 'autonomy', 1.17, 76.3, 2),
  ('30032000-0000-0000-0000-000000000001', 'altruism', 0.3, 57.4, 3),
  ('30032000-0000-0000-0000-000000000001', 'comfort', -0.08, 47.9, 4),
  ('30032000-0000-0000-0000-000000000001', 'safety', -0.17, 45.8, 5),
  ('30032000-0000-0000-0000-000000000001', 'status', -0.25, 43.8, 6)
ON CONFLICT DO NOTHING;

UPDATE users SET wv_vector = '[1.8,1.0,0.2,0.3,-0.3,1.0,0.5,0.8,0.0,0.5,0.0,1.2,-0.2,2.0,1.2,-0.3,-0.8,-0.5,-0.5,-1.2,-1.5]'
WHERE id = '10000000-0000-0000-0000-000000000032';

-- ユーザー51: データエンジニア (能力活用・達成感・自律を重視)
INSERT INTO work_values_sessions (id, user_id, circular_triads, consistency_coefficient, consistency_level, purpose)
VALUES ('30033000-0000-0000-0000-000000000001', '10000000-0000-0000-0000-000000000033', 35, 0.909, 'high', 'general')
ON CONFLICT DO NOTHING;

INSERT INTO work_needs_scores (session_id, need_id, mu, se, display_score, rank) VALUES
  ('30033000-0000-0000-0000-000000000001',  1,   2.0, 0.34,  88.1,  1),  -- ability_utilization
  ('30033000-0000-0000-0000-000000000001',  2,   1.5, 0.33,  81.8,  2),  -- achievement
  ('30033000-0000-0000-0000-000000000001',  3,  -0.1, 0.28,  47.5, 12),  -- activity
  ('30033000-0000-0000-0000-000000000001',  4,   0.5, 0.30,  62.2,  7),  -- advancement
  ('30033000-0000-0000-0000-000000000001',  5,  -0.8, 0.30,  31.0, 17),  -- authority
  ('30033000-0000-0000-0000-000000000001',  6,   1.2, 0.32,  76.9,  3),  -- autonomy
  ('30033000-0000-0000-0000-000000000001',  7,   0.2, 0.29,  55.0, 10),  -- company_policies
  ('30033000-0000-0000-0000-000000000001',  8,   0.5, 0.30,  62.2,  8),  -- compensation
  ('30033000-0000-0000-0000-000000000001',  9,   0.8, 0.30,  69.0,  5),  -- co_workers
  ('30033000-0000-0000-0000-000000000001', 10,   1.0, 0.31,  73.1,  4),  -- creativity
  ('30033000-0000-0000-0000-000000000001', 11,   0.3, 0.29,  57.4,  9),  -- independence
  ('30033000-0000-0000-0000-000000000001', 12,   0.0, 0.28,  50.0, 11),  -- moral_values
  ('30033000-0000-0000-0000-000000000001', 13,  -0.3, 0.29,  42.6, 13),  -- recognition
  ('30033000-0000-0000-0000-000000000001', 14,   0.5, 0.30,  62.2,  6),  -- responsibility
  ('30033000-0000-0000-0000-000000000001', 15,   0.0, 0.28,  50.0, 11),  -- security
  ('30033000-0000-0000-0000-000000000001', 16,  -0.3, 0.29,  42.6, 14),  -- social_service
  ('30033000-0000-0000-0000-000000000001', 17,  -1.0, 0.31,  26.9, 18),  -- social_status
  ('30033000-0000-0000-0000-000000000001', 18,  -0.5, 0.30,  37.8, 15),  -- supervision_hr
  ('30033000-0000-0000-0000-000000000001', 19,  -0.5, 0.30,  37.8, 16),  -- supervision_technical
  ('30033000-0000-0000-0000-000000000001', 20,  -1.2, 0.32,  23.1, 19),  -- variety
  ('30033000-0000-0000-0000-000000000001', 21,  -1.5, 0.33,  18.2, 20)   -- working_conditions
ON CONFLICT DO NOTHING;

INSERT INTO work_values_scores (session_id, value_id, mu, display_score, rank) VALUES
  ('30033000-0000-0000-0000-000000000001', 'achievement', 1.75, 85.2, 1),
  ('30033000-0000-0000-0000-000000000001', 'autonomy', 0.9, 71.1, 2),
  ('30033000-0000-0000-0000-000000000001', 'altruism', 0.17, 54.2, 3),
  ('30033000-0000-0000-0000-000000000001', 'safety', -0.27, 43.4, 4),
  ('30033000-0000-0000-0000-000000000001', 'comfort', -0.33, 41.7, 5),
  ('30033000-0000-0000-0000-000000000001', 'status', -0.4, 40.1, 6)
ON CONFLICT DO NOTHING;

UPDATE users SET wv_vector = '[2.0,1.5,-0.1,0.5,-0.8,1.2,0.2,0.5,0.8,1.0,0.3,0.0,-0.3,0.5,0.0,-0.3,-1.0,-0.5,-0.5,-1.2,-1.5]'
WHERE id = '10000000-0000-0000-0000-000000000033';

-- ユーザー52: Javaアーキテクト (責任・安定・報酬を重視)
INSERT INTO work_values_sessions (id, user_id, circular_triads, consistency_coefficient, consistency_level, purpose)
VALUES ('30034000-0000-0000-0000-000000000001', '10000000-0000-0000-0000-000000000034', 36, 0.907, 'high', 'general')
ON CONFLICT DO NOTHING;

INSERT INTO work_needs_scores (session_id, need_id, mu, se, display_score, rank) VALUES
  ('30034000-0000-0000-0000-000000000001',  1,   1.2, 0.32,  76.9,  4),  -- ability_utilization
  ('30034000-0000-0000-0000-000000000001',  2,   1.0, 0.31,  73.1,  5),  -- achievement
  ('30034000-0000-0000-0000-000000000001',  3,   0.2, 0.29,  55.0, 10),  -- activity
  ('30034000-0000-0000-0000-000000000001',  4,   0.8, 0.30,  69.0,  6),  -- advancement
  ('30034000-0000-0000-0000-000000000001',  5,   0.0, 0.28,  50.0, 12),  -- authority
  ('30034000-0000-0000-0000-000000000001',  6,   0.5, 0.30,  62.2,  8),  -- autonomy
  ('30034000-0000-0000-0000-000000000001',  7,   0.5, 0.30,  62.2,  7),  -- company_policies
  ('30034000-0000-0000-0000-000000000001',  8,   1.5, 0.33,  81.8,  2),  -- compensation
  ('30034000-0000-0000-0000-000000000001',  9,   0.3, 0.29,  57.4,  9),  -- co_workers
  ('30034000-0000-0000-0000-000000000001', 10,   0.0, 0.28,  50.0, 11),  -- creativity
  ('30034000-0000-0000-0000-000000000001', 11,   0.0, 0.28,  50.0, 13),  -- independence
  ('30034000-0000-0000-0000-000000000001', 12,   0.3, 0.29,  57.4, 10),  -- moral_values
  ('30034000-0000-0000-0000-000000000001', 13,  -0.2, 0.29,  45.0, 14),  -- recognition
  ('30034000-0000-0000-0000-000000000001', 14,   1.8, 0.33,  85.8,  1),  -- responsibility
  ('30034000-0000-0000-0000-000000000001', 15,   1.2, 0.32,  76.9,  3),  -- security
  ('30034000-0000-0000-0000-000000000001', 16,  -0.3, 0.29,  42.6, 15),  -- social_service
  ('30034000-0000-0000-0000-000000000001', 17,  -0.5, 0.30,  37.8, 17),  -- social_status
  ('30034000-0000-0000-0000-000000000001', 18,  -0.3, 0.29,  42.6, 16),  -- supervision_hr
  ('30034000-0000-0000-0000-000000000001', 19,  -0.8, 0.30,  31.0, 18),  -- supervision_technical
  ('30034000-0000-0000-0000-000000000001', 20,  -1.2, 0.32,  23.1, 19),  -- variety
  ('30034000-0000-0000-0000-000000000001', 21,  -1.5, 0.33,  18.2, 20)   -- working_conditions
ON CONFLICT DO NOTHING;

INSERT INTO work_values_scores (session_id, value_id, mu, display_score, rank) VALUES
  ('30034000-0000-0000-0000-000000000001', 'achievement', 1.1, 75.0, 1),
  ('30034000-0000-0000-0000-000000000001', 'autonomy', 0.77, 68.3, 2),
  ('30034000-0000-0000-0000-000000000001', 'altruism', 0.1, 52.5, 3),
  ('30034000-0000-0000-0000-000000000001', 'comfort', 0.03, 50.8, 4),
  ('30034000-0000-0000-0000-000000000001', 'status', 0.03, 50.6, 5),
  ('30034000-0000-0000-0000-000000000001', 'safety', -0.2, 45.0, 6)
ON CONFLICT DO NOTHING;

UPDATE users SET wv_vector = '[1.2,1.0,0.2,0.8,0.0,0.5,0.5,1.5,0.3,0.0,0.0,0.3,-0.2,1.8,1.2,-0.3,-0.5,-0.3,-0.8,-1.2,-1.5]'
WHERE id = '10000000-0000-0000-0000-000000000034';

-- ユーザー53: QAエンジニア (達成感・仲間・道徳を重視)
INSERT INTO work_values_sessions (id, user_id, circular_triads, consistency_coefficient, consistency_level, purpose)
VALUES ('30035000-0000-0000-0000-000000000001', '10000000-0000-0000-0000-000000000035', 33, 0.914, 'high', 'general')
ON CONFLICT DO NOTHING;

INSERT INTO work_needs_scores (session_id, need_id, mu, se, display_score, rank) VALUES
  ('30035000-0000-0000-0000-000000000001',  1,   1.0, 0.31,  73.1,  4),  -- ability_utilization
  ('30035000-0000-0000-0000-000000000001',  2,   1.8, 0.33,  85.8,  1),  -- achievement
  ('30035000-0000-0000-0000-000000000001',  3,   0.3, 0.29,  57.4, 10),  -- activity
  ('30035000-0000-0000-0000-000000000001',  4,   0.5, 0.30,  62.2,  7),  -- advancement
  ('30035000-0000-0000-0000-000000000001',  5,  -0.8, 0.30,  31.0, 17),  -- authority
  ('30035000-0000-0000-0000-000000000001',  6,   0.8, 0.30,  69.0,  6),  -- autonomy
  ('30035000-0000-0000-0000-000000000001',  7,   0.3, 0.29,  57.4,  9),  -- company_policies
  ('30035000-0000-0000-0000-000000000001',  8,   0.2, 0.29,  55.0, 11),  -- compensation
  ('30035000-0000-0000-0000-000000000001',  9,   1.5, 0.33,  81.8,  2),  -- co_workers
  ('30035000-0000-0000-0000-000000000001', 10,   0.5, 0.30,  62.2,  8),  -- creativity
  ('30035000-0000-0000-0000-000000000001', 11,   0.0, 0.28,  50.0, 12),  -- independence
  ('30035000-0000-0000-0000-000000000001', 12,   1.2, 0.32,  76.9,  3),  -- moral_values
  ('30035000-0000-0000-0000-000000000001', 13,   0.0, 0.28,  50.0, 13),  -- recognition
  ('30035000-0000-0000-0000-000000000001', 14,   0.8, 0.30,  69.0,  5),  -- responsibility
  ('30035000-0000-0000-0000-000000000001', 15,   0.2, 0.29,  55.0, 11),  -- security
  ('30035000-0000-0000-0000-000000000001', 16,  -0.2, 0.29,  45.0, 14),  -- social_service
  ('30035000-0000-0000-0000-000000000001', 17,  -1.0, 0.31,  26.9, 18),  -- social_status
  ('30035000-0000-0000-0000-000000000001', 18,  -0.3, 0.29,  42.6, 15),  -- supervision_hr
  ('30035000-0000-0000-0000-000000000001', 19,  -0.5, 0.30,  37.8, 16),  -- supervision_technical
  ('30035000-0000-0000-0000-000000000001', 20,  -1.2, 0.32,  23.1, 19),  -- variety
  ('30035000-0000-0000-0000-000000000001', 21,  -1.5, 0.33,  18.2, 20)   -- working_conditions
ON CONFLICT DO NOTHING;

INSERT INTO work_values_scores (session_id, value_id, mu, display_score, rank) VALUES
  ('30035000-0000-0000-0000-000000000001', 'achievement', 1.4, 80.2, 1),
  ('30035000-0000-0000-0000-000000000001', 'altruism', 0.83, 69.7, 2),
  ('30035000-0000-0000-0000-000000000001', 'autonomy', 0.7, 66.8, 3),
  ('30035000-0000-0000-0000-000000000001', 'safety', -0.17, 45.8, 4),
  ('30035000-0000-0000-0000-000000000001', 'comfort', -0.33, 41.7, 5),
  ('30035000-0000-0000-0000-000000000001', 'status', -0.33, 41.9, 6)
ON CONFLICT DO NOTHING;

UPDATE users SET wv_vector = '[1.0,1.8,0.3,0.5,-0.8,0.8,0.3,0.2,1.5,0.5,0.0,1.2,0.0,0.8,0.2,-0.2,-1.0,-0.3,-0.5,-1.2,-1.5]'
WHERE id = '10000000-0000-0000-0000-000000000035';

-- ============================================================
-- Career Interest 診断データ
-- ============================================================

-- ユーザー44: Rust → I(研究)・R(現実)型
INSERT INTO career_interest_sessions (id, user_id)
VALUES ('3102c000-0000-0000-0000-000000000001', '10000000-0000-0000-0000-00000000002c')
ON CONFLICT DO NOTHING;

INSERT INTO career_interest_scores (session_id, basic_interest_id, score, rank) VALUES
  ('3102c000-0000-0000-0000-000000000001', 'A1', 2.3, 15),
  ('3102c000-0000-0000-0000-000000000001', 'A2', 2.0, 18),
  ('3102c000-0000-0000-0000-000000000001', 'A3', 2.0, 19),
  ('3102c000-0000-0000-0000-000000000001', 'C1', 3.2, 8),
  ('3102c000-0000-0000-0000-000000000001', 'C2', 3.0, 10),
  ('3102c000-0000-0000-0000-000000000001', 'C3', 2.8, 12),
  ('3102c000-0000-0000-0000-000000000001', 'E1', 2.5, 14),
  ('3102c000-0000-0000-0000-000000000001', 'E2', 2.3, 16),
  ('3102c000-0000-0000-0000-000000000001', 'E3', 2.0, 17),
  ('3102c000-0000-0000-0000-000000000001', 'I1', 4.8, 1),
  ('3102c000-0000-0000-0000-000000000001', 'I2', 4.5, 2),
  ('3102c000-0000-0000-0000-000000000001', 'I3', 4.2, 3),
  ('3102c000-0000-0000-0000-000000000001', 'I4', 4.0, 4),
  ('3102c000-0000-0000-0000-000000000001', 'R1', 3.8, 5),
  ('3102c000-0000-0000-0000-000000000001', 'R2', 3.5, 6),
  ('3102c000-0000-0000-0000-000000000001', 'R3', 3.2, 7),
  ('3102c000-0000-0000-0000-000000000001', 'S1', 2.8, 11),
  ('3102c000-0000-0000-0000-000000000001', 'S2', 2.0, 20),
  ('3102c000-0000-0000-0000-000000000001', 'S3', 2.8, 13),
  ('3102c000-0000-0000-0000-000000000001', 'S4', 3.0, 9)
ON CONFLICT DO NOTHING;

-- R=(3.8+3.5+3.2)/3=3.50, I=(4.8+4.5+4.2+4.0)/4=4.38, A=(2.3+2.0+2.0)/3=2.10, S=(2.8+2.0+2.8+3.0)/4=2.65, E=(2.5+2.3+2.0)/3=2.27, C=(3.2+3.0+2.8)/3=3.00
INSERT INTO career_riasec_scores (session_id, riasec_type, score, rank) VALUES
  ('3102c000-0000-0000-0000-000000000001', 'I', 4.38, 1),
  ('3102c000-0000-0000-0000-000000000001', 'R', 3.50, 2),
  ('3102c000-0000-0000-0000-000000000001', 'C', 3.00, 3),
  ('3102c000-0000-0000-0000-000000000001', 'S', 2.65, 4),
  ('3102c000-0000-0000-0000-000000000001', 'E', 2.27, 5),
  ('3102c000-0000-0000-0000-000000000001', 'A', 2.10, 6)
ON CONFLICT DO NOTHING;

UPDATE users SET ci_vector = '[2.3,2.0,2.0,3.2,3.0,2.8,2.5,2.3,2.0,4.8,4.5,4.2,4.0,3.8,3.5,3.2,2.8,2.0,2.8,3.0]'
WHERE id = '10000000-0000-0000-0000-00000000002c';

-- ユーザー45: データサイエンティスト → I(研究)・C(慣習)型
INSERT INTO career_interest_sessions (id, user_id)
VALUES ('3102d000-0000-0000-0000-000000000001', '10000000-0000-0000-0000-00000000002d')
ON CONFLICT DO NOTHING;

INSERT INTO career_interest_scores (session_id, basic_interest_id, score, rank) VALUES
  ('3102d000-0000-0000-0000-000000000001', 'A1', 2.5, 14),
  ('3102d000-0000-0000-0000-000000000001', 'A2', 2.3, 16),
  ('3102d000-0000-0000-0000-000000000001', 'A3', 2.0, 18),
  ('3102d000-0000-0000-0000-000000000001', 'C1', 4.0, 3),
  ('3102d000-0000-0000-0000-000000000001', 'C2', 3.8, 5),
  ('3102d000-0000-0000-0000-000000000001', 'C3', 3.5, 7),
  ('3102d000-0000-0000-0000-000000000001', 'E1', 2.5, 15),
  ('3102d000-0000-0000-0000-000000000001', 'E2', 2.3, 17),
  ('3102d000-0000-0000-0000-000000000001', 'E3', 2.0, 19),
  ('3102d000-0000-0000-0000-000000000001', 'I1', 4.5, 1),
  ('3102d000-0000-0000-0000-000000000001', 'I2', 4.3, 2),
  ('3102d000-0000-0000-0000-000000000001', 'I3', 4.0, 4),
  ('3102d000-0000-0000-0000-000000000001', 'I4', 3.8, 6),
  ('3102d000-0000-0000-0000-000000000001', 'R1', 3.0, 10),
  ('3102d000-0000-0000-0000-000000000001', 'R2', 3.2, 8),
  ('3102d000-0000-0000-0000-000000000001', 'R3', 2.0, 20),
  ('3102d000-0000-0000-0000-000000000001', 'S1', 3.0, 9),
  ('3102d000-0000-0000-0000-000000000001', 'S2', 3.0, 11),
  ('3102d000-0000-0000-0000-000000000001', 'S3', 2.8, 12),
  ('3102d000-0000-0000-0000-000000000001', 'S4', 2.8, 13)
ON CONFLICT DO NOTHING;

-- R=(3.0+3.2+2.0)/3=2.73, I=(4.5+4.3+4.0+3.8)/4=4.15, A=(2.5+2.3+2.0)/3=2.27, S=(3.0+3.0+2.8+2.8)/4=2.90, E=(2.5+2.3+2.0)/3=2.27, C=(4.0+3.8+3.5)/3=3.77
INSERT INTO career_riasec_scores (session_id, riasec_type, score, rank) VALUES
  ('3102d000-0000-0000-0000-000000000001', 'I', 4.15, 1),
  ('3102d000-0000-0000-0000-000000000001', 'C', 3.77, 2),
  ('3102d000-0000-0000-0000-000000000001', 'S', 2.90, 3),
  ('3102d000-0000-0000-0000-000000000001', 'R', 2.73, 4),
  ('3102d000-0000-0000-0000-000000000001', 'A', 2.27, 5),
  ('3102d000-0000-0000-0000-000000000001', 'E', 2.27, 6)
ON CONFLICT DO NOTHING;

UPDATE users SET ci_vector = '[2.5,2.3,2.0,4.0,3.8,3.5,2.5,2.3,2.0,4.5,4.3,4.0,3.8,3.0,3.2,2.0,3.0,3.0,2.8,2.8]'
WHERE id = '10000000-0000-0000-0000-00000000002d';

-- ユーザー46: Android → A(芸術)・R(現実)型
INSERT INTO career_interest_sessions (id, user_id)
VALUES ('3102e000-0000-0000-0000-000000000001', '10000000-0000-0000-0000-00000000002e')
ON CONFLICT DO NOTHING;

INSERT INTO career_interest_scores (session_id, basic_interest_id, score, rank) VALUES
  ('3102e000-0000-0000-0000-000000000001', 'A1', 4.0, 3),
  ('3102e000-0000-0000-0000-000000000001', 'A2', 3.8, 5),
  ('3102e000-0000-0000-0000-000000000001', 'A3', 4.2, 2),
  ('3102e000-0000-0000-0000-000000000001', 'C1', 2.5, 14),
  ('3102e000-0000-0000-0000-000000000001', 'C2', 2.3, 16),
  ('3102e000-0000-0000-0000-000000000001', 'C3', 2.0, 18),
  ('3102e000-0000-0000-0000-000000000001', 'E1', 2.8, 12),
  ('3102e000-0000-0000-0000-000000000001', 'E2', 2.5, 15),
  ('3102e000-0000-0000-0000-000000000001', 'E3', 2.3, 17),
  ('3102e000-0000-0000-0000-000000000001', 'I1', 3.8, 4),
  ('3102e000-0000-0000-0000-000000000001', 'I2', 3.5, 7),
  ('3102e000-0000-0000-0000-000000000001', 'I3', 3.2, 9),
  ('3102e000-0000-0000-0000-000000000001', 'I4', 3.0, 10),
  ('3102e000-0000-0000-0000-000000000001', 'R1', 4.3, 1),
  ('3102e000-0000-0000-0000-000000000001', 'R2', 3.5, 6),
  ('3102e000-0000-0000-0000-000000000001', 'R3', 3.2, 8),
  ('3102e000-0000-0000-0000-000000000001', 'S1', 2.8, 11),
  ('3102e000-0000-0000-0000-000000000001', 'S2', 2.5, 13),
  ('3102e000-0000-0000-0000-000000000001', 'S3', 2.0, 19),
  ('3102e000-0000-0000-0000-000000000001', 'S4', 2.0, 20)
ON CONFLICT DO NOTHING;

-- R=(4.3+3.5+3.2)/3=3.67, I=(3.8+3.5+3.2+3.0)/4=3.38, A=(4.0+3.8+4.2)/3=4.00, S=(2.8+2.5+2.0+2.0)/4=2.33, E=(2.8+2.5+2.3)/3=2.53, C=(2.5+2.3+2.0)/3=2.27
INSERT INTO career_riasec_scores (session_id, riasec_type, score, rank) VALUES
  ('3102e000-0000-0000-0000-000000000001', 'A', 4.00, 1),
  ('3102e000-0000-0000-0000-000000000001', 'R', 3.67, 2),
  ('3102e000-0000-0000-0000-000000000001', 'I', 3.38, 3),
  ('3102e000-0000-0000-0000-000000000001', 'E', 2.53, 4),
  ('3102e000-0000-0000-0000-000000000001', 'S', 2.33, 5),
  ('3102e000-0000-0000-0000-000000000001', 'C', 2.27, 6)
ON CONFLICT DO NOTHING;

UPDATE users SET ci_vector = '[4.0,3.8,4.2,2.5,2.3,2.0,2.8,2.5,2.3,3.8,3.5,3.2,3.0,4.3,3.5,3.2,2.8,2.5,2.0,2.0]'
WHERE id = '10000000-0000-0000-0000-00000000002e';

-- ユーザー47: UXリサーチャー → A(芸術)・S(社会)型
INSERT INTO career_interest_sessions (id, user_id)
VALUES ('3102f000-0000-0000-0000-000000000001', '10000000-0000-0000-0000-00000000002f')
ON CONFLICT DO NOTHING;

INSERT INTO career_interest_scores (session_id, basic_interest_id, score, rank) VALUES
  ('3102f000-0000-0000-0000-000000000001', 'A1', 4.5, 1),
  ('3102f000-0000-0000-0000-000000000001', 'A2', 4.2, 3),
  ('3102f000-0000-0000-0000-000000000001', 'A3', 4.0, 4),
  ('3102f000-0000-0000-0000-000000000001', 'C1', 2.3, 16),
  ('3102f000-0000-0000-0000-000000000001', 'C2', 2.0, 18),
  ('3102f000-0000-0000-0000-000000000001', 'C3', 2.0, 19),
  ('3102f000-0000-0000-0000-000000000001', 'E1', 2.5, 14),
  ('3102f000-0000-0000-0000-000000000001', 'E2', 2.3, 17),
  ('3102f000-0000-0000-0000-000000000001', 'E3', 2.5, 15),
  ('3102f000-0000-0000-0000-000000000001', 'I1', 3.2, 8),
  ('3102f000-0000-0000-0000-000000000001', 'I2', 3.0, 10),
  ('3102f000-0000-0000-0000-000000000001', 'I3', 2.8, 12),
  ('3102f000-0000-0000-0000-000000000001', 'I4', 2.8, 13),
  ('3102f000-0000-0000-0000-000000000001', 'R1', 2.5, 11),  -- NOTE: not strong R
  ('3102f000-0000-0000-0000-000000000001', 'R2', 2.0, 20),
  ('3102f000-0000-0000-0000-000000000001', 'R3', 3.0, 9),
  ('3102f000-0000-0000-0000-000000000001', 'S1', 4.3, 2),
  ('3102f000-0000-0000-0000-000000000001', 'S2', 3.5, 5),
  ('3102f000-0000-0000-0000-000000000001', 'S3', 3.5, 6),
  ('3102f000-0000-0000-0000-000000000001', 'S4', 3.2, 7)
ON CONFLICT DO NOTHING;

-- R=(2.5+2.0+3.0)/3=2.50, I=(3.2+3.0+2.8+2.8)/4=2.95, A=(4.5+4.2+4.0)/3=4.23, S=(4.3+3.5+3.5+3.2)/4=3.63, E=(2.5+2.3+2.5)/3=2.43, C=(2.3+2.0+2.0)/3=2.10
INSERT INTO career_riasec_scores (session_id, riasec_type, score, rank) VALUES
  ('3102f000-0000-0000-0000-000000000001', 'A', 4.23, 1),
  ('3102f000-0000-0000-0000-000000000001', 'S', 3.63, 2),
  ('3102f000-0000-0000-0000-000000000001', 'I', 2.95, 3),
  ('3102f000-0000-0000-0000-000000000001', 'R', 2.50, 4),
  ('3102f000-0000-0000-0000-000000000001', 'E', 2.43, 5),
  ('3102f000-0000-0000-0000-000000000001', 'C', 2.10, 6)
ON CONFLICT DO NOTHING;

UPDATE users SET ci_vector = '[4.5,4.2,4.0,2.3,2.0,2.0,2.5,2.3,2.5,3.2,3.0,2.8,2.8,2.5,2.0,3.0,4.3,3.5,3.5,3.2]'
WHERE id = '10000000-0000-0000-0000-00000000002f';

-- ユーザー48: プラットフォームエンジニア → I(研究)・R(現実)型
INSERT INTO career_interest_sessions (id, user_id)
VALUES ('31030000-0000-0000-0000-000000000001', '10000000-0000-0000-0000-000000000030')
ON CONFLICT DO NOTHING;

INSERT INTO career_interest_scores (session_id, basic_interest_id, score, rank) VALUES
  ('31030000-0000-0000-0000-000000000001', 'A1', 2.0, 17),
  ('31030000-0000-0000-0000-000000000001', 'A2', 2.0, 18),
  ('31030000-0000-0000-0000-000000000001', 'A3', 1.8, 19),
  ('31030000-0000-0000-0000-000000000001', 'C1', 3.5, 6),
  ('31030000-0000-0000-0000-000000000001', 'C2', 3.5, 7),
  ('31030000-0000-0000-0000-000000000001', 'C3', 3.2, 9),
  ('31030000-0000-0000-0000-000000000001', 'E1', 2.8, 12),
  ('31030000-0000-0000-0000-000000000001', 'E2', 2.5, 14),
  ('31030000-0000-0000-0000-000000000001', 'E3', 2.5, 15),
  ('31030000-0000-0000-0000-000000000001', 'I1', 4.5, 1),
  ('31030000-0000-0000-0000-000000000001', 'I2', 4.2, 2),
  ('31030000-0000-0000-0000-000000000001', 'I3', 4.0, 3),
  ('31030000-0000-0000-0000-000000000001', 'I4', 3.8, 5),
  ('31030000-0000-0000-0000-000000000001', 'R1', 4.0, 4),
  ('31030000-0000-0000-0000-000000000001', 'R2', 3.5, 8),
  ('31030000-0000-0000-0000-000000000001', 'R3', 3.0, 10),
  ('31030000-0000-0000-0000-000000000001', 'S1', 2.5, 13),
  ('31030000-0000-0000-0000-000000000001', 'S2', 2.3, 16),
  ('31030000-0000-0000-0000-000000000001', 'S3', 1.8, 20),
  ('31030000-0000-0000-0000-000000000001', 'S4', 3.0, 11)
ON CONFLICT DO NOTHING;

-- R=(4.0+3.5+3.0)/3=3.50, I=(4.5+4.2+4.0+3.8)/4=4.13, A=(2.0+2.0+1.8)/3=1.93, S=(2.5+2.3+1.8+3.0)/4=2.40, E=(2.8+2.5+2.5)/3=2.60, C=(3.5+3.5+3.2)/3=3.40
INSERT INTO career_riasec_scores (session_id, riasec_type, score, rank) VALUES
  ('31030000-0000-0000-0000-000000000001', 'I', 4.13, 1),
  ('31030000-0000-0000-0000-000000000001', 'R', 3.50, 2),
  ('31030000-0000-0000-0000-000000000001', 'C', 3.40, 3),
  ('31030000-0000-0000-0000-000000000001', 'E', 2.60, 4),
  ('31030000-0000-0000-0000-000000000001', 'S', 2.40, 5),
  ('31030000-0000-0000-0000-000000000001', 'A', 1.93, 6)
ON CONFLICT DO NOTHING;

UPDATE users SET ci_vector = '[2.0,2.0,1.8,3.5,3.5,3.2,2.8,2.5,2.5,4.5,4.2,4.0,3.8,4.0,3.5,3.0,2.5,2.3,1.8,3.0]'
WHERE id = '10000000-0000-0000-0000-000000000030';

-- ユーザー49: フルスタック → I(研究)・A(芸術)型
INSERT INTO career_interest_sessions (id, user_id)
VALUES ('31031000-0000-0000-0000-000000000001', '10000000-0000-0000-0000-000000000031')
ON CONFLICT DO NOTHING;

INSERT INTO career_interest_scores (session_id, basic_interest_id, score, rank) VALUES
  ('31031000-0000-0000-0000-000000000001', 'A1', 3.8, 4),
  ('31031000-0000-0000-0000-000000000001', 'A2', 3.5, 7),
  ('31031000-0000-0000-0000-000000000001', 'A3', 3.5, 8),
  ('31031000-0000-0000-0000-000000000001', 'C1', 2.8, 12),
  ('31031000-0000-0000-0000-000000000001', 'C2', 2.5, 14),
  ('31031000-0000-0000-0000-000000000001', 'C3', 2.3, 16),
  ('31031000-0000-0000-0000-000000000001', 'E1', 3.0, 10),
  ('31031000-0000-0000-0000-000000000001', 'E2', 2.8, 13),
  ('31031000-0000-0000-0000-000000000001', 'E3', 3.0, 11),
  ('31031000-0000-0000-0000-000000000001', 'I1', 4.5, 1),
  ('31031000-0000-0000-0000-000000000001', 'I2', 4.0, 2),
  ('31031000-0000-0000-0000-000000000001', 'I3', 3.8, 3),
  ('31031000-0000-0000-0000-000000000001', 'I4', 3.5, 5),
  ('31031000-0000-0000-0000-000000000001', 'R1', 3.5, 6),
  ('31031000-0000-0000-0000-000000000001', 'R2', 3.0, 9),
  ('31031000-0000-0000-0000-000000000001', 'R3', 2.5, 15),
  ('31031000-0000-0000-0000-000000000001', 'S1', 2.3, 17),
  ('31031000-0000-0000-0000-000000000001', 'S2', 2.0, 19),
  ('31031000-0000-0000-0000-000000000001', 'S3', 2.0, 20),
  ('31031000-0000-0000-0000-000000000001', 'S4', 2.3, 18)
ON CONFLICT DO NOTHING;

-- R=(3.5+3.0+2.5)/3=3.00, I=(4.5+4.0+3.8+3.5)/4=3.95, A=(3.8+3.5+3.5)/3=3.60, S=(2.3+2.0+2.0+2.3)/4=2.15, E=(3.0+2.8+3.0)/3=2.93, C=(2.8+2.5+2.3)/3=2.53
INSERT INTO career_riasec_scores (session_id, riasec_type, score, rank) VALUES
  ('31031000-0000-0000-0000-000000000001', 'I', 3.95, 1),
  ('31031000-0000-0000-0000-000000000001', 'A', 3.60, 2),
  ('31031000-0000-0000-0000-000000000001', 'R', 3.00, 3),
  ('31031000-0000-0000-0000-000000000001', 'E', 2.93, 4),
  ('31031000-0000-0000-0000-000000000001', 'C', 2.53, 5),
  ('31031000-0000-0000-0000-000000000001', 'S', 2.15, 6)
ON CONFLICT DO NOTHING;

UPDATE users SET ci_vector = '[3.8,3.5,3.5,2.8,2.5,2.3,3.0,2.8,3.0,4.5,4.0,3.8,3.5,3.5,3.0,2.5,2.3,2.0,2.0,2.3]'
WHERE id = '10000000-0000-0000-0000-000000000031';

-- ユーザー50: セキュリティ → I(研究)・C(慣習)型
INSERT INTO career_interest_sessions (id, user_id)
VALUES ('31032000-0000-0000-0000-000000000001', '10000000-0000-0000-0000-000000000032')
ON CONFLICT DO NOTHING;

INSERT INTO career_interest_scores (session_id, basic_interest_id, score, rank) VALUES
  ('31032000-0000-0000-0000-000000000001', 'A1', 2.0, 17),
  ('31032000-0000-0000-0000-000000000001', 'A2', 2.0, 18),
  ('31032000-0000-0000-0000-000000000001', 'A3', 1.8, 19),
  ('31032000-0000-0000-0000-000000000001', 'C1', 4.0, 3),
  ('31032000-0000-0000-0000-000000000001', 'C2', 3.8, 5),
  ('31032000-0000-0000-0000-000000000001', 'C3', 3.5, 7),
  ('31032000-0000-0000-0000-000000000001', 'E1', 2.8, 12),
  ('31032000-0000-0000-0000-000000000001', 'E2', 2.5, 14),
  ('31032000-0000-0000-0000-000000000001', 'E3', 2.3, 16),
  ('31032000-0000-0000-0000-000000000001', 'I1', 4.5, 1),
  ('31032000-0000-0000-0000-000000000001', 'I2', 4.2, 2),
  ('31032000-0000-0000-0000-000000000001', 'I3', 3.8, 4),
  ('31032000-0000-0000-0000-000000000001', 'I4', 3.5, 6),
  ('31032000-0000-0000-0000-000000000001', 'R1', 3.5, 8),
  ('31032000-0000-0000-0000-000000000001', 'R2', 3.2, 9),
  ('31032000-0000-0000-0000-000000000001', 'R3', 3.0, 10),
  ('31032000-0000-0000-0000-000000000001', 'S1', 2.5, 13),
  ('31032000-0000-0000-0000-000000000001', 'S2', 2.5, 15),
  ('31032000-0000-0000-0000-000000000001', 'S3', 3.0, 11),
  ('31032000-0000-0000-0000-000000000001', 'S4', 1.5, 20)
ON CONFLICT DO NOTHING;

-- R=(3.5+3.2+3.0)/3=3.23, I=(4.5+4.2+3.8+3.5)/4=4.00, A=(2.0+2.0+1.8)/3=1.93, S=(2.5+2.5+3.0+1.5)/4=2.38, E=(2.8+2.5+2.3)/3=2.53, C=(4.0+3.8+3.5)/3=3.77
INSERT INTO career_riasec_scores (session_id, riasec_type, score, rank) VALUES
  ('31032000-0000-0000-0000-000000000001', 'I', 4.00, 1),
  ('31032000-0000-0000-0000-000000000001', 'C', 3.77, 2),
  ('31032000-0000-0000-0000-000000000001', 'R', 3.23, 3),
  ('31032000-0000-0000-0000-000000000001', 'E', 2.53, 4),
  ('31032000-0000-0000-0000-000000000001', 'S', 2.38, 5),
  ('31032000-0000-0000-0000-000000000001', 'A', 1.93, 6)
ON CONFLICT DO NOTHING;

UPDATE users SET ci_vector = '[2.0,2.0,1.8,4.0,3.8,3.5,2.8,2.5,2.3,4.5,4.2,3.8,3.5,3.5,3.2,3.0,2.5,2.5,3.0,1.5]'
WHERE id = '10000000-0000-0000-0000-000000000032';

-- ユーザー51: データエンジニア → I(研究)・C(慣習)型
INSERT INTO career_interest_sessions (id, user_id)
VALUES ('31033000-0000-0000-0000-000000000001', '10000000-0000-0000-0000-000000000033')
ON CONFLICT DO NOTHING;

INSERT INTO career_interest_scores (session_id, basic_interest_id, score, rank) VALUES
  ('31033000-0000-0000-0000-000000000001', 'A1', 2.3, 15),
  ('31033000-0000-0000-0000-000000000001', 'A2', 2.0, 18),
  ('31033000-0000-0000-0000-000000000001', 'A3', 2.3, 16),
  ('31033000-0000-0000-0000-000000000001', 'C1', 4.2, 2),
  ('31033000-0000-0000-0000-000000000001', 'C2', 4.0, 3),
  ('31033000-0000-0000-0000-000000000001', 'C3', 3.8, 5),
  ('31033000-0000-0000-0000-000000000001', 'E1', 2.5, 14),
  ('31033000-0000-0000-0000-000000000001', 'E2', 2.3, 17),
  ('31033000-0000-0000-0000-000000000001', 'E3', 2.0, 19),
  ('31033000-0000-0000-0000-000000000001', 'I1', 4.5, 1),
  ('31033000-0000-0000-0000-000000000001', 'I2', 4.0, 4),
  ('31033000-0000-0000-0000-000000000001', 'I3', 3.8, 6),
  ('31033000-0000-0000-0000-000000000001', 'I4', 3.5, 8),
  ('31033000-0000-0000-0000-000000000001', 'R1', 3.2, 9),
  ('31033000-0000-0000-0000-000000000001', 'R2', 3.5, 7),
  ('31033000-0000-0000-0000-000000000001', 'R3', 2.0, 20),
  ('31033000-0000-0000-0000-000000000001', 'S1', 3.0, 10),
  ('31033000-0000-0000-0000-000000000001', 'S2', 2.8, 11),
  ('31033000-0000-0000-0000-000000000001', 'S3', 2.8, 12),
  ('31033000-0000-0000-0000-000000000001', 'S4', 2.8, 13)
ON CONFLICT DO NOTHING;

-- R=(3.2+3.5+2.0)/3=2.90, I=(4.5+4.0+3.8+3.5)/4=3.95, A=(2.3+2.0+2.3)/3=2.20, S=(3.0+2.8+2.8+2.8)/4=2.85, E=(2.5+2.3+2.0)/3=2.27, C=(4.2+4.0+3.8)/3=4.00
INSERT INTO career_riasec_scores (session_id, riasec_type, score, rank) VALUES
  ('31033000-0000-0000-0000-000000000001', 'C', 4.00, 1),
  ('31033000-0000-0000-0000-000000000001', 'I', 3.95, 2),
  ('31033000-0000-0000-0000-000000000001', 'R', 2.90, 3),
  ('31033000-0000-0000-0000-000000000001', 'S', 2.85, 4),
  ('31033000-0000-0000-0000-000000000001', 'E', 2.27, 5),
  ('31033000-0000-0000-0000-000000000001', 'A', 2.20, 6)
ON CONFLICT DO NOTHING;

UPDATE users SET ci_vector = '[2.3,2.0,2.3,4.2,4.0,3.8,2.5,2.3,2.0,4.5,4.0,3.8,3.5,3.2,3.5,2.0,3.0,2.8,2.8,2.8]'
WHERE id = '10000000-0000-0000-0000-000000000033';

-- ユーザー52: Java → R(現実)・C(慣習)型
INSERT INTO career_interest_sessions (id, user_id)
VALUES ('31034000-0000-0000-0000-000000000001', '10000000-0000-0000-0000-000000000034')
ON CONFLICT DO NOTHING;

INSERT INTO career_interest_scores (session_id, basic_interest_id, score, rank) VALUES
  ('31034000-0000-0000-0000-000000000001', 'A1', 2.0, 17),
  ('31034000-0000-0000-0000-000000000001', 'A2', 2.0, 18),
  ('31034000-0000-0000-0000-000000000001', 'A3', 1.8, 19),
  ('31034000-0000-0000-0000-000000000001', 'C1', 4.0, 3),
  ('31034000-0000-0000-0000-000000000001', 'C2', 3.8, 5),
  ('31034000-0000-0000-0000-000000000001', 'C3', 3.5, 7),
  ('31034000-0000-0000-0000-000000000001', 'E1', 3.0, 9),
  ('31034000-0000-0000-0000-000000000001', 'E2', 2.8, 12),
  ('31034000-0000-0000-0000-000000000001', 'E3', 3.0, 10),
  ('31034000-0000-0000-0000-000000000001', 'I1', 3.5, 6),
  ('31034000-0000-0000-0000-000000000001', 'I2', 3.0, 8),
  ('31034000-0000-0000-0000-000000000001', 'I3', 2.8, 11),
  ('31034000-0000-0000-0000-000000000001', 'I4', 2.8, 13),
  ('31034000-0000-0000-0000-000000000001', 'R1', 4.5, 1),
  ('31034000-0000-0000-0000-000000000001', 'R2', 4.2, 2),
  ('31034000-0000-0000-0000-000000000001', 'R3', 3.8, 4),
  ('31034000-0000-0000-0000-000000000001', 'S1', 2.5, 14),
  ('31034000-0000-0000-0000-000000000001', 'S2', 2.3, 15),
  ('31034000-0000-0000-0000-000000000001', 'S3', 2.0, 20),
  ('31034000-0000-0000-0000-000000000001', 'S4', 2.3, 16)
ON CONFLICT DO NOTHING;

-- R=(4.5+4.2+3.8)/3=4.17, I=(3.5+3.0+2.8+2.8)/4=3.03, A=(2.0+2.0+1.8)/3=1.93, S=(2.5+2.3+2.0+2.3)/4=2.28, E=(3.0+2.8+3.0)/3=2.93, C=(4.0+3.8+3.5)/3=3.77
INSERT INTO career_riasec_scores (session_id, riasec_type, score, rank) VALUES
  ('31034000-0000-0000-0000-000000000001', 'R', 4.17, 1),
  ('31034000-0000-0000-0000-000000000001', 'C', 3.77, 2),
  ('31034000-0000-0000-0000-000000000001', 'I', 3.03, 3),
  ('31034000-0000-0000-0000-000000000001', 'E', 2.93, 4),
  ('31034000-0000-0000-0000-000000000001', 'S', 2.28, 5),
  ('31034000-0000-0000-0000-000000000001', 'A', 1.93, 6)
ON CONFLICT DO NOTHING;

UPDATE users SET ci_vector = '[2.0,2.0,1.8,4.0,3.8,3.5,3.0,2.8,3.0,3.5,3.0,2.8,2.8,4.5,4.2,3.8,2.5,2.3,2.0,2.3]'
WHERE id = '10000000-0000-0000-0000-000000000034';

-- ユーザー53: QA → C(慣習)・I(研究)型
INSERT INTO career_interest_sessions (id, user_id)
VALUES ('31035000-0000-0000-0000-000000000001', '10000000-0000-0000-0000-000000000035')
ON CONFLICT DO NOTHING;

INSERT INTO career_interest_scores (session_id, basic_interest_id, score, rank) VALUES
  ('31035000-0000-0000-0000-000000000001', 'A1', 2.5, 13),
  ('31035000-0000-0000-0000-000000000001', 'A2', 2.3, 16),
  ('31035000-0000-0000-0000-000000000001', 'A3', 2.5, 14),
  ('31035000-0000-0000-0000-000000000001', 'C1', 4.5, 1),
  ('31035000-0000-0000-0000-000000000001', 'C2', 4.2, 2),
  ('31035000-0000-0000-0000-000000000001', 'C3', 4.0, 3),
  ('31035000-0000-0000-0000-000000000001', 'E1', 2.5, 15),
  ('31035000-0000-0000-0000-000000000001', 'E2', 2.3, 17),
  ('31035000-0000-0000-0000-000000000001', 'E3', 2.0, 18),
  ('31035000-0000-0000-0000-000000000001', 'I1', 3.8, 4),
  ('31035000-0000-0000-0000-000000000001', 'I2', 3.5, 6),
  ('31035000-0000-0000-0000-000000000001', 'I3', 3.5, 7),
  ('31035000-0000-0000-0000-000000000001', 'I4', 3.2, 9),
  ('31035000-0000-0000-0000-000000000001', 'R1', 3.0, 10),
  ('31035000-0000-0000-0000-000000000001', 'R2', 3.5, 5),
  ('31035000-0000-0000-0000-000000000001', 'R3', 2.0, 19),
  ('31035000-0000-0000-0000-000000000001', 'S1', 3.2, 8),
  ('31035000-0000-0000-0000-000000000001', 'S2', 3.0, 11),
  ('31035000-0000-0000-0000-000000000001', 'S3', 2.8, 12),
  ('31035000-0000-0000-0000-000000000001', 'S4', 1.8, 20)
ON CONFLICT DO NOTHING;

-- R=(3.0+3.5+2.0)/3=2.83, I=(3.8+3.5+3.5+3.2)/4=3.50, A=(2.5+2.3+2.5)/3=2.43, S=(3.2+3.0+2.8+1.8)/4=2.70, E=(2.5+2.3+2.0)/3=2.27, C=(4.5+4.2+4.0)/3=4.23
INSERT INTO career_riasec_scores (session_id, riasec_type, score, rank) VALUES
  ('31035000-0000-0000-0000-000000000001', 'C', 4.23, 1),
  ('31035000-0000-0000-0000-000000000001', 'I', 3.50, 2),
  ('31035000-0000-0000-0000-000000000001', 'R', 2.83, 3),
  ('31035000-0000-0000-0000-000000000001', 'S', 2.70, 4),
  ('31035000-0000-0000-0000-000000000001', 'A', 2.43, 5),
  ('31035000-0000-0000-0000-000000000001', 'E', 2.27, 6)
ON CONFLICT DO NOTHING;

UPDATE users SET ci_vector = '[2.5,2.3,2.5,4.5,4.2,4.0,2.5,2.3,2.0,3.8,3.5,3.5,3.2,3.0,3.5,2.0,3.2,3.0,2.8,1.8]'
WHERE id = '10000000-0000-0000-0000-000000000035';


-- seed_users_3.sql: 候補者ユーザー54〜78（25名）
-- Usage: psql -h localhost -U user -d inselfy -f /tmp/seed_users_3.sql


-- ============================================================
-- 新規スキル
-- ============================================================
INSERT INTO skills (id, name) VALUES
  ('20000000-0000-0000-0000-000000000200', 'Next.js'),
  ('20000000-0000-0000-0000-000000000201', 'UIデザイン'),
  ('20000000-0000-0000-0000-000000000202', 'Adobe XD'),
  ('20000000-0000-0000-0000-000000000203', 'Agile'),
  ('20000000-0000-0000-0000-000000000204', '機械学習'),
  ('20000000-0000-0000-0000-000000000205', 'TensorFlow'),
  ('20000000-0000-0000-0000-000000000206', 'Kubernetes'),
  ('20000000-0000-0000-0000-000000000207', 'Terraform'),
  ('20000000-0000-0000-0000-000000000208', 'SEO'),
  ('20000000-0000-0000-0000-000000000209', 'Google Analytics'),
  ('20000000-0000-0000-0000-000000000210', 'MA運用'),
  ('20000000-0000-0000-0000-000000000211', 'コンテンツマーケティング'),
  ('20000000-0000-0000-0000-000000000212', 'Swift'),
  ('20000000-0000-0000-0000-000000000213', 'iOS'),
  ('20000000-0000-0000-0000-000000000214', 'SwiftUI'),
  ('20000000-0000-0000-0000-000000000215', 'CI/CD'),
  ('20000000-0000-0000-0000-000000000216', '事業開発'),
  ('20000000-0000-0000-0000-000000000217', '営業戦略'),
  ('20000000-0000-0000-0000-000000000218', 'プロジェクトマネジメント'),
  ('20000000-0000-0000-0000-000000000219', 'GitHub Actions'),
  ('20000000-0000-0000-0000-000000000220', 'ユーザーリサーチ'),
  ('20000000-0000-0000-0000-000000000221', '経営企画'),
  ('20000000-0000-0000-0000-000000000222', '財務モデリング'),
  ('20000000-0000-0000-0000-000000000223', '事業計画'),
  ('20000000-0000-0000-0000-000000000224', 'テスト自動化'),
  ('20000000-0000-0000-0000-000000000225', 'Playwright'),
  ('20000000-0000-0000-0000-000000000226', 'Kotlin'),
  ('20000000-0000-0000-0000-000000000227', 'Android'),
  ('20000000-0000-0000-0000-000000000228', 'Jetpack Compose'),
  ('20000000-0000-0000-0000-000000000229', '採用戦略'),
  ('20000000-0000-0000-0000-000000000230', '人材開発'),
  ('20000000-0000-0000-0000-000000000231', '面接設計'),
  ('20000000-0000-0000-0000-000000000232', 'セキュリティ診断'),
  ('20000000-0000-0000-0000-000000000233', 'ネットワーク'),
  ('20000000-0000-0000-0000-000000000234', 'Java'),
  ('20000000-0000-0000-0000-000000000235', 'Spring Boot'),
  ('20000000-0000-0000-0000-000000000236', 'Illustrator'),
  ('20000000-0000-0000-0000-000000000237', 'Photoshop'),
  ('20000000-0000-0000-0000-000000000238', 'ブランディング'),
  ('20000000-0000-0000-0000-000000000239', 'カスタマーサクセス'),
  ('20000000-0000-0000-0000-000000000240', 'SaaS'),
  ('20000000-0000-0000-0000-000000000241', 'MLOps'),
  ('20000000-0000-0000-0000-000000000242', 'テクニカルライティング'),
  ('20000000-0000-0000-0000-000000000243', 'API設計'),
  ('20000000-0000-0000-0000-000000000244', 'Markdown'),
  ('20000000-0000-0000-0000-000000000245', 'BigQuery'),
  ('20000000-0000-0000-0000-000000000246', 'dbt'),
  ('20000000-0000-0000-0000-000000000247', 'SQL'),
  ('20000000-0000-0000-0000-000000000248', '編集'),
  ('20000000-0000-0000-0000-000000000249', 'ライティング'),
  ('20000000-0000-0000-0000-000000000250', 'Rust'),
  ('20000000-0000-0000-0000-000000000251', 'WebAssembly')
ON CONFLICT (name) DO NOTHING;

-- ============================================================
-- 候補者ユーザー 54〜78
-- ============================================================
INSERT INTO users (id, line_id, auth_type, username, display_name, email, name, is_public, profile_color, headline, location, about, industry, job_type, job_seeking_status)
VALUES
  ('10000000-0000-0000-0000-000000000036', 'line_seed_054', 'line', 'kenji_morita', '森田健二', 'morita_k@example.com', '森田健二', true, '#3D8B6E',
   'バックエンドエンジニア', '東京都', 'Goを中心にマイクロサービスの設計・開発に従事。大規模トラフィックのシステム運用経験あり。', 'IT・通信', 'フルタイム', 'active'),
  ('10000000-0000-0000-0000-000000000037', 'line_seed_055', 'line', 'yui_nakamura', '中村結衣', 'nakamura_y@example.com', '中村結衣', true, '#6B8BD6',
   'フロントエンドエンジニア', '大阪府', 'React/Next.jsでのSPA開発が得意。アクセシビリティとパフォーマンス最適化に関心があります。', 'IT・通信', 'フルタイム', 'open'),
  ('10000000-0000-0000-0000-000000000038', 'line_seed_056', 'line', 'mio_fujita2', '藤田美桜', 'fujita_m3@example.com', '藤田美桜', true, '#D68B6B',
   'UIデザイナー', '京都府', 'BtoB SaaSのUIデザインを専門とし、ユーザーリサーチからプロトタイピングまで一貫して担当しています。', 'デザイン・広告', 'フルタイム', 'active'),
  ('10000000-0000-0000-0000-000000000039', 'line_seed_057', 'line', 'takuya_ito2', '伊藤拓也', 'ito_t@example.com', '伊藤拓也', true, '#9B6BD6',
   'プロダクトマネージャー', '東京都', 'HR Tech領域でのプロダクトマネジメント経験が豊富。データドリブンな意思決定とアジャイル開発の推進が得意。', 'IT・通信', 'フルタイム', 'not_seeking'),
  ('10000000-0000-0000-0000-00000000003a', 'line_seed_058', 'line', 'rina_watanabe', '渡辺里奈', 'watanabe_r@example.com', '渡辺里奈', true, '#D6C16B',
   'データサイエンティスト', '東京都', '機械学習モデルの構築と運用に5年以上従事。推薦システムと自然言語処理が専門分野。', 'IT・通信', 'フルタイム', 'active'),
  ('10000000-0000-0000-0000-00000000003b', 'line_seed_059', 'line', 'shota_kimura', '木村翔太', 'kimura_s@example.com', '木村翔太', true, '#6BD6B8',
   'インフラエンジニア / SRE', '福岡県', 'AWSを中心としたクラウドインフラの設計・運用が得意。Kubernetes環境でのマイクロサービス運用経験あり。', 'IT・通信', 'フルタイム', 'open'),
  ('10000000-0000-0000-0000-00000000003c', 'line_seed_060', 'line', 'haruka_ogawa', '小川遥', 'ogawa_h@example.com', '小川遥', true, '#3D8B6E',
   'デジタルマーケター', '東京都', 'BtoB SaaSのデジタルマーケティング全般を担当。SEO/SEM、コンテンツマーケティング、MA運用に強み。', 'IT・通信', 'フルタイム', 'active'),
  ('10000000-0000-0000-0000-00000000003d', 'line_seed_061', 'line', 'ryota_saito', '齋藤涼太', 'saito_r@example.com', '齋藤涼太', true, '#6B8BD6',
   'iOSエンジニア', '東京都', 'SwiftでのiOSアプリ開発が専門。UIKitからSwiftUIへの移行経験、CI/CD構築にも精通。', 'IT・通信', 'フルタイム', 'open'),
  ('10000000-0000-0000-0000-00000000003e', 'line_seed_062', 'line', 'mai_takahashi', '高橋舞', 'takahashi_m@example.com', '高橋舞', true, '#D68B6B',
   '事業開発 / BizDev', '東京都', 'SaaS企業でのパートナーシップ構築と新規事業開発に従事。戦略立案からエグゼキューションまで。', 'IT・通信', 'フルタイム', 'active'),
  ('10000000-0000-0000-0000-00000000003f', 'line_seed_063', 'line', 'daiki_yamamoto', '山本大輝', 'yamamoto_d@example.com', '山本大輝', true, '#9B6BD6',
   'DevOpsエンジニア', '名古屋市', 'CI/CDパイプラインの構築とインフラの自動化が専門。GitHub ActionsとTerraformを活用した開発基盤の整備に注力。', 'IT・通信', 'フルタイム', 'active'),
  ('10000000-0000-0000-0000-000000000040', 'line_seed_064', 'line', 'aoi_suzuki', '鈴木葵', 'suzuki_a@example.com', '鈴木葵', true, '#D6C16B',
   'UXリサーチャー', '東京都', '定性・定量の両面からユーザーリサーチを実施。インタビュー設計からデータ分析まで一貫して対応。', 'IT・通信', 'フルタイム', 'open'),
  ('10000000-0000-0000-0000-000000000041', 'line_seed_065', 'line', 'soma_hayashi', '林壮馬', 'hayashi_s@example.com', '林壮馬', true, '#6BD6B8',
   'フルスタックエンジニア', '札幌市', 'フロントからバックエンドまで幅広く対応。TypeScriptとGoを中心にWebアプリケーション全般を開発。', 'IT・通信', 'フルタイム', 'active'),
  ('10000000-0000-0000-0000-000000000042', 'line_seed_066', 'line', 'yuki_endo', '遠藤悠希', 'endo_y@example.com', '遠藤悠希', true, '#3D8B6E',
   '経営企画', '東京都', 'スタートアップの経営企画に従事。事業計画策定、資金調達支援、KPI管理の実績あり。', 'IT・通信', 'フルタイム', 'not_seeking'),
  ('10000000-0000-0000-0000-000000000043', 'line_seed_067', 'line', 'nana_kato', '加藤七海', 'kato_n@example.com', '加藤七海', true, '#6B8BD6',
   'QAエンジニア', '横浜市', 'テスト自動化とQAプロセスの改善に注力。Playwrightを用いたE2Eテスト基盤の構築経験あり。', 'IT・通信', 'フルタイム', 'open'),
  ('10000000-0000-0000-0000-000000000044', 'line_seed_068', 'line', 'hiroto_nakajima', '中島大翔', 'nakajima_h@example.com', '中島大翔', true, '#D68B6B',
   'Androidエンジニア', '大阪府', 'Kotlin/Jetpack ComposeでのAndroidアプリ開発が得意。クリーンアーキテクチャの実践者。', 'IT・通信', 'フルタイム', 'active'),
  ('10000000-0000-0000-0000-000000000045', 'line_seed_069', 'line', 'sakura_matsumoto', '松本さくら', 'matsumoto_s@example.com', '松本さくら', true, '#9B6BD6',
   '人事 / リクルーター', '東京都', 'スタートアップの採用戦略立案と実行に従事。エンジニア採用を中心に年間50名以上の採用を実現。', 'IT・通信', 'フルタイム', 'active'),
  ('10000000-0000-0000-0000-000000000046', 'line_seed_070', 'line', 'riku_taniguchi', '谷口陸', 'taniguchi_r@example.com', '谷口陸', true, '#D6C16B',
   'セキュリティエンジニア', '東京都', 'Webアプリケーションのセキュリティ診断と対策が専門。脆弱性診断ツールの開発経験もあり。', 'IT・通信', 'フルタイム', 'open'),
  ('10000000-0000-0000-0000-000000000047', 'line_seed_071', 'line', 'kaito_ueda', '上田海斗', 'ueda_k@example.com', '上田海斗', true, '#6BD6B8',
   'バックエンドエンジニア', '神戸市', 'Javaを中心としたエンタープライズ系バックエンド開発が得意。Spring Bootでのマイクロサービス構築に従事。', 'IT・通信', 'フルタイム', 'active'),
  ('10000000-0000-0000-0000-000000000048', 'line_seed_072', 'line', 'hina_shimizu', '清水陽菜', 'shimizu_h3@example.com', '清水陽菜', true, '#3D8B6E',
   'グラフィックデザイナー', '福岡県', 'ブランディングとグラフィックデザインが専門。ロゴ、名刺、Webサイトまでトータルでのデザインワークが得意。', 'デザイン・広告', 'フルタイム', 'open'),
  ('10000000-0000-0000-0000-000000000049', 'line_seed_073', 'line', 'sho_arai', '新井翔', 'arai_s@example.com', '新井翔', true, '#6B8BD6',
   'カスタマーサクセス', '東京都', 'BtoB SaaSのカスタマーサクセスに4年従事。オンボーディング設計とチャーン防止施策に強み。', 'IT・通信', 'フルタイム', 'active'),
  ('10000000-0000-0000-0000-00000000004a', 'line_seed_074', 'line', 'kenta_mori', '森健太', 'mori_k@example.com', '森健太', true, '#D68B6B',
   'MLエンジニア', '東京都', '機械学習モデルの本番環境への実装と運用が専門。MLOpsパイプラインの構築に注力。', 'IT・通信', 'フルタイム', 'active'),
  ('10000000-0000-0000-0000-00000000004b', 'line_seed_075', 'line', 'miku_yoshida', '吉田美空', 'yoshida_m@example.com', '吉田美空', true, '#9B6BD6',
   'テクニカルライター', '東京都', '開発者向けドキュメントの執筆が専門。API仕様書、チュートリアル、ナレッジベースの構築に従事。', 'IT・通信', 'フルタイム', 'open'),
  ('10000000-0000-0000-0000-00000000004c', 'line_seed_076', 'line', 'tatsuki_ishikawa', '石川龍希', 'ishikawa_t@example.com', '石川龍希', true, '#D6C16B',
   'データエンジニア', '広島市', 'BigQueryとdbtを用いたデータ基盤構築が得意。データウェアハウスの設計から可視化まで一貫して対応。', 'IT・通信', 'フルタイム', 'active'),
  ('10000000-0000-0000-0000-00000000004d', 'line_seed_077', 'line', 'miyu_okada', '岡田美優', 'okada_m@example.com', '岡田美優', true, '#6BD6B8',
   'コンテンツストラテジスト', '仙台市', 'オウンドメディアのコンテンツ戦略立案と編集を担当。SEOコンテンツの企画から制作ディレクションまで。', 'メディア・出版', 'フルタイム', 'active'),
  ('10000000-0000-0000-0000-00000000004e', 'line_seed_078', 'line', 'yuto_maeda', '前田悠斗', 'maeda_y@example.com', '前田悠斗', true, '#3D8B6E',
   'バックエンドエンジニア', '京都府', 'Rustを用いた高パフォーマンスなシステム開発が得意。WebAssemblyやシステムプログラミングにも関心。', 'IT・通信', 'フルタイム', 'open')
ON CONFLICT (line_id) DO NOTHING;

-- ============================================================
-- 職歴
-- ============================================================
DELETE FROM experiences WHERE user_id IN (
  '10000000-0000-0000-0000-000000000036',
  '10000000-0000-0000-0000-000000000037',
  '10000000-0000-0000-0000-000000000038',
  '10000000-0000-0000-0000-000000000039',
  '10000000-0000-0000-0000-00000000003a',
  '10000000-0000-0000-0000-00000000003b',
  '10000000-0000-0000-0000-00000000003c',
  '10000000-0000-0000-0000-00000000003d',
  '10000000-0000-0000-0000-00000000003e',
  '10000000-0000-0000-0000-00000000003f',
  '10000000-0000-0000-0000-000000000040',
  '10000000-0000-0000-0000-000000000041',
  '10000000-0000-0000-0000-000000000042',
  '10000000-0000-0000-0000-000000000043',
  '10000000-0000-0000-0000-000000000044',
  '10000000-0000-0000-0000-000000000045',
  '10000000-0000-0000-0000-000000000046',
  '10000000-0000-0000-0000-000000000047',
  '10000000-0000-0000-0000-000000000048',
  '10000000-0000-0000-0000-000000000049',
  '10000000-0000-0000-0000-00000000004a',
  '10000000-0000-0000-0000-00000000004b',
  '10000000-0000-0000-0000-00000000004c',
  '10000000-0000-0000-0000-00000000004d',
  '10000000-0000-0000-0000-00000000004e'
);
INSERT INTO experiences (id, user_id, company_name, title, start_year, start_month, end_year, end_month, is_current, description)
VALUES
  ('e0036000-0000-0000-0000-000000000001', '10000000-0000-0000-0000-000000000036', '株式会社データフロー', 'バックエンドエンジニア', 2021, 4, NULL, NULL, true,
   'GoとgRPCを用いたマイクロサービス基盤の開発を担当。月間1億リクエストを処理するシステムの設計・運用に従事。'),
  ('e0036000-0000-0000-0000-000000000002', '10000000-0000-0000-0000-000000000036', '株式会社ネクストウェブ', 'ジュニアエンジニア', 2018, 4, 2021, 3, false,
   'PHPによるWebアプリケーション開発。REST APIの設計と実装を担当。'),
  ('e0037000-0000-0000-0000-000000000001', '10000000-0000-0000-0000-000000000037', '株式会社ウェブクラフト', 'フロントエンドエンジニア', 2020, 7, NULL, NULL, true,
   'React/TypeScriptでのSPA開発を主導。デザインシステムの構築とコンポーネントライブラリの整備を担当。'),
  ('e0038000-0000-0000-0000-000000000001', '10000000-0000-0000-0000-000000000038', '株式会社クリエイトデザイン', 'UIデザイナー', 2019, 10, NULL, NULL, true,
   'SaaSプロダクトのUI設計とデザインシステム構築をリード。Figmaでのプロトタイプ制作とユーザビリティテストを実施。'),
  ('e0039000-0000-0000-0000-000000000001', '10000000-0000-0000-0000-000000000039', '株式会社タレントテック', 'シニアPM', 2021, 1, NULL, NULL, true,
   'HR SaaSプロダクトのロードマップ策定と開発チームのマネジメントを統括。ARR5億円のプロダクトを担当。'),
  ('e0039000-0000-0000-0000-000000000002', '10000000-0000-0000-0000-000000000039', '株式会社デジタルワークス', 'PM', 2017, 4, 2020, 12, false,
   '業務効率化ツールの企画・開発を主導。ゼロイチでのプロダクト立ち上げを経験。'),
  ('e003a000-0000-0000-0000-000000000001', '10000000-0000-0000-0000-00000000003a', '株式会社AIラボ', 'シニアデータサイエンティスト', 2022, 1, NULL, NULL, true,
   '推薦システムの設計・運用を主導。A/Bテスト基盤の構築とML Opsパイプラインの整備を担当。'),
  ('e003a000-0000-0000-0000-000000000002', '10000000-0000-0000-0000-00000000003a', '株式会社アナリティクス', 'データサイエンティスト', 2019, 4, 2021, 12, false,
   '顧客行動分析と予測モデルの構築。Pythonを用いたデータパイプラインの開発。'),
  ('e003b000-0000-0000-0000-000000000001', '10000000-0000-0000-0000-00000000003b', '株式会社クラウドベース', 'SRE', 2020, 10, NULL, NULL, true,
   'AWS上のKubernetes環境の設計・運用を担当。可用性99.99%を実現するインフラ基盤を構築。'),
  ('e003c000-0000-0000-0000-000000000001', '10000000-0000-0000-0000-00000000003c', '株式会社マーケットプラス', 'マーケティングマネージャー', 2021, 4, NULL, NULL, true,
   'SaaS製品のリード獲得戦略の立案・実行を統括。月間リード数を2倍に成長させた実績あり。'),
  ('e003c000-0000-0000-0000-000000000002', '10000000-0000-0000-0000-00000000003c', '株式会社メディアリンク', 'マーケター', 2018, 4, 2021, 3, false,
   'オウンドメディアの立ち上げと運用。コンテンツSEOで月間100万PVを達成。'),
  ('e003d000-0000-0000-0000-000000000001', '10000000-0000-0000-0000-00000000003d', '株式会社モバイルファースト', 'シニアiOSエンジニア', 2020, 1, NULL, NULL, true,
   'ヘルスケアアプリのiOS開発をリード。SwiftUIを採用したアーキテクチャ刷新プロジェクトを主導。'),
  ('e003e000-0000-0000-0000-000000000001', '10000000-0000-0000-0000-00000000003e', '株式会社グロースパートナーズ', '事業開発マネージャー', 2021, 7, NULL, NULL, true,
   '大手企業とのアライアンス交渉と新規事業の立ち上げを推進。年間売上3億円の新規事業を創出。'),
  ('e003e000-0000-0000-0000-000000000002', '10000000-0000-0000-0000-00000000003e', '株式会社コンサルティングブリッジ', '経営コンサルタント', 2017, 4, 2021, 6, false,
   '戦略コンサルとしてDX戦略の策定と実行支援を担当。'),
  ('e003f000-0000-0000-0000-000000000001', '10000000-0000-0000-0000-00000000003f', '株式会社オートメーションテック', 'DevOpsエンジニア', 2020, 4, NULL, NULL, true,
   '開発チーム30名のCI/CD基盤を構築。デプロイ頻度を週1回から日次に改善。'),
  ('e0040000-0000-0000-0000-000000000001', '10000000-0000-0000-0000-000000000040', '株式会社リサーチプロ', 'UXリサーチャー', 2021, 4, NULL, NULL, true,
   'SaaSプロダクトのユーザーリサーチを主導。月次のユーザビリティテストとインタビューを実施し、改善提案をプロダクトチームに提供。'),
  ('e0041000-0000-0000-0000-000000000001', '10000000-0000-0000-0000-000000000041', '株式会社ノーススター', 'フルスタックエンジニア', 2019, 10, NULL, NULL, true,
   'EdTechプラットフォームの全レイヤーを担当。Next.jsのフロントとGoのAPIサーバーの両方を開発。'),
  ('e0041000-0000-0000-0000-000000000002', '10000000-0000-0000-0000-000000000041', 'フリーランス', 'Webエンジニア', 2017, 4, 2019, 9, false,
   '中小企業向けのWebサイトおよびWebアプリケーションを受託開発。'),
  ('e0042000-0000-0000-0000-000000000001', '10000000-0000-0000-0000-000000000042', '株式会社ストラテジック', '経営企画マネージャー', 2020, 7, NULL, NULL, true,
   'シリーズB資金調達の事業計画策定を主導。投資家向けピッチ資料の作成と財務モデリングを担当。'),
  ('e0042000-0000-0000-0000-000000000002', '10000000-0000-0000-0000-000000000042', '監査法人トーマツ', 'コンサルタント', 2016, 4, 2020, 6, false,
   'スタートアップ向けのIPO準備支援と内部統制構築を担当。'),
  ('e0043000-0000-0000-0000-000000000001', '10000000-0000-0000-0000-000000000043', '株式会社クオリティテック', 'QAエンジニア', 2020, 4, NULL, NULL, true,
   'テスト自動化基盤の構築とQAプロセスの改善を推進。リリースサイクルの短縮とバグ検出率の向上を実現。'),
  ('e0044000-0000-0000-0000-000000000001', '10000000-0000-0000-0000-000000000044', '株式会社モバイルクリエイト', 'Androidエンジニア', 2019, 4, NULL, NULL, true,
   'フィンテックアプリのAndroid開発をリード。Jetpack Composeへの移行とアーキテクチャ刷新を主導。'),
  ('e0044000-0000-0000-0000-000000000002', '10000000-0000-0000-0000-000000000044', '株式会社アプリワークス', 'ジュニアエンジニア', 2017, 4, 2019, 3, false,
   'ECアプリのAndroid版の機能開発とバグ修正を担当。'),
  ('e0045000-0000-0000-0000-000000000001', '10000000-0000-0000-0000-000000000045', '株式会社ピープルファースト', '採用マネージャー', 2020, 10, NULL, NULL, true,
   '採用戦略の策定から面接設計、オファー交渉まで一貫して担当。エンジニア採用チャネルの多角化を推進。'),
  ('e0045000-0000-0000-0000-000000000002', '10000000-0000-0000-0000-000000000045', '株式会社リクルートスタッフ', 'リクルーター', 2017, 4, 2020, 9, false,
   'IT企業向けの中途採用支援。月間20名以上の面談を実施。'),
  ('e0046000-0000-0000-0000-000000000001', '10000000-0000-0000-0000-000000000046', '株式会社セキュアネット', 'セキュリティエンジニア', 2019, 7, NULL, NULL, true,
   'Webアプリケーションの脆弱性診断とペネトレーションテストを実施。セキュリティポリシーの策定と社内教育も担当。'),
  ('e0047000-0000-0000-0000-000000000001', '10000000-0000-0000-0000-000000000047', '株式会社エンタープライズシステム', 'バックエンドエンジニア', 2018, 4, NULL, NULL, true,
   'Spring Bootを用いた金融系マイクロサービスの開発を担当。決済基盤のリアーキテクチャプロジェクトに参画。'),
  ('e0048000-0000-0000-0000-000000000001', '10000000-0000-0000-0000-000000000048', '株式会社ブランドスタジオ', 'グラフィックデザイナー', 2020, 4, NULL, NULL, true,
   'スタートアップのブランディングプロジェクトを多数担当。CI/VIの策定からWebデザインまで一貫して対応。'),
  ('e0049000-0000-0000-0000-000000000001', '10000000-0000-0000-0000-000000000049', '株式会社サクセスパートナー', 'カスタマーサクセスマネージャー', 2021, 1, NULL, NULL, true,
   'エンタープライズ顧客のオンボーディングとリテンション施策を統括。NPS20ポイント改善を達成。'),
  ('e0049000-0000-0000-0000-000000000002', '10000000-0000-0000-0000-000000000049', '株式会社クラウドサポート', 'CSスペシャリスト', 2019, 4, 2020, 12, false,
   'SaaSプロダクトの導入支援とカスタマーサポートを担当。'),
  ('e004a000-0000-0000-0000-000000000001', '10000000-0000-0000-0000-00000000004a', '株式会社MLシステムズ', 'MLエンジニア', 2020, 10, NULL, NULL, true,
   '推薦エンジンのML基盤設計と運用を担当。Feature Storeの構築とモデルサービング基盤の整備を主導。'),
  ('e004a000-0000-0000-0000-000000000002', '10000000-0000-0000-0000-00000000004a', '株式会社データテック', 'データエンジニア', 2018, 4, 2020, 9, false,
   'ETLパイプラインの構築とデータ基盤の整備を担当。'),
  ('e004b000-0000-0000-0000-000000000001', '10000000-0000-0000-0000-00000000004b', '株式会社ドキュメントプロ', 'テクニカルライター', 2021, 4, NULL, NULL, true,
   '開発者向けAPIドキュメントとSDKチュートリアルの執筆を担当。ドキュメント管理システムの導入も推進。'),
  ('e004c000-0000-0000-0000-000000000001', '10000000-0000-0000-0000-00000000004c', '株式会社データプラットフォーム', 'データエンジニア', 2020, 4, NULL, NULL, true,
   '全社データ基盤の設計・構築を主導。BigQueryとdbtを用いたELTパイプラインの構築とダッシュボード整備を担当。'),
  ('e004d000-0000-0000-0000-000000000001', '10000000-0000-0000-0000-00000000004d', '株式会社メディアストラテジー', 'コンテンツストラテジスト', 2021, 7, NULL, NULL, true,
   'BtoB SaaS企業のコンテンツマーケティングを統括。月間30本のコンテンツ制作ディレクションと効果分析を担当。'),
  ('e004d000-0000-0000-0000-000000000002', '10000000-0000-0000-0000-00000000004d', '出版社ライトハウス', '編集者', 2018, 4, 2021, 6, false,
   'ビジネス書籍の編集を担当。年間15冊の書籍制作に関わる。'),
  ('e004e000-0000-0000-0000-000000000001', '10000000-0000-0000-0000-00000000004e', '株式会社パフォーマンスラボ', 'バックエンドエンジニア', 2020, 4, NULL, NULL, true,
   'Rustで高スループットなデータ処理基盤を開発。レイテンシ50%削減を実現。'),
  ('e004e000-0000-0000-0000-000000000002', '10000000-0000-0000-0000-00000000004e', '株式会社サーバーワークス', 'エンジニア', 2018, 4, 2020, 3, false,
   'GoとPythonでのバックエンドAPI開発を担当。')
;

-- ============================================================
-- 学歴
-- ============================================================
DELETE FROM educations WHERE user_id IN (
  '10000000-0000-0000-0000-000000000036',
  '10000000-0000-0000-0000-000000000037',
  '10000000-0000-0000-0000-000000000038',
  '10000000-0000-0000-0000-000000000039',
  '10000000-0000-0000-0000-00000000003a',
  '10000000-0000-0000-0000-00000000003b',
  '10000000-0000-0000-0000-00000000003c',
  '10000000-0000-0000-0000-00000000003d',
  '10000000-0000-0000-0000-00000000003e',
  '10000000-0000-0000-0000-00000000003f',
  '10000000-0000-0000-0000-000000000040',
  '10000000-0000-0000-0000-000000000041',
  '10000000-0000-0000-0000-000000000042',
  '10000000-0000-0000-0000-000000000043',
  '10000000-0000-0000-0000-000000000044',
  '10000000-0000-0000-0000-000000000045',
  '10000000-0000-0000-0000-000000000046',
  '10000000-0000-0000-0000-000000000047',
  '10000000-0000-0000-0000-000000000048',
  '10000000-0000-0000-0000-000000000049',
  '10000000-0000-0000-0000-00000000004a',
  '10000000-0000-0000-0000-00000000004b',
  '10000000-0000-0000-0000-00000000004c',
  '10000000-0000-0000-0000-00000000004d',
  '10000000-0000-0000-0000-00000000004e'
);
INSERT INTO educations (id, user_id, school, degree, start_year, end_year)
VALUES
  ('f0036000-0000-0000-0000-000000000001', '10000000-0000-0000-0000-000000000036', '早稲田大学', '情報理工学科', 2014, 2018),
  ('f0037000-0000-0000-0000-000000000001', '10000000-0000-0000-0000-000000000037', '大阪大学', '情報科学科', 2016, 2020),
  ('f0038000-0000-0000-0000-000000000001', '10000000-0000-0000-0000-000000000038', '京都市立芸術大学', 'デザイン学科', 2015, 2019),
  ('f0039000-0000-0000-0000-000000000001', '10000000-0000-0000-0000-000000000039', '東京大学', '経済学部', 2013, 2017),
  ('f003a000-0000-0000-0000-000000000001', '10000000-0000-0000-0000-00000000003a', '東京工業大学大学院', '情報理工学研究科', 2017, 2019),
  ('f003b000-0000-0000-0000-000000000001', '10000000-0000-0000-0000-00000000003b', '九州大学', '情報工学科', 2016, 2020),
  ('f003c000-0000-0000-0000-000000000001', '10000000-0000-0000-0000-00000000003c', '慶應義塾大学', '商学部', 2014, 2018),
  ('f003d000-0000-0000-0000-000000000001', '10000000-0000-0000-0000-00000000003d', '筑波大学', '情報学群', 2015, 2019),
  ('f003e000-0000-0000-0000-000000000001', '10000000-0000-0000-0000-00000000003e', '一橋大学', '商学部', 2013, 2017),
  ('f003f000-0000-0000-0000-000000000001', '10000000-0000-0000-0000-00000000003f', '名古屋大学', '情報学部', 2016, 2020),
  ('f0040000-0000-0000-0000-000000000001', '10000000-0000-0000-0000-000000000040', 'お茶の水女子大学', '人間文化創成科学研究科', 2019, 2021),
  ('f0041000-0000-0000-0000-000000000001', '10000000-0000-0000-0000-000000000041', '北海道大学', '工学部情報エレクトロニクス学科', 2013, 2017),
  ('f0042000-0000-0000-0000-000000000001', '10000000-0000-0000-0000-000000000042', '東京大学', '法学部', 2012, 2016),
  ('f0043000-0000-0000-0000-000000000001', '10000000-0000-0000-0000-000000000043', '横浜国立大学', '理工学部', 2016, 2020),
  ('f0044000-0000-0000-0000-000000000001', '10000000-0000-0000-0000-000000000044', '大阪大学', '工学部電子情報工学科', 2013, 2017),
  ('f0045000-0000-0000-0000-000000000001', '10000000-0000-0000-0000-000000000045', '上智大学', '文学部心理学科', 2013, 2017),
  ('f0046000-0000-0000-0000-000000000001', '10000000-0000-0000-0000-000000000046', '東北大学', '情報科学研究科', 2017, 2019),
  ('f0047000-0000-0000-0000-000000000001', '10000000-0000-0000-0000-000000000047', '神戸大学', '工学部情報知能工学科', 2014, 2018),
  ('f0048000-0000-0000-0000-000000000001', '10000000-0000-0000-0000-000000000048', '九州産業大学', '芸術学部デザイン学科', 2016, 2020),
  ('f0049000-0000-0000-0000-000000000001', '10000000-0000-0000-0000-000000000049', '明治大学', '商学部', 2015, 2019),
  ('f004a000-0000-0000-0000-000000000001', '10000000-0000-0000-0000-00000000004a', '東京大学大学院', '情報理工学系研究科', 2016, 2018),
  ('f004b000-0000-0000-0000-000000000001', '10000000-0000-0000-0000-00000000004b', '東京外国語大学', '言語文化学部英語専攻', 2017, 2021),
  ('f004c000-0000-0000-0000-000000000001', '10000000-0000-0000-0000-00000000004c', '広島大学', '工学部第二類', 2016, 2020),
  ('f004d000-0000-0000-0000-000000000001', '10000000-0000-0000-0000-00000000004d', '東北大学', '文学部日本語学専攻', 2014, 2018),
  ('f004e000-0000-0000-0000-000000000001', '10000000-0000-0000-0000-00000000004e', '京都大学', '工学部情報学科', 2014, 2018)
;

-- ============================================================
-- ユーザースキル
-- ============================================================

-- ============================================================
-- Work Values 診断データ
-- ============================================================
INSERT INTO work_values_sessions (id, user_id, circular_triads, consistency_coefficient, consistency_level, purpose)
VALUES ('30036000-0000-0000-0000-000000000001', '10000000-0000-0000-0000-000000000036', 30, 0.922, 'high', 'general')
ON CONFLICT DO NOTHING;

INSERT INTO work_needs_scores (session_id, need_id, mu, se, display_score, rank) VALUES
  ('30036000-0000-0000-0000-000000000001',  1,   1.8, 0.33,  85.8,  2),  -- ability_utilization
  ('30036000-0000-0000-0000-000000000001',  2,   1.5, 0.33,  81.8,  3),  -- achievement
  ('30036000-0000-0000-0000-000000000001',  3,  -0.3, 0.29,  42.6, 13),  -- activity
  ('30036000-0000-0000-0000-000000000001',  4,   0.5, 0.30,  62.2,  7),  -- advancement
  ('30036000-0000-0000-0000-000000000001',  5,  -1.0, 0.31,  26.9, 18),  -- authority
  ('30036000-0000-0000-0000-000000000001',  6,   2.0, 0.34,  88.1,  1),  -- autonomy
  ('30036000-0000-0000-0000-000000000001',  7,  -0.2, 0.29,  45.0, 12),  -- company_policies
  ('30036000-0000-0000-0000-000000000001',  8,   0.3, 0.29,  57.4,  9),  -- compensation
  ('30036000-0000-0000-0000-000000000001',  9,   0.4, 0.29,  59.9,  8),  -- co_workers
  ('30036000-0000-0000-0000-000000000001', 10,   1.2, 0.32,  76.9,  4),  -- creativity
  ('30036000-0000-0000-0000-000000000001', 11,   0.8, 0.30,  69.0,  6),  -- independence
  ('30036000-0000-0000-0000-000000000001', 12,  -0.1, 0.28,  47.5, 11),  -- moral_values
  ('30036000-0000-0000-0000-000000000001', 13,  -0.5, 0.30,  37.8, 15),  -- recognition
  ('30036000-0000-0000-0000-000000000001', 14,   1.0, 0.31,  73.1,  5),  -- responsibility
  ('30036000-0000-0000-0000-000000000001', 15,  -0.7, 0.30,  33.2, 16),  -- security
  ('30036000-0000-0000-0000-000000000001', 16,   0.0, 0.28,  50.0, 10),  -- social_service
  ('30036000-0000-0000-0000-000000000001', 17,  -1.3, 0.32,  21.4, 19),  -- social_status
  ('30036000-0000-0000-0000-000000000001', 18,  -0.4, 0.29,  40.1, 14),  -- supervision_hr
  ('30036000-0000-0000-0000-000000000001', 19,  -0.8, 0.30,  31.0, 17),  -- supervision_technical
  ('30036000-0000-0000-0000-000000000001', 20,  -1.5, 0.33,  18.2, 20),  -- variety
  ('30036000-0000-0000-0000-000000000001', 21,  -1.9, 0.34,  13.0, 21)  -- working_conditions
ON CONFLICT DO NOTHING;

INSERT INTO work_values_scores (session_id, value_id, mu, display_score, rank) VALUES
  ('30036000-0000-0000-0000-000000000001', 'achievement', 1.65, 83.9, 1),
  ('30036000-0000-0000-0000-000000000001', 'autonomy', 1.4, 80.2, 2),
  ('30036000-0000-0000-0000-000000000001', 'altruism', 0.1, 52.5, 3),
  ('30036000-0000-0000-0000-000000000001', 'safety', -0.47, 38.5, 4),
  ('30036000-0000-0000-0000-000000000001', 'comfort', -0.55, 36.6, 5),
  ('30036000-0000-0000-0000-000000000001', 'status', -0.57, 36.0, 6)
ON CONFLICT DO NOTHING;

UPDATE users SET wv_vector = '[1.8,1.5,-0.3,0.5,-1.0,2.0,-0.2,0.3,0.4,1.2,0.8,-0.1,-0.5,1.0,-0.7,0.0,-1.3,-0.4,-0.8,-1.5,-1.9]'
WHERE id = '10000000-0000-0000-0000-000000000036';

INSERT INTO work_values_sessions (id, user_id, circular_triads, consistency_coefficient, consistency_level, purpose)
VALUES ('30037000-0000-0000-0000-000000000001', '10000000-0000-0000-0000-000000000037', 32, 0.917, 'high', 'general')
ON CONFLICT DO NOTHING;

INSERT INTO work_needs_scores (session_id, need_id, mu, se, display_score, rank) VALUES
  ('30037000-0000-0000-0000-000000000001',  1,   1.5, 0.33,  81.8,  3),  -- ability_utilization
  ('30037000-0000-0000-0000-000000000001',  2,   1.0, 0.31,  73.1,  5),  -- achievement
  ('30037000-0000-0000-0000-000000000001',  3,  -0.6, 0.30,  35.4, 15),  -- activity
  ('30037000-0000-0000-0000-000000000001',  4,   0.2, 0.29,  55.0, 10),  -- advancement
  ('30037000-0000-0000-0000-000000000001',  5,  -1.5, 0.33,  18.2, 19),  -- authority
  ('30037000-0000-0000-0000-000000000001',  6,   1.8, 0.33,  85.8,  2),  -- autonomy
  ('30037000-0000-0000-0000-000000000001',  7,  -0.1, 0.28,  47.5, 12),  -- company_policies
  ('30037000-0000-0000-0000-000000000001',  8,   0.0, 0.28,  50.0, 11),  -- compensation
  ('30037000-0000-0000-0000-000000000001',  9,   1.5, 0.33,  81.8,  4),  -- co_workers
  ('30037000-0000-0000-0000-000000000001', 10,   2.2, 0.35,  90.0,  1),  -- creativity
  ('30037000-0000-0000-0000-000000000001', 11,   0.3, 0.29,  57.4,  9),  -- independence
  ('30037000-0000-0000-0000-000000000001', 12,   0.5, 0.30,  62.2,  8),  -- moral_values
  ('30037000-0000-0000-0000-000000000001', 13,  -0.3, 0.29,  42.6, 13),  -- recognition
  ('30037000-0000-0000-0000-000000000001', 14,   0.6, 0.30,  64.6,  7),  -- responsibility
  ('30037000-0000-0000-0000-000000000001', 15,  -0.4, 0.29,  40.1, 14),  -- security
  ('30037000-0000-0000-0000-000000000001', 16,   0.8, 0.30,  69.0,  6),  -- social_service
  ('30037000-0000-0000-0000-000000000001', 17,  -1.8, 0.33,  14.2, 21),  -- social_status
  ('30037000-0000-0000-0000-000000000001', 18,  -0.7, 0.30,  33.2, 16),  -- supervision_hr
  ('30037000-0000-0000-0000-000000000001', 19,  -0.9, 0.31,  28.9, 17),  -- supervision_technical
  ('30037000-0000-0000-0000-000000000001', 20,  -1.2, 0.32,  23.1, 18),  -- variety
  ('30037000-0000-0000-0000-000000000001', 21,  -1.6, 0.33,  16.8, 20)  -- working_conditions
ON CONFLICT DO NOTHING;

INSERT INTO work_values_scores (session_id, value_id, mu, display_score, rank) VALUES
  ('30037000-0000-0000-0000-000000000001', 'autonomy', 1.53, 82.2, 1),
  ('30037000-0000-0000-0000-000000000001', 'achievement', 1.25, 77.7, 2),
  ('30037000-0000-0000-0000-000000000001', 'altruism', 0.93, 71.8, 3),
  ('30037000-0000-0000-0000-000000000001', 'safety', -0.57, 36.2, 4),
  ('30037000-0000-0000-0000-000000000001', 'comfort', -0.58, 35.8, 5),
  ('30037000-0000-0000-0000-000000000001', 'status', -0.85, 29.9, 6)
ON CONFLICT DO NOTHING;

UPDATE users SET wv_vector = '[1.5,1.0,-0.6,0.2,-1.5,1.8,-0.1,0.0,1.5,2.2,0.3,0.5,-0.3,0.6,-0.4,0.8,-1.8,-0.7,-0.9,-1.2,-1.6]'
WHERE id = '10000000-0000-0000-0000-000000000037';

INSERT INTO work_values_sessions (id, user_id, circular_triads, consistency_coefficient, consistency_level, purpose)
VALUES ('30038000-0000-0000-0000-000000000001', '10000000-0000-0000-0000-000000000038', 28, 0.927, 'high', 'general')
ON CONFLICT DO NOTHING;

INSERT INTO work_needs_scores (session_id, need_id, mu, se, display_score, rank) VALUES
  ('30038000-0000-0000-0000-000000000001',  1,   1.0, 0.31,  73.1,  5),  -- ability_utilization
  ('30038000-0000-0000-0000-000000000001',  2,   0.8, 0.30,  69.0,  7),  -- achievement
  ('30038000-0000-0000-0000-000000000001',  3,  -0.5, 0.30,  37.8, 15),  -- activity
  ('30038000-0000-0000-0000-000000000001',  4,   0.1, 0.28,  52.5, 11),  -- advancement
  ('30038000-0000-0000-0000-000000000001',  5,  -1.8, 0.33,  14.2, 20),  -- authority
  ('30038000-0000-0000-0000-000000000001',  6,   1.5, 0.33,  81.8,  4),  -- autonomy
  ('30038000-0000-0000-0000-000000000001',  7,   0.0, 0.28,  50.0, 12),  -- company_policies
  ('30038000-0000-0000-0000-000000000001',  8,  -0.3, 0.29,  42.6, 13),  -- compensation
  ('30038000-0000-0000-0000-000000000001',  9,   2.0, 0.34,  88.1,  2),  -- co_workers
  ('30038000-0000-0000-0000-000000000001', 10,   2.5, 0.36,  92.4,  1),  -- creativity
  ('30038000-0000-0000-0000-000000000001', 11,   0.2, 0.29,  55.0, 10),  -- independence
  ('30038000-0000-0000-0000-000000000001', 12,   1.0, 0.31,  73.1,  6),  -- moral_values
  ('30038000-0000-0000-0000-000000000001', 13,   0.3, 0.29,  57.4,  9),  -- recognition
  ('30038000-0000-0000-0000-000000000001', 14,   0.4, 0.29,  59.9,  8),  -- responsibility
  ('30038000-0000-0000-0000-000000000001', 15,  -0.6, 0.30,  35.4, 16),  -- security
  ('30038000-0000-0000-0000-000000000001', 16,   1.8, 0.33,  85.8,  3),  -- social_service
  ('30038000-0000-0000-0000-000000000001', 17,  -2.0, 0.34,  11.9, 21),  -- social_status
  ('30038000-0000-0000-0000-000000000001', 18,  -0.4, 0.29,  40.1, 14),  -- supervision_hr
  ('30038000-0000-0000-0000-000000000001', 19,  -0.7, 0.30,  33.2, 17),  -- supervision_technical
  ('30038000-0000-0000-0000-000000000001', 20,  -1.0, 0.31,  26.9, 18),  -- variety
  ('30038000-0000-0000-0000-000000000001', 21,  -1.3, 0.32,  21.4, 19)  -- working_conditions
ON CONFLICT DO NOTHING;

INSERT INTO work_values_scores (session_id, value_id, mu, display_score, rank) VALUES
  ('30038000-0000-0000-0000-000000000001', 'altruism', 1.6, 83.2, 1),
  ('30038000-0000-0000-0000-000000000001', 'autonomy', 1.47, 81.3, 2),
  ('30038000-0000-0000-0000-000000000001', 'achievement', 0.9, 71.1, 3),
  ('30038000-0000-0000-0000-000000000001', 'safety', -0.37, 40.9, 4),
  ('30038000-0000-0000-0000-000000000001', 'comfort', -0.58, 35.8, 5),
  ('30038000-0000-0000-0000-000000000001', 'status', -0.85, 29.9, 6)
ON CONFLICT DO NOTHING;

UPDATE users SET wv_vector = '[1.0,0.8,-0.5,0.1,-1.8,1.5,0.0,-0.3,2.0,2.5,0.2,1.0,0.3,0.4,-0.6,1.8,-2.0,-0.4,-0.7,-1.0,-1.3]'
WHERE id = '10000000-0000-0000-0000-000000000038';

INSERT INTO work_values_sessions (id, user_id, circular_triads, consistency_coefficient, consistency_level, purpose)
VALUES ('30039000-0000-0000-0000-000000000001', '10000000-0000-0000-0000-000000000039', 35, 0.909, 'high', 'general')
ON CONFLICT DO NOTHING;

INSERT INTO work_needs_scores (session_id, need_id, mu, se, display_score, rank) VALUES
  ('30039000-0000-0000-0000-000000000001',  1,   1.2, 0.32,  76.9,  4),  -- ability_utilization
  ('30039000-0000-0000-0000-000000000001',  2,   2.0, 0.34,  88.1,  1),  -- achievement
  ('30039000-0000-0000-0000-000000000001',  3,  -0.2, 0.29,  45.0, 14),  -- activity
  ('30039000-0000-0000-0000-000000000001',  4,   1.5, 0.33,  81.8,  3),  -- advancement
  ('30039000-0000-0000-0000-000000000001',  5,  -0.5, 0.30,  37.8, 17),  -- authority
  ('30039000-0000-0000-0000-000000000001',  6,   0.8, 0.30,  69.0,  6),  -- autonomy
  ('30039000-0000-0000-0000-000000000001',  7,   0.3, 0.29,  57.4, 10),  -- company_policies
  ('30039000-0000-0000-0000-000000000001',  8,   0.6, 0.30,  64.6,  7),  -- compensation
  ('30039000-0000-0000-0000-000000000001',  9,   0.4, 0.29,  59.9,  9),  -- co_workers
  ('30039000-0000-0000-0000-000000000001', 10,   0.5, 0.30,  62.2,  8),  -- creativity
  ('30039000-0000-0000-0000-000000000001', 11,   0.0, 0.28,  50.0, 12),  -- independence
  ('30039000-0000-0000-0000-000000000001', 12,   0.2, 0.29,  55.0, 11),  -- moral_values
  ('30039000-0000-0000-0000-000000000001', 13,   1.0, 0.31,  73.1,  5),  -- recognition
  ('30039000-0000-0000-0000-000000000001', 14,   1.8, 0.33,  85.8,  2),  -- responsibility
  ('30039000-0000-0000-0000-000000000001', 15,  -0.3, 0.29,  42.6, 15),  -- security
  ('30039000-0000-0000-0000-000000000001', 16,  -0.1, 0.28,  47.5, 13),  -- social_service
  ('30039000-0000-0000-0000-000000000001', 17,  -0.8, 0.30,  31.0, 19),  -- social_status
  ('30039000-0000-0000-0000-000000000001', 18,  -0.4, 0.29,  40.1, 16),  -- supervision_hr
  ('30039000-0000-0000-0000-000000000001', 19,  -0.6, 0.30,  35.4, 18),  -- supervision_technical
  ('30039000-0000-0000-0000-000000000001', 20,  -1.0, 0.31,  26.9, 20),  -- variety
  ('30039000-0000-0000-0000-000000000001', 21,  -1.5, 0.33,  18.2, 21)  -- working_conditions
ON CONFLICT DO NOTHING;

INSERT INTO work_values_scores (session_id, value_id, mu, display_score, rank) VALUES
  ('30039000-0000-0000-0000-000000000001', 'achievement', 1.6, 83.2, 1),
  ('30039000-0000-0000-0000-000000000001', 'autonomy', 1.03, 73.8, 2),
  ('30039000-0000-0000-0000-000000000001', 'status', 0.3, 57.4, 3),
  ('30039000-0000-0000-0000-000000000001', 'altruism', 0.17, 54.2, 4),
  ('30039000-0000-0000-0000-000000000001', 'safety', -0.23, 44.2, 5),
  ('30039000-0000-0000-0000-000000000001', 'comfort', -0.4, 40.1, 6)
ON CONFLICT DO NOTHING;

UPDATE users SET wv_vector = '[1.2,2.0,-0.2,1.5,-0.5,0.8,0.3,0.6,0.4,0.5,0.0,0.2,1.0,1.8,-0.3,-0.1,-0.8,-0.4,-0.6,-1.0,-1.5]'
WHERE id = '10000000-0000-0000-0000-000000000039';

INSERT INTO work_values_sessions (id, user_id, circular_triads, consistency_coefficient, consistency_level, purpose)
VALUES ('3003a000-0000-0000-0000-000000000001', '10000000-0000-0000-0000-00000000003a', 27, 0.93, 'high', 'general')
ON CONFLICT DO NOTHING;

INSERT INTO work_needs_scores (session_id, need_id, mu, se, display_score, rank) VALUES
  ('3003a000-0000-0000-0000-000000000001',  1,   2.2, 0.35,  90.0,  1),  -- ability_utilization
  ('3003a000-0000-0000-0000-000000000001',  2,   1.8, 0.33,  85.8,  2),  -- achievement
  ('3003a000-0000-0000-0000-000000000001',  3,  -0.4, 0.29,  40.1, 14),  -- activity
  ('3003a000-0000-0000-0000-000000000001',  4,   0.6, 0.30,  64.6,  7),  -- advancement
  ('3003a000-0000-0000-0000-000000000001',  5,  -0.8, 0.30,  31.0, 17),  -- authority
  ('3003a000-0000-0000-0000-000000000001',  6,   1.5, 0.33,  81.8,  4),  -- autonomy
  ('3003a000-0000-0000-0000-000000000001',  7,  -0.1, 0.28,  47.5, 11),  -- company_policies
  ('3003a000-0000-0000-0000-000000000001',  8,   0.4, 0.29,  59.9,  8),  -- compensation
  ('3003a000-0000-0000-0000-000000000001',  9,   0.2, 0.29,  55.0,  9),  -- co_workers
  ('3003a000-0000-0000-0000-000000000001', 10,   1.8, 0.33,  85.8,  3),  -- creativity
  ('3003a000-0000-0000-0000-000000000001', 11,   1.0, 0.31,  73.1,  5),  -- independence
  ('3003a000-0000-0000-0000-000000000001', 12,   0.0, 0.28,  50.0, 10),  -- moral_values
  ('3003a000-0000-0000-0000-000000000001', 13,  -0.3, 0.29,  42.6, 13),  -- recognition
  ('3003a000-0000-0000-0000-000000000001', 14,   0.8, 0.30,  69.0,  6),  -- responsibility
  ('3003a000-0000-0000-0000-000000000001', 15,  -0.5, 0.30,  37.8, 15),  -- security
  ('3003a000-0000-0000-0000-000000000001', 16,  -0.2, 0.29,  45.0, 12),  -- social_service
  ('3003a000-0000-0000-0000-000000000001', 17,  -1.2, 0.32,  23.1, 19),  -- social_status
  ('3003a000-0000-0000-0000-000000000001', 18,  -0.6, 0.30,  35.4, 16),  -- supervision_hr
  ('3003a000-0000-0000-0000-000000000001', 19,  -0.9, 0.31,  28.9, 18),  -- supervision_technical
  ('3003a000-0000-0000-0000-000000000001', 20,  -1.5, 0.33,  18.2, 20),  -- variety
  ('3003a000-0000-0000-0000-000000000001', 21,  -2.0, 0.34,  11.9, 21)  -- working_conditions
ON CONFLICT DO NOTHING;

INSERT INTO work_values_scores (session_id, value_id, mu, display_score, rank) VALUES
  ('3003a000-0000-0000-0000-000000000001', 'achievement', 2.0, 88.1, 1),
  ('3003a000-0000-0000-0000-000000000001', 'autonomy', 1.37, 79.7, 2),
  ('3003a000-0000-0000-0000-000000000001', 'altruism', 0.0, 50.0, 3),
  ('3003a000-0000-0000-0000-000000000001', 'status', -0.42, 39.5, 4),
  ('3003a000-0000-0000-0000-000000000001', 'comfort', -0.5, 37.8, 5),
  ('3003a000-0000-0000-0000-000000000001', 'safety', -0.53, 37.0, 6)
ON CONFLICT DO NOTHING;

UPDATE users SET wv_vector = '[2.2,1.8,-0.4,0.6,-0.8,1.5,-0.1,0.4,0.2,1.8,1.0,0.0,-0.3,0.8,-0.5,-0.2,-1.2,-0.6,-0.9,-1.5,-2.0]'
WHERE id = '10000000-0000-0000-0000-00000000003a';

INSERT INTO work_values_sessions (id, user_id, circular_triads, consistency_coefficient, consistency_level, purpose)
VALUES ('3003b000-0000-0000-0000-000000000001', '10000000-0000-0000-0000-00000000003b', 33, 0.914, 'high', 'general')
ON CONFLICT DO NOTHING;

INSERT INTO work_needs_scores (session_id, need_id, mu, se, display_score, rank) VALUES
  ('3003b000-0000-0000-0000-000000000001',  1,   1.5, 0.33,  81.8,  2),  -- ability_utilization
  ('3003b000-0000-0000-0000-000000000001',  2,   1.2, 0.32,  76.9,  4),  -- achievement
  ('3003b000-0000-0000-0000-000000000001',  3,  -0.3, 0.29,  42.6, 14),  -- activity
  ('3003b000-0000-0000-0000-000000000001',  4,   0.3, 0.29,  57.4,  9),  -- advancement
  ('3003b000-0000-0000-0000-000000000001',  5,  -0.6, 0.30,  35.4, 17),  -- authority
  ('3003b000-0000-0000-0000-000000000001',  6,   2.2, 0.35,  90.0,  1),  -- autonomy
  ('3003b000-0000-0000-0000-000000000001',  7,   0.1, 0.28,  52.5, 10),  -- company_policies
  ('3003b000-0000-0000-0000-000000000001',  8,   0.5, 0.30,  62.2,  8),  -- compensation
  ('3003b000-0000-0000-0000-000000000001',  9,   0.6, 0.30,  64.6,  7),  -- co_workers
  ('3003b000-0000-0000-0000-000000000001', 10,   0.8, 0.30,  69.0,  6),  -- creativity
  ('3003b000-0000-0000-0000-000000000001', 11,   1.5, 0.33,  81.8,  3),  -- independence
  ('3003b000-0000-0000-0000-000000000001', 12,   0.0, 0.28,  50.0, 11),  -- moral_values
  ('3003b000-0000-0000-0000-000000000001', 13,  -0.4, 0.29,  40.1, 15),  -- recognition
  ('3003b000-0000-0000-0000-000000000001', 14,   1.2, 0.32,  76.9,  5),  -- responsibility
  ('3003b000-0000-0000-0000-000000000001', 15,  -0.2, 0.29,  45.0, 13),  -- security
  ('3003b000-0000-0000-0000-000000000001', 16,   0.0, 0.28,  50.0, 12),  -- social_service
  ('3003b000-0000-0000-0000-000000000001', 17,  -1.0, 0.31,  26.9, 19),  -- social_status
  ('3003b000-0000-0000-0000-000000000001', 18,  -0.5, 0.30,  37.8, 16),  -- supervision_hr
  ('3003b000-0000-0000-0000-000000000001', 19,  -0.7, 0.30,  33.2, 18),  -- supervision_technical
  ('3003b000-0000-0000-0000-000000000001', 20,  -1.3, 0.32,  21.4, 20),  -- variety
  ('3003b000-0000-0000-0000-000000000001', 21,  -1.8, 0.33,  14.2, 21)  -- working_conditions
ON CONFLICT DO NOTHING;

INSERT INTO work_values_scores (session_id, value_id, mu, display_score, rank) VALUES
  ('3003b000-0000-0000-0000-000000000001', 'autonomy', 1.4, 80.2, 1),
  ('3003b000-0000-0000-0000-000000000001', 'achievement', 1.35, 79.4, 2),
  ('3003b000-0000-0000-0000-000000000001', 'altruism', 0.2, 55.0, 3),
  ('3003b000-0000-0000-0000-000000000001', 'comfort', -0.27, 43.4, 4),
  ('3003b000-0000-0000-0000-000000000001', 'safety', -0.37, 40.9, 5),
  ('3003b000-0000-0000-0000-000000000001', 'status', -0.42, 39.5, 6)
ON CONFLICT DO NOTHING;

UPDATE users SET wv_vector = '[1.5,1.2,-0.3,0.3,-0.6,2.2,0.1,0.5,0.6,0.8,1.5,0.0,-0.4,1.2,-0.2,0.0,-1.0,-0.5,-0.7,-1.3,-1.8]'
WHERE id = '10000000-0000-0000-0000-00000000003b';

INSERT INTO work_values_sessions (id, user_id, circular_triads, consistency_coefficient, consistency_level, purpose)
VALUES ('3003c000-0000-0000-0000-000000000001', '10000000-0000-0000-0000-00000000003c', 38, 0.901, 'high', 'general')
ON CONFLICT DO NOTHING;

INSERT INTO work_needs_scores (session_id, need_id, mu, se, display_score, rank) VALUES
  ('3003c000-0000-0000-0000-000000000001',  1,   0.8, 0.30,  69.0,  6),  -- ability_utilization
  ('3003c000-0000-0000-0000-000000000001',  2,   1.5, 0.33,  81.8,  1),  -- achievement
  ('3003c000-0000-0000-0000-000000000001',  3,   0.3, 0.29,  57.4, 11),  -- activity
  ('3003c000-0000-0000-0000-000000000001',  4,   1.2, 0.32,  76.9,  3),  -- advancement
  ('3003c000-0000-0000-0000-000000000001',  5,  -0.3, 0.29,  42.6, 15),  -- authority
  ('3003c000-0000-0000-0000-000000000001',  6,   0.5, 0.30,  62.2,  9),  -- autonomy
  ('3003c000-0000-0000-0000-000000000001',  7,   0.1, 0.28,  52.5, 13),  -- company_policies
  ('3003c000-0000-0000-0000-000000000001',  8,   0.8, 0.30,  69.0,  7),  -- compensation
  ('3003c000-0000-0000-0000-000000000001',  9,   1.0, 0.31,  73.1,  4),  -- co_workers
  ('3003c000-0000-0000-0000-000000000001', 10,   1.0, 0.31,  73.1,  5),  -- creativity
  ('3003c000-0000-0000-0000-000000000001', 11,   0.0, 0.28,  50.0, 14),  -- independence
  ('3003c000-0000-0000-0000-000000000001', 12,   0.2, 0.29,  55.0, 12),  -- moral_values
  ('3003c000-0000-0000-0000-000000000001', 13,   1.3, 0.32,  78.6,  2),  -- recognition
  ('3003c000-0000-0000-0000-000000000001', 14,   0.6, 0.30,  64.6,  8),  -- responsibility
  ('3003c000-0000-0000-0000-000000000001', 15,  -0.4, 0.29,  40.1, 16),  -- security
  ('3003c000-0000-0000-0000-000000000001', 16,   0.5, 0.30,  62.2, 10),  -- social_service
  ('3003c000-0000-0000-0000-000000000001', 17,  -0.8, 0.30,  31.0, 19),  -- social_status
  ('3003c000-0000-0000-0000-000000000001', 18,  -0.5, 0.30,  37.8, 17),  -- supervision_hr
  ('3003c000-0000-0000-0000-000000000001', 19,  -0.7, 0.30,  33.2, 18),  -- supervision_technical
  ('3003c000-0000-0000-0000-000000000001', 20,  -1.0, 0.31,  26.9, 20),  -- variety
  ('3003c000-0000-0000-0000-000000000001', 21,  -1.5, 0.33,  18.2, 21)  -- working_conditions
ON CONFLICT DO NOTHING;

INSERT INTO work_values_scores (session_id, value_id, mu, display_score, rank) VALUES
  ('3003c000-0000-0000-0000-000000000001', 'achievement', 1.15, 76.0, 1),
  ('3003c000-0000-0000-0000-000000000001', 'autonomy', 0.7, 66.8, 2),
  ('3003c000-0000-0000-0000-000000000001', 'altruism', 0.57, 63.8, 3),
  ('3003c000-0000-0000-0000-000000000001', 'status', 0.35, 58.7, 4),
  ('3003c000-0000-0000-0000-000000000001', 'comfort', -0.3, 42.6, 5),
  ('3003c000-0000-0000-0000-000000000001', 'safety', -0.37, 40.9, 6)
ON CONFLICT DO NOTHING;

UPDATE users SET wv_vector = '[0.8,1.5,0.3,1.2,-0.3,0.5,0.1,0.8,1.0,1.0,0.0,0.2,1.3,0.6,-0.4,0.5,-0.8,-0.5,-0.7,-1.0,-1.5]'
WHERE id = '10000000-0000-0000-0000-00000000003c';

INSERT INTO work_values_sessions (id, user_id, circular_triads, consistency_coefficient, consistency_level, purpose)
VALUES ('3003d000-0000-0000-0000-000000000001', '10000000-0000-0000-0000-00000000003d', 29, 0.925, 'high', 'general')
ON CONFLICT DO NOTHING;

INSERT INTO work_needs_scores (session_id, need_id, mu, se, display_score, rank) VALUES
  ('3003d000-0000-0000-0000-000000000001',  1,   1.8, 0.33,  85.8,  1),  -- ability_utilization
  ('3003d000-0000-0000-0000-000000000001',  2,   1.3, 0.32,  78.6,  4),  -- achievement
  ('3003d000-0000-0000-0000-000000000001',  3,  -0.5, 0.30,  37.8, 14),  -- activity
  ('3003d000-0000-0000-0000-000000000001',  4,   0.4, 0.29,  59.9,  8),  -- advancement
  ('3003d000-0000-0000-0000-000000000001',  5,  -0.9, 0.31,  28.9, 18),  -- authority
  ('3003d000-0000-0000-0000-000000000001',  6,   1.8, 0.33,  85.8,  2),  -- autonomy
  ('3003d000-0000-0000-0000-000000000001',  7,  -0.2, 0.29,  45.0, 12),  -- company_policies
  ('3003d000-0000-0000-0000-000000000001',  8,   0.3, 0.29,  57.4,  9),  -- compensation
  ('3003d000-0000-0000-0000-000000000001',  9,   0.5, 0.30,  62.2,  7),  -- co_workers
  ('3003d000-0000-0000-0000-000000000001', 10,   1.5, 0.33,  81.8,  3),  -- creativity
  ('3003d000-0000-0000-0000-000000000001', 11,   0.7, 0.30,  66.8,  6),  -- independence
  ('3003d000-0000-0000-0000-000000000001', 12,   0.0, 0.28,  50.0, 11),  -- moral_values
  ('3003d000-0000-0000-0000-000000000001', 13,  -0.4, 0.29,  40.1, 13),  -- recognition
  ('3003d000-0000-0000-0000-000000000001', 14,   0.9, 0.31,  71.1,  5),  -- responsibility
  ('3003d000-0000-0000-0000-000000000001', 15,  -0.6, 0.30,  35.4, 16),  -- security
  ('3003d000-0000-0000-0000-000000000001', 16,   0.1, 0.28,  52.5, 10),  -- social_service
  ('3003d000-0000-0000-0000-000000000001', 17,  -1.2, 0.32,  23.1, 19),  -- social_status
  ('3003d000-0000-0000-0000-000000000001', 18,  -0.5, 0.30,  37.8, 15),  -- supervision_hr
  ('3003d000-0000-0000-0000-000000000001', 19,  -0.8, 0.30,  31.0, 17),  -- supervision_technical
  ('3003d000-0000-0000-0000-000000000001', 20,  -1.4, 0.32,  19.8, 20),  -- variety
  ('3003d000-0000-0000-0000-000000000001', 21,  -1.7, 0.33,  15.4, 21)  -- working_conditions
ON CONFLICT DO NOTHING;

INSERT INTO work_values_scores (session_id, value_id, mu, display_score, rank) VALUES
  ('3003d000-0000-0000-0000-000000000001', 'achievement', 1.55, 82.5, 1),
  ('3003d000-0000-0000-0000-000000000001', 'autonomy', 1.4, 80.2, 2),
  ('3003d000-0000-0000-0000-000000000001', 'altruism', 0.2, 55.0, 3),
  ('3003d000-0000-0000-0000-000000000001', 'safety', -0.5, 37.8, 4),
  ('3003d000-0000-0000-0000-000000000001', 'comfort', -0.53, 37.0, 5),
  ('3003d000-0000-0000-0000-000000000001', 'status', -0.53, 37.2, 6)
ON CONFLICT DO NOTHING;

UPDATE users SET wv_vector = '[1.8,1.3,-0.5,0.4,-0.9,1.8,-0.2,0.3,0.5,1.5,0.7,0.0,-0.4,0.9,-0.6,0.1,-1.2,-0.5,-0.8,-1.4,-1.7]'
WHERE id = '10000000-0000-0000-0000-00000000003d';

INSERT INTO work_values_sessions (id, user_id, circular_triads, consistency_coefficient, consistency_level, purpose)
VALUES ('3003e000-0000-0000-0000-000000000001', '10000000-0000-0000-0000-00000000003e', 40, 0.896, 'high', 'general')
ON CONFLICT DO NOTHING;

INSERT INTO work_needs_scores (session_id, need_id, mu, se, display_score, rank) VALUES
  ('3003e000-0000-0000-0000-000000000001',  1,   0.5, 0.30,  62.2,  7),  -- ability_utilization
  ('3003e000-0000-0000-0000-000000000001',  2,   1.8, 0.33,  85.8,  1),  -- achievement
  ('3003e000-0000-0000-0000-000000000001',  3,   0.2, 0.29,  55.0, 11),  -- activity
  ('3003e000-0000-0000-0000-000000000001',  4,   1.8, 0.33,  85.8,  2),  -- advancement
  ('3003e000-0000-0000-0000-000000000001',  5,   0.5, 0.30,  62.2,  8),  -- authority
  ('3003e000-0000-0000-0000-000000000001',  6,   0.3, 0.29,  57.4,  9),  -- autonomy
  ('3003e000-0000-0000-0000-000000000001',  7,   0.2, 0.29,  55.0, 12),  -- company_policies
  ('3003e000-0000-0000-0000-000000000001',  8,   1.0, 0.31,  73.1,  5),  -- compensation
  ('3003e000-0000-0000-0000-000000000001',  9,   0.8, 0.30,  69.0,  6),  -- co_workers
  ('3003e000-0000-0000-0000-000000000001', 10,   0.3, 0.29,  57.4, 10),  -- creativity
  ('3003e000-0000-0000-0000-000000000001', 11,  -0.2, 0.29,  45.0, 15),  -- independence
  ('3003e000-0000-0000-0000-000000000001', 12,   0.1, 0.28,  52.5, 13),  -- moral_values
  ('3003e000-0000-0000-0000-000000000001', 13,   1.5, 0.33,  81.8,  3),  -- recognition
  ('3003e000-0000-0000-0000-000000000001', 14,   1.2, 0.32,  76.9,  4),  -- responsibility
  ('3003e000-0000-0000-0000-000000000001', 15,  -0.3, 0.29,  42.6, 16),  -- security
  ('3003e000-0000-0000-0000-000000000001', 16,  -0.1, 0.28,  47.5, 14),  -- social_service
  ('3003e000-0000-0000-0000-000000000001', 17,  -0.5, 0.30,  37.8, 18),  -- social_status
  ('3003e000-0000-0000-0000-000000000001', 18,  -0.4, 0.29,  40.1, 17),  -- supervision_hr
  ('3003e000-0000-0000-0000-000000000001', 19,  -0.6, 0.30,  35.4, 19),  -- supervision_technical
  ('3003e000-0000-0000-0000-000000000001', 20,  -0.8, 0.30,  31.0, 20),  -- variety
  ('3003e000-0000-0000-0000-000000000001', 21,  -1.2, 0.32,  23.1, 21)  -- working_conditions
ON CONFLICT DO NOTHING;

INSERT INTO work_values_scores (session_id, value_id, mu, display_score, rank) VALUES
  ('3003e000-0000-0000-0000-000000000001', 'achievement', 1.15, 76.0, 1),
  ('3003e000-0000-0000-0000-000000000001', 'status', 0.82, 69.5, 2),
  ('3003e000-0000-0000-0000-000000000001', 'autonomy', 0.6, 64.6, 3),
  ('3003e000-0000-0000-0000-000000000001', 'altruism', 0.27, 56.6, 4),
  ('3003e000-0000-0000-0000-000000000001', 'comfort', -0.22, 44.6, 5),
  ('3003e000-0000-0000-0000-000000000001', 'safety', -0.27, 43.4, 6)
ON CONFLICT DO NOTHING;

UPDATE users SET wv_vector = '[0.5,1.8,0.2,1.8,0.5,0.3,0.2,1.0,0.8,0.3,-0.2,0.1,1.5,1.2,-0.3,-0.1,-0.5,-0.4,-0.6,-0.8,-1.2]'
WHERE id = '10000000-0000-0000-0000-00000000003e';

INSERT INTO work_values_sessions (id, user_id, circular_triads, consistency_coefficient, consistency_level, purpose)
VALUES ('3003f000-0000-0000-0000-000000000001', '10000000-0000-0000-0000-00000000003f', 31, 0.919, 'high', 'general')
ON CONFLICT DO NOTHING;

INSERT INTO work_needs_scores (session_id, need_id, mu, se, display_score, rank) VALUES
  ('3003f000-0000-0000-0000-000000000001',  1,   1.6, 0.33,  83.2,  2),  -- ability_utilization
  ('3003f000-0000-0000-0000-000000000001',  2,   1.3, 0.32,  78.6,  3),  -- achievement
  ('3003f000-0000-0000-0000-000000000001',  3,  -0.2, 0.29,  45.0, 13),  -- activity
  ('3003f000-0000-0000-0000-000000000001',  4,   0.4, 0.29,  59.9,  8),  -- advancement
  ('3003f000-0000-0000-0000-000000000001',  5,  -0.7, 0.30,  33.2, 17),  -- authority
  ('3003f000-0000-0000-0000-000000000001',  6,   2.0, 0.34,  88.1,  1),  -- autonomy
  ('3003f000-0000-0000-0000-000000000001',  7,   0.2, 0.29,  55.0, 10),  -- company_policies
  ('3003f000-0000-0000-0000-000000000001',  8,   0.4, 0.29,  59.9,  9),  -- compensation
  ('3003f000-0000-0000-0000-000000000001',  9,   0.7, 0.30,  66.8,  7),  -- co_workers
  ('3003f000-0000-0000-0000-000000000001', 10,   1.0, 0.31,  73.1,  5),  -- creativity
  ('3003f000-0000-0000-0000-000000000001', 11,   1.2, 0.32,  76.9,  4),  -- independence
  ('3003f000-0000-0000-0000-000000000001', 12,   0.0, 0.28,  50.0, 11),  -- moral_values
  ('3003f000-0000-0000-0000-000000000001', 13,  -0.3, 0.29,  42.6, 14),  -- recognition
  ('3003f000-0000-0000-0000-000000000001', 14,   1.0, 0.31,  73.1,  6),  -- responsibility
  ('3003f000-0000-0000-0000-000000000001', 15,  -0.5, 0.30,  37.8, 15),  -- security
  ('3003f000-0000-0000-0000-000000000001', 16,   0.0, 0.28,  50.0, 12),  -- social_service
  ('3003f000-0000-0000-0000-000000000001', 17,  -1.1, 0.31,  25.0, 19),  -- social_status
  ('3003f000-0000-0000-0000-000000000001', 18,  -0.5, 0.30,  37.8, 16),  -- supervision_hr
  ('3003f000-0000-0000-0000-000000000001', 19,  -0.8, 0.30,  31.0, 18),  -- supervision_technical
  ('3003f000-0000-0000-0000-000000000001', 20,  -1.3, 0.32,  21.4, 20),  -- variety
  ('3003f000-0000-0000-0000-000000000001', 21,  -1.7, 0.33,  15.4, 21)  -- working_conditions
ON CONFLICT DO NOTHING;

INSERT INTO work_values_scores (session_id, value_id, mu, display_score, rank) VALUES
  ('3003f000-0000-0000-0000-000000000001', 'achievement', 1.45, 81.0, 1),
  ('3003f000-0000-0000-0000-000000000001', 'autonomy', 1.33, 79.1, 2),
  ('3003f000-0000-0000-0000-000000000001', 'altruism', 0.23, 55.8, 3),
  ('3003f000-0000-0000-0000-000000000001', 'comfort', -0.35, 41.3, 4),
  ('3003f000-0000-0000-0000-000000000001', 'safety', -0.37, 40.9, 5),
  ('3003f000-0000-0000-0000-000000000001', 'status', -0.42, 39.5, 6)
ON CONFLICT DO NOTHING;

UPDATE users SET wv_vector = '[1.6,1.3,-0.2,0.4,-0.7,2.0,0.2,0.4,0.7,1.0,1.2,0.0,-0.3,1.0,-0.5,0.0,-1.1,-0.5,-0.8,-1.3,-1.7]'
WHERE id = '10000000-0000-0000-0000-00000000003f';

INSERT INTO work_values_sessions (id, user_id, circular_triads, consistency_coefficient, consistency_level, purpose)
VALUES ('30040000-0000-0000-0000-000000000001', '10000000-0000-0000-0000-000000000040', 34, 0.912, 'high', 'general')
ON CONFLICT DO NOTHING;

INSERT INTO work_needs_scores (session_id, need_id, mu, se, display_score, rank) VALUES
  ('30040000-0000-0000-0000-000000000001',  1,   1.0, 0.31,  73.1,  6),  -- ability_utilization
  ('30040000-0000-0000-0000-000000000001',  2,   0.8, 0.30,  69.0,  7),  -- achievement
  ('30040000-0000-0000-0000-000000000001',  3,  -0.4, 0.29,  40.1, 15),  -- activity
  ('30040000-0000-0000-0000-000000000001',  4,   0.0, 0.28,  50.0, 11),  -- advancement
  ('30040000-0000-0000-0000-000000000001',  5,  -1.5, 0.33,  18.2, 19),  -- authority
  ('30040000-0000-0000-0000-000000000001',  6,   1.2, 0.32,  76.9,  4),  -- autonomy
  ('30040000-0000-0000-0000-000000000001',  7,   0.1, 0.28,  52.5, 10),  -- company_policies
  ('30040000-0000-0000-0000-000000000001',  8,  -0.2, 0.29,  45.0, 13),  -- compensation
  ('30040000-0000-0000-0000-000000000001',  9,   1.8, 0.33,  85.8,  2),  -- co_workers
  ('30040000-0000-0000-0000-000000000001', 10,   1.5, 0.33,  81.8,  3),  -- creativity
  ('30040000-0000-0000-0000-000000000001', 11,   0.0, 0.28,  50.0, 12),  -- independence
  ('30040000-0000-0000-0000-000000000001', 12,   1.2, 0.32,  76.9,  5),  -- moral_values
  ('30040000-0000-0000-0000-000000000001', 13,   0.3, 0.29,  57.4,  8),  -- recognition
  ('30040000-0000-0000-0000-000000000001', 14,   0.2, 0.29,  55.0,  9),  -- responsibility
  ('30040000-0000-0000-0000-000000000001', 15,  -0.3, 0.29,  42.6, 14),  -- security
  ('30040000-0000-0000-0000-000000000001', 16,   2.0, 0.34,  88.1,  1),  -- social_service
  ('30040000-0000-0000-0000-000000000001', 17,  -1.8, 0.33,  14.2, 21),  -- social_status
  ('30040000-0000-0000-0000-000000000001', 18,  -0.5, 0.30,  37.8, 16),  -- supervision_hr
  ('30040000-0000-0000-0000-000000000001', 19,  -0.8, 0.30,  31.0, 17),  -- supervision_technical
  ('30040000-0000-0000-0000-000000000001', 20,  -0.8, 0.30,  31.0, 18),  -- variety
  ('30040000-0000-0000-0000-000000000001', 21,  -1.5, 0.33,  18.2, 20)  -- working_conditions
ON CONFLICT DO NOTHING;

INSERT INTO work_values_scores (session_id, value_id, mu, display_score, rank) VALUES
  ('30040000-0000-0000-0000-000000000001', 'altruism', 1.67, 84.1, 1),
  ('30040000-0000-0000-0000-000000000001', 'autonomy', 0.97, 72.4, 2),
  ('30040000-0000-0000-0000-000000000001', 'achievement', 0.9, 71.1, 3),
  ('30040000-0000-0000-0000-000000000001', 'safety', -0.4, 40.1, 4),
  ('30040000-0000-0000-0000-000000000001', 'comfort', -0.53, 37.0, 5),
  ('30040000-0000-0000-0000-000000000001', 'status', -0.75, 32.1, 6)
ON CONFLICT DO NOTHING;

UPDATE users SET wv_vector = '[1.0,0.8,-0.4,0.0,-1.5,1.2,0.1,-0.2,1.8,1.5,0.0,1.2,0.3,0.2,-0.3,2.0,-1.8,-0.5,-0.8,-0.8,-1.5]'
WHERE id = '10000000-0000-0000-0000-000000000040';

INSERT INTO work_values_sessions (id, user_id, circular_triads, consistency_coefficient, consistency_level, purpose)
VALUES ('30041000-0000-0000-0000-000000000001', '10000000-0000-0000-0000-000000000041', 29, 0.925, 'high', 'general')
ON CONFLICT DO NOTHING;

INSERT INTO work_needs_scores (session_id, need_id, mu, se, display_score, rank) VALUES
  ('30041000-0000-0000-0000-000000000001',  1,   1.8, 0.33,  85.8,  2),  -- ability_utilization
  ('30041000-0000-0000-0000-000000000001',  2,   1.5, 0.33,  81.8,  3),  -- achievement
  ('30041000-0000-0000-0000-000000000001',  3,  -0.1, 0.28,  47.5, 12),  -- activity
  ('30041000-0000-0000-0000-000000000001',  4,   0.3, 0.29,  57.4,  8),  -- advancement
  ('30041000-0000-0000-0000-000000000001',  5,  -0.8, 0.30,  31.0, 17),  -- authority
  ('30041000-0000-0000-0000-000000000001',  6,   2.2, 0.35,  90.0,  1),  -- autonomy
  ('30041000-0000-0000-0000-000000000001',  7,  -0.2, 0.29,  45.0, 13),  -- company_policies
  ('30041000-0000-0000-0000-000000000001',  8,   0.2, 0.29,  55.0,  9),  -- compensation
  ('30041000-0000-0000-0000-000000000001',  9,   0.5, 0.30,  62.2,  7),  -- co_workers
  ('30041000-0000-0000-0000-000000000001', 10,   1.5, 0.33,  81.8,  4),  -- creativity
  ('30041000-0000-0000-0000-000000000001', 11,   1.2, 0.32,  76.9,  5),  -- independence
  ('30041000-0000-0000-0000-000000000001', 12,   0.0, 0.28,  50.0, 10),  -- moral_values
  ('30041000-0000-0000-0000-000000000001', 13,  -0.4, 0.29,  40.1, 14),  -- recognition
  ('30041000-0000-0000-0000-000000000001', 14,   1.0, 0.31,  73.1,  6),  -- responsibility
  ('30041000-0000-0000-0000-000000000001', 15,  -0.6, 0.30,  35.4, 16),  -- security
  ('30041000-0000-0000-0000-000000000001', 16,   0.0, 0.28,  50.0, 11),  -- social_service
  ('30041000-0000-0000-0000-000000000001', 17,  -1.2, 0.32,  23.1, 19),  -- social_status
  ('30041000-0000-0000-0000-000000000001', 18,  -0.5, 0.30,  37.8, 15),  -- supervision_hr
  ('30041000-0000-0000-0000-000000000001', 19,  -0.8, 0.30,  31.0, 18),  -- supervision_technical
  ('30041000-0000-0000-0000-000000000001', 20,  -1.3, 0.32,  21.4, 20),  -- variety
  ('30041000-0000-0000-0000-000000000001', 21,  -1.8, 0.33,  14.2, 21)  -- working_conditions
ON CONFLICT DO NOTHING;

INSERT INTO work_values_scores (session_id, value_id, mu, display_score, rank) VALUES
  ('30041000-0000-0000-0000-000000000001', 'achievement', 1.65, 83.9, 1),
  ('30041000-0000-0000-0000-000000000001', 'autonomy', 1.57, 82.7, 2),
  ('30041000-0000-0000-0000-000000000001', 'altruism', 0.17, 54.2, 3),
  ('30041000-0000-0000-0000-000000000001', 'comfort', -0.4, 40.1, 4),
  ('30041000-0000-0000-0000-000000000001', 'safety', -0.5, 37.8, 5),
  ('30041000-0000-0000-0000-000000000001', 'status', -0.53, 37.2, 6)
ON CONFLICT DO NOTHING;

UPDATE users SET wv_vector = '[1.8,1.5,-0.1,0.3,-0.8,2.2,-0.2,0.2,0.5,1.5,1.2,0.0,-0.4,1.0,-0.6,0.0,-1.2,-0.5,-0.8,-1.3,-1.8]'
WHERE id = '10000000-0000-0000-0000-000000000041';

INSERT INTO work_values_sessions (id, user_id, circular_triads, consistency_coefficient, consistency_level, purpose)
VALUES ('30042000-0000-0000-0000-000000000001', '10000000-0000-0000-0000-000000000042', 42, 0.891, 'high', 'general')
ON CONFLICT DO NOTHING;

INSERT INTO work_needs_scores (session_id, need_id, mu, se, display_score, rank) VALUES
  ('30042000-0000-0000-0000-000000000001',  1,   0.8, 0.30,  69.0,  6),  -- ability_utilization
  ('30042000-0000-0000-0000-000000000001',  2,   1.5, 0.33,  81.8,  1),  -- achievement
  ('30042000-0000-0000-0000-000000000001',  3,   0.3, 0.29,  57.4, 10),  -- activity
  ('30042000-0000-0000-0000-000000000001',  4,   1.5, 0.33,  81.8,  2),  -- advancement
  ('30042000-0000-0000-0000-000000000001',  5,   0.3, 0.29,  57.4, 11),  -- authority
  ('30042000-0000-0000-0000-000000000001',  6,   0.5, 0.30,  62.2,  7),  -- autonomy
  ('30042000-0000-0000-0000-000000000001',  7,   0.5, 0.30,  62.2,  8),  -- company_policies
  ('30042000-0000-0000-0000-000000000001',  8,   1.2, 0.32,  76.9,  4),  -- compensation
  ('30042000-0000-0000-0000-000000000001',  9,   0.3, 0.29,  57.4, 12),  -- co_workers
  ('30042000-0000-0000-0000-000000000001', 10,   0.2, 0.29,  55.0, 13),  -- creativity
  ('30042000-0000-0000-0000-000000000001', 11,  -0.1, 0.28,  47.5, 15),  -- independence
  ('30042000-0000-0000-0000-000000000001', 12,   0.5, 0.30,  62.2,  9),  -- moral_values
  ('30042000-0000-0000-0000-000000000001', 13,   1.0, 0.31,  73.1,  5),  -- recognition
  ('30042000-0000-0000-0000-000000000001', 14,   1.5, 0.33,  81.8,  3),  -- responsibility
  ('30042000-0000-0000-0000-000000000001', 15,  -0.2, 0.29,  45.0, 16),  -- security
  ('30042000-0000-0000-0000-000000000001', 16,   0.0, 0.28,  50.0, 14),  -- social_service
  ('30042000-0000-0000-0000-000000000001', 17,  -0.3, 0.29,  42.6, 17),  -- social_status
  ('30042000-0000-0000-0000-000000000001', 18,  -0.4, 0.29,  40.1, 18),  -- supervision_hr
  ('30042000-0000-0000-0000-000000000001', 19,  -0.5, 0.30,  37.8, 19),  -- supervision_technical
  ('30042000-0000-0000-0000-000000000001', 20,  -0.8, 0.30,  31.0, 20),  -- variety
  ('30042000-0000-0000-0000-000000000001', 21,  -1.2, 0.32,  23.1, 21)  -- working_conditions
ON CONFLICT DO NOTHING;

INSERT INTO work_values_scores (session_id, value_id, mu, display_score, rank) VALUES
  ('30042000-0000-0000-0000-000000000001', 'achievement', 1.15, 76.0, 1),
  ('30042000-0000-0000-0000-000000000001', 'autonomy', 0.73, 67.6, 2),
  ('30042000-0000-0000-0000-000000000001', 'status', 0.62, 65.1, 3),
  ('30042000-0000-0000-0000-000000000001', 'altruism', 0.27, 56.6, 4),
  ('30042000-0000-0000-0000-000000000001', 'comfort', -0.13, 46.7, 5),
  ('30042000-0000-0000-0000-000000000001', 'safety', -0.13, 46.7, 6)
ON CONFLICT DO NOTHING;

UPDATE users SET wv_vector = '[0.8,1.5,0.3,1.5,0.3,0.5,0.5,1.2,0.3,0.2,-0.1,0.5,1.0,1.5,-0.2,0.0,-0.3,-0.4,-0.5,-0.8,-1.2]'
WHERE id = '10000000-0000-0000-0000-000000000042';

INSERT INTO work_values_sessions (id, user_id, circular_triads, consistency_coefficient, consistency_level, purpose)
VALUES ('30043000-0000-0000-0000-000000000001', '10000000-0000-0000-0000-000000000043', 36, 0.906, 'high', 'general')
ON CONFLICT DO NOTHING;

INSERT INTO work_needs_scores (session_id, need_id, mu, se, display_score, rank) VALUES
  ('30043000-0000-0000-0000-000000000001',  1,   1.2, 0.32,  76.9,  1),  -- ability_utilization
  ('30043000-0000-0000-0000-000000000001',  2,   1.0, 0.31,  73.1,  2),  -- achievement
  ('30043000-0000-0000-0000-000000000001',  3,   0.2, 0.29,  55.0, 14),  -- activity
  ('30043000-0000-0000-0000-000000000001',  4,   0.3, 0.29,  57.4, 11),  -- advancement
  ('30043000-0000-0000-0000-000000000001',  5,  -1.0, 0.31,  26.9, 19),  -- authority
  ('30043000-0000-0000-0000-000000000001',  6,   1.0, 0.31,  73.1,  3),  -- autonomy
  ('30043000-0000-0000-0000-000000000001',  7,   0.8, 0.30,  69.0,  5),  -- company_policies
  ('30043000-0000-0000-0000-000000000001',  8,   0.3, 0.29,  57.4, 12),  -- compensation
  ('30043000-0000-0000-0000-000000000001',  9,   1.0, 0.31,  73.1,  4),  -- co_workers
  ('30043000-0000-0000-0000-000000000001', 10,   0.5, 0.30,  62.2,  8),  -- creativity
  ('30043000-0000-0000-0000-000000000001', 11,   0.5, 0.30,  62.2,  9),  -- independence
  ('30043000-0000-0000-0000-000000000001', 12,   0.8, 0.30,  69.0,  6),  -- moral_values
  ('30043000-0000-0000-0000-000000000001', 13,  -0.2, 0.29,  45.0, 15),  -- recognition
  ('30043000-0000-0000-0000-000000000001', 14,   0.6, 0.30,  64.6,  7),  -- responsibility
  ('30043000-0000-0000-0000-000000000001', 15,   0.5, 0.30,  62.2, 10),  -- security
  ('30043000-0000-0000-0000-000000000001', 16,   0.3, 0.29,  57.4, 13),  -- social_service
  ('30043000-0000-0000-0000-000000000001', 17,  -1.2, 0.32,  23.1, 20),  -- social_status
  ('30043000-0000-0000-0000-000000000001', 18,  -0.3, 0.29,  42.6, 16),  -- supervision_hr
  ('30043000-0000-0000-0000-000000000001', 19,  -0.5, 0.30,  37.8, 17),  -- supervision_technical
  ('30043000-0000-0000-0000-000000000001', 20,  -0.8, 0.30,  31.0, 18),  -- variety
  ('30043000-0000-0000-0000-000000000001', 21,  -1.5, 0.33,  18.2, 21)  -- working_conditions
ON CONFLICT DO NOTHING;

INSERT INTO work_values_scores (session_id, value_id, mu, display_score, rank) VALUES
  ('30043000-0000-0000-0000-000000000001', 'achievement', 1.1, 75.0, 1),
  ('30043000-0000-0000-0000-000000000001', 'altruism', 0.7, 66.8, 2),
  ('30043000-0000-0000-0000-000000000001', 'autonomy', 0.7, 66.8, 3),
  ('30043000-0000-0000-0000-000000000001', 'safety', 0.0, 50.0, 4),
  ('30043000-0000-0000-0000-000000000001', 'comfort', -0.13, 46.7, 5),
  ('30043000-0000-0000-0000-000000000001', 'status', -0.53, 37.2, 6)
ON CONFLICT DO NOTHING;

UPDATE users SET wv_vector = '[1.2,1.0,0.2,0.3,-1.0,1.0,0.8,0.3,1.0,0.5,0.5,0.8,-0.2,0.6,0.5,0.3,-1.2,-0.3,-0.5,-0.8,-1.5]'
WHERE id = '10000000-0000-0000-0000-000000000043';

INSERT INTO work_values_sessions (id, user_id, circular_triads, consistency_coefficient, consistency_level, purpose)
VALUES ('30044000-0000-0000-0000-000000000001', '10000000-0000-0000-0000-000000000044', 30, 0.922, 'high', 'general')
ON CONFLICT DO NOTHING;

INSERT INTO work_needs_scores (session_id, need_id, mu, se, display_score, rank) VALUES
  ('30044000-0000-0000-0000-000000000001',  1,   1.7, 0.33,  84.6,  2),  -- ability_utilization
  ('30044000-0000-0000-0000-000000000001',  2,   1.3, 0.32,  78.6,  4),  -- achievement
  ('30044000-0000-0000-0000-000000000001',  3,  -0.4, 0.29,  40.1, 14),  -- activity
  ('30044000-0000-0000-0000-000000000001',  4,   0.5, 0.30,  62.2,  8),  -- advancement
  ('30044000-0000-0000-0000-000000000001',  5,  -0.8, 0.30,  31.0, 17),  -- authority
  ('30044000-0000-0000-0000-000000000001',  6,   1.8, 0.33,  85.8,  1),  -- autonomy
  ('30044000-0000-0000-0000-000000000001',  7,  -0.1, 0.28,  47.5, 12),  -- company_policies
  ('30044000-0000-0000-0000-000000000001',  8,   0.4, 0.29,  59.9,  9),  -- compensation
  ('30044000-0000-0000-0000-000000000001',  9,   0.6, 0.30,  64.6,  7),  -- co_workers
  ('30044000-0000-0000-0000-000000000001', 10,   1.5, 0.33,  81.8,  3),  -- creativity
  ('30044000-0000-0000-0000-000000000001', 11,   0.8, 0.30,  69.0,  6),  -- independence
  ('30044000-0000-0000-0000-000000000001', 12,   0.0, 0.28,  50.0, 10),  -- moral_values
  ('30044000-0000-0000-0000-000000000001', 13,  -0.3, 0.29,  42.6, 13),  -- recognition
  ('30044000-0000-0000-0000-000000000001', 14,   0.9, 0.31,  71.1,  5),  -- responsibility
  ('30044000-0000-0000-0000-000000000001', 15,  -0.5, 0.30,  37.8, 15),  -- security
  ('30044000-0000-0000-0000-000000000001', 16,   0.0, 0.28,  50.0, 11),  -- social_service
  ('30044000-0000-0000-0000-000000000001', 17,  -1.1, 0.31,  25.0, 19),  -- social_status
  ('30044000-0000-0000-0000-000000000001', 18,  -0.5, 0.30,  37.8, 16),  -- supervision_hr
  ('30044000-0000-0000-0000-000000000001', 19,  -0.8, 0.30,  31.0, 18),  -- supervision_technical
  ('30044000-0000-0000-0000-000000000001', 20,  -1.4, 0.32,  19.8, 20),  -- variety
  ('30044000-0000-0000-0000-000000000001', 21,  -1.8, 0.33,  14.2, 21)  -- working_conditions
ON CONFLICT DO NOTHING;

INSERT INTO work_values_scores (session_id, value_id, mu, display_score, rank) VALUES
  ('30044000-0000-0000-0000-000000000001', 'achievement', 1.5, 81.8, 1),
  ('30044000-0000-0000-0000-000000000001', 'autonomy', 1.4, 80.2, 2),
  ('30044000-0000-0000-0000-000000000001', 'altruism', 0.2, 55.0, 3),
  ('30044000-0000-0000-0000-000000000001', 'status', -0.43, 39.5, 4),
  ('30044000-0000-0000-0000-000000000001', 'safety', -0.47, 38.5, 5),
  ('30044000-0000-0000-0000-000000000001', 'comfort', -0.48, 38.1, 6)
ON CONFLICT DO NOTHING;

UPDATE users SET wv_vector = '[1.7,1.3,-0.4,0.5,-0.8,1.8,-0.1,0.4,0.6,1.5,0.8,0.0,-0.3,0.9,-0.5,0.0,-1.1,-0.5,-0.8,-1.4,-1.8]'
WHERE id = '10000000-0000-0000-0000-000000000044';

INSERT INTO work_values_sessions (id, user_id, circular_triads, consistency_coefficient, consistency_level, purpose)
VALUES ('30045000-0000-0000-0000-000000000001', '10000000-0000-0000-0000-000000000045', 45, 0.883, 'high', 'general')
ON CONFLICT DO NOTHING;

INSERT INTO work_needs_scores (session_id, need_id, mu, se, display_score, rank) VALUES
  ('30045000-0000-0000-0000-000000000001',  1,   0.5, 0.30,  62.2,  7),  -- ability_utilization
  ('30045000-0000-0000-0000-000000000001',  2,   1.0, 0.31,  73.1,  3),  -- achievement
  ('30045000-0000-0000-0000-000000000001',  3,   0.5, 0.30,  62.2,  8),  -- activity
  ('30045000-0000-0000-0000-000000000001',  4,   0.8, 0.30,  69.0,  5),  -- advancement
  ('30045000-0000-0000-0000-000000000001',  5,   0.0, 0.28,  50.0, 15),  -- authority
  ('30045000-0000-0000-0000-000000000001',  6,   0.3, 0.29,  57.4, 11),  -- autonomy
  ('30045000-0000-0000-0000-000000000001',  7,   0.3, 0.29,  57.4, 12),  -- company_policies
  ('30045000-0000-0000-0000-000000000001',  8,   0.5, 0.30,  62.2,  9),  -- compensation
  ('30045000-0000-0000-0000-000000000001',  9,   2.0, 0.34,  88.1,  1),  -- co_workers
  ('30045000-0000-0000-0000-000000000001', 10,   0.2, 0.29,  55.0, 13),  -- creativity
  ('30045000-0000-0000-0000-000000000001', 11,  -0.3, 0.29,  42.6, 17),  -- independence
  ('30045000-0000-0000-0000-000000000001', 12,   1.0, 0.31,  73.1,  4),  -- moral_values
  ('30045000-0000-0000-0000-000000000001', 13,   0.8, 0.30,  69.0,  6),  -- recognition
  ('30045000-0000-0000-0000-000000000001', 14,   0.5, 0.30,  62.2, 10),  -- responsibility
  ('30045000-0000-0000-0000-000000000001', 15,   0.2, 0.29,  55.0, 14),  -- security
  ('30045000-0000-0000-0000-000000000001', 16,   1.5, 0.33,  81.8,  2),  -- social_service
  ('30045000-0000-0000-0000-000000000001', 17,  -0.5, 0.30,  37.8, 19),  -- social_status
  ('30045000-0000-0000-0000-000000000001', 18,  -0.2, 0.29,  45.0, 16),  -- supervision_hr
  ('30045000-0000-0000-0000-000000000001', 19,  -0.3, 0.29,  42.6, 18),  -- supervision_technical
  ('30045000-0000-0000-0000-000000000001', 20,  -0.8, 0.30,  31.0, 20),  -- variety
  ('30045000-0000-0000-0000-000000000001', 21,  -1.0, 0.31,  26.9, 21)  -- working_conditions
ON CONFLICT DO NOTHING;

INSERT INTO work_values_scores (session_id, value_id, mu, display_score, rank) VALUES
  ('30045000-0000-0000-0000-000000000001', 'altruism', 1.5, 81.8, 1),
  ('30045000-0000-0000-0000-000000000001', 'achievement', 0.75, 67.9, 2),
  ('30045000-0000-0000-0000-000000000001', 'autonomy', 0.33, 58.3, 3),
  ('30045000-0000-0000-0000-000000000001', 'status', 0.28, 56.8, 4),
  ('30045000-0000-0000-0000-000000000001', 'safety', -0.07, 48.3, 5),
  ('30045000-0000-0000-0000-000000000001', 'comfort', -0.15, 46.3, 6)
ON CONFLICT DO NOTHING;

UPDATE users SET wv_vector = '[0.5,1.0,0.5,0.8,0.0,0.3,0.3,0.5,2.0,0.2,-0.3,1.0,0.8,0.5,0.2,1.5,-0.5,-0.2,-0.3,-0.8,-1.0]'
WHERE id = '10000000-0000-0000-0000-000000000045';

INSERT INTO work_values_sessions (id, user_id, circular_triads, consistency_coefficient, consistency_level, purpose)
VALUES ('30046000-0000-0000-0000-000000000001', '10000000-0000-0000-0000-000000000046', 33, 0.914, 'high', 'general')
ON CONFLICT DO NOTHING;

INSERT INTO work_needs_scores (session_id, need_id, mu, se, display_score, rank) VALUES
  ('30046000-0000-0000-0000-000000000001',  1,   1.5, 0.33,  81.8,  1),  -- ability_utilization
  ('30046000-0000-0000-0000-000000000001',  2,   1.0, 0.31,  73.1,  5),  -- achievement
  ('30046000-0000-0000-0000-000000000001',  3,   0.0, 0.28,  50.0, 14),  -- activity
  ('30046000-0000-0000-0000-000000000001',  4,   0.3, 0.29,  57.4, 10),  -- advancement
  ('30046000-0000-0000-0000-000000000001',  5,  -0.5, 0.30,  37.8, 17),  -- authority
  ('30046000-0000-0000-0000-000000000001',  6,   1.2, 0.32,  76.9,  4),  -- autonomy
  ('30046000-0000-0000-0000-000000000001',  7,   0.5, 0.30,  62.2,  8),  -- company_policies
  ('30046000-0000-0000-0000-000000000001',  8,   0.5, 0.30,  62.2,  9),  -- compensation
  ('30046000-0000-0000-0000-000000000001',  9,   0.3, 0.29,  57.4, 11),  -- co_workers
  ('30046000-0000-0000-0000-000000000001', 10,   0.8, 0.30,  69.0,  6),  -- creativity
  ('30046000-0000-0000-0000-000000000001', 11,   1.3, 0.32,  78.6,  3),  -- independence
  ('30046000-0000-0000-0000-000000000001', 12,   0.8, 0.30,  69.0,  7),  -- moral_values
  ('30046000-0000-0000-0000-000000000001', 13,  -0.2, 0.29,  45.0, 15),  -- recognition
  ('30046000-0000-0000-0000-000000000001', 14,   1.5, 0.33,  81.8,  2),  -- responsibility
  ('30046000-0000-0000-0000-000000000001', 15,   0.3, 0.29,  57.4, 12),  -- security
  ('30046000-0000-0000-0000-000000000001', 16,   0.2, 0.29,  55.0, 13),  -- social_service
  ('30046000-0000-0000-0000-000000000001', 17,  -1.0, 0.31,  26.9, 19),  -- social_status
  ('30046000-0000-0000-0000-000000000001', 18,  -0.3, 0.29,  42.6, 16),  -- supervision_hr
  ('30046000-0000-0000-0000-000000000001', 19,  -0.5, 0.30,  37.8, 18),  -- supervision_technical
  ('30046000-0000-0000-0000-000000000001', 20,  -1.0, 0.31,  26.9, 20),  -- variety
  ('30046000-0000-0000-0000-000000000001', 21,  -1.5, 0.33,  18.2, 21)  -- working_conditions
ON CONFLICT DO NOTHING;

INSERT INTO work_values_scores (session_id, value_id, mu, display_score, rank) VALUES
  ('30046000-0000-0000-0000-000000000001', 'achievement', 1.25, 77.7, 1),
  ('30046000-0000-0000-0000-000000000001', 'autonomy', 1.17, 76.3, 2),
  ('30046000-0000-0000-0000-000000000001', 'altruism', 0.43, 60.7, 3),
  ('30046000-0000-0000-0000-000000000001', 'comfort', -0.07, 48.3, 4),
  ('30046000-0000-0000-0000-000000000001', 'safety', -0.1, 47.5, 5),
  ('30046000-0000-0000-0000-000000000001', 'status', -0.35, 41.3, 6)
ON CONFLICT DO NOTHING;

UPDATE users SET wv_vector = '[1.5,1.0,0.0,0.3,-0.5,1.2,0.5,0.5,0.3,0.8,1.3,0.8,-0.2,1.5,0.3,0.2,-1.0,-0.3,-0.5,-1.0,-1.5]'
WHERE id = '10000000-0000-0000-0000-000000000046';

INSERT INTO work_values_sessions (id, user_id, circular_triads, consistency_coefficient, consistency_level, purpose)
VALUES ('30047000-0000-0000-0000-000000000001', '10000000-0000-0000-0000-000000000047', 32, 0.917, 'high', 'general')
ON CONFLICT DO NOTHING;

INSERT INTO work_needs_scores (session_id, need_id, mu, se, display_score, rank) VALUES
  ('30047000-0000-0000-0000-000000000001',  1,   1.5, 0.33,  81.8,  1),  -- ability_utilization
  ('30047000-0000-0000-0000-000000000001',  2,   1.5, 0.33,  81.8,  2),  -- achievement
  ('30047000-0000-0000-0000-000000000001',  3,  -0.3, 0.29,  42.6, 15),  -- activity
  ('30047000-0000-0000-0000-000000000001',  4,   0.6, 0.30,  64.6,  6),  -- advancement
  ('30047000-0000-0000-0000-000000000001',  5,  -0.5, 0.30,  37.8, 17),  -- authority
  ('30047000-0000-0000-0000-000000000001',  6,   1.2, 0.32,  76.9,  3),  -- autonomy
  ('30047000-0000-0000-0000-000000000001',  7,   0.3, 0.29,  57.4, 10),  -- company_policies
  ('30047000-0000-0000-0000-000000000001',  8,   0.6, 0.30,  64.6,  7),  -- compensation
  ('30047000-0000-0000-0000-000000000001',  9,   0.5, 0.30,  62.2,  8),  -- co_workers
  ('30047000-0000-0000-0000-000000000001', 10,   0.8, 0.30,  69.0,  5),  -- creativity
  ('30047000-0000-0000-0000-000000000001', 11,   0.5, 0.30,  62.2,  9),  -- independence
  ('30047000-0000-0000-0000-000000000001', 12,   0.2, 0.29,  55.0, 11),  -- moral_values
  ('30047000-0000-0000-0000-000000000001', 13,  -0.2, 0.29,  45.0, 14),  -- recognition
  ('30047000-0000-0000-0000-000000000001', 14,   1.0, 0.31,  73.1,  4),  -- responsibility
  ('30047000-0000-0000-0000-000000000001', 15,   0.2, 0.29,  55.0, 12),  -- security
  ('30047000-0000-0000-0000-000000000001', 16,   0.0, 0.28,  50.0, 13),  -- social_service
  ('30047000-0000-0000-0000-000000000001', 17,  -0.8, 0.30,  31.0, 19),  -- social_status
  ('30047000-0000-0000-0000-000000000001', 18,  -0.4, 0.29,  40.1, 16),  -- supervision_hr
  ('30047000-0000-0000-0000-000000000001', 19,  -0.6, 0.30,  35.4, 18),  -- supervision_technical
  ('30047000-0000-0000-0000-000000000001', 20,  -1.2, 0.32,  23.1, 20),  -- variety
  ('30047000-0000-0000-0000-000000000001', 21,  -1.8, 0.33,  14.2, 21)  -- working_conditions
ON CONFLICT DO NOTHING;

INSERT INTO work_values_scores (session_id, value_id, mu, display_score, rank) VALUES
  ('30047000-0000-0000-0000-000000000001', 'achievement', 1.5, 81.8, 1),
  ('30047000-0000-0000-0000-000000000001', 'autonomy', 1.0, 73.1, 2),
  ('30047000-0000-0000-0000-000000000001', 'altruism', 0.23, 55.8, 3),
  ('30047000-0000-0000-0000-000000000001', 'status', -0.23, 44.4, 4),
  ('30047000-0000-0000-0000-000000000001', 'safety', -0.23, 44.2, 5),
  ('30047000-0000-0000-0000-000000000001', 'comfort', -0.33, 41.7, 6)
ON CONFLICT DO NOTHING;

UPDATE users SET wv_vector = '[1.5,1.5,-0.3,0.6,-0.5,1.2,0.3,0.6,0.5,0.8,0.5,0.2,-0.2,1.0,0.2,0.0,-0.8,-0.4,-0.6,-1.2,-1.8]'
WHERE id = '10000000-0000-0000-0000-000000000047';

INSERT INTO work_values_sessions (id, user_id, circular_triads, consistency_coefficient, consistency_level, purpose)
VALUES ('30048000-0000-0000-0000-000000000001', '10000000-0000-0000-0000-000000000048', 35, 0.909, 'high', 'general')
ON CONFLICT DO NOTHING;

INSERT INTO work_needs_scores (session_id, need_id, mu, se, display_score, rank) VALUES
  ('30048000-0000-0000-0000-000000000001',  1,   0.8, 0.30,  69.0,  5),  -- ability_utilization
  ('30048000-0000-0000-0000-000000000001',  2,   0.5, 0.30,  62.2,  7),  -- achievement
  ('30048000-0000-0000-0000-000000000001',  3,  -0.8, 0.30,  31.0, 17),  -- activity
  ('30048000-0000-0000-0000-000000000001',  4,   0.0, 0.28,  50.0, 11),  -- advancement
  ('30048000-0000-0000-0000-000000000001',  5,  -1.5, 0.33,  18.2, 19),  -- authority
  ('30048000-0000-0000-0000-000000000001',  6,   1.5, 0.33,  81.8,  2),  -- autonomy
  ('30048000-0000-0000-0000-000000000001',  7,   0.0, 0.28,  50.0, 12),  -- company_policies
  ('30048000-0000-0000-0000-000000000001',  8,  -0.2, 0.29,  45.0, 13),  -- compensation
  ('30048000-0000-0000-0000-000000000001',  9,   1.5, 0.33,  81.8,  3),  -- co_workers
  ('30048000-0000-0000-0000-000000000001', 10,   2.5, 0.36,  92.4,  1),  -- creativity
  ('30048000-0000-0000-0000-000000000001', 11,   0.5, 0.30,  62.2,  8),  -- independence
  ('30048000-0000-0000-0000-000000000001', 12,   0.8, 0.30,  69.0,  6),  -- moral_values
  ('30048000-0000-0000-0000-000000000001', 13,   0.5, 0.30,  62.2,  9),  -- recognition
  ('30048000-0000-0000-0000-000000000001', 14,   0.3, 0.29,  57.4, 10),  -- responsibility
  ('30048000-0000-0000-0000-000000000001', 15,  -0.3, 0.29,  42.6, 14),  -- security
  ('30048000-0000-0000-0000-000000000001', 16,   1.0, 0.31,  73.1,  4),  -- social_service
  ('30048000-0000-0000-0000-000000000001', 17,  -1.8, 0.33,  14.2, 21),  -- social_status
  ('30048000-0000-0000-0000-000000000001', 18,  -0.4, 0.29,  40.1, 15),  -- supervision_hr
  ('30048000-0000-0000-0000-000000000001', 19,  -0.6, 0.30,  35.4, 16),  -- supervision_technical
  ('30048000-0000-0000-0000-000000000001', 20,  -0.8, 0.30,  31.0, 18),  -- variety
  ('30048000-0000-0000-0000-000000000001', 21,  -1.5, 0.33,  18.2, 20)  -- working_conditions
ON CONFLICT DO NOTHING;

INSERT INTO work_values_scores (session_id, value_id, mu, display_score, rank) VALUES
  ('30048000-0000-0000-0000-000000000001', 'autonomy', 1.43, 80.7, 1),
  ('30048000-0000-0000-0000-000000000001', 'altruism', 1.1, 75.0, 2),
  ('30048000-0000-0000-0000-000000000001', 'achievement', 0.65, 65.7, 3),
  ('30048000-0000-0000-0000-000000000001', 'safety', -0.33, 41.7, 4),
  ('30048000-0000-0000-0000-000000000001', 'comfort', -0.52, 37.4, 5),
  ('30048000-0000-0000-0000-000000000001', 'status', -0.7, 33.2, 6)
ON CONFLICT DO NOTHING;

UPDATE users SET wv_vector = '[0.8,0.5,-0.8,0.0,-1.5,1.5,0.0,-0.2,1.5,2.5,0.5,0.8,0.5,0.3,-0.3,1.0,-1.8,-0.4,-0.6,-0.8,-1.5]'
WHERE id = '10000000-0000-0000-0000-000000000048';

INSERT INTO work_values_sessions (id, user_id, circular_triads, consistency_coefficient, consistency_level, purpose)
VALUES ('30049000-0000-0000-0000-000000000001', '10000000-0000-0000-0000-000000000049', 40, 0.896, 'high', 'general')
ON CONFLICT DO NOTHING;

INSERT INTO work_needs_scores (session_id, need_id, mu, se, display_score, rank) VALUES
  ('30049000-0000-0000-0000-000000000001',  1,   0.5, 0.30,  62.2,  7),  -- ability_utilization
  ('30049000-0000-0000-0000-000000000001',  2,   1.0, 0.31,  73.1,  3),  -- achievement
  ('30049000-0000-0000-0000-000000000001',  3,   0.5, 0.30,  62.2,  8),  -- activity
  ('30049000-0000-0000-0000-000000000001',  4,   0.8, 0.30,  69.0,  5),  -- advancement
  ('30049000-0000-0000-0000-000000000001',  5,   0.0, 0.28,  50.0, 15),  -- authority
  ('30049000-0000-0000-0000-000000000001',  6,   0.2, 0.29,  55.0, 12),  -- autonomy
  ('30049000-0000-0000-0000-000000000001',  7,   0.3, 0.29,  57.4, 11),  -- company_policies
  ('30049000-0000-0000-0000-000000000001',  8,   0.5, 0.30,  62.2,  9),  -- compensation
  ('30049000-0000-0000-0000-000000000001',  9,   1.8, 0.33,  85.8,  1),  -- co_workers
  ('30049000-0000-0000-0000-000000000001', 10,   0.2, 0.29,  55.0, 13),  -- creativity
  ('30049000-0000-0000-0000-000000000001', 11,  -0.2, 0.29,  45.0, 16),  -- independence
  ('30049000-0000-0000-0000-000000000001', 12,   0.8, 0.30,  69.0,  6),  -- moral_values
  ('30049000-0000-0000-0000-000000000001', 13,   1.0, 0.31,  73.1,  4),  -- recognition
  ('30049000-0000-0000-0000-000000000001', 14,   0.5, 0.30,  62.2, 10),  -- responsibility
  ('30049000-0000-0000-0000-000000000001', 15,   0.2, 0.29,  55.0, 14),  -- security
  ('30049000-0000-0000-0000-000000000001', 16,   1.8, 0.33,  85.8,  2),  -- social_service
  ('30049000-0000-0000-0000-000000000001', 17,  -0.5, 0.30,  37.8, 19),  -- social_status
  ('30049000-0000-0000-0000-000000000001', 18,  -0.2, 0.29,  45.0, 17),  -- supervision_hr
  ('30049000-0000-0000-0000-000000000001', 19,  -0.3, 0.29,  42.6, 18),  -- supervision_technical
  ('30049000-0000-0000-0000-000000000001', 20,  -0.6, 0.30,  35.4, 20),  -- variety
  ('30049000-0000-0000-0000-000000000001', 21,  -1.0, 0.31,  26.9, 21)  -- working_conditions
ON CONFLICT DO NOTHING;

INSERT INTO work_values_scores (session_id, value_id, mu, display_score, rank) VALUES
  ('30049000-0000-0000-0000-000000000001', 'altruism', 1.47, 81.3, 1),
  ('30049000-0000-0000-0000-000000000001', 'achievement', 0.75, 67.9, 2),
  ('30049000-0000-0000-0000-000000000001', 'status', 0.33, 58.1, 3),
  ('30049000-0000-0000-0000-000000000001', 'autonomy', 0.3, 57.4, 4),
  ('30049000-0000-0000-0000-000000000001', 'safety', -0.07, 48.3, 5),
  ('30049000-0000-0000-0000-000000000001', 'comfort', -0.1, 47.5, 6)
ON CONFLICT DO NOTHING;

UPDATE users SET wv_vector = '[0.5,1.0,0.5,0.8,0.0,0.2,0.3,0.5,1.8,0.2,-0.2,0.8,1.0,0.5,0.2,1.8,-0.5,-0.2,-0.3,-0.6,-1.0]'
WHERE id = '10000000-0000-0000-0000-000000000049';

INSERT INTO work_values_sessions (id, user_id, circular_triads, consistency_coefficient, consistency_level, purpose)
VALUES ('3004a000-0000-0000-0000-000000000001', '10000000-0000-0000-0000-00000000004a', 28, 0.927, 'high', 'general')
ON CONFLICT DO NOTHING;

INSERT INTO work_needs_scores (session_id, need_id, mu, se, display_score, rank) VALUES
  ('3004a000-0000-0000-0000-000000000001',  1,   2.0, 0.34,  88.1,  1),  -- ability_utilization
  ('3004a000-0000-0000-0000-000000000001',  2,   1.5, 0.33,  81.8,  4),  -- achievement
  ('3004a000-0000-0000-0000-000000000001',  3,  -0.3, 0.29,  42.6, 13),  -- activity
  ('3004a000-0000-0000-0000-000000000001',  4,   0.5, 0.30,  62.2,  7),  -- advancement
  ('3004a000-0000-0000-0000-000000000001',  5,  -0.7, 0.30,  33.2, 17),  -- authority
  ('3004a000-0000-0000-0000-000000000001',  6,   1.8, 0.33,  85.8,  2),  -- autonomy
  ('3004a000-0000-0000-0000-000000000001',  7,  -0.1, 0.28,  47.5, 11),  -- company_policies
  ('3004a000-0000-0000-0000-000000000001',  8,   0.4, 0.29,  59.9,  8),  -- compensation
  ('3004a000-0000-0000-0000-000000000001',  9,   0.3, 0.29,  57.4,  9),  -- co_workers
  ('3004a000-0000-0000-0000-000000000001', 10,   1.8, 0.33,  85.8,  3),  -- creativity
  ('3004a000-0000-0000-0000-000000000001', 11,   1.0, 0.31,  73.1,  5),  -- independence
  ('3004a000-0000-0000-0000-000000000001', 12,   0.0, 0.28,  50.0, 10),  -- moral_values
  ('3004a000-0000-0000-0000-000000000001', 13,  -0.3, 0.29,  42.6, 14),  -- recognition
  ('3004a000-0000-0000-0000-000000000001', 14,   0.8, 0.30,  69.0,  6),  -- responsibility
  ('3004a000-0000-0000-0000-000000000001', 15,  -0.5, 0.30,  37.8, 15),  -- security
  ('3004a000-0000-0000-0000-000000000001', 16,  -0.1, 0.28,  47.5, 12),  -- social_service
  ('3004a000-0000-0000-0000-000000000001', 17,  -1.2, 0.32,  23.1, 19),  -- social_status
  ('3004a000-0000-0000-0000-000000000001', 18,  -0.5, 0.30,  37.8, 16),  -- supervision_hr
  ('3004a000-0000-0000-0000-000000000001', 19,  -0.8, 0.30,  31.0, 18),  -- supervision_technical
  ('3004a000-0000-0000-0000-000000000001', 20,  -1.3, 0.32,  21.4, 20),  -- variety
  ('3004a000-0000-0000-0000-000000000001', 21,  -1.8, 0.33,  14.2, 21)  -- working_conditions
ON CONFLICT DO NOTHING;

INSERT INTO work_values_scores (session_id, value_id, mu, display_score, rank) VALUES
  ('3004a000-0000-0000-0000-000000000001', 'achievement', 1.75, 85.2, 1),
  ('3004a000-0000-0000-0000-000000000001', 'autonomy', 1.47, 81.3, 2),
  ('3004a000-0000-0000-0000-000000000001', 'altruism', 0.07, 51.7, 3),
  ('3004a000-0000-0000-0000-000000000001', 'comfort', -0.42, 39.7, 4),
  ('3004a000-0000-0000-0000-000000000001', 'status', -0.42, 39.5, 5),
  ('3004a000-0000-0000-0000-000000000001', 'safety', -0.47, 38.5, 6)
ON CONFLICT DO NOTHING;

UPDATE users SET wv_vector = '[2.0,1.5,-0.3,0.5,-0.7,1.8,-0.1,0.4,0.3,1.8,1.0,0.0,-0.3,0.8,-0.5,-0.1,-1.2,-0.5,-0.8,-1.3,-1.8]'
WHERE id = '10000000-0000-0000-0000-00000000004a';

INSERT INTO work_values_sessions (id, user_id, circular_triads, consistency_coefficient, consistency_level, purpose)
VALUES ('3004b000-0000-0000-0000-000000000001', '10000000-0000-0000-0000-00000000004b', 37, 0.904, 'high', 'general')
ON CONFLICT DO NOTHING;

INSERT INTO work_needs_scores (session_id, need_id, mu, se, display_score, rank) VALUES
  ('3004b000-0000-0000-0000-000000000001',  1,   1.0, 0.31,  73.1,  3),  -- ability_utilization
  ('3004b000-0000-0000-0000-000000000001',  2,   0.8, 0.30,  69.0,  5),  -- achievement
  ('3004b000-0000-0000-0000-000000000001',  3,   0.0, 0.28,  50.0, 13),  -- activity
  ('3004b000-0000-0000-0000-000000000001',  4,   0.0, 0.28,  50.0, 14),  -- advancement
  ('3004b000-0000-0000-0000-000000000001',  5,  -1.2, 0.32,  23.1, 19),  -- authority
  ('3004b000-0000-0000-0000-000000000001',  6,   1.5, 0.33,  81.8,  1),  -- autonomy
  ('3004b000-0000-0000-0000-000000000001',  7,   0.2, 0.29,  55.0, 11),  -- company_policies
  ('3004b000-0000-0000-0000-000000000001',  8,   0.0, 0.28,  50.0, 15),  -- compensation
  ('3004b000-0000-0000-0000-000000000001',  9,   0.8, 0.30,  69.0,  6),  -- co_workers
  ('3004b000-0000-0000-0000-000000000001', 10,   1.2, 0.32,  76.9,  2),  -- creativity
  ('3004b000-0000-0000-0000-000000000001', 11,   1.0, 0.31,  73.1,  4),  -- independence
  ('3004b000-0000-0000-0000-000000000001', 12,   0.5, 0.30,  62.2,  7),  -- moral_values
  ('3004b000-0000-0000-0000-000000000001', 13,   0.2, 0.29,  55.0, 12),  -- recognition
  ('3004b000-0000-0000-0000-000000000001', 14,   0.5, 0.30,  62.2,  8),  -- responsibility
  ('3004b000-0000-0000-0000-000000000001', 15,   0.3, 0.29,  57.4, 10),  -- security
  ('3004b000-0000-0000-0000-000000000001', 16,   0.5, 0.30,  62.2,  9),  -- social_service
  ('3004b000-0000-0000-0000-000000000001', 17,  -1.5, 0.33,  18.2, 21),  -- social_status
  ('3004b000-0000-0000-0000-000000000001', 18,  -0.3, 0.29,  42.6, 16),  -- supervision_hr
  ('3004b000-0000-0000-0000-000000000001', 19,  -0.5, 0.30,  37.8, 17),  -- supervision_technical
  ('3004b000-0000-0000-0000-000000000001', 20,  -0.5, 0.30,  37.8, 18),  -- variety
  ('3004b000-0000-0000-0000-000000000001', 21,  -1.2, 0.32,  23.1, 20)  -- working_conditions
ON CONFLICT DO NOTHING;

INSERT INTO work_values_scores (session_id, value_id, mu, display_score, rank) VALUES
  ('3004b000-0000-0000-0000-000000000001', 'autonomy', 1.07, 74.4, 1),
  ('3004b000-0000-0000-0000-000000000001', 'achievement', 0.9, 71.1, 2),
  ('3004b000-0000-0000-0000-000000000001', 'altruism', 0.6, 64.6, 3),
  ('3004b000-0000-0000-0000-000000000001', 'comfort', -0.07, 48.3, 4),
  ('3004b000-0000-0000-0000-000000000001', 'safety', -0.2, 45.0, 5),
  ('3004b000-0000-0000-0000-000000000001', 'status', -0.62, 34.9, 6)
ON CONFLICT DO NOTHING;

UPDATE users SET wv_vector = '[1.0,0.8,0.0,0.0,-1.2,1.5,0.2,0.0,0.8,1.2,1.0,0.5,0.2,0.5,0.3,0.5,-1.5,-0.3,-0.5,-0.5,-1.2]'
WHERE id = '10000000-0000-0000-0000-00000000004b';

INSERT INTO work_values_sessions (id, user_id, circular_triads, consistency_coefficient, consistency_level, purpose)
VALUES ('3004c000-0000-0000-0000-000000000001', '10000000-0000-0000-0000-00000000004c', 34, 0.912, 'high', 'general')
ON CONFLICT DO NOTHING;

INSERT INTO work_needs_scores (session_id, need_id, mu, se, display_score, rank) VALUES
  ('3004c000-0000-0000-0000-000000000001',  1,   1.5, 0.33,  81.8,  1),  -- ability_utilization
  ('3004c000-0000-0000-0000-000000000001',  2,   1.2, 0.32,  76.9,  3),  -- achievement
  ('3004c000-0000-0000-0000-000000000001',  3,  -0.2, 0.29,  45.0, 13),  -- activity
  ('3004c000-0000-0000-0000-000000000001',  4,   0.4, 0.29,  59.9,  9),  -- advancement
  ('3004c000-0000-0000-0000-000000000001',  5,  -0.6, 0.30,  35.4, 17),  -- authority
  ('3004c000-0000-0000-0000-000000000001',  6,   1.5, 0.33,  81.8,  2),  -- autonomy
  ('3004c000-0000-0000-0000-000000000001',  7,   0.2, 0.29,  55.0, 10),  -- company_policies
  ('3004c000-0000-0000-0000-000000000001',  8,   0.5, 0.30,  62.2,  7),  -- compensation
  ('3004c000-0000-0000-0000-000000000001',  9,   0.5, 0.30,  62.2,  8),  -- co_workers
  ('3004c000-0000-0000-0000-000000000001', 10,   1.0, 0.31,  73.1,  4),  -- creativity
  ('3004c000-0000-0000-0000-000000000001', 11,   1.0, 0.31,  73.1,  5),  -- independence
  ('3004c000-0000-0000-0000-000000000001', 12,   0.0, 0.28,  50.0, 11),  -- moral_values
  ('3004c000-0000-0000-0000-000000000001', 13,  -0.3, 0.29,  42.6, 14),  -- recognition
  ('3004c000-0000-0000-0000-000000000001', 14,   0.8, 0.30,  69.0,  6),  -- responsibility
  ('3004c000-0000-0000-0000-000000000001', 15,  -0.3, 0.29,  42.6, 15),  -- security
  ('3004c000-0000-0000-0000-000000000001', 16,   0.0, 0.28,  50.0, 12),  -- social_service
  ('3004c000-0000-0000-0000-000000000001', 17,  -1.0, 0.31,  26.9, 19),  -- social_status
  ('3004c000-0000-0000-0000-000000000001', 18,  -0.5, 0.30,  37.8, 16),  -- supervision_hr
  ('3004c000-0000-0000-0000-000000000001', 19,  -0.7, 0.30,  33.2, 18),  -- supervision_technical
  ('3004c000-0000-0000-0000-000000000001', 20,  -1.2, 0.32,  23.1, 20),  -- variety
  ('3004c000-0000-0000-0000-000000000001', 21,  -1.6, 0.33,  16.8, 21)  -- working_conditions
ON CONFLICT DO NOTHING;

INSERT INTO work_values_scores (session_id, value_id, mu, display_score, rank) VALUES
  ('3004c000-0000-0000-0000-000000000001', 'achievement', 1.35, 79.4, 1),
  ('3004c000-0000-0000-0000-000000000001', 'autonomy', 1.1, 75.0, 2),
  ('3004c000-0000-0000-0000-000000000001', 'altruism', 0.17, 54.2, 3),
  ('3004c000-0000-0000-0000-000000000001', 'comfort', -0.3, 42.6, 4),
  ('3004c000-0000-0000-0000-000000000001', 'safety', -0.33, 41.7, 5),
  ('3004c000-0000-0000-0000-000000000001', 'status', -0.38, 40.7, 6)
ON CONFLICT DO NOTHING;

UPDATE users SET wv_vector = '[1.5,1.2,-0.2,0.4,-0.6,1.5,0.2,0.5,0.5,1.0,1.0,0.0,-0.3,0.8,-0.3,0.0,-1.0,-0.5,-0.7,-1.2,-1.6]'
WHERE id = '10000000-0000-0000-0000-00000000004c';

INSERT INTO work_values_sessions (id, user_id, circular_triads, consistency_coefficient, consistency_level, purpose)
VALUES ('3004d000-0000-0000-0000-000000000001', '10000000-0000-0000-0000-00000000004d', 38, 0.901, 'high', 'general')
ON CONFLICT DO NOTHING;

INSERT INTO work_needs_scores (session_id, need_id, mu, se, display_score, rank) VALUES
  ('3004d000-0000-0000-0000-000000000001',  1,   0.8, 0.30,  69.0,  5),  -- ability_utilization
  ('3004d000-0000-0000-0000-000000000001',  2,   0.8, 0.30,  69.0,  6),  -- achievement
  ('3004d000-0000-0000-0000-000000000001',  3,   0.2, 0.29,  55.0, 12),  -- activity
  ('3004d000-0000-0000-0000-000000000001',  4,   0.3, 0.29,  57.4, 10),  -- advancement
  ('3004d000-0000-0000-0000-000000000001',  5,  -1.0, 0.31,  26.9, 19),  -- authority
  ('3004d000-0000-0000-0000-000000000001',  6,   1.2, 0.32,  76.9,  2),  -- autonomy
  ('3004d000-0000-0000-0000-000000000001',  7,   0.0, 0.28,  50.0, 13),  -- company_policies
  ('3004d000-0000-0000-0000-000000000001',  8,   0.0, 0.28,  50.0, 14),  -- compensation
  ('3004d000-0000-0000-0000-000000000001',  9,   1.2, 0.32,  76.9,  3),  -- co_workers
  ('3004d000-0000-0000-0000-000000000001', 10,   1.8, 0.33,  85.8,  1),  -- creativity
  ('3004d000-0000-0000-0000-000000000001', 11,   0.5, 0.30,  62.2,  7),  -- independence
  ('3004d000-0000-0000-0000-000000000001', 12,   0.5, 0.30,  62.2,  8),  -- moral_values
  ('3004d000-0000-0000-0000-000000000001', 13,   0.5, 0.30,  62.2,  9),  -- recognition
  ('3004d000-0000-0000-0000-000000000001', 14,   0.3, 0.29,  57.4, 11),  -- responsibility
  ('3004d000-0000-0000-0000-000000000001', 15,  -0.2, 0.29,  45.0, 15),  -- security
  ('3004d000-0000-0000-0000-000000000001', 16,   1.0, 0.31,  73.1,  4),  -- social_service
  ('3004d000-0000-0000-0000-000000000001', 17,  -1.2, 0.32,  23.1, 21),  -- social_status
  ('3004d000-0000-0000-0000-000000000001', 18,  -0.3, 0.29,  42.6, 16),  -- supervision_hr
  ('3004d000-0000-0000-0000-000000000001', 19,  -0.5, 0.30,  37.8, 17),  -- supervision_technical
  ('3004d000-0000-0000-0000-000000000001', 20,  -0.5, 0.30,  37.8, 18),  -- variety
  ('3004d000-0000-0000-0000-000000000001', 21,  -1.0, 0.31,  26.9, 20)  -- working_conditions
ON CONFLICT DO NOTHING;

INSERT INTO work_values_scores (session_id, value_id, mu, display_score, rank) VALUES
  ('3004d000-0000-0000-0000-000000000001', 'autonomy', 1.1, 75.0, 1),
  ('3004d000-0000-0000-0000-000000000001', 'altruism', 0.9, 71.1, 2),
  ('3004d000-0000-0000-0000-000000000001', 'achievement', 0.8, 69.0, 3),
  ('3004d000-0000-0000-0000-000000000001', 'comfort', -0.17, 45.8, 4),
  ('3004d000-0000-0000-0000-000000000001', 'safety', -0.27, 43.4, 5),
  ('3004d000-0000-0000-0000-000000000001', 'status', -0.35, 41.3, 6)
ON CONFLICT DO NOTHING;

UPDATE users SET wv_vector = '[0.8,0.8,0.2,0.3,-1.0,1.2,0.0,0.0,1.2,1.8,0.5,0.5,0.5,0.3,-0.2,1.0,-1.2,-0.3,-0.5,-0.5,-1.0]'
WHERE id = '10000000-0000-0000-0000-00000000004d';

INSERT INTO work_values_sessions (id, user_id, circular_triads, consistency_coefficient, consistency_level, purpose)
VALUES ('3004e000-0000-0000-0000-000000000001', '10000000-0000-0000-0000-00000000004e', 26, 0.932, 'high', 'general')
ON CONFLICT DO NOTHING;

INSERT INTO work_needs_scores (session_id, need_id, mu, se, display_score, rank) VALUES
  ('3004e000-0000-0000-0000-000000000001',  1,   2.2, 0.35,  90.0,  1),  -- ability_utilization
  ('3004e000-0000-0000-0000-000000000001',  2,   1.5, 0.33,  81.8,  4),  -- achievement
  ('3004e000-0000-0000-0000-000000000001',  3,  -0.5, 0.30,  37.8, 13),  -- activity
  ('3004e000-0000-0000-0000-000000000001',  4,   0.3, 0.29,  57.4,  7),  -- advancement
  ('3004e000-0000-0000-0000-000000000001',  5,  -0.8, 0.30,  31.0, 17),  -- authority
  ('3004e000-0000-0000-0000-000000000001',  6,   2.2, 0.35,  90.0,  2),  -- autonomy
  ('3004e000-0000-0000-0000-000000000001',  7,  -0.2, 0.29,  45.0, 12),  -- company_policies
  ('3004e000-0000-0000-0000-000000000001',  8,   0.2, 0.29,  55.0,  9),  -- compensation
  ('3004e000-0000-0000-0000-000000000001',  9,   0.3, 0.29,  57.4,  8),  -- co_workers
  ('3004e000-0000-0000-0000-000000000001', 10,   2.0, 0.34,  88.1,  3),  -- creativity
  ('3004e000-0000-0000-0000-000000000001', 11,   1.5, 0.33,  81.8,  5),  -- independence
  ('3004e000-0000-0000-0000-000000000001', 12,   0.0, 0.28,  50.0, 10),  -- moral_values
  ('3004e000-0000-0000-0000-000000000001', 13,  -0.5, 0.30,  37.8, 14),  -- recognition
  ('3004e000-0000-0000-0000-000000000001', 14,   1.0, 0.31,  73.1,  6),  -- responsibility
  ('3004e000-0000-0000-0000-000000000001', 15,  -0.7, 0.30,  33.2, 16),  -- security
  ('3004e000-0000-0000-0000-000000000001', 16,   0.0, 0.28,  50.0, 11),  -- social_service
  ('3004e000-0000-0000-0000-000000000001', 17,  -1.5, 0.33,  18.2, 20),  -- social_status
  ('3004e000-0000-0000-0000-000000000001', 18,  -0.6, 0.30,  35.4, 15),  -- supervision_hr
  ('3004e000-0000-0000-0000-000000000001', 19,  -1.0, 0.31,  26.9, 18),  -- supervision_technical
  ('3004e000-0000-0000-0000-000000000001', 20,  -1.2, 0.32,  23.1, 19),  -- variety
  ('3004e000-0000-0000-0000-000000000001', 21,  -1.5, 0.33,  18.2, 21)  -- working_conditions
ON CONFLICT DO NOTHING;

INSERT INTO work_values_scores (session_id, value_id, mu, display_score, rank) VALUES
  ('3004e000-0000-0000-0000-000000000001', 'achievement', 1.85, 86.4, 1),
  ('3004e000-0000-0000-0000-000000000001', 'autonomy', 1.73, 85.0, 2),
  ('3004e000-0000-0000-0000-000000000001', 'altruism', 0.1, 52.5, 3),
  ('3004e000-0000-0000-0000-000000000001', 'comfort', -0.37, 40.9, 4),
  ('3004e000-0000-0000-0000-000000000001', 'safety', -0.6, 35.4, 5),
  ('3004e000-0000-0000-0000-000000000001', 'status', -0.62, 34.9, 6)
ON CONFLICT DO NOTHING;

UPDATE users SET wv_vector = '[2.2,1.5,-0.5,0.3,-0.8,2.2,-0.2,0.2,0.3,2.0,1.5,0.0,-0.5,1.0,-0.7,0.0,-1.5,-0.6,-1.0,-1.2,-1.5]'
WHERE id = '10000000-0000-0000-0000-00000000004e';

-- ============================================================
-- Career Interest 診断データ
-- ============================================================
INSERT INTO career_interest_sessions (id, user_id)
VALUES ('31036000-0000-0000-0000-000000000001', '10000000-0000-0000-0000-000000000036')
ON CONFLICT DO NOTHING;

INSERT INTO career_interest_scores (session_id, basic_interest_id, score, rank) VALUES
  ('31036000-0000-0000-0000-000000000001', 'A1', 3.0, 12),
  ('31036000-0000-0000-0000-000000000001', 'A2', 2.8, 15),
  ('31036000-0000-0000-0000-000000000001', 'A3', 2.5, 16),
  ('31036000-0000-0000-0000-000000000001', 'C1', 3.5, 6),
  ('31036000-0000-0000-0000-000000000001', 'C2', 3.2, 9),
  ('31036000-0000-0000-0000-000000000001', 'C3', 3.0, 13),
  ('31036000-0000-0000-0000-000000000001', 'E1', 3.3, 8),
  ('31036000-0000-0000-0000-000000000001', 'E2', 3.1, 11),
  ('31036000-0000-0000-0000-000000000001', 'E3', 2.9, 14),
  ('31036000-0000-0000-0000-000000000001', 'I1', 4.5, 1),
  ('31036000-0000-0000-0000-000000000001', 'I2', 4.2, 2),
  ('31036000-0000-0000-0000-000000000001', 'I3', 4.0, 3),
  ('31036000-0000-0000-0000-000000000001', 'I4', 3.8, 4),
  ('31036000-0000-0000-0000-000000000001', 'R1', 3.8, 5),
  ('31036000-0000-0000-0000-000000000001', 'R2', 3.5, 7),
  ('31036000-0000-0000-0000-000000000001', 'R3', 3.2, 10),
  ('31036000-0000-0000-0000-000000000001', 'S1', 2.0, 17),
  ('31036000-0000-0000-0000-000000000001', 'S2', 1.8, 18),
  ('31036000-0000-0000-0000-000000000001', 'S3', 1.5, 19),
  ('31036000-0000-0000-0000-000000000001', 'S4', 1.3, 20)
ON CONFLICT DO NOTHING;

INSERT INTO career_riasec_scores (session_id, riasec_type, score, rank) VALUES
  ('31036000-0000-0000-0000-000000000001', 'R', 3.5, 2),
  ('31036000-0000-0000-0000-000000000001', 'I', 4.12, 1),
  ('31036000-0000-0000-0000-000000000001', 'A', 2.77, 5),
  ('31036000-0000-0000-0000-000000000001', 'S', 1.65, 6),
  ('31036000-0000-0000-0000-000000000001', 'E', 3.1, 4),
  ('31036000-0000-0000-0000-000000000001', 'C', 3.23, 3)
ON CONFLICT DO NOTHING;

UPDATE users SET ci_vector = '[3.0,2.8,2.5,3.5,3.2,3.0,3.3,3.1,2.9,4.5,4.2,4.0,3.8,3.8,3.5,3.2,2.0,1.8,1.5,1.3]'
WHERE id = '10000000-0000-0000-0000-000000000036';

INSERT INTO career_interest_sessions (id, user_id)
VALUES ('31037000-0000-0000-0000-000000000001', '10000000-0000-0000-0000-000000000037')
ON CONFLICT DO NOTHING;

INSERT INTO career_interest_scores (session_id, basic_interest_id, score, rank) VALUES
  ('31037000-0000-0000-0000-000000000001', 'A1', 4.0, 3),
  ('31037000-0000-0000-0000-000000000001', 'A2', 3.8, 5),
  ('31037000-0000-0000-0000-000000000001', 'A3', 4.2, 2),
  ('31037000-0000-0000-0000-000000000001', 'C1', 2.5, 12),
  ('31037000-0000-0000-0000-000000000001', 'C2', 2.3, 16),
  ('31037000-0000-0000-0000-000000000001', 'C3', 2.0, 18),
  ('31037000-0000-0000-0000-000000000001', 'E1', 3.0, 8),
  ('31037000-0000-0000-0000-000000000001', 'E2', 2.8, 10),
  ('31037000-0000-0000-0000-000000000001', 'E3', 2.5, 13),
  ('31037000-0000-0000-0000-000000000001', 'I1', 4.3, 1),
  ('31037000-0000-0000-0000-000000000001', 'I2', 4.0, 4),
  ('31037000-0000-0000-0000-000000000001', 'I3', 3.5, 6),
  ('31037000-0000-0000-0000-000000000001', 'I4', 3.2, 7),
  ('31037000-0000-0000-0000-000000000001', 'R1', 3.0, 9),
  ('31037000-0000-0000-0000-000000000001', 'R2', 2.5, 14),
  ('31037000-0000-0000-0000-000000000001', 'R3', 2.0, 19),
  ('31037000-0000-0000-0000-000000000001', 'S1', 2.8, 11),
  ('31037000-0000-0000-0000-000000000001', 'S2', 2.5, 15),
  ('31037000-0000-0000-0000-000000000001', 'S3', 2.3, 17),
  ('31037000-0000-0000-0000-000000000001', 'S4', 2.0, 20)
ON CONFLICT DO NOTHING;

INSERT INTO career_riasec_scores (session_id, riasec_type, score, rank) VALUES
  ('31037000-0000-0000-0000-000000000001', 'R', 2.5, 4),
  ('31037000-0000-0000-0000-000000000001', 'I', 3.75, 2),
  ('31037000-0000-0000-0000-000000000001', 'A', 4.0, 1),
  ('31037000-0000-0000-0000-000000000001', 'S', 2.4, 5),
  ('31037000-0000-0000-0000-000000000001', 'E', 2.77, 3),
  ('31037000-0000-0000-0000-000000000001', 'C', 2.27, 6)
ON CONFLICT DO NOTHING;

UPDATE users SET ci_vector = '[4.0,3.8,4.2,2.5,2.3,2.0,3.0,2.8,2.5,4.3,4.0,3.5,3.2,3.0,2.5,2.0,2.8,2.5,2.3,2.0]'
WHERE id = '10000000-0000-0000-0000-000000000037';

INSERT INTO career_interest_sessions (id, user_id)
VALUES ('31038000-0000-0000-0000-000000000001', '10000000-0000-0000-0000-000000000038')
ON CONFLICT DO NOTHING;

INSERT INTO career_interest_scores (session_id, basic_interest_id, score, rank) VALUES
  ('31038000-0000-0000-0000-000000000001', 'A1', 4.5, 2),
  ('31038000-0000-0000-0000-000000000001', 'A2', 4.2, 3),
  ('31038000-0000-0000-0000-000000000001', 'A3', 4.8, 1),
  ('31038000-0000-0000-0000-000000000001', 'C1', 2.0, 14),
  ('31038000-0000-0000-0000-000000000001', 'C2', 1.8, 17),
  ('31038000-0000-0000-0000-000000000001', 'C3', 1.5, 19),
  ('31038000-0000-0000-0000-000000000001', 'E1', 2.5, 12),
  ('31038000-0000-0000-0000-000000000001', 'E2', 2.3, 13),
  ('31038000-0000-0000-0000-000000000001', 'E3', 2.0, 15),
  ('31038000-0000-0000-0000-000000000001', 'I1', 3.8, 4),
  ('31038000-0000-0000-0000-000000000001', 'I2', 3.5, 5),
  ('31038000-0000-0000-0000-000000000001', 'I3', 3.2, 7),
  ('31038000-0000-0000-0000-000000000001', 'I4', 3.0, 9),
  ('31038000-0000-0000-0000-000000000001', 'R1', 2.0, 16),
  ('31038000-0000-0000-0000-000000000001', 'R2', 1.8, 18),
  ('31038000-0000-0000-0000-000000000001', 'R3', 1.5, 20),
  ('31038000-0000-0000-0000-000000000001', 'S1', 3.5, 6),
  ('31038000-0000-0000-0000-000000000001', 'S2', 3.2, 8),
  ('31038000-0000-0000-0000-000000000001', 'S3', 3.0, 10),
  ('31038000-0000-0000-0000-000000000001', 'S4', 2.8, 11)
ON CONFLICT DO NOTHING;

INSERT INTO career_riasec_scores (session_id, riasec_type, score, rank) VALUES
  ('31038000-0000-0000-0000-000000000001', 'R', 1.77, 5),
  ('31038000-0000-0000-0000-000000000001', 'I', 3.38, 2),
  ('31038000-0000-0000-0000-000000000001', 'A', 4.5, 1),
  ('31038000-0000-0000-0000-000000000001', 'S', 3.12, 3),
  ('31038000-0000-0000-0000-000000000001', 'E', 2.27, 4),
  ('31038000-0000-0000-0000-000000000001', 'C', 1.77, 6)
ON CONFLICT DO NOTHING;

UPDATE users SET ci_vector = '[4.5,4.2,4.8,2.0,1.8,1.5,2.5,2.3,2.0,3.8,3.5,3.2,3.0,2.0,1.8,1.5,3.5,3.2,3.0,2.8]'
WHERE id = '10000000-0000-0000-0000-000000000038';

INSERT INTO career_interest_sessions (id, user_id)
VALUES ('31039000-0000-0000-0000-000000000001', '10000000-0000-0000-0000-000000000039')
ON CONFLICT DO NOTHING;

INSERT INTO career_interest_scores (session_id, basic_interest_id, score, rank) VALUES
  ('31039000-0000-0000-0000-000000000001', 'A1', 2.5, 14),
  ('31039000-0000-0000-0000-000000000001', 'A2', 2.3, 16),
  ('31039000-0000-0000-0000-000000000001', 'A3', 2.0, 17),
  ('31039000-0000-0000-0000-000000000001', 'C1', 3.0, 9),
  ('31039000-0000-0000-0000-000000000001', 'C2', 2.8, 12),
  ('31039000-0000-0000-0000-000000000001', 'C3', 2.5, 15),
  ('31039000-0000-0000-0000-000000000001', 'E1', 4.5, 1),
  ('31039000-0000-0000-0000-000000000001', 'E2', 4.2, 2),
  ('31039000-0000-0000-0000-000000000001', 'E3', 4.0, 3),
  ('31039000-0000-0000-0000-000000000001', 'I1', 3.5, 5),
  ('31039000-0000-0000-0000-000000000001', 'I2', 3.2, 7),
  ('31039000-0000-0000-0000-000000000001', 'I3', 3.0, 10),
  ('31039000-0000-0000-0000-000000000001', 'I4', 2.8, 13),
  ('31039000-0000-0000-0000-000000000001', 'R1', 2.0, 18),
  ('31039000-0000-0000-0000-000000000001', 'R2', 1.8, 19),
  ('31039000-0000-0000-0000-000000000001', 'R3', 1.5, 20),
  ('31039000-0000-0000-0000-000000000001', 'S1', 3.8, 4),
  ('31039000-0000-0000-0000-000000000001', 'S2', 3.5, 6),
  ('31039000-0000-0000-0000-000000000001', 'S3', 3.2, 8),
  ('31039000-0000-0000-0000-000000000001', 'S4', 3.0, 11)
ON CONFLICT DO NOTHING;

INSERT INTO career_riasec_scores (session_id, riasec_type, score, rank) VALUES
  ('31039000-0000-0000-0000-000000000001', 'R', 1.77, 6),
  ('31039000-0000-0000-0000-000000000001', 'I', 3.12, 3),
  ('31039000-0000-0000-0000-000000000001', 'A', 2.27, 5),
  ('31039000-0000-0000-0000-000000000001', 'S', 3.38, 2),
  ('31039000-0000-0000-0000-000000000001', 'E', 4.23, 1),
  ('31039000-0000-0000-0000-000000000001', 'C', 2.77, 4)
ON CONFLICT DO NOTHING;

UPDATE users SET ci_vector = '[2.5,2.3,2.0,3.0,2.8,2.5,4.5,4.2,4.0,3.5,3.2,3.0,2.8,2.0,1.8,1.5,3.8,3.5,3.2,3.0]'
WHERE id = '10000000-0000-0000-0000-000000000039';

INSERT INTO career_interest_sessions (id, user_id)
VALUES ('3103a000-0000-0000-0000-000000000001', '10000000-0000-0000-0000-00000000003a')
ON CONFLICT DO NOTHING;

INSERT INTO career_interest_scores (session_id, basic_interest_id, score, rank) VALUES
  ('3103a000-0000-0000-0000-000000000001', 'A1', 3.2, 8),
  ('3103a000-0000-0000-0000-000000000001', 'A2', 3.0, 11),
  ('3103a000-0000-0000-0000-000000000001', 'A3', 2.8, 13),
  ('3103a000-0000-0000-0000-000000000001', 'C1', 3.8, 5),
  ('3103a000-0000-0000-0000-000000000001', 'C2', 3.5, 6),
  ('3103a000-0000-0000-0000-000000000001', 'C3', 3.2, 9),
  ('3103a000-0000-0000-0000-000000000001', 'E1', 2.5, 14),
  ('3103a000-0000-0000-0000-000000000001', 'E2', 2.3, 15),
  ('3103a000-0000-0000-0000-000000000001', 'E3', 2.0, 16),
  ('3103a000-0000-0000-0000-000000000001', 'I1', 4.8, 1),
  ('3103a000-0000-0000-0000-000000000001', 'I2', 4.5, 2),
  ('3103a000-0000-0000-0000-000000000001', 'I3', 4.2, 3),
  ('3103a000-0000-0000-0000-000000000001', 'I4', 4.0, 4),
  ('3103a000-0000-0000-0000-000000000001', 'R1', 3.5, 7),
  ('3103a000-0000-0000-0000-000000000001', 'R2', 3.2, 10),
  ('3103a000-0000-0000-0000-000000000001', 'R3', 3.0, 12),
  ('3103a000-0000-0000-0000-000000000001', 'S1', 2.0, 17),
  ('3103a000-0000-0000-0000-000000000001', 'S2', 1.8, 18),
  ('3103a000-0000-0000-0000-000000000001', 'S3', 1.5, 19),
  ('3103a000-0000-0000-0000-000000000001', 'S4', 1.2, 20)
ON CONFLICT DO NOTHING;

INSERT INTO career_riasec_scores (session_id, riasec_type, score, rank) VALUES
  ('3103a000-0000-0000-0000-000000000001', 'R', 3.23, 3),
  ('3103a000-0000-0000-0000-000000000001', 'I', 4.38, 1),
  ('3103a000-0000-0000-0000-000000000001', 'A', 3.0, 4),
  ('3103a000-0000-0000-0000-000000000001', 'S', 1.62, 6),
  ('3103a000-0000-0000-0000-000000000001', 'E', 2.27, 5),
  ('3103a000-0000-0000-0000-000000000001', 'C', 3.5, 2)
ON CONFLICT DO NOTHING;

UPDATE users SET ci_vector = '[3.2,3.0,2.8,3.8,3.5,3.2,2.5,2.3,2.0,4.8,4.5,4.2,4.0,3.5,3.2,3.0,2.0,1.8,1.5,1.2]'
WHERE id = '10000000-0000-0000-0000-00000000003a';

INSERT INTO career_interest_sessions (id, user_id)
VALUES ('3103b000-0000-0000-0000-000000000001', '10000000-0000-0000-0000-00000000003b')
ON CONFLICT DO NOTHING;

INSERT INTO career_interest_scores (session_id, basic_interest_id, score, rank) VALUES
  ('3103b000-0000-0000-0000-000000000001', 'A1', 2.5, 12),
  ('3103b000-0000-0000-0000-000000000001', 'A2', 2.2, 14),
  ('3103b000-0000-0000-0000-000000000001', 'A3', 2.0, 16),
  ('3103b000-0000-0000-0000-000000000001', 'C1', 3.8, 4),
  ('3103b000-0000-0000-0000-000000000001', 'C2', 3.5, 7),
  ('3103b000-0000-0000-0000-000000000001', 'C3', 3.2, 10),
  ('3103b000-0000-0000-0000-000000000001', 'E1', 2.8, 11),
  ('3103b000-0000-0000-0000-000000000001', 'E2', 2.5, 13),
  ('3103b000-0000-0000-0000-000000000001', 'E3', 2.2, 15),
  ('3103b000-0000-0000-0000-000000000001', 'I1', 4.2, 1),
  ('3103b000-0000-0000-0000-000000000001', 'I2', 4.0, 2),
  ('3103b000-0000-0000-0000-000000000001', 'I3', 3.8, 5),
  ('3103b000-0000-0000-0000-000000000001', 'I4', 3.5, 8),
  ('3103b000-0000-0000-0000-000000000001', 'R1', 4.0, 3),
  ('3103b000-0000-0000-0000-000000000001', 'R2', 3.8, 6),
  ('3103b000-0000-0000-0000-000000000001', 'R3', 3.5, 9),
  ('3103b000-0000-0000-0000-000000000001', 'S1', 1.5, 17),
  ('3103b000-0000-0000-0000-000000000001', 'S2', 1.3, 18),
  ('3103b000-0000-0000-0000-000000000001', 'S3', 1.0, 19),
  ('3103b000-0000-0000-0000-000000000001', 'S4', 0.8, 20)
ON CONFLICT DO NOTHING;

INSERT INTO career_riasec_scores (session_id, riasec_type, score, rank) VALUES
  ('3103b000-0000-0000-0000-000000000001', 'R', 3.77, 2),
  ('3103b000-0000-0000-0000-000000000001', 'I', 3.88, 1),
  ('3103b000-0000-0000-0000-000000000001', 'A', 2.23, 5),
  ('3103b000-0000-0000-0000-000000000001', 'S', 1.15, 6),
  ('3103b000-0000-0000-0000-000000000001', 'E', 2.5, 4),
  ('3103b000-0000-0000-0000-000000000001', 'C', 3.5, 3)
ON CONFLICT DO NOTHING;

UPDATE users SET ci_vector = '[2.5,2.2,2.0,3.8,3.5,3.2,2.8,2.5,2.2,4.2,4.0,3.8,3.5,4.0,3.8,3.5,1.5,1.3,1.0,0.8]'
WHERE id = '10000000-0000-0000-0000-00000000003b';

INSERT INTO career_interest_sessions (id, user_id)
VALUES ('3103c000-0000-0000-0000-000000000001', '10000000-0000-0000-0000-00000000003c')
ON CONFLICT DO NOTHING;

INSERT INTO career_interest_scores (session_id, basic_interest_id, score, rank) VALUES
  ('3103c000-0000-0000-0000-000000000001', 'A1', 3.5, 4),
  ('3103c000-0000-0000-0000-000000000001', 'A2', 3.2, 6),
  ('3103c000-0000-0000-0000-000000000001', 'A3', 3.0, 8),
  ('3103c000-0000-0000-0000-000000000001', 'C1', 2.8, 11),
  ('3103c000-0000-0000-0000-000000000001', 'C2', 2.5, 14),
  ('3103c000-0000-0000-0000-000000000001', 'C3', 2.3, 16),
  ('3103c000-0000-0000-0000-000000000001', 'E1', 4.2, 1),
  ('3103c000-0000-0000-0000-000000000001', 'E2', 4.0, 2),
  ('3103c000-0000-0000-0000-000000000001', 'E3', 3.8, 3),
  ('3103c000-0000-0000-0000-000000000001', 'I1', 3.0, 9),
  ('3103c000-0000-0000-0000-000000000001', 'I2', 2.8, 12),
  ('3103c000-0000-0000-0000-000000000001', 'I3', 2.5, 15),
  ('3103c000-0000-0000-0000-000000000001', 'I4', 2.2, 17),
  ('3103c000-0000-0000-0000-000000000001', 'R1', 2.0, 18),
  ('3103c000-0000-0000-0000-000000000001', 'R2', 1.8, 19),
  ('3103c000-0000-0000-0000-000000000001', 'R3', 1.5, 20),
  ('3103c000-0000-0000-0000-000000000001', 'S1', 3.5, 5),
  ('3103c000-0000-0000-0000-000000000001', 'S2', 3.2, 7),
  ('3103c000-0000-0000-0000-000000000001', 'S3', 3.0, 10),
  ('3103c000-0000-0000-0000-000000000001', 'S4', 2.8, 13)
ON CONFLICT DO NOTHING;

INSERT INTO career_riasec_scores (session_id, riasec_type, score, rank) VALUES
  ('3103c000-0000-0000-0000-000000000001', 'R', 1.77, 6),
  ('3103c000-0000-0000-0000-000000000001', 'I', 2.62, 4),
  ('3103c000-0000-0000-0000-000000000001', 'A', 3.23, 2),
  ('3103c000-0000-0000-0000-000000000001', 'S', 3.12, 3),
  ('3103c000-0000-0000-0000-000000000001', 'E', 4.0, 1),
  ('3103c000-0000-0000-0000-000000000001', 'C', 2.53, 5)
ON CONFLICT DO NOTHING;

UPDATE users SET ci_vector = '[3.5,3.2,3.0,2.8,2.5,2.3,4.2,4.0,3.8,3.0,2.8,2.5,2.2,2.0,1.8,1.5,3.5,3.2,3.0,2.8]'
WHERE id = '10000000-0000-0000-0000-00000000003c';

INSERT INTO career_interest_sessions (id, user_id)
VALUES ('3103d000-0000-0000-0000-000000000001', '10000000-0000-0000-0000-00000000003d')
ON CONFLICT DO NOTHING;

INSERT INTO career_interest_scores (session_id, basic_interest_id, score, rank) VALUES
  ('3103d000-0000-0000-0000-000000000001', 'A1', 3.5, 5),
  ('3103d000-0000-0000-0000-000000000001', 'A2', 3.2, 8),
  ('3103d000-0000-0000-0000-000000000001', 'A3', 3.0, 9),
  ('3103d000-0000-0000-0000-000000000001', 'C1', 3.0, 10),
  ('3103d000-0000-0000-0000-000000000001', 'C2', 2.8, 12),
  ('3103d000-0000-0000-0000-000000000001', 'C3', 2.5, 14),
  ('3103d000-0000-0000-0000-000000000001', 'E1', 2.8, 13),
  ('3103d000-0000-0000-0000-000000000001', 'E2', 2.5, 15),
  ('3103d000-0000-0000-0000-000000000001', 'E3', 2.2, 16),
  ('3103d000-0000-0000-0000-000000000001', 'I1', 4.5, 1),
  ('3103d000-0000-0000-0000-000000000001', 'I2', 4.2, 2),
  ('3103d000-0000-0000-0000-000000000001', 'I3', 3.8, 3),
  ('3103d000-0000-0000-0000-000000000001', 'I4', 3.5, 6),
  ('3103d000-0000-0000-0000-000000000001', 'R1', 3.8, 4),
  ('3103d000-0000-0000-0000-000000000001', 'R2', 3.5, 7),
  ('3103d000-0000-0000-0000-000000000001', 'R3', 3.0, 11),
  ('3103d000-0000-0000-0000-000000000001', 'S1', 2.2, 17),
  ('3103d000-0000-0000-0000-000000000001', 'S2', 2.0, 18),
  ('3103d000-0000-0000-0000-000000000001', 'S3', 1.8, 19),
  ('3103d000-0000-0000-0000-000000000001', 'S4', 1.5, 20)
ON CONFLICT DO NOTHING;

INSERT INTO career_riasec_scores (session_id, riasec_type, score, rank) VALUES
  ('3103d000-0000-0000-0000-000000000001', 'R', 3.43, 2),
  ('3103d000-0000-0000-0000-000000000001', 'I', 4.0, 1),
  ('3103d000-0000-0000-0000-000000000001', 'A', 3.23, 3),
  ('3103d000-0000-0000-0000-000000000001', 'S', 1.88, 6),
  ('3103d000-0000-0000-0000-000000000001', 'E', 2.5, 5),
  ('3103d000-0000-0000-0000-000000000001', 'C', 2.77, 4)
ON CONFLICT DO NOTHING;

UPDATE users SET ci_vector = '[3.5,3.2,3.0,3.0,2.8,2.5,2.8,2.5,2.2,4.5,4.2,3.8,3.5,3.8,3.5,3.0,2.2,2.0,1.8,1.5]'
WHERE id = '10000000-0000-0000-0000-00000000003d';

INSERT INTO career_interest_sessions (id, user_id)
VALUES ('3103e000-0000-0000-0000-000000000001', '10000000-0000-0000-0000-00000000003e')
ON CONFLICT DO NOTHING;

INSERT INTO career_interest_scores (session_id, basic_interest_id, score, rank) VALUES
  ('3103e000-0000-0000-0000-000000000001', 'A1', 2.0, 13),
  ('3103e000-0000-0000-0000-000000000001', 'A2', 1.8, 15),
  ('3103e000-0000-0000-0000-000000000001', 'A3', 1.5, 17),
  ('3103e000-0000-0000-0000-000000000001', 'C1', 3.2, 7),
  ('3103e000-0000-0000-0000-000000000001', 'C2', 3.0, 9),
  ('3103e000-0000-0000-0000-000000000001', 'C3', 2.8, 10),
  ('3103e000-0000-0000-0000-000000000001', 'E1', 4.8, 1),
  ('3103e000-0000-0000-0000-000000000001', 'E2', 4.5, 2),
  ('3103e000-0000-0000-0000-000000000001', 'E3', 4.2, 3),
  ('3103e000-0000-0000-0000-000000000001', 'I1', 2.5, 11),
  ('3103e000-0000-0000-0000-000000000001', 'I2', 2.2, 12),
  ('3103e000-0000-0000-0000-000000000001', 'I3', 2.0, 14),
  ('3103e000-0000-0000-0000-000000000001', 'I4', 1.8, 16),
  ('3103e000-0000-0000-0000-000000000001', 'R1', 1.5, 18),
  ('3103e000-0000-0000-0000-000000000001', 'R2', 1.2, 19),
  ('3103e000-0000-0000-0000-000000000001', 'R3', 1.0, 20),
  ('3103e000-0000-0000-0000-000000000001', 'S1', 4.0, 4),
  ('3103e000-0000-0000-0000-000000000001', 'S2', 3.8, 5),
  ('3103e000-0000-0000-0000-000000000001', 'S3', 3.5, 6),
  ('3103e000-0000-0000-0000-000000000001', 'S4', 3.2, 8)
ON CONFLICT DO NOTHING;

INSERT INTO career_riasec_scores (session_id, riasec_type, score, rank) VALUES
  ('3103e000-0000-0000-0000-000000000001', 'R', 1.23, 6),
  ('3103e000-0000-0000-0000-000000000001', 'I', 2.12, 4),
  ('3103e000-0000-0000-0000-000000000001', 'A', 1.77, 5),
  ('3103e000-0000-0000-0000-000000000001', 'S', 3.62, 2),
  ('3103e000-0000-0000-0000-000000000001', 'E', 4.5, 1),
  ('3103e000-0000-0000-0000-000000000001', 'C', 3.0, 3)
ON CONFLICT DO NOTHING;

UPDATE users SET ci_vector = '[2.0,1.8,1.5,3.2,3.0,2.8,4.8,4.5,4.2,2.5,2.2,2.0,1.8,1.5,1.2,1.0,4.0,3.8,3.5,3.2]'
WHERE id = '10000000-0000-0000-0000-00000000003e';

INSERT INTO career_interest_sessions (id, user_id)
VALUES ('3103f000-0000-0000-0000-000000000001', '10000000-0000-0000-0000-00000000003f')
ON CONFLICT DO NOTHING;

INSERT INTO career_interest_scores (session_id, basic_interest_id, score, rank) VALUES
  ('3103f000-0000-0000-0000-000000000001', 'A1', 2.2, 14),
  ('3103f000-0000-0000-0000-000000000001', 'A2', 2.0, 15),
  ('3103f000-0000-0000-0000-000000000001', 'A3', 1.8, 16),
  ('3103f000-0000-0000-0000-000000000001', 'C1', 4.0, 3),
  ('3103f000-0000-0000-0000-000000000001', 'C2', 3.8, 5),
  ('3103f000-0000-0000-0000-000000000001', 'C3', 3.5, 8),
  ('3103f000-0000-0000-0000-000000000001', 'E1', 3.0, 11),
  ('3103f000-0000-0000-0000-000000000001', 'E2', 2.8, 12),
  ('3103f000-0000-0000-0000-000000000001', 'E3', 2.5, 13),
  ('3103f000-0000-0000-0000-000000000001', 'I1', 4.2, 1),
  ('3103f000-0000-0000-0000-000000000001', 'I2', 4.0, 4),
  ('3103f000-0000-0000-0000-000000000001', 'I3', 3.8, 6),
  ('3103f000-0000-0000-0000-000000000001', 'I4', 3.5, 9),
  ('3103f000-0000-0000-0000-000000000001', 'R1', 4.2, 2),
  ('3103f000-0000-0000-0000-000000000001', 'R2', 3.8, 7),
  ('3103f000-0000-0000-0000-000000000001', 'R3', 3.5, 10),
  ('3103f000-0000-0000-0000-000000000001', 'S1', 1.8, 17),
  ('3103f000-0000-0000-0000-000000000001', 'S2', 1.5, 18),
  ('3103f000-0000-0000-0000-000000000001', 'S3', 1.2, 19),
  ('3103f000-0000-0000-0000-000000000001', 'S4', 1.0, 20)
ON CONFLICT DO NOTHING;

INSERT INTO career_riasec_scores (session_id, riasec_type, score, rank) VALUES
  ('3103f000-0000-0000-0000-000000000001', 'R', 3.83, 2),
  ('3103f000-0000-0000-0000-000000000001', 'I', 3.88, 1),
  ('3103f000-0000-0000-0000-000000000001', 'A', 2.0, 5),
  ('3103f000-0000-0000-0000-000000000001', 'S', 1.38, 6),
  ('3103f000-0000-0000-0000-000000000001', 'E', 2.77, 4),
  ('3103f000-0000-0000-0000-000000000001', 'C', 3.77, 3)
ON CONFLICT DO NOTHING;

UPDATE users SET ci_vector = '[2.2,2.0,1.8,4.0,3.8,3.5,3.0,2.8,2.5,4.2,4.0,3.8,3.5,4.2,3.8,3.5,1.8,1.5,1.2,1.0]'
WHERE id = '10000000-0000-0000-0000-00000000003f';

INSERT INTO career_interest_sessions (id, user_id)
VALUES ('31040000-0000-0000-0000-000000000001', '10000000-0000-0000-0000-000000000040')
ON CONFLICT DO NOTHING;

INSERT INTO career_interest_scores (session_id, basic_interest_id, score, rank) VALUES
  ('31040000-0000-0000-0000-000000000001', 'A1', 4.0, 3),
  ('31040000-0000-0000-0000-000000000001', 'A2', 3.8, 5),
  ('31040000-0000-0000-0000-000000000001', 'A3', 3.5, 7),
  ('31040000-0000-0000-0000-000000000001', 'C1', 2.2, 13),
  ('31040000-0000-0000-0000-000000000001', 'C2', 2.0, 15),
  ('31040000-0000-0000-0000-000000000001', 'C3', 1.8, 17),
  ('31040000-0000-0000-0000-000000000001', 'E1', 2.5, 12),
  ('31040000-0000-0000-0000-000000000001', 'E2', 2.2, 14),
  ('31040000-0000-0000-0000-000000000001', 'E3', 2.0, 16),
  ('31040000-0000-0000-0000-000000000001', 'I1', 3.5, 8),
  ('31040000-0000-0000-0000-000000000001', 'I2', 3.2, 9),
  ('31040000-0000-0000-0000-000000000001', 'I3', 3.0, 10),
  ('31040000-0000-0000-0000-000000000001', 'I4', 2.8, 11),
  ('31040000-0000-0000-0000-000000000001', 'R1', 1.8, 18),
  ('31040000-0000-0000-0000-000000000001', 'R2', 1.5, 19),
  ('31040000-0000-0000-0000-000000000001', 'R3', 1.2, 20),
  ('31040000-0000-0000-0000-000000000001', 'S1', 4.5, 1),
  ('31040000-0000-0000-0000-000000000001', 'S2', 4.2, 2),
  ('31040000-0000-0000-0000-000000000001', 'S3', 4.0, 4),
  ('31040000-0000-0000-0000-000000000001', 'S4', 3.8, 6)
ON CONFLICT DO NOTHING;

INSERT INTO career_riasec_scores (session_id, riasec_type, score, rank) VALUES
  ('31040000-0000-0000-0000-000000000001', 'R', 1.5, 6),
  ('31040000-0000-0000-0000-000000000001', 'I', 3.12, 3),
  ('31040000-0000-0000-0000-000000000001', 'A', 3.77, 2),
  ('31040000-0000-0000-0000-000000000001', 'S', 4.12, 1),
  ('31040000-0000-0000-0000-000000000001', 'E', 2.23, 4),
  ('31040000-0000-0000-0000-000000000001', 'C', 2.0, 5)
ON CONFLICT DO NOTHING;

UPDATE users SET ci_vector = '[4.0,3.8,3.5,2.2,2.0,1.8,2.5,2.2,2.0,3.5,3.2,3.0,2.8,1.8,1.5,1.2,4.5,4.2,4.0,3.8]'
WHERE id = '10000000-0000-0000-0000-000000000040';

INSERT INTO career_interest_sessions (id, user_id)
VALUES ('31041000-0000-0000-0000-000000000001', '10000000-0000-0000-0000-000000000041')
ON CONFLICT DO NOTHING;

INSERT INTO career_interest_scores (session_id, basic_interest_id, score, rank) VALUES
  ('31041000-0000-0000-0000-000000000001', 'A1', 3.5, 5),
  ('31041000-0000-0000-0000-000000000001', 'A2', 3.2, 7),
  ('31041000-0000-0000-0000-000000000001', 'A3', 3.0, 11),
  ('31041000-0000-0000-0000-000000000001', 'C1', 3.2, 8),
  ('31041000-0000-0000-0000-000000000001', 'C2', 3.0, 12),
  ('31041000-0000-0000-0000-000000000001', 'C3', 2.8, 15),
  ('31041000-0000-0000-0000-000000000001', 'E1', 3.2, 9),
  ('31041000-0000-0000-0000-000000000001', 'E2', 3.0, 13),
  ('31041000-0000-0000-0000-000000000001', 'E3', 2.8, 16),
  ('31041000-0000-0000-0000-000000000001', 'I1', 4.5, 1),
  ('31041000-0000-0000-0000-000000000001', 'I2', 4.2, 2),
  ('31041000-0000-0000-0000-000000000001', 'I3', 4.0, 3),
  ('31041000-0000-0000-0000-000000000001', 'I4', 3.8, 4),
  ('31041000-0000-0000-0000-000000000001', 'R1', 3.5, 6),
  ('31041000-0000-0000-0000-000000000001', 'R2', 3.2, 10),
  ('31041000-0000-0000-0000-000000000001', 'R3', 3.0, 14),
  ('31041000-0000-0000-0000-000000000001', 'S1', 2.5, 17),
  ('31041000-0000-0000-0000-000000000001', 'S2', 2.2, 18),
  ('31041000-0000-0000-0000-000000000001', 'S3', 2.0, 19),
  ('31041000-0000-0000-0000-000000000001', 'S4', 1.8, 20)
ON CONFLICT DO NOTHING;

INSERT INTO career_riasec_scores (session_id, riasec_type, score, rank) VALUES
  ('31041000-0000-0000-0000-000000000001', 'R', 3.23, 2),
  ('31041000-0000-0000-0000-000000000001', 'I', 4.12, 1),
  ('31041000-0000-0000-0000-000000000001', 'A', 3.23, 3),
  ('31041000-0000-0000-0000-000000000001', 'S', 2.12, 6),
  ('31041000-0000-0000-0000-000000000001', 'E', 3.0, 4),
  ('31041000-0000-0000-0000-000000000001', 'C', 3.0, 5)
ON CONFLICT DO NOTHING;

UPDATE users SET ci_vector = '[3.5,3.2,3.0,3.2,3.0,2.8,3.2,3.0,2.8,4.5,4.2,4.0,3.8,3.5,3.2,3.0,2.5,2.2,2.0,1.8]'
WHERE id = '10000000-0000-0000-0000-000000000041';

INSERT INTO career_interest_sessions (id, user_id)
VALUES ('31042000-0000-0000-0000-000000000001', '10000000-0000-0000-0000-000000000042')
ON CONFLICT DO NOTHING;

INSERT INTO career_interest_scores (session_id, basic_interest_id, score, rank) VALUES
  ('31042000-0000-0000-0000-000000000001', 'A1', 1.8, 15),
  ('31042000-0000-0000-0000-000000000001', 'A2', 1.5, 16),
  ('31042000-0000-0000-0000-000000000001', 'A3', 1.2, 18),
  ('31042000-0000-0000-0000-000000000001', 'C1', 4.0, 3),
  ('31042000-0000-0000-0000-000000000001', 'C2', 3.8, 4),
  ('31042000-0000-0000-0000-000000000001', 'C3', 3.5, 6),
  ('31042000-0000-0000-0000-000000000001', 'E1', 4.5, 1),
  ('31042000-0000-0000-0000-000000000001', 'E2', 4.2, 2),
  ('31042000-0000-0000-0000-000000000001', 'E3', 3.8, 5),
  ('31042000-0000-0000-0000-000000000001', 'I1', 3.0, 9),
  ('31042000-0000-0000-0000-000000000001', 'I2', 2.8, 11),
  ('31042000-0000-0000-0000-000000000001', 'I3', 2.5, 13),
  ('31042000-0000-0000-0000-000000000001', 'I4', 2.2, 14),
  ('31042000-0000-0000-0000-000000000001', 'R1', 1.5, 17),
  ('31042000-0000-0000-0000-000000000001', 'R2', 1.2, 19),
  ('31042000-0000-0000-0000-000000000001', 'R3', 1.0, 20),
  ('31042000-0000-0000-0000-000000000001', 'S1', 3.5, 7),
  ('31042000-0000-0000-0000-000000000001', 'S2', 3.2, 8),
  ('31042000-0000-0000-0000-000000000001', 'S3', 3.0, 10),
  ('31042000-0000-0000-0000-000000000001', 'S4', 2.8, 12)
ON CONFLICT DO NOTHING;

INSERT INTO career_riasec_scores (session_id, riasec_type, score, rank) VALUES
  ('31042000-0000-0000-0000-000000000001', 'R', 1.23, 6),
  ('31042000-0000-0000-0000-000000000001', 'I', 2.62, 4),
  ('31042000-0000-0000-0000-000000000001', 'A', 1.5, 5),
  ('31042000-0000-0000-0000-000000000001', 'S', 3.12, 3),
  ('31042000-0000-0000-0000-000000000001', 'E', 4.17, 1),
  ('31042000-0000-0000-0000-000000000001', 'C', 3.77, 2)
ON CONFLICT DO NOTHING;

UPDATE users SET ci_vector = '[1.8,1.5,1.2,4.0,3.8,3.5,4.5,4.2,3.8,3.0,2.8,2.5,2.2,1.5,1.2,1.0,3.5,3.2,3.0,2.8]'
WHERE id = '10000000-0000-0000-0000-000000000042';

INSERT INTO career_interest_sessions (id, user_id)
VALUES ('31043000-0000-0000-0000-000000000001', '10000000-0000-0000-0000-000000000043')
ON CONFLICT DO NOTHING;

INSERT INTO career_interest_scores (session_id, basic_interest_id, score, rank) VALUES
  ('31043000-0000-0000-0000-000000000001', 'A1', 2.5, 12),
  ('31043000-0000-0000-0000-000000000001', 'A2', 2.2, 15),
  ('31043000-0000-0000-0000-000000000001', 'A3', 2.0, 18),
  ('31043000-0000-0000-0000-000000000001', 'C1', 4.2, 1),
  ('31043000-0000-0000-0000-000000000001', 'C2', 4.0, 2),
  ('31043000-0000-0000-0000-000000000001', 'C3', 3.8, 4),
  ('31043000-0000-0000-0000-000000000001', 'E1', 2.5, 13),
  ('31043000-0000-0000-0000-000000000001', 'E2', 2.2, 16),
  ('31043000-0000-0000-0000-000000000001', 'E3', 2.0, 19),
  ('31043000-0000-0000-0000-000000000001', 'I1', 4.0, 3),
  ('31043000-0000-0000-0000-000000000001', 'I2', 3.8, 5),
  ('31043000-0000-0000-0000-000000000001', 'I3', 3.5, 6),
  ('31043000-0000-0000-0000-000000000001', 'I4', 3.2, 8),
  ('31043000-0000-0000-0000-000000000001', 'R1', 3.5, 7),
  ('31043000-0000-0000-0000-000000000001', 'R2', 3.2, 9),
  ('31043000-0000-0000-0000-000000000001', 'R3', 3.0, 10),
  ('31043000-0000-0000-0000-000000000001', 'S1', 2.8, 11),
  ('31043000-0000-0000-0000-000000000001', 'S2', 2.5, 14),
  ('31043000-0000-0000-0000-000000000001', 'S3', 2.2, 17),
  ('31043000-0000-0000-0000-000000000001', 'S4', 2.0, 20)
ON CONFLICT DO NOTHING;

INSERT INTO career_riasec_scores (session_id, riasec_type, score, rank) VALUES
  ('31043000-0000-0000-0000-000000000001', 'R', 3.23, 3),
  ('31043000-0000-0000-0000-000000000001', 'I', 3.62, 2),
  ('31043000-0000-0000-0000-000000000001', 'A', 2.23, 5),
  ('31043000-0000-0000-0000-000000000001', 'S', 2.38, 4),
  ('31043000-0000-0000-0000-000000000001', 'E', 2.23, 6),
  ('31043000-0000-0000-0000-000000000001', 'C', 4.0, 1)
ON CONFLICT DO NOTHING;

UPDATE users SET ci_vector = '[2.5,2.2,2.0,4.2,4.0,3.8,2.5,2.2,2.0,4.0,3.8,3.5,3.2,3.5,3.2,3.0,2.8,2.5,2.2,2.0]'
WHERE id = '10000000-0000-0000-0000-000000000043';

INSERT INTO career_interest_sessions (id, user_id)
VALUES ('31044000-0000-0000-0000-000000000001', '10000000-0000-0000-0000-000000000044')
ON CONFLICT DO NOTHING;

INSERT INTO career_interest_scores (session_id, basic_interest_id, score, rank) VALUES
  ('31044000-0000-0000-0000-000000000001', 'A1', 3.2, 7),
  ('31044000-0000-0000-0000-000000000001', 'A2', 3.0, 10),
  ('31044000-0000-0000-0000-000000000001', 'A3', 2.8, 12),
  ('31044000-0000-0000-0000-000000000001', 'C1', 3.2, 8),
  ('31044000-0000-0000-0000-000000000001', 'C2', 3.0, 11),
  ('31044000-0000-0000-0000-000000000001', 'C3', 2.8, 13),
  ('31044000-0000-0000-0000-000000000001', 'E1', 2.8, 14),
  ('31044000-0000-0000-0000-000000000001', 'E2', 2.5, 15),
  ('31044000-0000-0000-0000-000000000001', 'E3', 2.2, 16),
  ('31044000-0000-0000-0000-000000000001', 'I1', 4.5, 1),
  ('31044000-0000-0000-0000-000000000001', 'I2', 4.2, 2),
  ('31044000-0000-0000-0000-000000000001', 'I3', 4.0, 3),
  ('31044000-0000-0000-0000-000000000001', 'I4', 3.8, 4),
  ('31044000-0000-0000-0000-000000000001', 'R1', 3.8, 5),
  ('31044000-0000-0000-0000-000000000001', 'R2', 3.5, 6),
  ('31044000-0000-0000-0000-000000000001', 'R3', 3.2, 9),
  ('31044000-0000-0000-0000-000000000001', 'S1', 2.2, 17),
  ('31044000-0000-0000-0000-000000000001', 'S2', 2.0, 18),
  ('31044000-0000-0000-0000-000000000001', 'S3', 1.8, 19),
  ('31044000-0000-0000-0000-000000000001', 'S4', 1.5, 20)
ON CONFLICT DO NOTHING;

INSERT INTO career_riasec_scores (session_id, riasec_type, score, rank) VALUES
  ('31044000-0000-0000-0000-000000000001', 'R', 3.5, 2),
  ('31044000-0000-0000-0000-000000000001', 'I', 4.12, 1),
  ('31044000-0000-0000-0000-000000000001', 'A', 3.0, 3),
  ('31044000-0000-0000-0000-000000000001', 'S', 1.88, 6),
  ('31044000-0000-0000-0000-000000000001', 'E', 2.5, 5),
  ('31044000-0000-0000-0000-000000000001', 'C', 3.0, 4)
ON CONFLICT DO NOTHING;

UPDATE users SET ci_vector = '[3.2,3.0,2.8,3.2,3.0,2.8,2.8,2.5,2.2,4.5,4.2,4.0,3.8,3.8,3.5,3.2,2.2,2.0,1.8,1.5]'
WHERE id = '10000000-0000-0000-0000-000000000044';

INSERT INTO career_interest_sessions (id, user_id)
VALUES ('31045000-0000-0000-0000-000000000001', '10000000-0000-0000-0000-000000000045')
ON CONFLICT DO NOTHING;

INSERT INTO career_interest_scores (session_id, basic_interest_id, score, rank) VALUES
  ('31045000-0000-0000-0000-000000000001', 'A1', 2.5, 8),
  ('31045000-0000-0000-0000-000000000001', 'A2', 2.2, 10),
  ('31045000-0000-0000-0000-000000000001', 'A3', 2.0, 12),
  ('31045000-0000-0000-0000-000000000001', 'C1', 2.5, 9),
  ('31045000-0000-0000-0000-000000000001', 'C2', 2.2, 11),
  ('31045000-0000-0000-0000-000000000001', 'C3', 2.0, 13),
  ('31045000-0000-0000-0000-000000000001', 'E1', 3.5, 5),
  ('31045000-0000-0000-0000-000000000001', 'E2', 3.2, 6),
  ('31045000-0000-0000-0000-000000000001', 'E3', 3.0, 7),
  ('31045000-0000-0000-0000-000000000001', 'I1', 2.0, 14),
  ('31045000-0000-0000-0000-000000000001', 'I2', 1.8, 15),
  ('31045000-0000-0000-0000-000000000001', 'I3', 1.5, 16),
  ('31045000-0000-0000-0000-000000000001', 'I4', 1.2, 18),
  ('31045000-0000-0000-0000-000000000001', 'R1', 1.5, 17),
  ('31045000-0000-0000-0000-000000000001', 'R2', 1.2, 19),
  ('31045000-0000-0000-0000-000000000001', 'R3', 1.0, 20),
  ('31045000-0000-0000-0000-000000000001', 'S1', 4.8, 1),
  ('31045000-0000-0000-0000-000000000001', 'S2', 4.5, 2),
  ('31045000-0000-0000-0000-000000000001', 'S3', 4.2, 3),
  ('31045000-0000-0000-0000-000000000001', 'S4', 4.0, 4)
ON CONFLICT DO NOTHING;

INSERT INTO career_riasec_scores (session_id, riasec_type, score, rank) VALUES
  ('31045000-0000-0000-0000-000000000001', 'R', 1.23, 6),
  ('31045000-0000-0000-0000-000000000001', 'I', 1.62, 5),
  ('31045000-0000-0000-0000-000000000001', 'A', 2.23, 3),
  ('31045000-0000-0000-0000-000000000001', 'S', 4.38, 1),
  ('31045000-0000-0000-0000-000000000001', 'E', 3.23, 2),
  ('31045000-0000-0000-0000-000000000001', 'C', 2.23, 4)
ON CONFLICT DO NOTHING;

UPDATE users SET ci_vector = '[2.5,2.2,2.0,2.5,2.2,2.0,3.5,3.2,3.0,2.0,1.8,1.5,1.2,1.5,1.2,1.0,4.8,4.5,4.2,4.0]'
WHERE id = '10000000-0000-0000-0000-000000000045';

INSERT INTO career_interest_sessions (id, user_id)
VALUES ('31046000-0000-0000-0000-000000000001', '10000000-0000-0000-0000-000000000046')
ON CONFLICT DO NOTHING;

INSERT INTO career_interest_scores (session_id, basic_interest_id, score, rank) VALUES
  ('31046000-0000-0000-0000-000000000001', 'A1', 2.0, 13),
  ('31046000-0000-0000-0000-000000000001', 'A2', 1.8, 15),
  ('31046000-0000-0000-0000-000000000001', 'A3', 1.5, 17),
  ('31046000-0000-0000-0000-000000000001', 'C1', 4.2, 2),
  ('31046000-0000-0000-0000-000000000001', 'C2', 4.0, 4),
  ('31046000-0000-0000-0000-000000000001', 'C3', 3.8, 6),
  ('31046000-0000-0000-0000-000000000001', 'E1', 2.5, 11),
  ('31046000-0000-0000-0000-000000000001', 'E2', 2.2, 12),
  ('31046000-0000-0000-0000-000000000001', 'E3', 2.0, 14),
  ('31046000-0000-0000-0000-000000000001', 'I1', 4.5, 1),
  ('31046000-0000-0000-0000-000000000001', 'I2', 4.2, 3),
  ('31046000-0000-0000-0000-000000000001', 'I3', 4.0, 5),
  ('31046000-0000-0000-0000-000000000001', 'I4', 3.8, 7),
  ('31046000-0000-0000-0000-000000000001', 'R1', 3.8, 8),
  ('31046000-0000-0000-0000-000000000001', 'R2', 3.5, 9),
  ('31046000-0000-0000-0000-000000000001', 'R3', 3.2, 10),
  ('31046000-0000-0000-0000-000000000001', 'S1', 1.8, 16),
  ('31046000-0000-0000-0000-000000000001', 'S2', 1.5, 18),
  ('31046000-0000-0000-0000-000000000001', 'S3', 1.2, 19),
  ('31046000-0000-0000-0000-000000000001', 'S4', 1.0, 20)
ON CONFLICT DO NOTHING;

INSERT INTO career_riasec_scores (session_id, riasec_type, score, rank) VALUES
  ('31046000-0000-0000-0000-000000000001', 'R', 3.5, 3),
  ('31046000-0000-0000-0000-000000000001', 'I', 4.12, 1),
  ('31046000-0000-0000-0000-000000000001', 'A', 1.77, 5),
  ('31046000-0000-0000-0000-000000000001', 'S', 1.38, 6),
  ('31046000-0000-0000-0000-000000000001', 'E', 2.23, 4),
  ('31046000-0000-0000-0000-000000000001', 'C', 4.0, 2)
ON CONFLICT DO NOTHING;

UPDATE users SET ci_vector = '[2.0,1.8,1.5,4.2,4.0,3.8,2.5,2.2,2.0,4.5,4.2,4.0,3.8,3.8,3.5,3.2,1.8,1.5,1.2,1.0]'
WHERE id = '10000000-0000-0000-0000-000000000046';

INSERT INTO career_interest_sessions (id, user_id)
VALUES ('31047000-0000-0000-0000-000000000001', '10000000-0000-0000-0000-000000000047')
ON CONFLICT DO NOTHING;

INSERT INTO career_interest_scores (session_id, basic_interest_id, score, rank) VALUES
  ('31047000-0000-0000-0000-000000000001', 'A1', 2.5, 13),
  ('31047000-0000-0000-0000-000000000001', 'A2', 2.2, 16),
  ('31047000-0000-0000-0000-000000000001', 'A3', 2.0, 18),
  ('31047000-0000-0000-0000-000000000001', 'C1', 3.5, 4),
  ('31047000-0000-0000-0000-000000000001', 'C2', 3.2, 7),
  ('31047000-0000-0000-0000-000000000001', 'C3', 3.0, 9),
  ('31047000-0000-0000-0000-000000000001', 'E1', 3.0, 10),
  ('31047000-0000-0000-0000-000000000001', 'E2', 2.8, 12),
  ('31047000-0000-0000-0000-000000000001', 'E3', 2.5, 14),
  ('31047000-0000-0000-0000-000000000001', 'I1', 4.2, 1),
  ('31047000-0000-0000-0000-000000000001', 'I2', 4.0, 2),
  ('31047000-0000-0000-0000-000000000001', 'I3', 3.8, 3),
  ('31047000-0000-0000-0000-000000000001', 'I4', 3.5, 5),
  ('31047000-0000-0000-0000-000000000001', 'R1', 3.5, 6),
  ('31047000-0000-0000-0000-000000000001', 'R2', 3.2, 8),
  ('31047000-0000-0000-0000-000000000001', 'R3', 3.0, 11),
  ('31047000-0000-0000-0000-000000000001', 'S1', 2.5, 15),
  ('31047000-0000-0000-0000-000000000001', 'S2', 2.2, 17),
  ('31047000-0000-0000-0000-000000000001', 'S3', 2.0, 19),
  ('31047000-0000-0000-0000-000000000001', 'S4', 1.8, 20)
ON CONFLICT DO NOTHING;

INSERT INTO career_riasec_scores (session_id, riasec_type, score, rank) VALUES
  ('31047000-0000-0000-0000-000000000001', 'R', 3.23, 2),
  ('31047000-0000-0000-0000-000000000001', 'I', 3.88, 1),
  ('31047000-0000-0000-0000-000000000001', 'A', 2.23, 5),
  ('31047000-0000-0000-0000-000000000001', 'S', 2.12, 6),
  ('31047000-0000-0000-0000-000000000001', 'E', 2.77, 4),
  ('31047000-0000-0000-0000-000000000001', 'C', 3.23, 3)
ON CONFLICT DO NOTHING;

UPDATE users SET ci_vector = '[2.5,2.2,2.0,3.5,3.2,3.0,3.0,2.8,2.5,4.2,4.0,3.8,3.5,3.5,3.2,3.0,2.5,2.2,2.0,1.8]'
WHERE id = '10000000-0000-0000-0000-000000000047';

INSERT INTO career_interest_sessions (id, user_id)
VALUES ('31048000-0000-0000-0000-000000000001', '10000000-0000-0000-0000-000000000048')
ON CONFLICT DO NOTHING;

INSERT INTO career_interest_scores (session_id, basic_interest_id, score, rank) VALUES
  ('31048000-0000-0000-0000-000000000001', 'A1', 4.8, 1),
  ('31048000-0000-0000-0000-000000000001', 'A2', 4.5, 2),
  ('31048000-0000-0000-0000-000000000001', 'A3', 4.2, 3),
  ('31048000-0000-0000-0000-000000000001', 'C1', 1.8, 18),
  ('31048000-0000-0000-0000-000000000001', 'C2', 1.5, 19),
  ('31048000-0000-0000-0000-000000000001', 'C3', 1.2, 20),
  ('31048000-0000-0000-0000-000000000001', 'E1', 2.5, 8),
  ('31048000-0000-0000-0000-000000000001', 'E2', 2.2, 12),
  ('31048000-0000-0000-0000-000000000001', 'E3', 2.0, 16),
  ('31048000-0000-0000-0000-000000000001', 'I1', 3.0, 4),
  ('31048000-0000-0000-0000-000000000001', 'I2', 2.8, 6),
  ('31048000-0000-0000-0000-000000000001', 'I3', 2.5, 9),
  ('31048000-0000-0000-0000-000000000001', 'I4', 2.2, 13),
  ('31048000-0000-0000-0000-000000000001', 'R1', 2.5, 10),
  ('31048000-0000-0000-0000-000000000001', 'R2', 2.2, 14),
  ('31048000-0000-0000-0000-000000000001', 'R3', 2.0, 17),
  ('31048000-0000-0000-0000-000000000001', 'S1', 3.0, 5),
  ('31048000-0000-0000-0000-000000000001', 'S2', 2.8, 7),
  ('31048000-0000-0000-0000-000000000001', 'S3', 2.5, 11),
  ('31048000-0000-0000-0000-000000000001', 'S4', 2.2, 15)
ON CONFLICT DO NOTHING;

INSERT INTO career_riasec_scores (session_id, riasec_type, score, rank) VALUES
  ('31048000-0000-0000-0000-000000000001', 'R', 2.23, 4),
  ('31048000-0000-0000-0000-000000000001', 'I', 2.62, 2),
  ('31048000-0000-0000-0000-000000000001', 'A', 4.5, 1),
  ('31048000-0000-0000-0000-000000000001', 'S', 2.62, 3),
  ('31048000-0000-0000-0000-000000000001', 'E', 2.23, 5),
  ('31048000-0000-0000-0000-000000000001', 'C', 1.5, 6)
ON CONFLICT DO NOTHING;

UPDATE users SET ci_vector = '[4.8,4.5,4.2,1.8,1.5,1.2,2.5,2.2,2.0,3.0,2.8,2.5,2.2,2.5,2.2,2.0,3.0,2.8,2.5,2.2]'
WHERE id = '10000000-0000-0000-0000-000000000048';

INSERT INTO career_interest_sessions (id, user_id)
VALUES ('31049000-0000-0000-0000-000000000001', '10000000-0000-0000-0000-000000000049')
ON CONFLICT DO NOTHING;

INSERT INTO career_interest_scores (session_id, basic_interest_id, score, rank) VALUES
  ('31049000-0000-0000-0000-000000000001', 'A1', 2.2, 12),
  ('31049000-0000-0000-0000-000000000001', 'A2', 2.0, 14),
  ('31049000-0000-0000-0000-000000000001', 'A3', 1.8, 16),
  ('31049000-0000-0000-0000-000000000001', 'C1', 3.0, 8),
  ('31049000-0000-0000-0000-000000000001', 'C2', 2.8, 9),
  ('31049000-0000-0000-0000-000000000001', 'C3', 2.5, 10),
  ('31049000-0000-0000-0000-000000000001', 'E1', 3.8, 4),
  ('31049000-0000-0000-0000-000000000001', 'E2', 3.5, 6),
  ('31049000-0000-0000-0000-000000000001', 'E3', 3.2, 7),
  ('31049000-0000-0000-0000-000000000001', 'I1', 2.5, 11),
  ('31049000-0000-0000-0000-000000000001', 'I2', 2.2, 13),
  ('31049000-0000-0000-0000-000000000001', 'I3', 2.0, 15),
  ('31049000-0000-0000-0000-000000000001', 'I4', 1.8, 17),
  ('31049000-0000-0000-0000-000000000001', 'R1', 1.5, 18),
  ('31049000-0000-0000-0000-000000000001', 'R2', 1.2, 19),
  ('31049000-0000-0000-0000-000000000001', 'R3', 1.0, 20),
  ('31049000-0000-0000-0000-000000000001', 'S1', 4.5, 1),
  ('31049000-0000-0000-0000-000000000001', 'S2', 4.2, 2),
  ('31049000-0000-0000-0000-000000000001', 'S3', 4.0, 3),
  ('31049000-0000-0000-0000-000000000001', 'S4', 3.8, 5)
ON CONFLICT DO NOTHING;

INSERT INTO career_riasec_scores (session_id, riasec_type, score, rank) VALUES
  ('31049000-0000-0000-0000-000000000001', 'R', 1.23, 6),
  ('31049000-0000-0000-0000-000000000001', 'I', 2.12, 4),
  ('31049000-0000-0000-0000-000000000001', 'A', 2.0, 5),
  ('31049000-0000-0000-0000-000000000001', 'S', 4.12, 1),
  ('31049000-0000-0000-0000-000000000001', 'E', 3.5, 2),
  ('31049000-0000-0000-0000-000000000001', 'C', 2.77, 3)
ON CONFLICT DO NOTHING;

UPDATE users SET ci_vector = '[2.2,2.0,1.8,3.0,2.8,2.5,3.8,3.5,3.2,2.5,2.2,2.0,1.8,1.5,1.2,1.0,4.5,4.2,4.0,3.8]'
WHERE id = '10000000-0000-0000-0000-000000000049';

INSERT INTO career_interest_sessions (id, user_id)
VALUES ('3104a000-0000-0000-0000-000000000001', '10000000-0000-0000-0000-00000000004a')
ON CONFLICT DO NOTHING;

INSERT INTO career_interest_scores (session_id, basic_interest_id, score, rank) VALUES
  ('3104a000-0000-0000-0000-000000000001', 'A1', 3.0, 10),
  ('3104a000-0000-0000-0000-000000000001', 'A2', 2.8, 12),
  ('3104a000-0000-0000-0000-000000000001', 'A3', 2.5, 13),
  ('3104a000-0000-0000-0000-000000000001', 'C1', 3.5, 7),
  ('3104a000-0000-0000-0000-000000000001', 'C2', 3.2, 9),
  ('3104a000-0000-0000-0000-000000000001', 'C3', 3.0, 11),
  ('3104a000-0000-0000-0000-000000000001', 'E1', 2.5, 14),
  ('3104a000-0000-0000-0000-000000000001', 'E2', 2.2, 15),
  ('3104a000-0000-0000-0000-000000000001', 'E3', 2.0, 16),
  ('3104a000-0000-0000-0000-000000000001', 'I1', 4.8, 1),
  ('3104a000-0000-0000-0000-000000000001', 'I2', 4.5, 2),
  ('3104a000-0000-0000-0000-000000000001', 'I3', 4.2, 3),
  ('3104a000-0000-0000-0000-000000000001', 'I4', 4.0, 4),
  ('3104a000-0000-0000-0000-000000000001', 'R1', 4.0, 5),
  ('3104a000-0000-0000-0000-000000000001', 'R2', 3.8, 6),
  ('3104a000-0000-0000-0000-000000000001', 'R3', 3.5, 8),
  ('3104a000-0000-0000-0000-000000000001', 'S1', 1.8, 17),
  ('3104a000-0000-0000-0000-000000000001', 'S2', 1.5, 18),
  ('3104a000-0000-0000-0000-000000000001', 'S3', 1.2, 19),
  ('3104a000-0000-0000-0000-000000000001', 'S4', 1.0, 20)
ON CONFLICT DO NOTHING;

INSERT INTO career_riasec_scores (session_id, riasec_type, score, rank) VALUES
  ('3104a000-0000-0000-0000-000000000001', 'R', 3.77, 2),
  ('3104a000-0000-0000-0000-000000000001', 'I', 4.38, 1),
  ('3104a000-0000-0000-0000-000000000001', 'A', 2.77, 4),
  ('3104a000-0000-0000-0000-000000000001', 'S', 1.38, 6),
  ('3104a000-0000-0000-0000-000000000001', 'E', 2.23, 5),
  ('3104a000-0000-0000-0000-000000000001', 'C', 3.23, 3)
ON CONFLICT DO NOTHING;

UPDATE users SET ci_vector = '[3.0,2.8,2.5,3.5,3.2,3.0,2.5,2.2,2.0,4.8,4.5,4.2,4.0,4.0,3.8,3.5,1.8,1.5,1.2,1.0]'
WHERE id = '10000000-0000-0000-0000-00000000004a';

INSERT INTO career_interest_sessions (id, user_id)
VALUES ('3104b000-0000-0000-0000-000000000001', '10000000-0000-0000-0000-00000000004b')
ON CONFLICT DO NOTHING;

INSERT INTO career_interest_scores (session_id, basic_interest_id, score, rank) VALUES
  ('3104b000-0000-0000-0000-000000000001', 'A1', 3.8, 1),
  ('3104b000-0000-0000-0000-000000000001', 'A2', 3.5, 2),
  ('3104b000-0000-0000-0000-000000000001', 'A3', 3.2, 5),
  ('3104b000-0000-0000-0000-000000000001', 'C1', 3.0, 8),
  ('3104b000-0000-0000-0000-000000000001', 'C2', 2.8, 11),
  ('3104b000-0000-0000-0000-000000000001', 'C3', 2.5, 14),
  ('3104b000-0000-0000-0000-000000000001', 'E1', 2.2, 16),
  ('3104b000-0000-0000-0000-000000000001', 'E2', 2.0, 18),
  ('3104b000-0000-0000-0000-000000000001', 'E3', 1.8, 20),
  ('3104b000-0000-0000-0000-000000000001', 'I1', 3.5, 3),
  ('3104b000-0000-0000-0000-000000000001', 'I2', 3.2, 6),
  ('3104b000-0000-0000-0000-000000000001', 'I3', 3.0, 9),
  ('3104b000-0000-0000-0000-000000000001', 'I4', 2.8, 12),
  ('3104b000-0000-0000-0000-000000000001', 'R1', 2.5, 15),
  ('3104b000-0000-0000-0000-000000000001', 'R2', 2.2, 17),
  ('3104b000-0000-0000-0000-000000000001', 'R3', 2.0, 19),
  ('3104b000-0000-0000-0000-000000000001', 'S1', 3.5, 4),
  ('3104b000-0000-0000-0000-000000000001', 'S2', 3.2, 7),
  ('3104b000-0000-0000-0000-000000000001', 'S3', 3.0, 10),
  ('3104b000-0000-0000-0000-000000000001', 'S4', 2.8, 13)
ON CONFLICT DO NOTHING;

INSERT INTO career_riasec_scores (session_id, riasec_type, score, rank) VALUES
  ('3104b000-0000-0000-0000-000000000001', 'R', 2.23, 5),
  ('3104b000-0000-0000-0000-000000000001', 'I', 3.12, 2),
  ('3104b000-0000-0000-0000-000000000001', 'A', 3.5, 1),
  ('3104b000-0000-0000-0000-000000000001', 'S', 3.12, 3),
  ('3104b000-0000-0000-0000-000000000001', 'E', 2.0, 6),
  ('3104b000-0000-0000-0000-000000000001', 'C', 2.77, 4)
ON CONFLICT DO NOTHING;

UPDATE users SET ci_vector = '[3.8,3.5,3.2,3.0,2.8,2.5,2.2,2.0,1.8,3.5,3.2,3.0,2.8,2.5,2.2,2.0,3.5,3.2,3.0,2.8]'
WHERE id = '10000000-0000-0000-0000-00000000004b';

INSERT INTO career_interest_sessions (id, user_id)
VALUES ('3104c000-0000-0000-0000-000000000001', '10000000-0000-0000-0000-00000000004c')
ON CONFLICT DO NOTHING;

INSERT INTO career_interest_scores (session_id, basic_interest_id, score, rank) VALUES
  ('3104c000-0000-0000-0000-000000000001', 'A1', 2.5, 12),
  ('3104c000-0000-0000-0000-000000000001', 'A2', 2.2, 14),
  ('3104c000-0000-0000-0000-000000000001', 'A3', 2.0, 16),
  ('3104c000-0000-0000-0000-000000000001', 'C1', 4.0, 3),
  ('3104c000-0000-0000-0000-000000000001', 'C2', 3.8, 5),
  ('3104c000-0000-0000-0000-000000000001', 'C3', 3.5, 7),
  ('3104c000-0000-0000-0000-000000000001', 'E1', 2.8, 11),
  ('3104c000-0000-0000-0000-000000000001', 'E2', 2.5, 13),
  ('3104c000-0000-0000-0000-000000000001', 'E3', 2.2, 15),
  ('3104c000-0000-0000-0000-000000000001', 'I1', 4.5, 1),
  ('3104c000-0000-0000-0000-000000000001', 'I2', 4.2, 2),
  ('3104c000-0000-0000-0000-000000000001', 'I3', 4.0, 4),
  ('3104c000-0000-0000-0000-000000000001', 'I4', 3.8, 6),
  ('3104c000-0000-0000-0000-000000000001', 'R1', 3.5, 8),
  ('3104c000-0000-0000-0000-000000000001', 'R2', 3.2, 9),
  ('3104c000-0000-0000-0000-000000000001', 'R3', 3.0, 10),
  ('3104c000-0000-0000-0000-000000000001', 'S1', 2.0, 17),
  ('3104c000-0000-0000-0000-000000000001', 'S2', 1.8, 18),
  ('3104c000-0000-0000-0000-000000000001', 'S3', 1.5, 19),
  ('3104c000-0000-0000-0000-000000000001', 'S4', 1.2, 20)
ON CONFLICT DO NOTHING;

INSERT INTO career_riasec_scores (session_id, riasec_type, score, rank) VALUES
  ('3104c000-0000-0000-0000-000000000001', 'R', 3.23, 3),
  ('3104c000-0000-0000-0000-000000000001', 'I', 4.12, 1),
  ('3104c000-0000-0000-0000-000000000001', 'A', 2.23, 5),
  ('3104c000-0000-0000-0000-000000000001', 'S', 1.62, 6),
  ('3104c000-0000-0000-0000-000000000001', 'E', 2.5, 4),
  ('3104c000-0000-0000-0000-000000000001', 'C', 3.77, 2)
ON CONFLICT DO NOTHING;

UPDATE users SET ci_vector = '[2.5,2.2,2.0,4.0,3.8,3.5,2.8,2.5,2.2,4.5,4.2,4.0,3.8,3.5,3.2,3.0,2.0,1.8,1.5,1.2]'
WHERE id = '10000000-0000-0000-0000-00000000004c';

INSERT INTO career_interest_sessions (id, user_id)
VALUES ('3104d000-0000-0000-0000-000000000001', '10000000-0000-0000-0000-00000000004d')
ON CONFLICT DO NOTHING;

INSERT INTO career_interest_scores (session_id, basic_interest_id, score, rank) VALUES
  ('3104d000-0000-0000-0000-000000000001', 'A1', 4.2, 1),
  ('3104d000-0000-0000-0000-000000000001', 'A2', 4.0, 2),
  ('3104d000-0000-0000-0000-000000000001', 'A3', 3.8, 3),
  ('3104d000-0000-0000-0000-000000000001', 'C1', 2.5, 13),
  ('3104d000-0000-0000-0000-000000000001', 'C2', 2.2, 15),
  ('3104d000-0000-0000-0000-000000000001', 'C3', 2.0, 17),
  ('3104d000-0000-0000-0000-000000000001', 'E1', 3.2, 6),
  ('3104d000-0000-0000-0000-000000000001', 'E2', 3.0, 8),
  ('3104d000-0000-0000-0000-000000000001', 'E3', 2.8, 11),
  ('3104d000-0000-0000-0000-000000000001', 'I1', 3.0, 9),
  ('3104d000-0000-0000-0000-000000000001', 'I2', 2.8, 12),
  ('3104d000-0000-0000-0000-000000000001', 'I3', 2.5, 14),
  ('3104d000-0000-0000-0000-000000000001', 'I4', 2.2, 16),
  ('3104d000-0000-0000-0000-000000000001', 'R1', 2.0, 18),
  ('3104d000-0000-0000-0000-000000000001', 'R2', 1.8, 19),
  ('3104d000-0000-0000-0000-000000000001', 'R3', 1.5, 20),
  ('3104d000-0000-0000-0000-000000000001', 'S1', 3.8, 4),
  ('3104d000-0000-0000-0000-000000000001', 'S2', 3.5, 5),
  ('3104d000-0000-0000-0000-000000000001', 'S3', 3.2, 7),
  ('3104d000-0000-0000-0000-000000000001', 'S4', 3.0, 10)
ON CONFLICT DO NOTHING;

INSERT INTO career_riasec_scores (session_id, riasec_type, score, rank) VALUES
  ('3104d000-0000-0000-0000-000000000001', 'R', 1.77, 6),
  ('3104d000-0000-0000-0000-000000000001', 'I', 2.62, 4),
  ('3104d000-0000-0000-0000-000000000001', 'A', 4.0, 1),
  ('3104d000-0000-0000-0000-000000000001', 'S', 3.38, 2),
  ('3104d000-0000-0000-0000-000000000001', 'E', 3.0, 3),
  ('3104d000-0000-0000-0000-000000000001', 'C', 2.23, 5)
ON CONFLICT DO NOTHING;

UPDATE users SET ci_vector = '[4.2,4.0,3.8,2.5,2.2,2.0,3.2,3.0,2.8,3.0,2.8,2.5,2.2,2.0,1.8,1.5,3.8,3.5,3.2,3.0]'
WHERE id = '10000000-0000-0000-0000-00000000004d';

INSERT INTO career_interest_sessions (id, user_id)
VALUES ('3104e000-0000-0000-0000-000000000001', '10000000-0000-0000-0000-00000000004e')
ON CONFLICT DO NOTHING;

INSERT INTO career_interest_scores (session_id, basic_interest_id, score, rank) VALUES
  ('3104e000-0000-0000-0000-000000000001', 'A1', 3.0, 10),
  ('3104e000-0000-0000-0000-000000000001', 'A2', 2.8, 12),
  ('3104e000-0000-0000-0000-000000000001', 'A3', 2.5, 13),
  ('3104e000-0000-0000-0000-000000000001', 'C1', 3.5, 8),
  ('3104e000-0000-0000-0000-000000000001', 'C2', 3.2, 9),
  ('3104e000-0000-0000-0000-000000000001', 'C3', 3.0, 11),
  ('3104e000-0000-0000-0000-000000000001', 'E1', 2.5, 14),
  ('3104e000-0000-0000-0000-000000000001', 'E2', 2.2, 15),
  ('3104e000-0000-0000-0000-000000000001', 'E3', 2.0, 16),
  ('3104e000-0000-0000-0000-000000000001', 'I1', 4.8, 1),
  ('3104e000-0000-0000-0000-000000000001', 'I2', 4.5, 2),
  ('3104e000-0000-0000-0000-000000000001', 'I3', 4.2, 3),
  ('3104e000-0000-0000-0000-000000000001', 'I4', 4.0, 5),
  ('3104e000-0000-0000-0000-000000000001', 'R1', 4.2, 4),
  ('3104e000-0000-0000-0000-000000000001', 'R2', 4.0, 6),
  ('3104e000-0000-0000-0000-000000000001', 'R3', 3.8, 7),
  ('3104e000-0000-0000-0000-000000000001', 'S1', 1.5, 17),
  ('3104e000-0000-0000-0000-000000000001', 'S2', 1.2, 18),
  ('3104e000-0000-0000-0000-000000000001', 'S3', 1.0, 19),
  ('3104e000-0000-0000-0000-000000000001', 'S4', 0.8, 20)
ON CONFLICT DO NOTHING;

INSERT INTO career_riasec_scores (session_id, riasec_type, score, rank) VALUES
  ('3104e000-0000-0000-0000-000000000001', 'R', 4.0, 2),
  ('3104e000-0000-0000-0000-000000000001', 'I', 4.38, 1),
  ('3104e000-0000-0000-0000-000000000001', 'A', 2.77, 4),
  ('3104e000-0000-0000-0000-000000000001', 'S', 1.12, 6),
  ('3104e000-0000-0000-0000-000000000001', 'E', 2.23, 5),
  ('3104e000-0000-0000-0000-000000000001', 'C', 3.23, 3)
ON CONFLICT DO NOTHING;

UPDATE users SET ci_vector = '[3.0,2.8,2.5,3.5,3.2,3.0,2.5,2.2,2.0,4.8,4.5,4.2,4.0,4.2,4.0,3.8,1.5,1.2,1.0,0.8]'
WHERE id = '10000000-0000-0000-0000-00000000004e';


-- seed_users_4a.sql: 候補者ユーザー79〜89（11名）
-- Usage: psql -h localhost -U user -d inselfy -f /tmp/seed_users_4a.sql


-- ============================================================
-- 新規スキル
-- ============================================================
INSERT INTO skills (id, name) VALUES
  ('20000000-0000-0000-0000-000000000300', 'Vue.js'),
  ('20000000-0000-0000-0000-000000000301', 'Nuxt.js'),
  ('20000000-0000-0000-0000-000000000302', 'Ruby on Rails'),
  ('20000000-0000-0000-0000-000000000303', 'GCP'),
  ('20000000-0000-0000-0000-000000000304', 'Flutter'),
  ('20000000-0000-0000-0000-000000000305', 'Dart'),
  ('20000000-0000-0000-0000-000000000306', 'Unity'),
  ('20000000-0000-0000-0000-000000000307', 'C#'),
  ('20000000-0000-0000-0000-000000000308', 'Elasticsearch'),
  ('20000000-0000-0000-0000-000000000309', 'GraphQL'),
  ('20000000-0000-0000-0000-000000000310', 'Tableau'),
  ('20000000-0000-0000-0000-000000000311', '法務'),
  ('20000000-0000-0000-0000-000000000312', '契約審査'),
  ('20000000-0000-0000-0000-000000000313', 'Salesforce'),
  ('20000000-0000-0000-0000-000000000314', 'CRM'),
  ('20000000-0000-0000-0000-000000000315', 'After Effects'),
  ('20000000-0000-0000-0000-000000000316', '映像制作'),
  ('20000000-0000-0000-0000-000000000317', 'R'),
  ('20000000-0000-0000-0000-000000000318', '統計解析')
ON CONFLICT (name) DO NOTHING;

-- ============================================================
-- 候補者ユーザー 79〜89
-- ============================================================
INSERT INTO users (id, line_id, auth_type, username, display_name, email, name, is_public, profile_color, headline, location, about, industry, job_type, job_seeking_status)
VALUES
  ('10000000-0000-0000-0000-00000000004f', 'line_seed_079', 'line', 'ami_hasegawa', '長谷川亜美', 'hasegawa_a@example.com', '長谷川亜美', true, '#3D8B6E',
   'フロントエンドエンジニア', '名古屋市', 'Vue.js/Nuxt.jsを中心としたフロントエンド開発に従事。コンポーネント設計とパフォーマンス最適化に注力しています。', 'IT・通信', 'フルタイム', 'active'),
  ('10000000-0000-0000-0000-000000000050', 'line_seed_080', 'line', 'yusuke_honda', '本田裕介', 'honda_y@example.com', '本田裕介', true, '#6B8BD6',
   'バックエンドエンジニア', '東京都', 'Ruby on RailsとGoを用いたAPI開発が得意。決済システムや認証基盤の設計経験が豊富です。', 'IT・通信', 'フルタイム', 'open'),
  ('10000000-0000-0000-0000-000000000051', 'line_seed_081', 'line', 'misaki_inoue', '井上美咲', 'inoue_m@example.com', '井上美咲', true, '#D68B6B',
   'モバイルエンジニア', '大阪府', 'FlutterによるクロスプラットフォームアプリGCP開発が専門。UI実装からCI/CD構築まで一貫して対応します。', 'IT・通信', 'フルタイム', 'active'),
  ('10000000-0000-0000-0000-000000000052', 'line_seed_082', 'line', 'takeshi_nishimura', '西村武志', 'nishimura_t@example.com', '西村武志', true, '#9B6BD6',
   'ゲームエンジニア', '福岡県', 'Unityを用いたモバイルゲーム開発に6年従事。3Dグラフィックスとゲームロジックの最適化が得意。', 'ゲーム・エンタメ', 'フルタイム', 'open'),
  ('10000000-0000-0000-0000-000000000053', 'line_seed_083', 'line', 'kanako_murata', '村田佳奈子', 'murata_k@example.com', '村田佳奈子', true, '#D6C16B',
   'データアナリスト', '札幌市', 'SQLとTableauを活用したデータ分析が得意。経営指標のダッシュボード構築と意思決定支援に従事しています。', 'IT・通信', 'フルタイム', 'active'),
  ('10000000-0000-0000-0000-000000000054', 'line_seed_084', 'line', 'kouki_aoki', '青木光希', 'aoki_k@example.com', '青木光希', true, '#6BD6B8',
   '法務 / リーガルテック', '東京都', 'IT企業の法務担当として契約審査やコンプライアンス体制構築に従事。リーガルテックツールの導入推進も経験。', '法務・コンプライアンス', 'フルタイム', 'not_seeking'),
  ('10000000-0000-0000-0000-000000000055', 'line_seed_085', 'line', 'risa_yamashita', '山下理沙', 'yamashita_r@example.com', '山下理沙', true, '#3D8B6E',
   'セールスエンジニア / プリセールス', '東京都', 'SaaS企業のプリセールスとして技術提案からPoCまで一貫して対応。年間30件以上の大型案件を支援。', 'IT・通信', 'フルタイム', 'active'),
  ('10000000-0000-0000-0000-000000000056', 'line_seed_086', 'line', 'tomoya_fujimoto', '藤本智也', 'fujimoto_t@example.com', '藤本智也', true, '#6B8BD6',
   'SREエンジニア', '広島市', 'GCPを中心としたクラウドネイティブなインフラ運用が専門。Terraformによるインフラコード化とオブザーバビリティの向上に注力。', 'IT・通信', 'フルタイム', 'active'),
  ('10000000-0000-0000-0000-000000000057', 'line_seed_087', 'line', 'chihiro_nomura', '野村千尋', 'nomura_c@example.com', '野村千尋', true, '#D68B6B',
   'モーションデザイナー', '京都府', 'After EffectsとFigmaを活用したUIアニメーションと映像制作が得意。プロダクトの体験設計にモーションの力で貢献します。', 'デザイン・広告', 'フルタイム', 'open'),
  ('10000000-0000-0000-0000-000000000058', 'line_seed_088', 'line', 'shin_okamoto', '岡本慎', 'okamoto_s@example.com', '岡本慎', true, '#9B6BD6',
   'フルスタックエンジニア', '仙台市', 'TypeScriptとGoによるWebアプリケーション開発。GraphQLを活用したAPI設計とReactフロントエンドの構築が得意。', 'IT・通信', 'フルタイム', 'active'),
  ('10000000-0000-0000-0000-000000000059', 'line_seed_089', 'line', 'eri_kawaguchi', '川口絵理', 'kawaguchi_e@example.com', '川口絵理', true, '#D6C16B',
   'リサーチャー / 統計解析', '神戸市', 'RとPythonを用いた統計解析とリサーチデザインが専門。アンケート調査設計からレポーティングまで対応。', '調査・コンサルティング', 'フルタイム', 'open')
ON CONFLICT (line_id) DO NOTHING;

-- ============================================================
-- 職歴
-- ============================================================
DELETE FROM experiences WHERE user_id IN (
  '10000000-0000-0000-0000-00000000004f',
  '10000000-0000-0000-0000-000000000050',
  '10000000-0000-0000-0000-000000000051',
  '10000000-0000-0000-0000-000000000052',
  '10000000-0000-0000-0000-000000000053',
  '10000000-0000-0000-0000-000000000054',
  '10000000-0000-0000-0000-000000000055',
  '10000000-0000-0000-0000-000000000056',
  '10000000-0000-0000-0000-000000000057',
  '10000000-0000-0000-0000-000000000058',
  '10000000-0000-0000-0000-000000000059'
);
INSERT INTO experiences (id, user_id, company_name, title, start_year, start_month, end_year, end_month, is_current, description)
VALUES
  ('e004f000-0000-0000-0000-000000000001', '10000000-0000-0000-0000-00000000004f', '株式会社フロンティアUI', 'フロントエンドエンジニア', 2021, 4, NULL, NULL, true,
   'Vue.js/Nuxt.jsを用いたSPAの設計・開発を担当。デザインシステムの整備とアクセシビリティ改善を推進。'),
  ('e004f000-0000-0000-0000-000000000002', '10000000-0000-0000-0000-00000000004f', '株式会社ウェブソリューション', 'ジュニアエンジニア', 2018, 4, 2021, 3, false,
   'jQueryからVue.jsへのリプレイスプロジェクトに参画。レスポンシブ対応とパフォーマンスチューニングを担当。'),
  ('e0050000-0000-0000-0000-000000000001', '10000000-0000-0000-0000-000000000050', '株式会社ペイメントテック', 'シニアバックエンドエンジニア', 2022, 1, NULL, NULL, true,
   'GoとgRPCを用いた決済マイクロサービスの設計・運用を主導。日次1,000万トランザクションを安定処理する基盤を構築。'),
  ('e0050000-0000-0000-0000-000000000002', '10000000-0000-0000-0000-000000000050', '株式会社レールテック', 'バックエンドエンジニア', 2017, 4, 2021, 12, false,
   'Ruby on Railsを用いたECプラットフォームの開発・保守を担当。API設計とDB最適化に従事。'),
  ('e0051000-0000-0000-0000-000000000001', '10000000-0000-0000-0000-000000000051', '株式会社クロスモバイル', 'モバイルエンジニア', 2020, 7, NULL, NULL, true,
   'Flutterを用いたiOS/Android対応アプリの開発を担当。Firebase連携やプッシュ通知の実装にも対応。'),
  ('e0052000-0000-0000-0000-000000000001', '10000000-0000-0000-0000-000000000052', '株式会社ゲームクリエイト', 'ゲームエンジニア', 2019, 4, NULL, NULL, true,
   'UnityによるモバイルRPGのクライアント開発を担当。描画パイプラインの最適化とシェーダー開発に注力。'),
  ('e0052000-0000-0000-0000-000000000002', '10000000-0000-0000-0000-000000000052', '株式会社エンタテインメント', 'ジュニアエンジニア', 2017, 4, 2019, 3, false,
   'ブラウザゲームのフロントエンド開発を担当。JavaScriptとWebGLを用いた描画処理を実装。'),
  ('e0053000-0000-0000-0000-000000000001', '10000000-0000-0000-0000-000000000053', '株式会社インサイトデータ', 'データアナリスト', 2021, 10, NULL, NULL, true,
   '経営層向けのKPIダッシュボード構築と定例レポートの自動化を担当。SQLとTableauで分析基盤を整備。'),
  ('e0054000-0000-0000-0000-000000000001', '10000000-0000-0000-0000-000000000054', '株式会社リーガルテック', '法務マネージャー', 2020, 4, NULL, NULL, true,
   '契約審査のワークフロー整備とリーガルテックツールの社内導入を主導。月間200件以上の契約レビューを効率化。'),
  ('e0054000-0000-0000-0000-000000000002', '10000000-0000-0000-0000-000000000054', '山本法律事務所', 'アソシエイト弁護士', 2015, 4, 2020, 3, false,
   'IT・スタートアップ企業の法務支援を担当。資金調達関連の契約書作成とM&Aのデューデリジェンスに従事。'),
  ('e0055000-0000-0000-0000-000000000001', '10000000-0000-0000-0000-000000000055', '株式会社クラウドセールス', 'セールスエンジニア', 2021, 1, NULL, NULL, true,
   'エンタープライズ向けSaaS製品の技術提案を担当。PoC支援と導入設計でクロージング率を30%向上させた。'),
  ('e0055000-0000-0000-0000-000000000002', '10000000-0000-0000-0000-000000000055', '株式会社ITソリューション', 'システムエンジニア', 2017, 4, 2020, 12, false,
   '金融機関向けのシステム開発プロジェクトに参画。要件定義からテストまで一貫して対応。'),
  ('e0056000-0000-0000-0000-000000000001', '10000000-0000-0000-0000-000000000056', '株式会社クラウドプラットフォーム', 'SRE', 2020, 10, NULL, NULL, true,
   'GKE上のマイクロサービス群の監視・運用を担当。SLO設計とインシデント対応フローの整備を主導。'),
  ('e0057000-0000-0000-0000-000000000001', '10000000-0000-0000-0000-000000000057', '株式会社モーションラボ', 'モーションデザイナー', 2019, 7, NULL, NULL, true,
   'SaaSプロダクトのUIアニメーションとプロモーション映像の制作を担当。Lottieアニメーションの実装にも対応。'),
  ('e0058000-0000-0000-0000-000000000001', '10000000-0000-0000-0000-000000000058', '株式会社テックスタート', 'フルスタックエンジニア', 2020, 4, NULL, NULL, true,
   'TypeScript/React + Go/GraphQLでのWebアプリ開発を主導。認証基盤とリアルタイム通知機能を設計・実装。'),
  ('e0058000-0000-0000-0000-000000000002', '10000000-0000-0000-0000-000000000058', 'フリーランス', 'Webエンジニア', 2018, 4, 2020, 3, false,
   '中小企業向けのWebアプリケーション開発を受託。Next.jsとFirebaseを中心に構築。'),
  ('e0059000-0000-0000-0000-000000000001', '10000000-0000-0000-0000-000000000059', '株式会社リサーチインサイト', 'リサーチャー', 2021, 4, NULL, NULL, true,
   '消費者行動調査と従業員エンゲージメント調査の設計・分析を担当。RとPythonで統計モデリングを実施。'),
  ('e0059000-0000-0000-0000-000000000002', '10000000-0000-0000-0000-000000000059', '株式会社マーケティングリサーチ', 'アナリスト', 2018, 4, 2021, 3, false,
   '定量調査の企画設計とクロス集計分析を担当。年間50本以上の調査レポートを作成。')
;

-- ============================================================
-- 学歴
-- ============================================================
DELETE FROM educations WHERE user_id IN (
  '10000000-0000-0000-0000-00000000004f',
  '10000000-0000-0000-0000-000000000050',
  '10000000-0000-0000-0000-000000000051',
  '10000000-0000-0000-0000-000000000052',
  '10000000-0000-0000-0000-000000000053',
  '10000000-0000-0000-0000-000000000054',
  '10000000-0000-0000-0000-000000000055',
  '10000000-0000-0000-0000-000000000056',
  '10000000-0000-0000-0000-000000000057',
  '10000000-0000-0000-0000-000000000058',
  '10000000-0000-0000-0000-000000000059'
);
INSERT INTO educations (id, user_id, school, degree, start_year, end_year)
VALUES
  ('f004f000-0000-0000-0000-000000000001', '10000000-0000-0000-0000-00000000004f', '名古屋工業大学', '情報工学科', 2014, 2018),
  ('f0050000-0000-0000-0000-000000000001', '10000000-0000-0000-0000-000000000050', '東京理科大学', '情報科学科', 2013, 2017),
  ('f0051000-0000-0000-0000-000000000001', '10000000-0000-0000-0000-000000000051', '関西大学', '総合情報学部', 2016, 2020),
  ('f0052000-0000-0000-0000-000000000001', '10000000-0000-0000-0000-000000000052', '九州工業大学', '情報工学部', 2013, 2017),
  ('f0053000-0000-0000-0000-000000000001', '10000000-0000-0000-0000-000000000053', '北海道大学', '経済学部', 2017, 2021),
  ('f0054000-0000-0000-0000-000000000001', '10000000-0000-0000-0000-000000000054', '中央大学', '法学部', 2011, 2015),
  ('f0055000-0000-0000-0000-000000000001', '10000000-0000-0000-0000-000000000055', '早稲田大学', '商学部', 2013, 2017),
  ('f0056000-0000-0000-0000-000000000001', '10000000-0000-0000-0000-000000000056', '広島大学', '工学部第二類', 2016, 2020),
  ('f0057000-0000-0000-0000-000000000001', '10000000-0000-0000-0000-000000000057', '京都精華大学', 'デザイン学部映像コース', 2015, 2019),
  ('f0058000-0000-0000-0000-000000000001', '10000000-0000-0000-0000-000000000058', '東北大学', '工学部情報知能システム総合学科', 2014, 2018),
  ('f0059000-0000-0000-0000-000000000001', '10000000-0000-0000-0000-000000000059', '神戸大学', '国際人間科学部', 2014, 2018)
;

-- ============================================================
-- ユーザースキル
-- ============================================================

-- ============================================================
-- Work Values 診断データ
-- ============================================================

-- 79: 長谷川亜美 (フロントエンド: creativity, co_workers, autonomy重視)
INSERT INTO work_values_sessions (id, user_id, circular_triads, consistency_coefficient, consistency_level, purpose)
VALUES ('3004f000-0000-0000-0000-000000000001', '10000000-0000-0000-0000-00000000004f', 31, 0.919, 'high', 'general')
ON CONFLICT DO NOTHING;

INSERT INTO work_needs_scores (session_id, need_id, mu, se, display_score, rank) VALUES
  ('3004f000-0000-0000-0000-000000000001',  1,   1.2, 0.32,  76.9,  4),  -- ability_utilization
  ('3004f000-0000-0000-0000-000000000001',  2,   0.8, 0.30,  69.0,  7),  -- achievement
  ('3004f000-0000-0000-0000-000000000001',  3,  -0.6, 0.30,  35.4, 15),  -- activity
  ('3004f000-0000-0000-0000-000000000001',  4,   0.2, 0.29,  55.0, 10),  -- advancement
  ('3004f000-0000-0000-0000-000000000001',  5,  -1.5, 0.33,  18.2, 20),  -- authority
  ('3004f000-0000-0000-0000-000000000001',  6,   1.8, 0.33,  85.8,  2),  -- autonomy
  ('3004f000-0000-0000-0000-000000000001',  7,   0.0, 0.28,  50.0, 11),  -- company_policies
  ('3004f000-0000-0000-0000-000000000001',  8,  -0.1, 0.28,  47.5, 12),  -- compensation
  ('3004f000-0000-0000-0000-000000000001',  9,   1.5, 0.33,  81.8,  3),  -- co_workers
  ('3004f000-0000-0000-0000-000000000001', 10,   2.0, 0.34,  88.1,  1),  -- creativity
  ('3004f000-0000-0000-0000-000000000001', 11,   0.3, 0.29,  57.4,  9),  -- independence
  ('3004f000-0000-0000-0000-000000000001', 12,   0.5, 0.30,  62.2,  8),  -- moral_values
  ('3004f000-0000-0000-0000-000000000001', 13,  -0.3, 0.29,  42.6, 13),  -- recognition
  ('3004f000-0000-0000-0000-000000000001', 14,   1.0, 0.31,  73.1,  5),  -- responsibility
  ('3004f000-0000-0000-0000-000000000001', 15,  -0.5, 0.30,  37.8, 14),  -- security
  ('3004f000-0000-0000-0000-000000000001', 16,   0.8, 0.30,  69.0,  6),  -- social_service
  ('3004f000-0000-0000-0000-000000000001', 17,  -1.8, 0.34,  14.2, 21),  -- social_status
  ('3004f000-0000-0000-0000-000000000001', 18,  -0.7, 0.30,  33.2, 16),  -- supervision_hr
  ('3004f000-0000-0000-0000-000000000001', 19,  -0.9, 0.31,  28.9, 17),  -- supervision_technical
  ('3004f000-0000-0000-0000-000000000001', 20,  -1.0, 0.31,  26.9, 18),  -- variety
  ('3004f000-0000-0000-0000-000000000001', 21,  -1.2, 0.32,  23.1, 19)   -- working_conditions
ON CONFLICT DO NOTHING;

INSERT INTO work_values_scores (session_id, value_id, mu, display_score, rank) VALUES
  ('3004f000-0000-0000-0000-000000000001', 'autonomy', 1.6, 83.2, 1),
  ('3004f000-0000-0000-0000-000000000001', 'achievement', 1.0, 73.1, 2),
  ('3004f000-0000-0000-0000-000000000001', 'altruism', 0.93, 71.8, 3),
  ('3004f000-0000-0000-0000-000000000001', 'comfort', -0.52, 37.4, 4),
  ('3004f000-0000-0000-0000-000000000001', 'safety', -0.53, 37.0, 5),
  ('3004f000-0000-0000-0000-000000000001', 'status', -0.85, 29.9, 6)
ON CONFLICT DO NOTHING;

UPDATE users SET wv_vector = '[1.2,0.8,-0.6,0.2,-1.5,1.8,0.0,-0.1,1.5,2.0,0.3,0.5,-0.3,1.0,-0.5,0.8,-1.8,-0.7,-0.9,-1.0,-1.2]'
WHERE id = '10000000-0000-0000-0000-00000000004f';

-- 80: 本田裕介 (バックエンド: ability_utilization, responsibility, achievement重視)
INSERT INTO work_values_sessions (id, user_id, circular_triads, consistency_coefficient, consistency_level, purpose)
VALUES ('30050000-0000-0000-0000-000000000001', '10000000-0000-0000-0000-000000000050', 29, 0.925, 'high', 'general')
ON CONFLICT DO NOTHING;

INSERT INTO work_needs_scores (session_id, need_id, mu, se, display_score, rank) VALUES
  ('30050000-0000-0000-0000-000000000001',  1,   2.0, 0.34,  88.1,  1),  -- ability_utilization
  ('30050000-0000-0000-0000-000000000001',  2,   1.5, 0.33,  81.8,  3),  -- achievement
  ('30050000-0000-0000-0000-000000000001',  3,  -0.2, 0.29,  45.0, 12),  -- activity
  ('30050000-0000-0000-0000-000000000001',  4,   0.6, 0.30,  64.6,  7),  -- advancement
  ('30050000-0000-0000-0000-000000000001',  5,  -0.8, 0.30,  31.0, 17),  -- authority
  ('30050000-0000-0000-0000-000000000001',  6,   1.2, 0.32,  76.9,  4),  -- autonomy
  ('30050000-0000-0000-0000-000000000001',  7,   0.0, 0.28,  50.0, 11),  -- company_policies
  ('30050000-0000-0000-0000-000000000001',  8,   0.5, 0.30,  62.2,  8),  -- compensation
  ('30050000-0000-0000-0000-000000000001',  9,   0.3, 0.29,  57.4,  9),  -- co_workers
  ('30050000-0000-0000-0000-000000000001', 10,   1.0, 0.31,  73.1,  5),  -- creativity
  ('30050000-0000-0000-0000-000000000001', 11,   0.8, 0.30,  69.0,  6),  -- independence
  ('30050000-0000-0000-0000-000000000001', 12,   0.1, 0.28,  52.5, 10),  -- moral_values
  ('30050000-0000-0000-0000-000000000001', 13,  -0.4, 0.29,  40.1, 14),  -- recognition
  ('30050000-0000-0000-0000-000000000001', 14,   1.8, 0.33,  85.8,  2),  -- responsibility
  ('30050000-0000-0000-0000-000000000001', 15,  -0.3, 0.29,  42.6, 13),  -- security
  ('30050000-0000-0000-0000-000000000001', 16,  -0.1, 0.28,  47.5, 12),  -- social_service
  ('30050000-0000-0000-0000-000000000001', 17,  -1.2, 0.32,  23.1, 19),  -- social_status
  ('30050000-0000-0000-0000-000000000001', 18,  -0.6, 0.30,  35.4, 15),  -- supervision_hr
  ('30050000-0000-0000-0000-000000000001', 19,  -0.7, 0.30,  33.2, 16),  -- supervision_technical
  ('30050000-0000-0000-0000-000000000001', 20,  -1.0, 0.31,  26.9, 18),  -- variety
  ('30050000-0000-0000-0000-000000000001', 21,  -1.5, 0.33,  18.2, 20)   -- working_conditions
ON CONFLICT DO NOTHING;

INSERT INTO work_values_scores (session_id, value_id, mu, display_score, rank) VALUES
  ('30050000-0000-0000-0000-000000000001', 'achievement', 1.75, 85.2, 1),
  ('30050000-0000-0000-0000-000000000001', 'autonomy', 1.33, 79.1, 2),
  ('30050000-0000-0000-0000-000000000001', 'altruism', 0.1, 52.5, 3),
  ('30050000-0000-0000-0000-000000000001', 'comfort', -0.28, 43.0, 4),
  ('30050000-0000-0000-0000-000000000001', 'safety', -0.43, 39.3, 5),
  ('30050000-0000-0000-0000-000000000001', 'status', -0.45, 38.9, 6)
ON CONFLICT DO NOTHING;

UPDATE users SET wv_vector = '[2.0,1.5,-0.2,0.6,-0.8,1.2,0.0,0.5,0.3,1.0,0.8,0.1,-0.4,1.8,-0.3,-0.1,-1.2,-0.6,-0.7,-1.0,-1.5]'
WHERE id = '10000000-0000-0000-0000-000000000050';

-- 81: 井上美咲 (モバイル: creativity, autonomy, ability_utilization重視)
INSERT INTO work_values_sessions (id, user_id, circular_triads, consistency_coefficient, consistency_level, purpose)
VALUES ('30051000-0000-0000-0000-000000000001', '10000000-0000-0000-0000-000000000051', 34, 0.912, 'high', 'general')
ON CONFLICT DO NOTHING;

INSERT INTO work_needs_scores (session_id, need_id, mu, se, display_score, rank) VALUES
  ('30051000-0000-0000-0000-000000000001',  1,   1.8, 0.33,  85.8,  2),  -- ability_utilization
  ('30051000-0000-0000-0000-000000000001',  2,   1.2, 0.32,  76.9,  4),  -- achievement
  ('30051000-0000-0000-0000-000000000001',  3,  -0.4, 0.29,  40.1, 13),  -- activity
  ('30051000-0000-0000-0000-000000000001',  4,   0.5, 0.30,  62.2,  8),  -- advancement
  ('30051000-0000-0000-0000-000000000001',  5,  -1.0, 0.31,  26.9, 18),  -- authority
  ('30051000-0000-0000-0000-000000000001',  6,   2.0, 0.34,  88.1,  1),  -- autonomy
  ('30051000-0000-0000-0000-000000000001',  7,  -0.2, 0.29,  45.0, 12),  -- company_policies
  ('30051000-0000-0000-0000-000000000001',  8,   0.2, 0.29,  55.0, 10),  -- compensation
  ('30051000-0000-0000-0000-000000000001',  9,   0.8, 0.30,  69.0,  6),  -- co_workers
  ('30051000-0000-0000-0000-000000000001', 10,   1.5, 0.33,  81.8,  3),  -- creativity
  ('30051000-0000-0000-0000-000000000001', 11,   0.6, 0.30,  64.6,  7),  -- independence
  ('30051000-0000-0000-0000-000000000001', 12,   0.0, 0.28,  50.0, 11),  -- moral_values
  ('30051000-0000-0000-0000-000000000001', 13,  -0.5, 0.30,  37.8, 14),  -- recognition
  ('30051000-0000-0000-0000-000000000001', 14,   1.0, 0.31,  73.1,  5),  -- responsibility
  ('30051000-0000-0000-0000-000000000001', 15,  -0.6, 0.30,  35.4, 15),  -- security
  ('30051000-0000-0000-0000-000000000001', 16,   0.3, 0.29,  57.4,  9),  -- social_service
  ('30051000-0000-0000-0000-000000000001', 17,  -1.5, 0.33,  18.2, 20),  -- social_status
  ('30051000-0000-0000-0000-000000000001', 18,  -0.7, 0.30,  33.2, 16),  -- supervision_hr
  ('30051000-0000-0000-0000-000000000001', 19,  -0.8, 0.30,  31.0, 17),  -- supervision_technical
  ('30051000-0000-0000-0000-000000000001', 20,  -1.2, 0.32,  23.1, 19),  -- variety
  ('30051000-0000-0000-0000-000000000001', 21,  -1.7, 0.33,  15.4, 21)   -- working_conditions
ON CONFLICT DO NOTHING;

INSERT INTO work_values_scores (session_id, value_id, mu, display_score, rank) VALUES
  ('30051000-0000-0000-0000-000000000001', 'achievement', 1.5, 81.8, 1),
  ('30051000-0000-0000-0000-000000000001', 'autonomy', 1.5, 81.8, 2),
  ('30051000-0000-0000-0000-000000000001', 'altruism', 0.37, 59.1, 3),
  ('30051000-0000-0000-0000-000000000001', 'comfort', -0.52, 37.4, 4),
  ('30051000-0000-0000-0000-000000000001', 'safety', -0.57, 36.2, 5),
  ('30051000-0000-0000-0000-000000000001', 'status', -0.62, 34.9, 6)
ON CONFLICT DO NOTHING;

UPDATE users SET wv_vector = '[1.8,1.2,-0.4,0.5,-1.0,2.0,-0.2,0.2,0.8,1.5,0.6,0.0,-0.5,1.0,-0.6,0.3,-1.5,-0.7,-0.8,-1.2,-1.7]'
WHERE id = '10000000-0000-0000-0000-000000000051';

-- 82: 西村武志 (ゲーム: creativity, achievement, variety重視)
INSERT INTO work_values_sessions (id, user_id, circular_triads, consistency_coefficient, consistency_level, purpose)
VALUES ('30052000-0000-0000-0000-000000000001', '10000000-0000-0000-0000-000000000052', 36, 0.906, 'high', 'general')
ON CONFLICT DO NOTHING;

INSERT INTO work_needs_scores (session_id, need_id, mu, se, display_score, rank) VALUES
  ('30052000-0000-0000-0000-000000000001',  1,   1.5, 0.33,  81.8,  3),  -- ability_utilization
  ('30052000-0000-0000-0000-000000000001',  2,   2.0, 0.34,  88.1,  1),  -- achievement
  ('30052000-0000-0000-0000-000000000001',  3,   0.3, 0.29,  57.4, 10),  -- activity
  ('30052000-0000-0000-0000-000000000001',  4,   0.4, 0.29,  59.9,  9),  -- advancement
  ('30052000-0000-0000-0000-000000000001',  5,  -0.6, 0.30,  35.4, 16),  -- authority
  ('30052000-0000-0000-0000-000000000001',  6,   1.0, 0.31,  73.1,  5),  -- autonomy
  ('30052000-0000-0000-0000-000000000001',  7,  -0.4, 0.29,  40.1, 14),  -- company_policies
  ('30052000-0000-0000-0000-000000000001',  8,   0.5, 0.30,  62.2,  8),  -- compensation
  ('30052000-0000-0000-0000-000000000001',  9,   0.8, 0.30,  69.0,  6),  -- co_workers
  ('30052000-0000-0000-0000-000000000001', 10,   1.8, 0.33,  85.8,  2),  -- creativity
  ('30052000-0000-0000-0000-000000000001', 11,   0.0, 0.28,  50.0, 12),  -- independence
  ('30052000-0000-0000-0000-000000000001', 12,  -0.1, 0.28,  47.5, 13),  -- moral_values
  ('30052000-0000-0000-0000-000000000001', 13,   0.6, 0.30,  64.6,  7),  -- recognition
  ('30052000-0000-0000-0000-000000000001', 14,   0.2, 0.29,  55.0, 11),  -- responsibility
  ('30052000-0000-0000-0000-000000000001', 15,  -0.8, 0.30,  31.0, 17),  -- security
  ('30052000-0000-0000-0000-000000000001', 16,  -0.2, 0.29,  45.0, 15),  -- social_service
  ('30052000-0000-0000-0000-000000000001', 17,  -1.3, 0.32,  21.4, 19),  -- social_status
  ('30052000-0000-0000-0000-000000000001', 18,  -0.9, 0.31,  28.9, 18),  -- supervision_hr
  ('30052000-0000-0000-0000-000000000001', 19,  -1.5, 0.33,  18.2, 20),  -- supervision_technical
  ('30052000-0000-0000-0000-000000000001', 20,   1.2, 0.32,  76.9,  4),  -- variety
  ('30052000-0000-0000-0000-000000000001', 21,  -1.8, 0.34,  14.2, 21)   -- working_conditions
ON CONFLICT DO NOTHING;

INSERT INTO work_values_scores (session_id, value_id, mu, display_score, rank) VALUES
  ('30052000-0000-0000-0000-000000000001', 'achievement', 1.75, 85.2, 1),
  ('30052000-0000-0000-0000-000000000001', 'autonomy', 1.0, 73.1, 2),
  ('30052000-0000-0000-0000-000000000001', 'altruism', 0.17, 54.2, 3),
  ('30052000-0000-0000-0000-000000000001', 'comfort', -0.1, 47.5, 4),
  ('30052000-0000-0000-0000-000000000001', 'status', -0.23, 44.4, 5),
  ('30052000-0000-0000-0000-000000000001', 'safety', -0.93, 28.2, 6)
ON CONFLICT DO NOTHING;

UPDATE users SET wv_vector = '[1.5,2.0,0.3,0.4,-0.6,1.0,-0.4,0.5,0.8,1.8,0.0,-0.1,0.6,0.2,-0.8,-0.2,-1.3,-0.9,-1.5,1.2,-1.8]'
WHERE id = '10000000-0000-0000-0000-000000000052';

-- 83: 村田佳奈子 (データアナリスト: achievement, ability_utilization, social_service重視)
INSERT INTO work_values_sessions (id, user_id, circular_triads, consistency_coefficient, consistency_level, purpose)
VALUES ('30053000-0000-0000-0000-000000000001', '10000000-0000-0000-0000-000000000053', 30, 0.922, 'high', 'general')
ON CONFLICT DO NOTHING;

INSERT INTO work_needs_scores (session_id, need_id, mu, se, display_score, rank) VALUES
  ('30053000-0000-0000-0000-000000000001',  1,   1.8, 0.33,  85.8,  2),  -- ability_utilization
  ('30053000-0000-0000-0000-000000000001',  2,   2.0, 0.34,  88.1,  1),  -- achievement
  ('30053000-0000-0000-0000-000000000001',  3,  -0.3, 0.29,  42.6, 13),  -- activity
  ('30053000-0000-0000-0000-000000000001',  4,   0.4, 0.29,  59.9,  9),  -- advancement
  ('30053000-0000-0000-0000-000000000001',  5,  -1.2, 0.32,  23.1, 19),  -- authority
  ('30053000-0000-0000-0000-000000000001',  6,   1.0, 0.31,  73.1,  5),  -- autonomy
  ('30053000-0000-0000-0000-000000000001',  7,   0.2, 0.29,  55.0, 10),  -- company_policies
  ('30053000-0000-0000-0000-000000000001',  8,   0.0, 0.28,  50.0, 11),  -- compensation
  ('30053000-0000-0000-0000-000000000001',  9,   0.8, 0.30,  69.0,  6),  -- co_workers
  ('30053000-0000-0000-0000-000000000001', 10,   0.6, 0.30,  64.6,  7),  -- creativity
  ('30053000-0000-0000-0000-000000000001', 11,   0.5, 0.30,  62.2,  8),  -- independence
  ('30053000-0000-0000-0000-000000000001', 12,   0.3, 0.29,  57.4, 10),  -- moral_values
  ('30053000-0000-0000-0000-000000000001', 13,  -0.5, 0.30,  37.8, 15),  -- recognition
  ('30053000-0000-0000-0000-000000000001', 14,   1.2, 0.32,  76.9,  4),  -- responsibility
  ('30053000-0000-0000-0000-000000000001', 15,  -0.1, 0.28,  47.5, 12),  -- security
  ('30053000-0000-0000-0000-000000000001', 16,   1.5, 0.33,  81.8,  3),  -- social_service
  ('30053000-0000-0000-0000-000000000001', 17,  -1.0, 0.31,  26.9, 18),  -- social_status
  ('30053000-0000-0000-0000-000000000001', 18,  -0.4, 0.29,  40.1, 14),  -- supervision_hr
  ('30053000-0000-0000-0000-000000000001', 19,  -0.7, 0.30,  33.2, 16),  -- supervision_technical
  ('30053000-0000-0000-0000-000000000001', 20,  -0.8, 0.30,  31.0, 17),  -- variety
  ('30053000-0000-0000-0000-000000000001', 21,  -1.5, 0.33,  18.2, 20)   -- working_conditions
ON CONFLICT DO NOTHING;

INSERT INTO work_values_scores (session_id, value_id, mu, display_score, rank) VALUES
  ('30053000-0000-0000-0000-000000000001', 'achievement', 1.9, 87.0, 1),
  ('30053000-0000-0000-0000-000000000001', 'autonomy', 0.93, 71.8, 2),
  ('30053000-0000-0000-0000-000000000001', 'altruism', 0.87, 70.4, 3),
  ('30053000-0000-0000-0000-000000000001', 'safety', -0.3, 42.6, 4),
  ('30053000-0000-0000-0000-000000000001', 'comfort', -0.37, 40.9, 5),
  ('30053000-0000-0000-0000-000000000001', 'status', -0.57, 36.0, 6)
ON CONFLICT DO NOTHING;

UPDATE users SET wv_vector = '[1.8,2.0,-0.3,0.4,-1.2,1.0,0.2,0.0,0.8,0.6,0.5,0.3,-0.5,1.2,-0.1,1.5,-1.0,-0.4,-0.7,-0.8,-1.5]'
WHERE id = '10000000-0000-0000-0000-000000000053';

-- 84: 青木光希 (法務: moral_values, security, company_policies重視)
INSERT INTO work_values_sessions (id, user_id, circular_triads, consistency_coefficient, consistency_level, purpose)
VALUES ('30054000-0000-0000-0000-000000000001', '10000000-0000-0000-0000-000000000054', 33, 0.914, 'high', 'general')
ON CONFLICT DO NOTHING;

INSERT INTO work_needs_scores (session_id, need_id, mu, se, display_score, rank) VALUES
  ('30054000-0000-0000-0000-000000000001',  1,   0.5, 0.30,  62.2,  8),  -- ability_utilization
  ('30054000-0000-0000-0000-000000000001',  2,   0.8, 0.30,  69.0,  6),  -- achievement
  ('30054000-0000-0000-0000-000000000001',  3,  -0.1, 0.28,  47.5, 11),  -- activity
  ('30054000-0000-0000-0000-000000000001',  4,   0.2, 0.29,  55.0, 10),  -- advancement
  ('30054000-0000-0000-0000-000000000001',  5,  -0.5, 0.30,  37.8, 15),  -- authority
  ('30054000-0000-0000-0000-000000000001',  6,   0.6, 0.30,  64.6,  7),  -- autonomy
  ('30054000-0000-0000-0000-000000000001',  7,   1.8, 0.33,  85.8,  2),  -- company_policies
  ('30054000-0000-0000-0000-000000000001',  8,   1.0, 0.31,  73.1,  5),  -- compensation
  ('30054000-0000-0000-0000-000000000001',  9,   0.3, 0.29,  57.4,  9),  -- co_workers
  ('30054000-0000-0000-0000-000000000001', 10,  -0.3, 0.29,  42.6, 13),  -- creativity
  ('30054000-0000-0000-0000-000000000001', 11,  -0.2, 0.29,  45.0, 12),  -- independence
  ('30054000-0000-0000-0000-000000000001', 12,   2.0, 0.34,  88.1,  1),  -- moral_values
  ('30054000-0000-0000-0000-000000000001', 13,  -0.4, 0.29,  40.1, 14),  -- recognition
  ('30054000-0000-0000-0000-000000000001', 14,   1.2, 0.32,  76.9,  4),  -- responsibility
  ('30054000-0000-0000-0000-000000000001', 15,   1.5, 0.33,  81.8,  3),  -- security
  ('30054000-0000-0000-0000-000000000001', 16,   0.0, 0.28,  50.0, 11),  -- social_service
  ('30054000-0000-0000-0000-000000000001', 17,  -1.0, 0.31,  26.9, 18),  -- social_status
  ('30054000-0000-0000-0000-000000000001', 18,  -0.6, 0.30,  35.4, 16),  -- supervision_hr
  ('30054000-0000-0000-0000-000000000001', 19,  -0.8, 0.30,  31.0, 17),  -- supervision_technical
  ('30054000-0000-0000-0000-000000000001', 20,  -1.2, 0.32,  23.1, 19),  -- variety
  ('30054000-0000-0000-0000-000000000001', 21,  -1.8, 0.34,  14.2, 20)   -- working_conditions
ON CONFLICT DO NOTHING;

INSERT INTO work_values_scores (session_id, value_id, mu, display_score, rank) VALUES
  ('30054000-0000-0000-0000-000000000001', 'altruism', 0.77, 68.3, 1),
  ('30054000-0000-0000-0000-000000000001', 'achievement', 0.65, 65.7, 2),
  ('30054000-0000-0000-0000-000000000001', 'autonomy', 0.5, 62.2, 3),
  ('30054000-0000-0000-0000-000000000001', 'safety', 0.13, 53.3, 4),
  ('30054000-0000-0000-0000-000000000001', 'comfort', -0.13, 46.7, 5),
  ('30054000-0000-0000-0000-000000000001', 'status', -0.42, 39.5, 6)
ON CONFLICT DO NOTHING;

UPDATE users SET wv_vector = '[0.5,0.8,-0.1,0.2,-0.5,0.6,1.8,1.0,0.3,-0.3,-0.2,2.0,-0.4,1.2,1.5,0.0,-1.0,-0.6,-0.8,-1.2,-1.8]'
WHERE id = '10000000-0000-0000-0000-000000000054';

-- 85: 山下理沙 (セールスエンジニア: achievement, advancement, recognition重視)
INSERT INTO work_values_sessions (id, user_id, circular_triads, consistency_coefficient, consistency_level, purpose)
VALUES ('30055000-0000-0000-0000-000000000001', '10000000-0000-0000-0000-000000000055', 37, 0.904, 'high', 'general')
ON CONFLICT DO NOTHING;

INSERT INTO work_needs_scores (session_id, need_id, mu, se, display_score, rank) VALUES
  ('30055000-0000-0000-0000-000000000001',  1,   1.0, 0.31,  73.1,  5),  -- ability_utilization
  ('30055000-0000-0000-0000-000000000001',  2,   2.0, 0.34,  88.1,  1),  -- achievement
  ('30055000-0000-0000-0000-000000000001',  3,   0.5, 0.30,  62.2,  8),  -- activity
  ('30055000-0000-0000-0000-000000000001',  4,   1.8, 0.33,  85.8,  2),  -- advancement
  ('30055000-0000-0000-0000-000000000001',  5,   0.3, 0.29,  57.4, 10),  -- authority
  ('30055000-0000-0000-0000-000000000001',  6,   0.2, 0.29,  55.0, 11),  -- autonomy
  ('30055000-0000-0000-0000-000000000001',  7,   0.0, 0.28,  50.0, 12),  -- company_policies
  ('30055000-0000-0000-0000-000000000001',  8,   1.2, 0.32,  76.9,  4),  -- compensation
  ('30055000-0000-0000-0000-000000000001',  9,   0.8, 0.30,  69.0,  6),  -- co_workers
  ('30055000-0000-0000-0000-000000000001', 10,  -0.2, 0.29,  45.0, 13),  -- creativity
  ('30055000-0000-0000-0000-000000000001', 11,  -0.4, 0.29,  40.1, 14),  -- independence
  ('30055000-0000-0000-0000-000000000001', 12,   0.0, 0.28,  50.0, 12),  -- moral_values
  ('30055000-0000-0000-0000-000000000001', 13,   1.5, 0.33,  81.8,  3),  -- recognition
  ('30055000-0000-0000-0000-000000000001', 14,   0.6, 0.30,  64.6,  7),  -- responsibility
  ('30055000-0000-0000-0000-000000000001', 15,  -0.5, 0.30,  37.8, 15),  -- security
  ('30055000-0000-0000-0000-000000000001', 16,   0.4, 0.29,  59.9,  9),  -- social_service
  ('30055000-0000-0000-0000-000000000001', 17,  -0.8, 0.30,  31.0, 17),  -- social_status
  ('30055000-0000-0000-0000-000000000001', 18,  -0.6, 0.30,  35.4, 16),  -- supervision_hr
  ('30055000-0000-0000-0000-000000000001', 19,  -1.0, 0.31,  26.9, 18),  -- supervision_technical
  ('30055000-0000-0000-0000-000000000001', 20,  -1.2, 0.32,  23.1, 19),  -- variety
  ('30055000-0000-0000-0000-000000000001', 21,  -1.5, 0.33,  18.2, 20)   -- working_conditions
ON CONFLICT DO NOTHING;

INSERT INTO work_values_scores (session_id, value_id, mu, display_score, rank) VALUES
  ('30055000-0000-0000-0000-000000000001', 'achievement', 1.5, 81.8, 1),
  ('30055000-0000-0000-0000-000000000001', 'status', 0.7, 66.8, 2),
  ('30055000-0000-0000-0000-000000000001', 'altruism', 0.4, 59.9, 3),
  ('30055000-0000-0000-0000-000000000001', 'autonomy', 0.2, 55.0, 4),
  ('30055000-0000-0000-0000-000000000001', 'comfort', -0.32, 42.1, 5),
  ('30055000-0000-0000-0000-000000000001', 'safety', -0.53, 37.0, 6)
ON CONFLICT DO NOTHING;

UPDATE users SET wv_vector = '[1.0,2.0,0.5,1.8,0.3,0.2,0.0,1.2,0.8,-0.2,-0.4,0.0,1.5,0.6,-0.5,0.4,-0.8,-0.6,-1.0,-1.2,-1.5]'
WHERE id = '10000000-0000-0000-0000-000000000055';

-- 86: 藤本智也 (SRE: autonomy, independence, ability_utilization重視)
INSERT INTO work_values_sessions (id, user_id, circular_triads, consistency_coefficient, consistency_level, purpose)
VALUES ('30056000-0000-0000-0000-000000000001', '10000000-0000-0000-0000-000000000056', 28, 0.927, 'high', 'general')
ON CONFLICT DO NOTHING;

INSERT INTO work_needs_scores (session_id, need_id, mu, se, display_score, rank) VALUES
  ('30056000-0000-0000-0000-000000000001',  1,   1.8, 0.33,  85.8,  3),  -- ability_utilization
  ('30056000-0000-0000-0000-000000000001',  2,   1.2, 0.32,  76.9,  4),  -- achievement
  ('30056000-0000-0000-0000-000000000001',  3,  -0.5, 0.30,  37.8, 14),  -- activity
  ('30056000-0000-0000-0000-000000000001',  4,   0.3, 0.29,  57.4,  9),  -- advancement
  ('30056000-0000-0000-0000-000000000001',  5,  -0.8, 0.30,  31.0, 17),  -- authority
  ('30056000-0000-0000-0000-000000000001',  6,   2.2, 0.35,  90.0,  1),  -- autonomy
  ('30056000-0000-0000-0000-000000000001',  7,   0.0, 0.28,  50.0, 11),  -- company_policies
  ('30056000-0000-0000-0000-000000000001',  8,   0.5, 0.30,  62.2,  7),  -- compensation
  ('30056000-0000-0000-0000-000000000001',  9,   0.2, 0.29,  55.0, 10),  -- co_workers
  ('30056000-0000-0000-0000-000000000001', 10,   1.0, 0.31,  73.1,  5),  -- creativity
  ('30056000-0000-0000-0000-000000000001', 11,   2.0, 0.34,  88.1,  2),  -- independence
  ('30056000-0000-0000-0000-000000000001', 12,  -0.1, 0.28,  47.5, 12),  -- moral_values
  ('30056000-0000-0000-0000-000000000001', 13,  -0.3, 0.29,  42.6, 13),  -- recognition
  ('30056000-0000-0000-0000-000000000001', 14,   0.8, 0.30,  69.0,  6),  -- responsibility
  ('30056000-0000-0000-0000-000000000001', 15,   0.4, 0.29,  59.9,  8),  -- security
  ('30056000-0000-0000-0000-000000000001', 16,  -0.6, 0.30,  35.4, 15),  -- social_service
  ('30056000-0000-0000-0000-000000000001', 17,  -1.2, 0.32,  23.1, 19),  -- social_status
  ('30056000-0000-0000-0000-000000000001', 18,  -0.7, 0.30,  33.2, 16),  -- supervision_hr
  ('30056000-0000-0000-0000-000000000001', 19,  -1.0, 0.31,  26.9, 18),  -- supervision_technical
  ('30056000-0000-0000-0000-000000000001', 20,  -1.5, 0.33,  18.2, 20),  -- variety
  ('30056000-0000-0000-0000-000000000001', 21,  -2.0, 0.34,  11.9, 21)   -- working_conditions
ON CONFLICT DO NOTHING;

INSERT INTO work_values_scores (session_id, value_id, mu, display_score, rank) VALUES
  ('30056000-0000-0000-0000-000000000001', 'achievement', 1.5, 81.8, 1),
  ('30056000-0000-0000-0000-000000000001', 'autonomy', 1.33, 79.1, 2),
  ('30056000-0000-0000-0000-000000000001', 'altruism', -0.17, 45.8, 3),
  ('30056000-0000-0000-0000-000000000001', 'comfort', -0.18, 45.4, 4),
  ('30056000-0000-0000-0000-000000000001', 'status', -0.5, 37.8, 5),
  ('30056000-0000-0000-0000-000000000001', 'safety', -0.57, 36.2, 6)
ON CONFLICT DO NOTHING;

UPDATE users SET wv_vector = '[1.8,1.2,-0.5,0.3,-0.8,2.2,0.0,0.5,0.2,1.0,2.0,-0.1,-0.3,0.8,0.4,-0.6,-1.2,-0.7,-1.0,-1.5,-2.0]'
WHERE id = '10000000-0000-0000-0000-000000000056';

-- 87: 野村千尋 (モーションデザイナー: creativity, co_workers, social_service重視)
INSERT INTO work_values_sessions (id, user_id, circular_triads, consistency_coefficient, consistency_level, purpose)
VALUES ('30057000-0000-0000-0000-000000000001', '10000000-0000-0000-0000-000000000057', 32, 0.917, 'high', 'general')
ON CONFLICT DO NOTHING;

INSERT INTO work_needs_scores (session_id, need_id, mu, se, display_score, rank) VALUES
  ('30057000-0000-0000-0000-000000000001',  1,   1.0, 0.31,  73.1,  5),  -- ability_utilization
  ('30057000-0000-0000-0000-000000000001',  2,   0.6, 0.30,  64.6,  8),  -- achievement
  ('30057000-0000-0000-0000-000000000001',  3,  -0.4, 0.29,  40.1, 14),  -- activity
  ('30057000-0000-0000-0000-000000000001',  4,  -0.1, 0.28,  47.5, 12),  -- advancement
  ('30057000-0000-0000-0000-000000000001',  5,  -1.5, 0.33,  18.2, 20),  -- authority
  ('30057000-0000-0000-0000-000000000001',  6,   1.2, 0.32,  76.9,  4),  -- autonomy
  ('30057000-0000-0000-0000-000000000001',  7,   0.0, 0.28,  50.0, 11),  -- company_policies
  ('30057000-0000-0000-0000-000000000001',  8,  -0.3, 0.29,  42.6, 13),  -- compensation
  ('30057000-0000-0000-0000-000000000001',  9,   1.8, 0.33,  85.8,  2),  -- co_workers
  ('30057000-0000-0000-0000-000000000001', 10,   2.2, 0.35,  90.0,  1),  -- creativity
  ('30057000-0000-0000-0000-000000000001', 11,   0.2, 0.29,  55.0, 10),  -- independence
  ('30057000-0000-0000-0000-000000000001', 12,   0.8, 0.30,  69.0,  6),  -- moral_values
  ('30057000-0000-0000-0000-000000000001', 13,   0.3, 0.29,  57.4,  9),  -- recognition
  ('30057000-0000-0000-0000-000000000001', 14,   0.5, 0.30,  62.2,  7),  -- responsibility
  ('30057000-0000-0000-0000-000000000001', 15,  -0.6, 0.30,  35.4, 15),  -- security
  ('30057000-0000-0000-0000-000000000001', 16,   1.5, 0.33,  81.8,  3),  -- social_service
  ('30057000-0000-0000-0000-000000000001', 17,  -1.8, 0.34,  14.2, 21),  -- social_status
  ('30057000-0000-0000-0000-000000000001', 18,  -0.7, 0.30,  33.2, 16),  -- supervision_hr
  ('30057000-0000-0000-0000-000000000001', 19,  -0.9, 0.31,  28.9, 17),  -- supervision_technical
  ('30057000-0000-0000-0000-000000000001', 20,  -1.0, 0.31,  26.9, 18),  -- variety
  ('30057000-0000-0000-0000-000000000001', 21,  -1.2, 0.32,  23.1, 19)   -- working_conditions
ON CONFLICT DO NOTHING;

INSERT INTO work_values_scores (session_id, value_id, mu, display_score, rank) VALUES
  ('30057000-0000-0000-0000-000000000001', 'altruism', 1.37, 79.7, 1),
  ('30057000-0000-0000-0000-000000000001', 'autonomy', 1.3, 78.6, 2),
  ('30057000-0000-0000-0000-000000000001', 'achievement', 0.8, 69.0, 3),
  ('30057000-0000-0000-0000-000000000001', 'safety', -0.53, 37.0, 4),
  ('30057000-0000-0000-0000-000000000001', 'comfort', -0.55, 36.6, 5),
  ('30057000-0000-0000-0000-000000000001', 'status', -0.78, 31.5, 6)
ON CONFLICT DO NOTHING;

UPDATE users SET wv_vector = '[1.0,0.6,-0.4,-0.1,-1.5,1.2,0.0,-0.3,1.8,2.2,0.2,0.8,0.3,0.5,-0.6,1.5,-1.8,-0.7,-0.9,-1.0,-1.2]'
WHERE id = '10000000-0000-0000-0000-000000000057';

-- 88: 岡本慎 (フルスタック: ability_utilization, creativity, responsibility重視)
INSERT INTO work_values_sessions (id, user_id, circular_triads, consistency_coefficient, consistency_level, purpose)
VALUES ('30058000-0000-0000-0000-000000000001', '10000000-0000-0000-0000-000000000058', 26, 0.932, 'high', 'general')
ON CONFLICT DO NOTHING;

INSERT INTO work_needs_scores (session_id, need_id, mu, se, display_score, rank) VALUES
  ('30058000-0000-0000-0000-000000000001',  1,   2.2, 0.35,  90.0,  1),  -- ability_utilization
  ('30058000-0000-0000-0000-000000000001',  2,   1.5, 0.33,  81.8,  3),  -- achievement
  ('30058000-0000-0000-0000-000000000001',  3,  -0.3, 0.29,  42.6, 13),  -- activity
  ('30058000-0000-0000-0000-000000000001',  4,   0.5, 0.30,  62.2,  8),  -- advancement
  ('30058000-0000-0000-0000-000000000001',  5,  -1.0, 0.31,  26.9, 18),  -- authority
  ('30058000-0000-0000-0000-000000000001',  6,   1.5, 0.33,  81.8,  4),  -- autonomy
  ('30058000-0000-0000-0000-000000000001',  7,  -0.1, 0.28,  47.5, 11),  -- company_policies
  ('30058000-0000-0000-0000-000000000001',  8,   0.3, 0.29,  57.4,  9),  -- compensation
  ('30058000-0000-0000-0000-000000000001',  9,   0.6, 0.30,  64.6,  7),  -- co_workers
  ('30058000-0000-0000-0000-000000000001', 10,   1.8, 0.33,  85.8,  2),  -- creativity
  ('30058000-0000-0000-0000-000000000001', 11,   0.8, 0.30,  69.0,  6),  -- independence
  ('30058000-0000-0000-0000-000000000001', 12,   0.0, 0.28,  50.0, 10),  -- moral_values
  ('30058000-0000-0000-0000-000000000001', 13,  -0.4, 0.29,  40.1, 14),  -- recognition
  ('30058000-0000-0000-0000-000000000001', 14,   1.2, 0.32,  76.9,  5),  -- responsibility
  ('30058000-0000-0000-0000-000000000001', 15,  -0.5, 0.30,  37.8, 15),  -- security
  ('30058000-0000-0000-0000-000000000001', 16,   0.2, 0.29,  55.0, 10),  -- social_service
  ('30058000-0000-0000-0000-000000000001', 17,  -1.5, 0.33,  18.2, 20),  -- social_status
  ('30058000-0000-0000-0000-000000000001', 18,  -0.6, 0.30,  35.4, 16),  -- supervision_hr
  ('30058000-0000-0000-0000-000000000001', 19,  -0.8, 0.30,  31.0, 17),  -- supervision_technical
  ('30058000-0000-0000-0000-000000000001', 20,  -1.2, 0.32,  23.1, 19),  -- variety
  ('30058000-0000-0000-0000-000000000001', 21,  -1.8, 0.34,  14.2, 21)   -- working_conditions
ON CONFLICT DO NOTHING;

INSERT INTO work_values_scores (session_id, value_id, mu, display_score, rank) VALUES
  ('30058000-0000-0000-0000-000000000001', 'achievement', 1.85, 86.4, 1),
  ('30058000-0000-0000-0000-000000000001', 'autonomy', 1.5, 81.8, 2),
  ('30058000-0000-0000-0000-000000000001', 'altruism', 0.27, 56.6, 3),
  ('30058000-0000-0000-0000-000000000001', 'comfort', -0.45, 38.9, 4),
  ('30058000-0000-0000-0000-000000000001', 'safety', -0.5, 37.8, 5),
  ('30058000-0000-0000-0000-000000000001', 'status', -0.6, 35.4, 6)
ON CONFLICT DO NOTHING;

UPDATE users SET wv_vector = '[2.2,1.5,-0.3,0.5,-1.0,1.5,-0.1,0.3,0.6,1.8,0.8,0.0,-0.4,1.2,-0.5,0.2,-1.5,-0.6,-0.8,-1.2,-1.8]'
WHERE id = '10000000-0000-0000-0000-000000000058';

-- 89: 川口絵理 (リサーチャー: achievement, social_service, ability_utilization重視)
INSERT INTO work_values_sessions (id, user_id, circular_triads, consistency_coefficient, consistency_level, purpose)
VALUES ('30059000-0000-0000-0000-000000000001', '10000000-0000-0000-0000-000000000059', 35, 0.909, 'high', 'general')
ON CONFLICT DO NOTHING;

INSERT INTO work_needs_scores (session_id, need_id, mu, se, display_score, rank) VALUES
  ('30059000-0000-0000-0000-000000000001',  1,   1.5, 0.33,  81.8,  3),  -- ability_utilization
  ('30059000-0000-0000-0000-000000000001',  2,   2.0, 0.34,  88.1,  1),  -- achievement
  ('30059000-0000-0000-0000-000000000001',  3,  -0.2, 0.29,  45.0, 12),  -- activity
  ('30059000-0000-0000-0000-000000000001',  4,   0.0, 0.28,  50.0, 11),  -- advancement
  ('30059000-0000-0000-0000-000000000001',  5,  -1.0, 0.31,  26.9, 18),  -- authority
  ('30059000-0000-0000-0000-000000000001',  6,   1.0, 0.31,  73.1,  5),  -- autonomy
  ('30059000-0000-0000-0000-000000000001',  7,   0.3, 0.29,  57.4,  9),  -- company_policies
  ('30059000-0000-0000-0000-000000000001',  8,  -0.1, 0.28,  47.5, 13),  -- compensation
  ('30059000-0000-0000-0000-000000000001',  9,   0.8, 0.30,  69.0,  6),  -- co_workers
  ('30059000-0000-0000-0000-000000000001', 10,   0.6, 0.30,  64.6,  7),  -- creativity
  ('30059000-0000-0000-0000-000000000001', 11,   0.5, 0.30,  62.2,  8),  -- independence
  ('30059000-0000-0000-0000-000000000001', 12,   0.4, 0.29,  59.9, 10),  -- moral_values
  ('30059000-0000-0000-0000-000000000001', 13,  -0.3, 0.29,  42.6, 14),  -- recognition
  ('30059000-0000-0000-0000-000000000001', 14,   1.2, 0.32,  76.9,  4),  -- responsibility
  ('30059000-0000-0000-0000-000000000001', 15,   0.2, 0.29,  55.0, 10),  -- security
  ('30059000-0000-0000-0000-000000000001', 16,   1.8, 0.33,  85.8,  2),  -- social_service
  ('30059000-0000-0000-0000-000000000001', 17,  -0.8, 0.30,  31.0, 17),  -- social_status
  ('30059000-0000-0000-0000-000000000001', 18,  -0.5, 0.30,  37.8, 15),  -- supervision_hr
  ('30059000-0000-0000-0000-000000000001', 19,  -0.6, 0.30,  35.4, 16),  -- supervision_technical
  ('30059000-0000-0000-0000-000000000001', 20,  -1.2, 0.32,  23.1, 19),  -- variety
  ('30059000-0000-0000-0000-000000000001', 21,  -1.5, 0.33,  18.2, 20)   -- working_conditions
ON CONFLICT DO NOTHING;

INSERT INTO work_values_scores (session_id, value_id, mu, display_score, rank) VALUES
  ('30059000-0000-0000-0000-000000000001', 'achievement', 1.75, 85.2, 1),
  ('30059000-0000-0000-0000-000000000001', 'altruism', 1.0, 73.1, 2),
  ('30059000-0000-0000-0000-000000000001', 'autonomy', 0.93, 71.8, 3),
  ('30059000-0000-0000-0000-000000000001', 'safety', -0.27, 43.4, 4),
  ('30059000-0000-0000-0000-000000000001', 'comfort', -0.38, 40.5, 5),
  ('30059000-0000-0000-0000-000000000001', 'status', -0.53, 37.2, 6)
ON CONFLICT DO NOTHING;

UPDATE users SET wv_vector = '[1.5,2.0,-0.2,0.0,-1.0,1.0,0.3,-0.1,0.8,0.6,0.5,0.4,-0.3,1.2,0.2,1.8,-0.8,-0.5,-0.6,-1.2,-1.5]'
WHERE id = '10000000-0000-0000-0000-000000000059';

-- ============================================================
-- Career Interest 診断データ
-- ============================================================

-- 79: 長谷川亜美 (A高め、I中程度)
INSERT INTO career_interest_sessions (id, user_id)
VALUES ('3104f000-0000-0000-0000-000000000001', '10000000-0000-0000-0000-00000000004f')
ON CONFLICT DO NOTHING;

INSERT INTO career_interest_scores (session_id, basic_interest_id, score, rank) VALUES
  ('3104f000-0000-0000-0000-000000000001', 'A1', 4.2, 2),
  ('3104f000-0000-0000-0000-000000000001', 'A2', 4.0, 3),
  ('3104f000-0000-0000-0000-000000000001', 'A3', 3.8, 5),
  ('3104f000-0000-0000-0000-000000000001', 'C1', 2.5, 15),
  ('3104f000-0000-0000-0000-000000000001', 'C2', 2.3, 17),
  ('3104f000-0000-0000-0000-000000000001', 'C3', 2.0, 19),
  ('3104f000-0000-0000-0000-000000000001', 'E1', 2.8, 13),
  ('3104f000-0000-0000-0000-000000000001', 'E2', 2.5, 16),
  ('3104f000-0000-0000-0000-000000000001', 'E3', 2.3, 18),
  ('3104f000-0000-0000-0000-000000000001', 'I1', 4.5, 1),
  ('3104f000-0000-0000-0000-000000000001', 'I2', 3.8, 6),
  ('3104f000-0000-0000-0000-000000000001', 'I3', 3.5, 8),
  ('3104f000-0000-0000-0000-000000000001', 'I4', 3.2, 10),
  ('3104f000-0000-0000-0000-000000000001', 'R1', 3.5, 7),
  ('3104f000-0000-0000-0000-000000000001', 'R2', 3.2, 11),
  ('3104f000-0000-0000-0000-000000000001', 'R3', 3.0, 12),
  ('3104f000-0000-0000-0000-000000000001', 'S1', 3.9, 4),
  ('3104f000-0000-0000-0000-000000000001', 'S2', 2.8, 14),
  ('3104f000-0000-0000-0000-000000000001', 'S3', 2.0, 20),
  ('3104f000-0000-0000-0000-000000000001', 'S4', 3.3, 9)
ON CONFLICT DO NOTHING;

-- RIASEC: A=(4.2+4.0+3.8)/3=4.0, C=(2.5+2.3+2.0)/3=2.27, E=(2.8+2.5+2.3)/3=2.53, I=(4.5+3.8+3.5+3.2)/4=3.75, R=(3.5+3.2+3.0)/3=3.23, S=(3.9+2.8+2.0+3.3)/4=3.0
INSERT INTO career_riasec_scores (session_id, riasec_type, score, rank) VALUES
  ('3104f000-0000-0000-0000-000000000001', 'A', 4.0, 1),
  ('3104f000-0000-0000-0000-000000000001', 'I', 3.75, 2),
  ('3104f000-0000-0000-0000-000000000001', 'R', 3.23, 3),
  ('3104f000-0000-0000-0000-000000000001', 'S', 3.0, 4),
  ('3104f000-0000-0000-0000-000000000001', 'E', 2.53, 5),
  ('3104f000-0000-0000-0000-000000000001', 'C', 2.27, 6)
ON CONFLICT DO NOTHING;

UPDATE users SET ci_vector = '[4.2,4.0,3.8,2.5,2.3,2.0,2.8,2.5,2.3,4.5,3.8,3.5,3.2,3.5,3.2,3.0,3.9,2.8,2.0,3.3]'
WHERE id = '10000000-0000-0000-0000-00000000004f';

-- 80: 本田裕介 (I高め、R中程度)
INSERT INTO career_interest_sessions (id, user_id)
VALUES ('31050000-0000-0000-0000-000000000001', '10000000-0000-0000-0000-000000000050')
ON CONFLICT DO NOTHING;

INSERT INTO career_interest_scores (session_id, basic_interest_id, score, rank) VALUES
  ('31050000-0000-0000-0000-000000000001', 'A1', 2.5, 15),
  ('31050000-0000-0000-0000-000000000001', 'A2', 2.3, 17),
  ('31050000-0000-0000-0000-000000000001', 'A3', 2.0, 19),
  ('31050000-0000-0000-0000-000000000001', 'C1', 3.5, 7),
  ('31050000-0000-0000-0000-000000000001', 'C2', 3.2, 10),
  ('31050000-0000-0000-0000-000000000001', 'C3', 3.0, 12),
  ('31050000-0000-0000-0000-000000000001', 'E1', 3.0, 11),
  ('31050000-0000-0000-0000-000000000001', 'E2', 2.8, 13),
  ('31050000-0000-0000-0000-000000000001', 'E3', 2.5, 16),
  ('31050000-0000-0000-0000-000000000001', 'I1', 4.8, 1),
  ('31050000-0000-0000-0000-000000000001', 'I2', 4.5, 2),
  ('31050000-0000-0000-0000-000000000001', 'I3', 4.2, 3),
  ('31050000-0000-0000-0000-000000000001', 'I4', 4.0, 4),
  ('31050000-0000-0000-0000-000000000001', 'R1', 3.8, 5),
  ('31050000-0000-0000-0000-000000000001', 'R2', 3.5, 6),
  ('31050000-0000-0000-0000-000000000001', 'R3', 3.2, 9),
  ('31050000-0000-0000-0000-000000000001', 'S1', 2.0, 18),
  ('31050000-0000-0000-0000-000000000001', 'S2', 1.8, 20),
  ('31050000-0000-0000-0000-000000000001', 'S3', 2.0, 19),
  ('31050000-0000-0000-0000-000000000001', 'S4', 3.3, 8)
ON CONFLICT DO NOTHING;

-- RIASEC: I=(4.8+4.5+4.2+4.0)/4=4.38, R=(3.8+3.5+3.2)/3=3.5, C=(3.5+3.2+3.0)/3=3.23, E=(3.0+2.8+2.5)/3=2.77, A=(2.5+2.3+2.0)/3=2.27, S=(2.0+1.8+2.0+3.3)/4=2.28
INSERT INTO career_riasec_scores (session_id, riasec_type, score, rank) VALUES
  ('31050000-0000-0000-0000-000000000001', 'I', 4.38, 1),
  ('31050000-0000-0000-0000-000000000001', 'R', 3.5, 2),
  ('31050000-0000-0000-0000-000000000001', 'C', 3.23, 3),
  ('31050000-0000-0000-0000-000000000001', 'E', 2.77, 4),
  ('31050000-0000-0000-0000-000000000001', 'S', 2.28, 5),
  ('31050000-0000-0000-0000-000000000001', 'A', 2.27, 6)
ON CONFLICT DO NOTHING;

UPDATE users SET ci_vector = '[2.5,2.3,2.0,3.5,3.2,3.0,3.0,2.8,2.5,4.8,4.5,4.2,4.0,3.8,3.5,3.2,2.0,1.8,2.0,3.3]'
WHERE id = '10000000-0000-0000-0000-000000000050';

-- 81: 井上美咲 (I高め、A中程度、R中程度)
INSERT INTO career_interest_sessions (id, user_id)
VALUES ('31051000-0000-0000-0000-000000000001', '10000000-0000-0000-0000-000000000051')
ON CONFLICT DO NOTHING;

INSERT INTO career_interest_scores (session_id, basic_interest_id, score, rank) VALUES
  ('31051000-0000-0000-0000-000000000001', 'A1', 3.5, 7),
  ('31051000-0000-0000-0000-000000000001', 'A2', 3.3, 9),
  ('31051000-0000-0000-0000-000000000001', 'A3', 3.0, 12),
  ('31051000-0000-0000-0000-000000000001', 'C1', 2.8, 14),
  ('31051000-0000-0000-0000-000000000001', 'C2', 2.5, 16),
  ('31051000-0000-0000-0000-000000000001', 'C3', 2.2, 18),
  ('31051000-0000-0000-0000-000000000001', 'E1', 2.8, 15),
  ('31051000-0000-0000-0000-000000000001', 'E2', 2.5, 17),
  ('31051000-0000-0000-0000-000000000001', 'E3', 2.0, 20),
  ('31051000-0000-0000-0000-000000000001', 'I1', 4.5, 1),
  ('31051000-0000-0000-0000-000000000001', 'I2', 4.2, 2),
  ('31051000-0000-0000-0000-000000000001', 'I3', 3.8, 4),
  ('31051000-0000-0000-0000-000000000001', 'I4', 3.5, 8),
  ('31051000-0000-0000-0000-000000000001', 'R1', 4.0, 3),
  ('31051000-0000-0000-0000-000000000001', 'R2', 3.8, 5),
  ('31051000-0000-0000-0000-000000000001', 'R3', 3.5, 6),
  ('31051000-0000-0000-0000-000000000001', 'S1', 3.0, 11),
  ('31051000-0000-0000-0000-000000000001', 'S2', 3.0, 13),
  ('31051000-0000-0000-0000-000000000001', 'S3', 2.2, 19),
  ('31051000-0000-0000-0000-000000000001', 'S4', 3.2, 10)
ON CONFLICT DO NOTHING;

-- RIASEC: I=(4.5+4.2+3.8+3.5)/4=4.0, R=(4.0+3.8+3.5)/3=3.77, A=(3.5+3.3+3.0)/3=3.27, S=(3.0+3.0+2.2+3.2)/4=2.85, C=(2.8+2.5+2.2)/3=2.5, E=(2.8+2.5+2.0)/3=2.43
INSERT INTO career_riasec_scores (session_id, riasec_type, score, rank) VALUES
  ('31051000-0000-0000-0000-000000000001', 'I', 4.0, 1),
  ('31051000-0000-0000-0000-000000000001', 'R', 3.77, 2),
  ('31051000-0000-0000-0000-000000000001', 'A', 3.27, 3),
  ('31051000-0000-0000-0000-000000000001', 'S', 2.85, 4),
  ('31051000-0000-0000-0000-000000000001', 'C', 2.5, 5),
  ('31051000-0000-0000-0000-000000000001', 'E', 2.43, 6)
ON CONFLICT DO NOTHING;

UPDATE users SET ci_vector = '[3.5,3.3,3.0,2.8,2.5,2.2,2.8,2.5,2.0,4.5,4.2,3.8,3.5,4.0,3.8,3.5,3.0,3.0,2.2,3.2]'
WHERE id = '10000000-0000-0000-0000-000000000051';

-- 82: 西村武志 (A高め、R高め ゲーム志向)
INSERT INTO career_interest_sessions (id, user_id)
VALUES ('31052000-0000-0000-0000-000000000001', '10000000-0000-0000-0000-000000000052')
ON CONFLICT DO NOTHING;

INSERT INTO career_interest_scores (session_id, basic_interest_id, score, rank) VALUES
  ('31052000-0000-0000-0000-000000000001', 'A1', 4.5, 1),
  ('31052000-0000-0000-0000-000000000001', 'A2', 4.2, 2),
  ('31052000-0000-0000-0000-000000000001', 'A3', 4.0, 4),
  ('31052000-0000-0000-0000-000000000001', 'C1', 2.0, 18),
  ('31052000-0000-0000-0000-000000000001', 'C2', 1.8, 19),
  ('31052000-0000-0000-0000-000000000001', 'C3', 1.5, 20),
  ('31052000-0000-0000-0000-000000000001', 'E1', 2.5, 15),
  ('31052000-0000-0000-0000-000000000001', 'E2', 2.3, 16),
  ('31052000-0000-0000-0000-000000000001', 'E3', 2.0, 17),
  ('31052000-0000-0000-0000-000000000001', 'I1', 3.8, 6),
  ('31052000-0000-0000-0000-000000000001', 'I2', 3.5, 8),
  ('31052000-0000-0000-0000-000000000001', 'I3', 3.2, 10),
  ('31052000-0000-0000-0000-000000000001', 'I4', 3.0, 12),
  ('31052000-0000-0000-0000-000000000001', 'R1', 4.0, 3),
  ('31052000-0000-0000-0000-000000000001', 'R2', 3.8, 5),
  ('31052000-0000-0000-0000-000000000001', 'R3', 3.5, 7),
  ('31052000-0000-0000-0000-000000000001', 'S1', 3.0, 11),
  ('31052000-0000-0000-0000-000000000001', 'S2', 2.8, 13),
  ('31052000-0000-0000-0000-000000000001', 'S3', 2.5, 14),
  ('31052000-0000-0000-0000-000000000001', 'S4', 3.2, 9)
ON CONFLICT DO NOTHING;

-- RIASEC: A=(4.5+4.2+4.0)/3=4.23, R=(4.0+3.8+3.5)/3=3.77, I=(3.8+3.5+3.2+3.0)/4=3.38, S=(3.0+2.8+2.5+3.2)/4=2.88, E=(2.5+2.3+2.0)/3=2.27, C=(2.0+1.8+1.5)/3=1.77
INSERT INTO career_riasec_scores (session_id, riasec_type, score, rank) VALUES
  ('31052000-0000-0000-0000-000000000001', 'A', 4.23, 1),
  ('31052000-0000-0000-0000-000000000001', 'R', 3.77, 2),
  ('31052000-0000-0000-0000-000000000001', 'I', 3.38, 3),
  ('31052000-0000-0000-0000-000000000001', 'S', 2.88, 4),
  ('31052000-0000-0000-0000-000000000001', 'E', 2.27, 5),
  ('31052000-0000-0000-0000-000000000001', 'C', 1.77, 6)
ON CONFLICT DO NOTHING;

UPDATE users SET ci_vector = '[4.5,4.2,4.0,2.0,1.8,1.5,2.5,2.3,2.0,3.8,3.5,3.2,3.0,4.0,3.8,3.5,3.0,2.8,2.5,3.2]'
WHERE id = '10000000-0000-0000-0000-000000000052';

-- 83: 村田佳奈子 (I高め、C高め データ分析志向)
INSERT INTO career_interest_sessions (id, user_id)
VALUES ('31053000-0000-0000-0000-000000000001', '10000000-0000-0000-0000-000000000053')
ON CONFLICT DO NOTHING;

INSERT INTO career_interest_scores (session_id, basic_interest_id, score, rank) VALUES
  ('31053000-0000-0000-0000-000000000001', 'A1', 2.5, 15),
  ('31053000-0000-0000-0000-000000000001', 'A2', 2.3, 17),
  ('31053000-0000-0000-0000-000000000001', 'A3', 2.0, 19),
  ('31053000-0000-0000-0000-000000000001', 'C1', 4.2, 2),
  ('31053000-0000-0000-0000-000000000001', 'C2', 4.0, 3),
  ('31053000-0000-0000-0000-000000000001', 'C3', 3.8, 5),
  ('31053000-0000-0000-0000-000000000001', 'E1', 2.8, 14),
  ('31053000-0000-0000-0000-000000000001', 'E2', 2.5, 16),
  ('31053000-0000-0000-0000-000000000001', 'E3', 2.2, 18),
  ('31053000-0000-0000-0000-000000000001', 'I1', 4.5, 1),
  ('31053000-0000-0000-0000-000000000001', 'I2', 4.0, 4),
  ('31053000-0000-0000-0000-000000000001', 'I3', 3.8, 6),
  ('31053000-0000-0000-0000-000000000001', 'I4', 3.5, 8),
  ('31053000-0000-0000-0000-000000000001', 'R1', 3.0, 11),
  ('31053000-0000-0000-0000-000000000001', 'R2', 2.8, 13),
  ('31053000-0000-0000-0000-000000000001', 'R3', 3.0, 12),
  ('31053000-0000-0000-0000-000000000001', 'S1', 3.5, 7),
  ('31053000-0000-0000-0000-000000000001', 'S2', 3.2, 9),
  ('31053000-0000-0000-0000-000000000001', 'S3', 3.0, 10),
  ('31053000-0000-0000-0000-000000000001', 'S4', 2.0, 20)
ON CONFLICT DO NOTHING;

-- RIASEC: I=(4.5+4.0+3.8+3.5)/4=3.95, C=(4.2+4.0+3.8)/3=4.0, S=(3.5+3.2+3.0+2.0)/4=2.93, R=(3.0+2.8+3.0)/3=2.93, E=(2.8+2.5+2.2)/3=2.5, A=(2.5+2.3+2.0)/3=2.27
INSERT INTO career_riasec_scores (session_id, riasec_type, score, rank) VALUES
  ('31053000-0000-0000-0000-000000000001', 'C', 4.0, 1),
  ('31053000-0000-0000-0000-000000000001', 'I', 3.95, 2),
  ('31053000-0000-0000-0000-000000000001', 'R', 2.93, 3),
  ('31053000-0000-0000-0000-000000000001', 'S', 2.93, 4),
  ('31053000-0000-0000-0000-000000000001', 'E', 2.5, 5),
  ('31053000-0000-0000-0000-000000000001', 'A', 2.27, 6)
ON CONFLICT DO NOTHING;

UPDATE users SET ci_vector = '[2.5,2.3,2.0,4.2,4.0,3.8,2.8,2.5,2.2,4.5,4.0,3.8,3.5,3.0,2.8,3.0,3.5,3.2,3.0,2.0]'
WHERE id = '10000000-0000-0000-0000-000000000053';

-- 84: 青木光希 (C高め、E中程度 法務志向)
INSERT INTO career_interest_sessions (id, user_id)
VALUES ('31054000-0000-0000-0000-000000000001', '10000000-0000-0000-0000-000000000054')
ON CONFLICT DO NOTHING;

INSERT INTO career_interest_scores (session_id, basic_interest_id, score, rank) VALUES
  ('31054000-0000-0000-0000-000000000001', 'A1', 2.0, 18),
  ('31054000-0000-0000-0000-000000000001', 'A2', 1.8, 19),
  ('31054000-0000-0000-0000-000000000001', 'A3', 1.5, 20),
  ('31054000-0000-0000-0000-000000000001', 'C1', 4.5, 1),
  ('31054000-0000-0000-0000-000000000001', 'C2', 4.2, 2),
  ('31054000-0000-0000-0000-000000000001', 'C3', 4.0, 3),
  ('31054000-0000-0000-0000-000000000001', 'E1', 3.8, 4),
  ('31054000-0000-0000-0000-000000000001', 'E2', 3.5, 7),
  ('31054000-0000-0000-0000-000000000001', 'E3', 3.2, 10),
  ('31054000-0000-0000-0000-000000000001', 'I1', 3.5, 6),
  ('31054000-0000-0000-0000-000000000001', 'I2', 3.2, 9),
  ('31054000-0000-0000-0000-000000000001', 'I3', 3.0, 11),
  ('31054000-0000-0000-0000-000000000001', 'I4', 2.8, 13),
  ('31054000-0000-0000-0000-000000000001', 'R1', 2.5, 15),
  ('31054000-0000-0000-0000-000000000001', 'R2', 2.3, 16),
  ('31054000-0000-0000-0000-000000000001', 'R3', 2.0, 17),
  ('31054000-0000-0000-0000-000000000001', 'S1', 3.5, 5),
  ('31054000-0000-0000-0000-000000000001', 'S2', 3.2, 8),
  ('31054000-0000-0000-0000-000000000001', 'S3', 2.8, 12),
  ('31054000-0000-0000-0000-000000000001', 'S4', 2.5, 14)
ON CONFLICT DO NOTHING;

-- RIASEC: C=(4.5+4.2+4.0)/3=4.23, E=(3.8+3.5+3.2)/3=3.5, I=(3.5+3.2+3.0+2.8)/4=3.13, S=(3.5+3.2+2.8+2.5)/4=3.0, A=(2.0+1.8+1.5)/3=1.77, R=(2.5+2.3+2.0)/3=2.27
INSERT INTO career_riasec_scores (session_id, riasec_type, score, rank) VALUES
  ('31054000-0000-0000-0000-000000000001', 'C', 4.23, 1),
  ('31054000-0000-0000-0000-000000000001', 'E', 3.5, 2),
  ('31054000-0000-0000-0000-000000000001', 'I', 3.13, 3),
  ('31054000-0000-0000-0000-000000000001', 'S', 3.0, 4),
  ('31054000-0000-0000-0000-000000000001', 'R', 2.27, 5),
  ('31054000-0000-0000-0000-000000000001', 'A', 1.77, 6)
ON CONFLICT DO NOTHING;

UPDATE users SET ci_vector = '[2.0,1.8,1.5,4.5,4.2,4.0,3.8,3.5,3.2,3.5,3.2,3.0,2.8,2.5,2.3,2.0,3.5,3.2,2.8,2.5]'
WHERE id = '10000000-0000-0000-0000-000000000054';

-- 85: 山下理沙 (E高め、S中程度 セールス志向)
INSERT INTO career_interest_sessions (id, user_id)
VALUES ('31055000-0000-0000-0000-000000000001', '10000000-0000-0000-0000-000000000055')
ON CONFLICT DO NOTHING;

INSERT INTO career_interest_scores (session_id, basic_interest_id, score, rank) VALUES
  ('31055000-0000-0000-0000-000000000001', 'A1', 2.5, 15),
  ('31055000-0000-0000-0000-000000000001', 'A2', 2.2, 17),
  ('31055000-0000-0000-0000-000000000001', 'A3', 2.0, 19),
  ('31055000-0000-0000-0000-000000000001', 'C1', 3.2, 10),
  ('31055000-0000-0000-0000-000000000001', 'C2', 3.0, 12),
  ('31055000-0000-0000-0000-000000000001', 'C3', 2.8, 14),
  ('31055000-0000-0000-0000-000000000001', 'E1', 4.5, 1),
  ('31055000-0000-0000-0000-000000000001', 'E2', 4.2, 2),
  ('31055000-0000-0000-0000-000000000001', 'E3', 4.0, 3),
  ('31055000-0000-0000-0000-000000000001', 'I1', 3.2, 9),
  ('31055000-0000-0000-0000-000000000001', 'I2', 3.0, 11),
  ('31055000-0000-0000-0000-000000000001', 'I3', 2.8, 13),
  ('31055000-0000-0000-0000-000000000001', 'I4', 2.5, 16),
  ('31055000-0000-0000-0000-000000000001', 'R1', 2.0, 18),
  ('31055000-0000-0000-0000-000000000001', 'R2', 2.0, 20),
  ('31055000-0000-0000-0000-000000000001', 'R3', 3.5, 7),
  ('31055000-0000-0000-0000-000000000001', 'S1', 3.8, 4),
  ('31055000-0000-0000-0000-000000000001', 'S2', 3.5, 6),
  ('31055000-0000-0000-0000-000000000001', 'S3', 3.5, 5),
  ('31055000-0000-0000-0000-000000000001', 'S4', 3.2, 8)
ON CONFLICT DO NOTHING;

-- RIASEC: E=(4.5+4.2+4.0)/3=4.23, S=(3.8+3.5+3.5+3.2)/4=3.5, C=(3.2+3.0+2.8)/3=3.0, I=(3.2+3.0+2.8+2.5)/4=2.88, R=(2.0+2.0+3.5)/3=2.5, A=(2.5+2.2+2.0)/3=2.23
INSERT INTO career_riasec_scores (session_id, riasec_type, score, rank) VALUES
  ('31055000-0000-0000-0000-000000000001', 'E', 4.23, 1),
  ('31055000-0000-0000-0000-000000000001', 'S', 3.5, 2),
  ('31055000-0000-0000-0000-000000000001', 'C', 3.0, 3),
  ('31055000-0000-0000-0000-000000000001', 'I', 2.88, 4),
  ('31055000-0000-0000-0000-000000000001', 'R', 2.5, 5),
  ('31055000-0000-0000-0000-000000000001', 'A', 2.23, 6)
ON CONFLICT DO NOTHING;

UPDATE users SET ci_vector = '[2.5,2.2,2.0,3.2,3.0,2.8,4.5,4.2,4.0,3.2,3.0,2.8,2.5,2.0,2.0,3.5,3.8,3.5,3.5,3.2]'
WHERE id = '10000000-0000-0000-0000-000000000055';

-- 86: 藤本智也 (I高め、R高め SRE志向)
INSERT INTO career_interest_sessions (id, user_id)
VALUES ('31056000-0000-0000-0000-000000000001', '10000000-0000-0000-0000-000000000056')
ON CONFLICT DO NOTHING;

INSERT INTO career_interest_scores (session_id, basic_interest_id, score, rank) VALUES
  ('31056000-0000-0000-0000-000000000001', 'A1', 2.0, 18),
  ('31056000-0000-0000-0000-000000000001', 'A2', 1.8, 19),
  ('31056000-0000-0000-0000-000000000001', 'A3', 1.5, 20),
  ('31056000-0000-0000-0000-000000000001', 'C1', 3.5, 7),
  ('31056000-0000-0000-0000-000000000001', 'C2', 3.2, 10),
  ('31056000-0000-0000-0000-000000000001', 'C3', 3.0, 12),
  ('31056000-0000-0000-0000-000000000001', 'E1', 2.5, 15),
  ('31056000-0000-0000-0000-000000000001', 'E2', 2.3, 16),
  ('31056000-0000-0000-0000-000000000001', 'E3', 2.0, 17),
  ('31056000-0000-0000-0000-000000000001', 'I1', 4.8, 1),
  ('31056000-0000-0000-0000-000000000001', 'I2', 4.5, 2),
  ('31056000-0000-0000-0000-000000000001', 'I3', 4.0, 4),
  ('31056000-0000-0000-0000-000000000001', 'I4', 3.8, 6),
  ('31056000-0000-0000-0000-000000000001', 'R1', 4.2, 3),
  ('31056000-0000-0000-0000-000000000001', 'R2', 3.8, 5),
  ('31056000-0000-0000-0000-000000000001', 'R3', 3.5, 8),
  ('31056000-0000-0000-0000-000000000001', 'S1', 2.8, 13),
  ('31056000-0000-0000-0000-000000000001', 'S2', 2.5, 14),
  ('31056000-0000-0000-0000-000000000001', 'S3', 3.2, 11),
  ('31056000-0000-0000-0000-000000000001', 'S4', 3.3, 9)
ON CONFLICT DO NOTHING;

-- RIASEC: I=(4.8+4.5+4.0+3.8)/4=4.28, R=(4.2+3.8+3.5)/3=3.83, C=(3.5+3.2+3.0)/3=3.23, S=(2.8+2.5+3.2+3.3)/4=2.95, E=(2.5+2.3+2.0)/3=2.27, A=(2.0+1.8+1.5)/3=1.77
INSERT INTO career_riasec_scores (session_id, riasec_type, score, rank) VALUES
  ('31056000-0000-0000-0000-000000000001', 'I', 4.28, 1),
  ('31056000-0000-0000-0000-000000000001', 'R', 3.83, 2),
  ('31056000-0000-0000-0000-000000000001', 'C', 3.23, 3),
  ('31056000-0000-0000-0000-000000000001', 'S', 2.95, 4),
  ('31056000-0000-0000-0000-000000000001', 'E', 2.27, 5),
  ('31056000-0000-0000-0000-000000000001', 'A', 1.77, 6)
ON CONFLICT DO NOTHING;

UPDATE users SET ci_vector = '[2.0,1.8,1.5,3.5,3.2,3.0,2.5,2.3,2.0,4.8,4.5,4.0,3.8,4.2,3.8,3.5,2.8,2.5,3.2,3.3]'
WHERE id = '10000000-0000-0000-0000-000000000056';

-- 87: 野村千尋 (A高め、S中程度 デザイン志向)
INSERT INTO career_interest_sessions (id, user_id)
VALUES ('31057000-0000-0000-0000-000000000001', '10000000-0000-0000-0000-000000000057')
ON CONFLICT DO NOTHING;

INSERT INTO career_interest_scores (session_id, basic_interest_id, score, rank) VALUES
  ('31057000-0000-0000-0000-000000000001', 'A1', 4.8, 1),
  ('31057000-0000-0000-0000-000000000001', 'A2', 4.5, 2),
  ('31057000-0000-0000-0000-000000000001', 'A3', 4.2, 3),
  ('31057000-0000-0000-0000-000000000001', 'C1', 2.0, 17),
  ('31057000-0000-0000-0000-000000000001', 'C2', 1.8, 19),
  ('31057000-0000-0000-0000-000000000001', 'C3', 1.5, 20),
  ('31057000-0000-0000-0000-000000000001', 'E1', 2.5, 14),
  ('31057000-0000-0000-0000-000000000001', 'E2', 2.3, 15),
  ('31057000-0000-0000-0000-000000000001', 'E3', 2.0, 16),
  ('31057000-0000-0000-0000-000000000001', 'I1', 3.5, 8),
  ('31057000-0000-0000-0000-000000000001', 'I2', 3.2, 10),
  ('31057000-0000-0000-0000-000000000001', 'I3', 3.0, 12),
  ('31057000-0000-0000-0000-000000000001', 'I4', 2.0, 18),
  ('31057000-0000-0000-0000-000000000001', 'R1', 3.5, 7),
  ('31057000-0000-0000-0000-000000000001', 'R2', 3.0, 11),
  ('31057000-0000-0000-0000-000000000001', 'R3', 3.8, 5),
  ('31057000-0000-0000-0000-000000000001', 'S1', 4.0, 4),
  ('31057000-0000-0000-0000-000000000001', 'S2', 3.5, 6),
  ('31057000-0000-0000-0000-000000000001', 'S3', 3.2, 9),
  ('31057000-0000-0000-0000-000000000001', 'S4', 2.8, 13)
ON CONFLICT DO NOTHING;

-- RIASEC: A=(4.8+4.5+4.2)/3=4.5, S=(4.0+3.5+3.2+2.8)/4=3.38, R=(3.5+3.0+3.8)/3=3.43, I=(3.5+3.2+3.0+2.0)/4=2.93, E=(2.5+2.3+2.0)/3=2.27, C=(2.0+1.8+1.5)/3=1.77
INSERT INTO career_riasec_scores (session_id, riasec_type, score, rank) VALUES
  ('31057000-0000-0000-0000-000000000001', 'A', 4.5, 1),
  ('31057000-0000-0000-0000-000000000001', 'R', 3.43, 2),
  ('31057000-0000-0000-0000-000000000001', 'S', 3.38, 3),
  ('31057000-0000-0000-0000-000000000001', 'I', 2.93, 4),
  ('31057000-0000-0000-0000-000000000001', 'E', 2.27, 5),
  ('31057000-0000-0000-0000-000000000001', 'C', 1.77, 6)
ON CONFLICT DO NOTHING;

UPDATE users SET ci_vector = '[4.8,4.5,4.2,2.0,1.8,1.5,2.5,2.3,2.0,3.5,3.2,3.0,2.0,3.5,3.0,3.8,4.0,3.5,3.2,2.8]'
WHERE id = '10000000-0000-0000-0000-000000000057';

-- 88: 岡本慎 (I高め、R高め フルスタック志向)
INSERT INTO career_interest_sessions (id, user_id)
VALUES ('31058000-0000-0000-0000-000000000001', '10000000-0000-0000-0000-000000000058')
ON CONFLICT DO NOTHING;

INSERT INTO career_interest_scores (session_id, basic_interest_id, score, rank) VALUES
  ('31058000-0000-0000-0000-000000000001', 'A1', 3.0, 12),
  ('31058000-0000-0000-0000-000000000001', 'A2', 2.8, 14),
  ('31058000-0000-0000-0000-000000000001', 'A3', 3.2, 10),
  ('31058000-0000-0000-0000-000000000001', 'C1', 3.0, 13),
  ('31058000-0000-0000-0000-000000000001', 'C2', 2.8, 15),
  ('31058000-0000-0000-0000-000000000001', 'C3', 2.5, 17),
  ('31058000-0000-0000-0000-000000000001', 'E1', 2.5, 16),
  ('31058000-0000-0000-0000-000000000001', 'E2', 2.3, 18),
  ('31058000-0000-0000-0000-000000000001', 'E3', 2.0, 19),
  ('31058000-0000-0000-0000-000000000001', 'I1', 4.8, 1),
  ('31058000-0000-0000-0000-000000000001', 'I2', 4.5, 2),
  ('31058000-0000-0000-0000-000000000001', 'I3', 4.2, 3),
  ('31058000-0000-0000-0000-000000000001', 'I4', 3.8, 5),
  ('31058000-0000-0000-0000-000000000001', 'R1', 4.0, 4),
  ('31058000-0000-0000-0000-000000000001', 'R2', 3.5, 7),
  ('31058000-0000-0000-0000-000000000001', 'R3', 3.5, 6),
  ('31058000-0000-0000-0000-000000000001', 'S1', 2.0, 20),
  ('31058000-0000-0000-0000-000000000001', 'S2', 3.2, 9),
  ('31058000-0000-0000-0000-000000000001', 'S3', 3.2, 11),
  ('31058000-0000-0000-0000-000000000001', 'S4', 3.5, 8)
ON CONFLICT DO NOTHING;

-- RIASEC: I=(4.8+4.5+4.2+3.8)/4=4.33, R=(4.0+3.5+3.5)/3=3.67, A=(3.0+2.8+3.2)/3=3.0, S=(2.0+3.2+3.2+3.5)/4=2.98, C=(3.0+2.8+2.5)/3=2.77, E=(2.5+2.3+2.0)/3=2.27
INSERT INTO career_riasec_scores (session_id, riasec_type, score, rank) VALUES
  ('31058000-0000-0000-0000-000000000001', 'I', 4.33, 1),
  ('31058000-0000-0000-0000-000000000001', 'R', 3.67, 2),
  ('31058000-0000-0000-0000-000000000001', 'A', 3.0, 3),
  ('31058000-0000-0000-0000-000000000001', 'S', 2.98, 4),
  ('31058000-0000-0000-0000-000000000001', 'C', 2.77, 5),
  ('31058000-0000-0000-0000-000000000001', 'E', 2.27, 6)
ON CONFLICT DO NOTHING;

UPDATE users SET ci_vector = '[3.0,2.8,3.2,3.0,2.8,2.5,2.5,2.3,2.0,4.8,4.5,4.2,3.8,4.0,3.5,3.5,2.0,3.2,3.2,3.5]'
WHERE id = '10000000-0000-0000-0000-000000000058';

-- 89: 川口絵理 (I高め、S高め リサーチ志向)
INSERT INTO career_interest_sessions (id, user_id)
VALUES ('31059000-0000-0000-0000-000000000001', '10000000-0000-0000-0000-000000000059')
ON CONFLICT DO NOTHING;

INSERT INTO career_interest_scores (session_id, basic_interest_id, score, rank) VALUES
  ('31059000-0000-0000-0000-000000000001', 'A1', 2.8, 14),
  ('31059000-0000-0000-0000-000000000001', 'A2', 2.5, 16),
  ('31059000-0000-0000-0000-000000000001', 'A3', 2.2, 18),
  ('31059000-0000-0000-0000-000000000001', 'C1', 3.5, 7),
  ('31059000-0000-0000-0000-000000000001', 'C2', 3.2, 10),
  ('31059000-0000-0000-0000-000000000001', 'C3', 3.0, 12),
  ('31059000-0000-0000-0000-000000000001', 'E1', 2.5, 15),
  ('31059000-0000-0000-0000-000000000001', 'E2', 2.2, 17),
  ('31059000-0000-0000-0000-000000000001', 'E3', 2.0, 19),
  ('31059000-0000-0000-0000-000000000001', 'I1', 4.5, 1),
  ('31059000-0000-0000-0000-000000000001', 'I2', 4.2, 2),
  ('31059000-0000-0000-0000-000000000001', 'I3', 4.0, 3),
  ('31059000-0000-0000-0000-000000000001', 'I4', 3.8, 4),
  ('31059000-0000-0000-0000-000000000001', 'R1', 3.0, 11),
  ('31059000-0000-0000-0000-000000000001', 'R2', 2.8, 13),
  ('31059000-0000-0000-0000-000000000001', 'R3', 2.0, 20),
  ('31059000-0000-0000-0000-000000000001', 'S1', 3.8, 5),
  ('31059000-0000-0000-0000-000000000001', 'S2', 3.5, 6),
  ('31059000-0000-0000-0000-000000000001', 'S3', 3.5, 8),
  ('31059000-0000-0000-0000-000000000001', 'S4', 3.2, 9)
ON CONFLICT DO NOTHING;

-- RIASEC: I=(4.5+4.2+4.0+3.8)/4=4.13, S=(3.8+3.5+3.5+3.2)/4=3.5, C=(3.5+3.2+3.0)/3=3.23, R=(3.0+2.8+2.0)/3=2.6, A=(2.8+2.5+2.2)/3=2.5, E=(2.5+2.2+2.0)/3=2.23
INSERT INTO career_riasec_scores (session_id, riasec_type, score, rank) VALUES
  ('31059000-0000-0000-0000-000000000001', 'I', 4.13, 1),
  ('31059000-0000-0000-0000-000000000001', 'S', 3.5, 2),
  ('31059000-0000-0000-0000-000000000001', 'C', 3.23, 3),
  ('31059000-0000-0000-0000-000000000001', 'R', 2.6, 4),
  ('31059000-0000-0000-0000-000000000001', 'A', 2.5, 5),
  ('31059000-0000-0000-0000-000000000001', 'E', 2.23, 6)
ON CONFLICT DO NOTHING;

UPDATE users SET ci_vector = '[2.8,2.5,2.2,3.5,3.2,3.0,2.5,2.2,2.0,4.5,4.2,4.0,3.8,3.0,2.8,2.0,3.8,3.5,3.5,3.2]'
WHERE id = '10000000-0000-0000-0000-000000000059';


-- seed_users_4b.sql: 候補者ユーザー90〜100（11名）
-- Usage: psql -h localhost -U user -d inselfy -f /tmp/seed_users_4b.sql


-- ============================================================
-- 新規スキル
-- ============================================================
INSERT INTO skills (id, name) VALUES
  ('20000000-0000-0000-0000-000000000320', 'Scala'),
  ('20000000-0000-0000-0000-000000000321', 'Apache Spark'),
  ('20000000-0000-0000-0000-000000000322', 'Snowflake'),
  ('20000000-0000-0000-0000-000000000323', 'R'),
  ('20000000-0000-0000-0000-000000000324', 'Power BI'),
  ('20000000-0000-0000-0000-000000000325', 'Azure'),
  ('20000000-0000-0000-0000-000000000326', 'コーポレートIT'),
  ('20000000-0000-0000-0000-000000000327', 'セキュリティ'),
  ('20000000-0000-0000-0000-000000000328', 'Webディレクション'),
  ('20000000-0000-0000-0000-000000000329', 'CMS'),
  ('20000000-0000-0000-0000-000000000330', 'WordPress'),
  ('20000000-0000-0000-0000-000000000331', 'After Effects'),
  ('20000000-0000-0000-0000-000000000332', 'モーションデザイン'),
  ('20000000-0000-0000-0000-000000000333', '法務'),
  ('20000000-0000-0000-0000-000000000334', '契約書レビュー'),
  ('20000000-0000-0000-0000-000000000335', '知的財産'),
  ('20000000-0000-0000-0000-000000000336', 'Node.js'),
  ('20000000-0000-0000-0000-000000000337', 'GraphQL'),
  ('20000000-0000-0000-0000-000000000338', '品質管理'),
  ('20000000-0000-0000-0000-000000000339', 'ISMS')
ON CONFLICT (name) DO NOTHING;

-- ============================================================
-- 候補者ユーザー 90〜100
-- ============================================================
INSERT INTO users (id, line_id, auth_type, username, display_name, email, name, is_public, profile_color, headline, location, about, industry, job_type, job_seeking_status)
VALUES
  ('10000000-0000-0000-0000-00000000005a', 'line_seed_090', 'line', 'takeshi_morimoto', '森本剛', 'morimoto_t@example.com', '森本剛', true, '#3D8B6E',
   'データエンジニア / データ基盤アーキテクト', '東京都', 'ScalaとApache Sparkを用いた大規模データ基盤の設計・構築に従事。リアルタイムデータパイプラインの構築とデータガバナンスの整備が得意です。', 'IT・通信', 'フルタイム', 'active'),
  ('10000000-0000-0000-0000-00000000005b', 'line_seed_091', 'line', 'chihiro_nishida', '西田千尋', 'nishida_c@example.com', '西田千尋', true, '#6B8BD6',
   'データアナリスト', '札幌市', 'Rと統計手法を活用したデータ分析が専門。マーケティングリサーチとユーザー行動分析を中心に、意思決定を支援するレポーティングに携わっています。', 'IT・通信', 'フルタイム', 'open'),
  ('10000000-0000-0000-0000-00000000005c', 'line_seed_092', 'line', 'kazuya_honda', '本田和也', 'honda_k@example.com', '本田和也', true, '#D68B6B',
   '情シス / コーポレートITマネージャー', '名古屋市', '社内ITインフラの企画・運用を統括。ゼロトラストセキュリティの導入やSaaS管理の最適化を推進してきました。', 'IT・通信', 'フルタイム', 'active'),
  ('10000000-0000-0000-0000-00000000005d', 'line_seed_093', 'line', 'mayu_ueno', '上野真由', 'ueno_m@example.com', '上野真由', true, '#9B6BD6',
   'Webディレクター', '大阪府', 'Webサイトの企画・設計からプロジェクト管理までをトータルで担当。CMS導入とコンテンツ設計に強みを持っています。', 'IT・通信', 'フルタイム', 'open'),
  ('10000000-0000-0000-0000-00000000005e', 'line_seed_094', 'line', 'sora_ikeda', '池田蒼', 'ikeda_s@example.com', '池田蒼', true, '#D6C16B',
   'モーションデザイナー', '福岡県', 'After Effectsを中心としたモーションデザインとUI アニメーション制作が専門。ブランドムービーからプロダクトUIまで幅広く対応しています。', 'デザイン・広告', 'フルタイム', 'active'),
  ('10000000-0000-0000-0000-00000000005f', 'line_seed_095', 'line', 'yuka_shimada', '島田悠花', 'shimada_y@example.com', '島田悠花', true, '#6BD6B8',
   'リーガルテック / 法務', '東京都', 'スタートアップの法務全般に従事。契約書レビュー、知的財産戦略、コンプライアンス体制の構築を担当しています。', 'IT・通信', 'フルタイム', 'not_seeking'),
  ('10000000-0000-0000-0000-000000000060', 'line_seed_096', 'line', 'hayato_fujimoto', '藤本隼人', 'fujimoto_h@example.com', '藤本隼人', true, '#3D8B6E',
   'フルスタックエンジニア', '仙台市', 'Node.jsとReactを組み合わせたWebアプリケーション開発に従事。GraphQL APIの設計とフロントエンド実装の両方を担当しています。', 'IT・通信', 'フルタイム', 'active'),
  ('10000000-0000-0000-0000-000000000061', 'line_seed_097', 'line', 'risa_okamoto', '岡本理沙', 'okamoto_r@example.com', '岡本理沙', true, '#6B8BD6',
   'プロダクトデザイナー', '京都府', 'ユーザーリサーチからUIデザインまで一気通貫で担当。デザインシステムの構築とプロトタイピングに強みがあります。', 'デザイン・広告', 'フルタイム', 'active'),
  ('10000000-0000-0000-0000-000000000062', 'line_seed_098', 'line', 'tomoya_inoue', '井上智也', 'inoue_t@example.com', '井上智也', true, '#D68B6B',
   'SREエンジニア', '広島市', 'AWSとTerraformを用いたインフラ自動化が専門。大規模サービスの信頼性向上とコスト最適化に取り組んでいます。', 'IT・通信', 'フルタイム', 'open'),
  ('10000000-0000-0000-0000-000000000063', 'line_seed_099', 'line', 'aiko_kawaguchi', '川口愛子', 'kawaguchi_a@example.com', '川口愛子', true, '#9B6BD6',
   '品質管理 / ISMSコンサルタント', '神戸市', '情報セキュリティマネジメントシステムの構築と運用支援が専門。ISMS認証取得のコンサルティング経験が豊富です。', 'IT・通信', 'フルタイム', 'active'),
  ('10000000-0000-0000-0000-000000000064', 'line_seed_100', 'line', 'daichi_murakami', '村上大地', 'murakami_d@example.com', '村上大地', true, '#D6C16B',
   'バックエンドエンジニア', '横浜市', 'GoとPostgreSQLを中心としたAPI開発に従事。マイクロサービスアーキテクチャの設計と性能チューニングが得意です。', 'IT・通信', 'フルタイム', 'open')
ON CONFLICT (line_id) DO NOTHING;

-- ============================================================
-- 職歴
-- ============================================================
DELETE FROM experiences WHERE user_id IN (
  '10000000-0000-0000-0000-00000000005a',
  '10000000-0000-0000-0000-00000000005b',
  '10000000-0000-0000-0000-00000000005c',
  '10000000-0000-0000-0000-00000000005d',
  '10000000-0000-0000-0000-00000000005e',
  '10000000-0000-0000-0000-00000000005f',
  '10000000-0000-0000-0000-000000000060',
  '10000000-0000-0000-0000-000000000061',
  '10000000-0000-0000-0000-000000000062',
  '10000000-0000-0000-0000-000000000063',
  '10000000-0000-0000-0000-000000000064'
);
INSERT INTO experiences (id, user_id, company_name, title, start_year, start_month, end_year, end_month, is_current, description)
VALUES
  ('e005a000-0000-0000-0000-000000000001', '10000000-0000-0000-0000-00000000005a', '株式会社ビッグデータワークス', 'シニアデータエンジニア', 2021, 4, NULL, NULL, true,
   'Scala/Sparkによるリアルタイムデータパイプラインの設計・構築を主導。日次10TBのデータを処理する基盤を運用。'),
  ('e005a000-0000-0000-0000-000000000002', '10000000-0000-0000-0000-00000000005a', '株式会社データストリーム', 'データエンジニア', 2018, 4, 2021, 3, false,
   'Snowflakeを用いたデータウェアハウスの構築とETLパイプラインの開発を担当。'),
  ('e005b000-0000-0000-0000-000000000001', '10000000-0000-0000-0000-00000000005b', '株式会社マーケットインサイト', 'データアナリスト', 2020, 10, NULL, NULL, true,
   'マーケティングデータの分析とダッシュボード構築を担当。Rと統計モデリングを用いた需要予測で売上15%向上に貢献。'),
  ('e005c000-0000-0000-0000-000000000001', '10000000-0000-0000-0000-00000000005c', '株式会社テックコーポレーション', '情シスマネージャー', 2020, 7, NULL, NULL, true,
   '従業員300名規模の社内IT基盤を統括。ゼロトラストアーキテクチャの導入とSaaS管理の最適化を推進。'),
  ('e005c000-0000-0000-0000-000000000002', '10000000-0000-0000-0000-00000000005c', '株式会社ITサポートプロ', 'インフラエンジニア', 2017, 4, 2020, 6, false,
   '顧客企業向けのオンプレミス環境からクラウド移行プロジェクトを担当。'),
  ('e005d000-0000-0000-0000-000000000001', '10000000-0000-0000-0000-00000000005d', '株式会社ウェブプランニング', 'Webディレクター', 2019, 4, NULL, NULL, true,
   'コーポレートサイトやサービスサイトのリニューアルプロジェクトを統括。年間20件以上のプロジェクトをディレクション。'),
  ('e005e000-0000-0000-0000-000000000001', '10000000-0000-0000-0000-00000000005e', '株式会社モーションラボ', 'モーションデザイナー', 2021, 1, NULL, NULL, true,
   'ブランドムービーとプロダクトUIアニメーションの制作を担当。大手企業のプロモーション映像を多数手がける。'),
  ('e005e000-0000-0000-0000-000000000002', '10000000-0000-0000-0000-00000000005e', 'フリーランス', '映像クリエイター', 2018, 4, 2020, 12, false,
   'YouTubeチャンネルやSNS向けの映像制作を受託。モーショングラフィックスを中心に年間50本以上を制作。'),
  ('e005f000-0000-0000-0000-000000000001', '10000000-0000-0000-0000-00000000005f', '株式会社リーガルテック', 'リーガルマネージャー', 2021, 4, NULL, NULL, true,
   'スタートアップの法務全般を統括。資金調達時の契約交渉、特許出願戦略の策定、コンプライアンス体制の整備を主導。'),
  ('e005f000-0000-0000-0000-000000000002', '10000000-0000-0000-0000-00000000005f', '法律事務所パートナーズ', 'アソシエイト弁護士', 2017, 10, 2021, 3, false,
   'IT企業を中心とした契約法務と知的財産法務を担当。スタートアップの法的支援に多数関与。'),
  ('e0060000-0000-0000-0000-000000000001', '10000000-0000-0000-0000-000000000060', '株式会社ウェブクラフト東北', 'フルスタックエンジニア', 2020, 4, NULL, NULL, true,
   'Node.js/React/GraphQLを用いたWebアプリケーションの設計・開発を担当。社内の技術標準策定にも関与。'),
  ('e0060000-0000-0000-0000-000000000002', '10000000-0000-0000-0000-000000000060', '株式会社システムブリッジ', 'Webエンジニア', 2018, 4, 2020, 3, false,
   'PHPとjQueryを用いた業務システムの開発・保守を担当。'),
  ('e0061000-0000-0000-0000-000000000001', '10000000-0000-0000-0000-000000000061', '株式会社プロダクトスタジオ', 'プロダクトデザイナー', 2020, 7, NULL, NULL, true,
   'BtoB SaaSプロダクトのUI/UXデザインを担当。デザインシステムの構築とユーザーリサーチを主導。'),
  ('e0062000-0000-0000-0000-000000000001', '10000000-0000-0000-0000-000000000062', '株式会社クラウドリライアンス', 'SRE', 2021, 1, NULL, NULL, true,
   'AWS上のマイクロサービス基盤のSREを担当。Terraformによるインフラのコード化と可用性99.95%の維持を実現。'),
  ('e0062000-0000-0000-0000-000000000002', '10000000-0000-0000-0000-000000000062', '株式会社サーバーテック', 'インフラエンジニア', 2018, 4, 2020, 12, false,
   'オンプレミスとクラウドのハイブリッド環境の設計・運用を担当。'),
  ('e0063000-0000-0000-0000-000000000001', '10000000-0000-0000-0000-000000000063', '株式会社セキュリティガード', 'ISMSコンサルタント', 2019, 10, NULL, NULL, true,
   'ISMS認証取得支援を中心に、企業のセキュリティ体制構築をコンサルティング。累計30社以上の認証取得を支援。'),
  ('e0064000-0000-0000-0000-000000000001', '10000000-0000-0000-0000-000000000064', '株式会社マイクロテック', 'バックエンドエンジニア', 2020, 10, NULL, NULL, true,
   'GoとPostgreSQLを用いたマイクロサービスAPIの設計・開発を主導。秒間1万リクエストを処理する決済基盤を構築。'),
  ('e0064000-0000-0000-0000-000000000002', '10000000-0000-0000-0000-000000000064', '株式会社ウェブシステム', 'サーバーサイドエンジニア', 2017, 4, 2020, 9, false,
   'Ruby on Railsを用いたWebサービスの開発。REST APIの設計と実装を担当。')
;

-- ============================================================
-- 学歴
-- ============================================================
DELETE FROM educations WHERE user_id IN (
  '10000000-0000-0000-0000-00000000005a',
  '10000000-0000-0000-0000-00000000005b',
  '10000000-0000-0000-0000-00000000005c',
  '10000000-0000-0000-0000-00000000005d',
  '10000000-0000-0000-0000-00000000005e',
  '10000000-0000-0000-0000-00000000005f',
  '10000000-0000-0000-0000-000000000060',
  '10000000-0000-0000-0000-000000000061',
  '10000000-0000-0000-0000-000000000062',
  '10000000-0000-0000-0000-000000000063',
  '10000000-0000-0000-0000-000000000064'
);
INSERT INTO educations (id, user_id, school, degree, start_year, end_year)
VALUES
  ('f005a000-0000-0000-0000-000000000001', '10000000-0000-0000-0000-00000000005a', '東京大学大学院', '情報理工学系研究科', 2016, 2018),
  ('f005b000-0000-0000-0000-000000000001', '10000000-0000-0000-0000-00000000005b', '北海道大学', '理学部数学科', 2016, 2020),
  ('f005c000-0000-0000-0000-000000000001', '10000000-0000-0000-0000-00000000005c', '名古屋工業大学', '工学部情報工学科', 2013, 2017),
  ('f005d000-0000-0000-0000-000000000001', '10000000-0000-0000-0000-00000000005d', '関西大学', '社会学部メディア専攻', 2015, 2019),
  ('f005e000-0000-0000-0000-000000000001', '10000000-0000-0000-0000-00000000005e', '九州産業大学', '芸術学部映像学科', 2014, 2018),
  ('f005f000-0000-0000-0000-000000000001', '10000000-0000-0000-0000-00000000005f', '京都大学', '法学部', 2013, 2017),
  ('f0060000-0000-0000-0000-000000000001', '10000000-0000-0000-0000-000000000060', '東北大学', '工学部情報知能システム総合学科', 2014, 2018),
  ('f0061000-0000-0000-0000-000000000001', '10000000-0000-0000-0000-000000000061', '京都工芸繊維大学', 'デザイン・建築学課程', 2016, 2020),
  ('f0062000-0000-0000-0000-000000000001', '10000000-0000-0000-0000-000000000062', '広島大学', '工学部第二類情報工学系', 2014, 2018),
  ('f0063000-0000-0000-0000-000000000001', '10000000-0000-0000-0000-000000000063', '神戸大学', '経営学部', 2015, 2019),
  ('f0064000-0000-0000-0000-000000000001', '10000000-0000-0000-0000-000000000064', '横浜国立大学', '理工学部情報工学科', 2013, 2017)
;

-- ============================================================
-- ユーザースキル
-- ============================================================

-- ============================================================
-- Work Values 診断データ
-- ============================================================

-- 90: 森本剛 (データエンジニア) - 技術力・自律性重視
INSERT INTO work_values_sessions (id, user_id, circular_triads, consistency_coefficient, consistency_level, purpose)
VALUES ('3005a000-0000-0000-0000-000000000001', '10000000-0000-0000-0000-00000000005a', 30, 0.922, 'high', 'general')
ON CONFLICT DO NOTHING;

INSERT INTO work_needs_scores (session_id, need_id, mu, se, display_score, rank) VALUES
  ('3005a000-0000-0000-0000-000000000001',  1,   2.0, 0.34,  88.1,  1),  -- ability_utilization
  ('3005a000-0000-0000-0000-000000000001',  2,   1.5, 0.33,  81.8,  3),  -- achievement
  ('3005a000-0000-0000-0000-000000000001',  3,  -0.3, 0.29,  42.6, 12),  -- activity
  ('3005a000-0000-0000-0000-000000000001',  4,   0.5, 0.30,  62.2,  7),  -- advancement
  ('3005a000-0000-0000-0000-000000000001',  5,  -1.0, 0.31,  26.9, 17),  -- authority
  ('3005a000-0000-0000-0000-000000000001',  6,   1.8, 0.33,  85.8,  2),  -- autonomy
  ('3005a000-0000-0000-0000-000000000001',  7,  -0.2, 0.29,  45.0, 11),  -- company_policies
  ('3005a000-0000-0000-0000-000000000001',  8,   0.4, 0.29,  59.9,  8),  -- compensation
  ('3005a000-0000-0000-0000-000000000001',  9,   0.3, 0.29,  57.4,  9),  -- co_workers
  ('3005a000-0000-0000-0000-000000000001', 10,   1.2, 0.32,  76.9,  4),  -- creativity
  ('3005a000-0000-0000-0000-000000000001', 11,   1.0, 0.31,  73.1,  5),  -- independence
  ('3005a000-0000-0000-0000-000000000001', 12,   0.0, 0.28,  50.0, 10),  -- moral_values
  ('3005a000-0000-0000-0000-000000000001', 13,  -0.4, 0.29,  40.1, 13),  -- recognition
  ('3005a000-0000-0000-0000-000000000001', 14,   0.8, 0.30,  69.0,  6),  -- responsibility
  ('3005a000-0000-0000-0000-000000000001', 15,  -0.6, 0.30,  35.4, 15),  -- security
  ('3005a000-0000-0000-0000-000000000001', 16,  -0.1, 0.28,  47.5, 14),  -- social_service (fix: should be rank 14, after recognition)
  ('3005a000-0000-0000-0000-000000000001', 17,  -1.3, 0.32,  21.4, 19),  -- social_status
  ('3005a000-0000-0000-0000-000000000001', 18,  -0.5, 0.30,  37.8, 16),  -- supervision_hr (fix: rank 16, after security at 15)
  ('3005a000-0000-0000-0000-000000000001', 19,  -0.8, 0.30,  31.0, 18),  -- supervision_technical (fix: rank 18)
  ('3005a000-0000-0000-0000-000000000001', 20,  -1.5, 0.33,  18.2, 20),  -- variety
  ('3005a000-0000-0000-0000-000000000001', 21,  -1.8, 0.33,  14.2, 21)   -- working_conditions
ON CONFLICT DO NOTHING;

INSERT INTO work_values_scores (session_id, value_id, mu, display_score, rank) VALUES
  ('3005a000-0000-0000-0000-000000000001', 'achievement', 1.75, 85.2, 1),
  ('3005a000-0000-0000-0000-000000000001', 'autonomy', 1.27, 78.0, 2),
  ('3005a000-0000-0000-0000-000000000001', 'altruism', 0.07, 51.7, 3),
  ('3005a000-0000-0000-0000-000000000001', 'comfort', -0.47, 38.5, 4),
  ('3005a000-0000-0000-0000-000000000001', 'safety', -0.5, 37.8, 5),
  ('3005a000-0000-0000-0000-000000000001', 'status', -0.55, 36.6, 6)
ON CONFLICT DO NOTHING;

UPDATE users SET wv_vector = '[2.0,1.5,-0.3,0.5,-1.0,1.8,-0.2,0.4,0.3,1.2,1.0,0.0,-0.4,0.8,-0.6,-0.1,-1.3,-0.5,-0.8,-1.5,-1.8]'
WHERE id = '10000000-0000-0000-0000-00000000005a';

-- 91: 西田千尋 (データアナリスト) - 安定・協調性重視
INSERT INTO work_values_sessions (id, user_id, circular_triads, consistency_coefficient, consistency_level, purpose)
VALUES ('3005b000-0000-0000-0000-000000000001', '10000000-0000-0000-0000-00000000005b', 35, 0.909, 'high', 'general')
ON CONFLICT DO NOTHING;

INSERT INTO work_needs_scores (session_id, need_id, mu, se, display_score, rank) VALUES
  ('3005b000-0000-0000-0000-000000000001',  1,   0.8, 0.30,  69.0,  5),  -- ability_utilization
  ('3005b000-0000-0000-0000-000000000001',  2,   0.5, 0.30,  62.2,  8),  -- achievement
  ('3005b000-0000-0000-0000-000000000001',  3,   0.2, 0.29,  55.0, 11),  -- activity
  ('3005b000-0000-0000-0000-000000000001',  4,   0.3, 0.29,  57.4, 10),  -- advancement
  ('3005b000-0000-0000-0000-000000000001',  5,  -1.5, 0.33,  18.2, 20),  -- authority
  ('3005b000-0000-0000-0000-000000000001',  6,   0.5, 0.30,  62.2,  9),  -- autonomy
  ('3005b000-0000-0000-0000-000000000001',  7,   0.8, 0.30,  69.0,  6),  -- company_policies
  ('3005b000-0000-0000-0000-000000000001',  8,   0.6, 0.30,  64.6,  7),  -- compensation
  ('3005b000-0000-0000-0000-000000000001',  9,   1.8, 0.33,  85.8,  1),  -- co_workers
  ('3005b000-0000-0000-0000-000000000001', 10,   0.0, 0.28,  50.0, 13),  -- creativity
  ('3005b000-0000-0000-0000-000000000001', 11,  -0.3, 0.29,  42.6, 14),  -- independence
  ('3005b000-0000-0000-0000-000000000001', 12,   1.0, 0.31,  73.1,  4),  -- moral_values
  ('3005b000-0000-0000-0000-000000000001', 13,   0.0, 0.28,  50.0, 12),  -- recognition
  ('3005b000-0000-0000-0000-000000000001', 14,  -0.3, 0.29,  42.6, 15),  -- responsibility
  ('3005b000-0000-0000-0000-000000000001', 15,   1.5, 0.33,  81.8,  2),  -- security
  ('3005b000-0000-0000-0000-000000000001', 16,   1.2, 0.32,  76.9,  3),  -- social_service
  ('3005b000-0000-0000-0000-000000000001', 17,  -1.8, 0.33,  14.2, 21),  -- social_status
  ('3005b000-0000-0000-0000-000000000001', 18,  -0.5, 0.30,  37.8, 16),  -- supervision_hr
  ('3005b000-0000-0000-0000-000000000001', 19,  -0.8, 0.30,  31.0, 17),  -- supervision_technical
  ('3005b000-0000-0000-0000-000000000001', 20,  -1.0, 0.31,  26.9, 18),  -- variety
  ('3005b000-0000-0000-0000-000000000001', 21,  -1.2, 0.32,  23.1, 19)   -- working_conditions
ON CONFLICT DO NOTHING;

INSERT INTO work_values_scores (session_id, value_id, mu, display_score, rank) VALUES
  ('3005b000-0000-0000-0000-000000000001', 'altruism', 1.33, 79.1, 1),
  ('3005b000-0000-0000-0000-000000000001', 'achievement', 0.65, 65.7, 2),
  ('3005b000-0000-0000-0000-000000000001', 'autonomy', 0.07, 51.7, 3),
  ('3005b000-0000-0000-0000-000000000001', 'comfort', -0.03, 49.2, 4),
  ('3005b000-0000-0000-0000-000000000001', 'safety', -0.17, 45.8, 5),
  ('3005b000-0000-0000-0000-000000000001', 'status', -0.75, 32.1, 6)
ON CONFLICT DO NOTHING;

UPDATE users SET wv_vector = '[0.8,0.5,0.2,0.3,-1.5,0.5,0.8,0.6,1.8,0.0,-0.3,1.0,0.0,-0.3,1.5,1.2,-1.8,-0.5,-0.8,-1.0,-1.2]'
WHERE id = '10000000-0000-0000-0000-00000000005b';

-- 92: 本田和也 (情シス) - 安定・制度・セキュリティ重視
INSERT INTO work_values_sessions (id, user_id, circular_triads, consistency_coefficient, consistency_level, purpose)
VALUES ('3005c000-0000-0000-0000-000000000001', '10000000-0000-0000-0000-00000000005c', 32, 0.917, 'high', 'general')
ON CONFLICT DO NOTHING;

INSERT INTO work_needs_scores (session_id, need_id, mu, se, display_score, rank) VALUES
  ('3005c000-0000-0000-0000-000000000001',  1,   0.5, 0.30,  62.2,  7),  -- ability_utilization
  ('3005c000-0000-0000-0000-000000000001',  2,   0.3, 0.29,  57.4,  9),  -- achievement
  ('3005c000-0000-0000-0000-000000000001',  3,   0.5, 0.30,  62.2,  8),  -- activity
  ('3005c000-0000-0000-0000-000000000001',  4,   0.0, 0.28,  50.0, 11),  -- advancement
  ('3005c000-0000-0000-0000-000000000001',  5,  -0.5, 0.30,  37.8, 16),  -- authority
  ('3005c000-0000-0000-0000-000000000001',  6,  -0.2, 0.29,  45.0, 13),  -- autonomy
  ('3005c000-0000-0000-0000-000000000001',  7,   1.8, 0.33,  85.8,  1),  -- company_policies
  ('3005c000-0000-0000-0000-000000000001',  8,   1.0, 0.31,  73.1,  4),  -- compensation
  ('3005c000-0000-0000-0000-000000000001',  9,   0.8, 0.30,  69.0,  5),  -- co_workers
  ('3005c000-0000-0000-0000-000000000001', 10,  -0.5, 0.30,  37.8, 17),  -- creativity
  ('3005c000-0000-0000-0000-000000000001', 11,  -0.3, 0.29,  42.6, 14),  -- independence
  ('3005c000-0000-0000-0000-000000000001', 12,   0.8, 0.30,  69.0,  6),  -- moral_values
  ('3005c000-0000-0000-0000-000000000001', 13,   0.0, 0.28,  50.0, 12),  -- recognition
  ('3005c000-0000-0000-0000-000000000001', 14,  -0.3, 0.29,  42.6, 15),  -- responsibility
  ('3005c000-0000-0000-0000-000000000001', 15,   1.5, 0.33,  81.8,  2),  -- security
  ('3005c000-0000-0000-0000-000000000001', 16,   0.0, 0.28,  50.0, 10),  -- social_service
  ('3005c000-0000-0000-0000-000000000001', 17,  -1.0, 0.31,  26.9, 19),  -- social_status
  ('3005c000-0000-0000-0000-000000000001', 18,   1.2, 0.32,  76.9,  3),  -- supervision_hr
  ('3005c000-0000-0000-0000-000000000001', 19,  -0.8, 0.30,  31.0, 18),  -- supervision_technical
  ('3005c000-0000-0000-0000-000000000001', 20,  -1.5, 0.33,  18.2, 20),  -- variety
  ('3005c000-0000-0000-0000-000000000001', 21,  -1.8, 0.33,  14.2, 21)   -- working_conditions
ON CONFLICT DO NOTHING;

INSERT INTO work_values_scores (session_id, value_id, mu, display_score, rank) VALUES
  ('3005c000-0000-0000-0000-000000000001', 'safety', 0.73, 67.6, 1),
  ('3005c000-0000-0000-0000-000000000001', 'altruism', 0.53, 63.0, 2),
  ('3005c000-0000-0000-0000-000000000001', 'achievement', 0.4, 59.9, 3),
  ('3005c000-0000-0000-0000-000000000001', 'comfort', -0.1, 47.5, 4),
  ('3005c000-0000-0000-0000-000000000001', 'autonomy', -0.33, 41.7, 5),
  ('3005c000-0000-0000-0000-000000000001', 'status', -0.38, 40.7, 6)
ON CONFLICT DO NOTHING;

UPDATE users SET wv_vector = '[0.5,0.3,0.5,0.0,-0.5,-0.2,1.8,1.0,0.8,-0.5,-0.3,0.8,0.0,-0.3,1.5,0.0,-1.0,1.2,-0.8,-1.5,-1.8]'
WHERE id = '10000000-0000-0000-0000-00000000005c';

-- 93: 上野真由 (Webディレクター) - 協調・社会貢献・創造性重視
INSERT INTO work_values_sessions (id, user_id, circular_triads, consistency_coefficient, consistency_level, purpose)
VALUES ('3005d000-0000-0000-0000-000000000001', '10000000-0000-0000-0000-00000000005d', 33, 0.914, 'high', 'general')
ON CONFLICT DO NOTHING;

INSERT INTO work_needs_scores (session_id, need_id, mu, se, display_score, rank) VALUES
  ('3005d000-0000-0000-0000-000000000001',  1,   0.8, 0.30,  69.0,  6),  -- ability_utilization
  ('3005d000-0000-0000-0000-000000000001',  2,   0.5, 0.30,  62.2,  8),  -- achievement
  ('3005d000-0000-0000-0000-000000000001',  3,   0.3, 0.29,  57.4, 10),  -- activity
  ('3005d000-0000-0000-0000-000000000001',  4,   0.0, 0.28,  50.0, 12),  -- advancement
  ('3005d000-0000-0000-0000-000000000001',  5,  -1.2, 0.32,  23.1, 19),  -- authority
  ('3005d000-0000-0000-0000-000000000001',  6,   0.5, 0.30,  62.2,  9),  -- autonomy
  ('3005d000-0000-0000-0000-000000000001',  7,   0.0, 0.28,  50.0, 11),  -- company_policies
  ('3005d000-0000-0000-0000-000000000001',  8,  -0.2, 0.29,  45.0, 13),  -- compensation
  ('3005d000-0000-0000-0000-000000000001',  9,   1.8, 0.33,  85.8,  1),  -- co_workers
  ('3005d000-0000-0000-0000-000000000001', 10,   1.5, 0.33,  81.8,  2),  -- creativity
  ('3005d000-0000-0000-0000-000000000001', 11,  -0.5, 0.30,  37.8, 15),  -- independence
  ('3005d000-0000-0000-0000-000000000001', 12,   0.8, 0.30,  69.0,  7),  -- moral_values
  ('3005d000-0000-0000-0000-000000000001', 13,  -0.3, 0.29,  42.6, 14),  -- recognition
  ('3005d000-0000-0000-0000-000000000001', 14,   1.0, 0.31,  73.1,  4),  -- responsibility
  ('3005d000-0000-0000-0000-000000000001', 15,  -0.5, 0.30,  37.8, 16),  -- security
  ('3005d000-0000-0000-0000-000000000001', 16,   1.2, 0.32,  76.9,  3),  -- social_service
  ('3005d000-0000-0000-0000-000000000001', 17,  -1.5, 0.33,  18.2, 20),  -- social_status
  ('3005d000-0000-0000-0000-000000000001', 18,  -0.8, 0.30,  31.0, 17),  -- supervision_hr
  ('3005d000-0000-0000-0000-000000000001', 19,  -1.0, 0.31,  26.9, 18),  -- supervision_technical
  ('3005d000-0000-0000-0000-000000000001', 20,   1.0, 0.31,  73.1,  5),  -- variety
  ('3005d000-0000-0000-0000-000000000001', 21,  -1.8, 0.33,  14.2, 21)   -- working_conditions
ON CONFLICT DO NOTHING;

INSERT INTO work_values_scores (session_id, value_id, mu, display_score, rank) VALUES
  ('3005d000-0000-0000-0000-000000000001', 'altruism', 1.27, 78.0, 1),
  ('3005d000-0000-0000-0000-000000000001', 'autonomy', 1.0, 73.1, 2),
  ('3005d000-0000-0000-0000-000000000001', 'achievement', 0.65, 65.7, 3),
  ('3005d000-0000-0000-0000-000000000001', 'comfort', -0.28, 43.0, 4),
  ('3005d000-0000-0000-0000-000000000001', 'safety', -0.6, 35.4, 5),
  ('3005d000-0000-0000-0000-000000000001', 'status', -0.75, 32.1, 6)
ON CONFLICT DO NOTHING;

UPDATE users SET wv_vector = '[0.8,0.5,0.3,0.0,-1.2,0.5,0.0,-0.2,1.8,1.5,-0.5,0.8,-0.3,1.0,-0.5,1.2,-1.5,-0.8,-1.0,1.0,-1.8]'
WHERE id = '10000000-0000-0000-0000-00000000005d';

-- 94: 池田蒼 (モーションデザイナー) - 創造性・自律性・多様性重視
INSERT INTO work_values_sessions (id, user_id, circular_triads, consistency_coefficient, consistency_level, purpose)
VALUES ('3005e000-0000-0000-0000-000000000001', '10000000-0000-0000-0000-00000000005e', 28, 0.927, 'high', 'general')
ON CONFLICT DO NOTHING;

INSERT INTO work_needs_scores (session_id, need_id, mu, se, display_score, rank) VALUES
  ('3005e000-0000-0000-0000-000000000001',  1,   1.5, 0.33,  81.8,  3),  -- ability_utilization
  ('3005e000-0000-0000-0000-000000000001',  2,   0.8, 0.30,  69.0,  6),  -- achievement
  ('3005e000-0000-0000-0000-000000000001',  3,  -0.2, 0.29,  45.0, 12),  -- activity
  ('3005e000-0000-0000-0000-000000000001',  4,  -0.5, 0.30,  37.8, 15),  -- advancement
  ('3005e000-0000-0000-0000-000000000001',  5,  -1.5, 0.33,  18.2, 19),  -- authority
  ('3005e000-0000-0000-0000-000000000001',  6,   2.0, 0.34,  88.1,  2),  -- autonomy
  ('3005e000-0000-0000-0000-000000000001',  7,  -0.5, 0.30,  37.8, 16),  -- company_policies
  ('3005e000-0000-0000-0000-000000000001',  8,  -0.3, 0.29,  42.6, 13),  -- compensation
  ('3005e000-0000-0000-0000-000000000001',  9,   0.5, 0.30,  62.2,  8),  -- co_workers
  ('3005e000-0000-0000-0000-000000000001', 10,   2.5, 0.36,  92.4,  1),  -- creativity
  ('3005e000-0000-0000-0000-000000000001', 11,   1.0, 0.31,  73.1,  5),  -- independence
  ('3005e000-0000-0000-0000-000000000001', 12,   0.3, 0.29,  57.4,  9),  -- moral_values
  ('3005e000-0000-0000-0000-000000000001', 13,  -0.3, 0.29,  42.6, 14),  -- recognition
  ('3005e000-0000-0000-0000-000000000001', 14,   0.0, 0.28,  50.0, 11),  -- responsibility
  ('3005e000-0000-0000-0000-000000000001', 15,  -1.0, 0.31,  26.9, 17),  -- security
  ('3005e000-0000-0000-0000-000000000001', 16,   0.2, 0.29,  55.0, 10),  -- social_service
  ('3005e000-0000-0000-0000-000000000001', 17,  -2.0, 0.34,  11.9, 21),  -- social_status
  ('3005e000-0000-0000-0000-000000000001', 18,  -1.2, 0.32,  23.1, 18),  -- supervision_hr
  ('3005e000-0000-0000-0000-000000000001', 19,  -1.5, 0.33,  18.2, 20),  -- supervision_technical
  ('3005e000-0000-0000-0000-000000000001', 20,   1.2, 0.32,  76.9,  4),  -- variety
  ('3005e000-0000-0000-0000-000000000001', 21,   0.5, 0.30,  62.2,  7)   -- working_conditions
ON CONFLICT DO NOTHING;

INSERT INTO work_values_scores (session_id, value_id, mu, display_score, rank) VALUES
  ('3005e000-0000-0000-0000-000000000001', 'autonomy', 1.5, 81.8, 1),
  ('3005e000-0000-0000-0000-000000000001', 'achievement', 1.15, 76.0, 2),
  ('3005e000-0000-0000-0000-000000000001', 'altruism', 0.33, 58.3, 3),
  ('3005e000-0000-0000-0000-000000000001', 'comfort', 0.2, 55.0, 4),
  ('3005e000-0000-0000-0000-000000000001', 'status', -1.07, 25.4, 5),
  ('3005e000-0000-0000-0000-000000000001', 'safety', -1.07, 25.6, 6)
ON CONFLICT DO NOTHING;

UPDATE users SET wv_vector = '[1.5,0.8,-0.2,-0.5,-1.5,2.0,-0.5,-0.3,0.5,2.5,1.0,0.3,-0.3,0.0,-1.0,0.2,-2.0,-1.2,-1.5,1.2,0.5]'
WHERE id = '10000000-0000-0000-0000-00000000005e';

-- 95: 島田悠花 (法務) - 道徳・安定・制度重視
INSERT INTO work_values_sessions (id, user_id, circular_triads, consistency_coefficient, consistency_level, purpose)
VALUES ('3005f000-0000-0000-0000-000000000001', '10000000-0000-0000-0000-00000000005f', 31, 0.919, 'high', 'general')
ON CONFLICT DO NOTHING;

INSERT INTO work_needs_scores (session_id, need_id, mu, se, display_score, rank) VALUES
  ('3005f000-0000-0000-0000-000000000001',  1,   0.8, 0.30,  69.0,  6),  -- ability_utilization
  ('3005f000-0000-0000-0000-000000000001',  2,   0.5, 0.30,  62.2,  8),  -- achievement
  ('3005f000-0000-0000-0000-000000000001',  3,  -0.2, 0.29,  45.0, 13),  -- activity
  ('3005f000-0000-0000-0000-000000000001',  4,   0.3, 0.29,  57.4, 10),  -- advancement
  ('3005f000-0000-0000-0000-000000000001',  5,  -0.8, 0.30,  31.0, 17),  -- authority
  ('3005f000-0000-0000-0000-000000000001',  6,   0.5, 0.30,  62.2,  9),  -- autonomy
  ('3005f000-0000-0000-0000-000000000001',  7,   1.5, 0.33,  81.8,  2),  -- company_policies
  ('3005f000-0000-0000-0000-000000000001',  8,   0.8, 0.30,  69.0,  7),  -- compensation
  ('3005f000-0000-0000-0000-000000000001',  9,   0.0, 0.28,  50.0, 11),  -- co_workers
  ('3005f000-0000-0000-0000-000000000001', 10,  -0.5, 0.30,  37.8, 15),  -- creativity
  ('3005f000-0000-0000-0000-000000000001', 11,   1.0, 0.31,  73.1,  4),  -- independence
  ('3005f000-0000-0000-0000-000000000001', 12,   2.0, 0.34,  88.1,  1),  -- moral_values
  ('3005f000-0000-0000-0000-000000000001', 13,  -0.2, 0.29,  45.0, 14),  -- recognition
  ('3005f000-0000-0000-0000-000000000001', 14,   1.0, 0.31,  73.1,  5),  -- responsibility
  ('3005f000-0000-0000-0000-000000000001', 15,   1.2, 0.32,  76.9,  3),  -- security
  ('3005f000-0000-0000-0000-000000000001', 16,   0.0, 0.28,  50.0, 12),  -- social_service
  ('3005f000-0000-0000-0000-000000000001', 17,  -1.2, 0.32,  23.1, 19),  -- social_status
  ('3005f000-0000-0000-0000-000000000001', 18,  -0.5, 0.30,  37.8, 16),  -- supervision_hr
  ('3005f000-0000-0000-0000-000000000001', 19,  -1.0, 0.31,  26.9, 18),  -- supervision_technical
  ('3005f000-0000-0000-0000-000000000001', 20,  -1.5, 0.33,  18.2, 20),  -- variety
  ('3005f000-0000-0000-0000-000000000001', 21,  -1.8, 0.33,  14.2, 21)   -- working_conditions
ON CONFLICT DO NOTHING;

INSERT INTO work_values_scores (session_id, value_id, mu, display_score, rank) VALUES
  ('3005f000-0000-0000-0000-000000000001', 'altruism', 0.67, 66.1, 1),
  ('3005f000-0000-0000-0000-000000000001', 'achievement', 0.65, 65.7, 2),
  ('3005f000-0000-0000-0000-000000000001', 'autonomy', 0.33, 58.3, 3),
  ('3005f000-0000-0000-0000-000000000001', 'safety', 0.0, 50.0, 4),
  ('3005f000-0000-0000-0000-000000000001', 'comfort', -0.08, 47.9, 5),
  ('3005f000-0000-0000-0000-000000000001', 'status', -0.47, 38.3, 6)
ON CONFLICT DO NOTHING;

UPDATE users SET wv_vector = '[0.8,0.5,-0.2,0.3,-0.8,0.5,1.5,0.8,0.0,-0.5,1.0,2.0,-0.2,1.0,1.2,0.0,-1.2,-0.5,-1.0,-1.5,-1.8]'
WHERE id = '10000000-0000-0000-0000-00000000005f';

-- 96: 藤本隼人 (フルスタック) - 技術力・創造性・達成感重視
INSERT INTO work_values_sessions (id, user_id, circular_triads, consistency_coefficient, consistency_level, purpose)
VALUES ('30060000-0000-0000-0000-000000000001', '10000000-0000-0000-0000-000000000060', 29, 0.925, 'high', 'general')
ON CONFLICT DO NOTHING;

INSERT INTO work_needs_scores (session_id, need_id, mu, se, display_score, rank) VALUES
  ('30060000-0000-0000-0000-000000000001',  1,   2.0, 0.34,  88.1,  1),  -- ability_utilization
  ('30060000-0000-0000-0000-000000000001',  2,   1.8, 0.33,  85.8,  2),  -- achievement
  ('30060000-0000-0000-0000-000000000001',  3,  -0.2, 0.29,  45.0, 12),  -- activity
  ('30060000-0000-0000-0000-000000000001',  4,   0.8, 0.30,  69.0,  6),  -- advancement
  ('30060000-0000-0000-0000-000000000001',  5,  -1.0, 0.31,  26.9, 17),  -- authority
  ('30060000-0000-0000-0000-000000000001',  6,   1.5, 0.33,  81.8,  3),  -- autonomy
  ('30060000-0000-0000-0000-000000000001',  7,  -0.3, 0.29,  42.6, 13),  -- company_policies
  ('30060000-0000-0000-0000-000000000001',  8,   0.3, 0.29,  57.4,  9),  -- compensation
  ('30060000-0000-0000-0000-000000000001',  9,   0.5, 0.30,  62.2,  8),  -- co_workers
  ('30060000-0000-0000-0000-000000000001', 10,   1.2, 0.32,  76.9,  4),  -- creativity
  ('30060000-0000-0000-0000-000000000001', 11,   0.5, 0.30,  62.2,  7),  -- independence
  ('30060000-0000-0000-0000-000000000001', 12,   0.0, 0.28,  50.0, 11),  -- moral_values
  ('30060000-0000-0000-0000-000000000001', 13,  -0.5, 0.30,  37.8, 14),  -- recognition
  ('30060000-0000-0000-0000-000000000001', 14,   1.0, 0.31,  73.1,  5),  -- responsibility
  ('30060000-0000-0000-0000-000000000001', 15,  -0.5, 0.30,  37.8, 15),  -- security
  ('30060000-0000-0000-0000-000000000001', 16,   0.2, 0.29,  55.0, 10),  -- social_service
  ('30060000-0000-0000-0000-000000000001', 17,  -1.5, 0.33,  18.2, 20),  -- social_status
  ('30060000-0000-0000-0000-000000000001', 18,  -0.8, 0.30,  31.0, 16),  -- supervision_hr
  ('30060000-0000-0000-0000-000000000001', 19,  -1.0, 0.31,  26.9, 18),  -- supervision_technical
  ('30060000-0000-0000-0000-000000000001', 20,  -1.2, 0.32,  23.1, 19),  -- variety
  ('30060000-0000-0000-0000-000000000001', 21,  -1.8, 0.33,  14.2, 21)   -- working_conditions
ON CONFLICT DO NOTHING;

INSERT INTO work_values_scores (session_id, value_id, mu, display_score, rank) VALUES
  ('30060000-0000-0000-0000-000000000001', 'achievement', 1.9, 87.0, 1),
  ('30060000-0000-0000-0000-000000000001', 'autonomy', 1.23, 77.4, 2),
  ('30060000-0000-0000-0000-000000000001', 'altruism', 0.23, 55.8, 3),
  ('30060000-0000-0000-0000-000000000001', 'comfort', -0.48, 38.1, 4),
  ('30060000-0000-0000-0000-000000000001', 'status', -0.55, 36.6, 5),
  ('30060000-0000-0000-0000-000000000001', 'safety', -0.7, 33.2, 6)
ON CONFLICT DO NOTHING;

UPDATE users SET wv_vector = '[2.0,1.8,-0.2,0.8,-1.0,1.5,-0.3,0.3,0.5,1.2,0.5,0.0,-0.5,1.0,-0.5,0.2,-1.5,-0.8,-1.0,-1.2,-1.8]'
WHERE id = '10000000-0000-0000-0000-000000000060';

-- 97: 岡本理沙 (プロダクトデザイナー) - 創造性・協調・社会貢献重視
INSERT INTO work_values_sessions (id, user_id, circular_triads, consistency_coefficient, consistency_level, purpose)
VALUES ('30061000-0000-0000-0000-000000000001', '10000000-0000-0000-0000-000000000061', 34, 0.912, 'high', 'general')
ON CONFLICT DO NOTHING;

INSERT INTO work_needs_scores (session_id, need_id, mu, se, display_score, rank) VALUES
  ('30061000-0000-0000-0000-000000000001',  1,   1.2, 0.32,  76.9,  4),  -- ability_utilization
  ('30061000-0000-0000-0000-000000000001',  2,   0.8, 0.30,  69.0,  6),  -- achievement
  ('30061000-0000-0000-0000-000000000001',  3,  -0.5, 0.30,  37.8, 15),  -- activity
  ('30061000-0000-0000-0000-000000000001',  4,   0.0, 0.28,  50.0, 11),  -- advancement
  ('30061000-0000-0000-0000-000000000001',  5,  -1.5, 0.33,  18.2, 19),  -- authority
  ('30061000-0000-0000-0000-000000000001',  6,   1.0, 0.31,  73.1,  5),  -- autonomy
  ('30061000-0000-0000-0000-000000000001',  7,   0.0, 0.28,  50.0, 10),  -- company_policies
  ('30061000-0000-0000-0000-000000000001',  8,  -0.3, 0.29,  42.6, 13),  -- compensation
  ('30061000-0000-0000-0000-000000000001',  9,   1.8, 0.33,  85.8,  2),  -- co_workers
  ('30061000-0000-0000-0000-000000000001', 10,   2.2, 0.35,  90.0,  1),  -- creativity
  ('30061000-0000-0000-0000-000000000001', 11,  -0.2, 0.29,  45.0, 12),  -- independence
  ('30061000-0000-0000-0000-000000000001', 12,   0.8, 0.30,  69.0,  7),  -- moral_values
  ('30061000-0000-0000-0000-000000000001', 13,   0.5, 0.30,  62.2,  8),  -- recognition
  ('30061000-0000-0000-0000-000000000001', 14,   0.3, 0.29,  57.4,  9),  -- responsibility
  ('30061000-0000-0000-0000-000000000001', 15,  -0.5, 0.30,  37.8, 16),  -- security
  ('30061000-0000-0000-0000-000000000001', 16,   1.5, 0.33,  81.8,  3),  -- social_service
  ('30061000-0000-0000-0000-000000000001', 17,  -1.8, 0.33,  14.2, 21),  -- social_status
  ('30061000-0000-0000-0000-000000000001', 18,  -0.8, 0.30,  31.0, 17),  -- supervision_hr
  ('30061000-0000-0000-0000-000000000001', 19,  -1.0, 0.31,  26.9, 18),  -- supervision_technical
  ('30061000-0000-0000-0000-000000000001', 20,  -0.5, 0.30,  37.8, 14),  -- variety
  ('30061000-0000-0000-0000-000000000001', 21,  -1.2, 0.32,  23.1, 20)   -- working_conditions
ON CONFLICT DO NOTHING;

INSERT INTO work_values_scores (session_id, value_id, mu, display_score, rank) VALUES
  ('30061000-0000-0000-0000-000000000001', 'altruism', 1.37, 79.7, 1),
  ('30061000-0000-0000-0000-000000000001', 'autonomy', 1.17, 76.3, 2),
  ('30061000-0000-0000-0000-000000000001', 'achievement', 1.0, 73.1, 3),
  ('30061000-0000-0000-0000-000000000001', 'comfort', -0.53, 37.0, 4),
  ('30061000-0000-0000-0000-000000000001', 'safety', -0.6, 35.4, 5),
  ('30061000-0000-0000-0000-000000000001', 'status', -0.7, 33.2, 6)
ON CONFLICT DO NOTHING;

UPDATE users SET wv_vector = '[1.2,0.8,-0.5,0.0,-1.5,1.0,0.0,-0.3,1.8,2.2,-0.2,0.8,0.5,0.3,-0.5,1.5,-1.8,-0.8,-1.0,-0.5,-1.2]'
WHERE id = '10000000-0000-0000-0000-000000000061';

-- 98: 井上智也 (SRE) - 技術力・自律性・独立性重視
INSERT INTO work_values_sessions (id, user_id, circular_triads, consistency_coefficient, consistency_level, purpose)
VALUES ('30062000-0000-0000-0000-000000000001', '10000000-0000-0000-0000-000000000062', 27, 0.930, 'high', 'general')
ON CONFLICT DO NOTHING;

INSERT INTO work_needs_scores (session_id, need_id, mu, se, display_score, rank) VALUES
  ('30062000-0000-0000-0000-000000000001',  1,   2.2, 0.35,  90.0,  1),  -- ability_utilization
  ('30062000-0000-0000-0000-000000000001',  2,   1.2, 0.32,  76.9,  4),  -- achievement
  ('30062000-0000-0000-0000-000000000001',  3,  -0.3, 0.29,  42.6, 13),  -- activity
  ('30062000-0000-0000-0000-000000000001',  4,   0.3, 0.29,  57.4,  8),  -- advancement
  ('30062000-0000-0000-0000-000000000001',  5,  -0.8, 0.30,  31.0, 17),  -- authority
  ('30062000-0000-0000-0000-000000000001',  6,   2.0, 0.34,  88.1,  2),  -- autonomy
  ('30062000-0000-0000-0000-000000000001',  7,  -0.2, 0.29,  45.0, 12),  -- company_policies
  ('30062000-0000-0000-0000-000000000001',  8,   0.5, 0.30,  62.2,  7),  -- compensation
  ('30062000-0000-0000-0000-000000000001',  9,   0.0, 0.28,  50.0, 10),  -- co_workers
  ('30062000-0000-0000-0000-000000000001', 10,   1.0, 0.31,  73.1,  5),  -- creativity
  ('30062000-0000-0000-0000-000000000001', 11,   1.5, 0.33,  81.8,  3),  -- independence
  ('30062000-0000-0000-0000-000000000001', 12,   0.0, 0.28,  50.0, 11),  -- moral_values
  ('30062000-0000-0000-0000-000000000001', 13,  -0.5, 0.30,  37.8, 14),  -- recognition
  ('30062000-0000-0000-0000-000000000001', 14,   0.8, 0.30,  69.0,  6),  -- responsibility
  ('30062000-0000-0000-0000-000000000001', 15,  -0.5, 0.30,  37.8, 15),  -- security
  ('30062000-0000-0000-0000-000000000001', 16,   0.2, 0.29,  55.0,  9),  -- social_service
  ('30062000-0000-0000-0000-000000000001', 17,  -1.5, 0.33,  18.2, 19),  -- social_status
  ('30062000-0000-0000-0000-000000000001', 18,  -0.8, 0.30,  31.0, 16),  -- supervision_hr
  ('30062000-0000-0000-0000-000000000001', 19,  -1.0, 0.31,  26.9, 18),  -- supervision_technical
  ('30062000-0000-0000-0000-000000000001', 20,  -1.8, 0.33,  14.2, 20),  -- variety
  ('30062000-0000-0000-0000-000000000001', 21,  -2.0, 0.34,  11.9, 21)   -- working_conditions
ON CONFLICT DO NOTHING;

INSERT INTO work_values_scores (session_id, value_id, mu, display_score, rank) VALUES
  ('30062000-0000-0000-0000-000000000001', 'achievement', 1.7, 84.6, 1),
  ('30062000-0000-0000-0000-000000000001', 'autonomy', 1.27, 78.0, 2),
  ('30062000-0000-0000-0000-000000000001', 'altruism', 0.07, 51.7, 3),
  ('30062000-0000-0000-0000-000000000001', 'comfort', -0.43, 39.3, 4),
  ('30062000-0000-0000-0000-000000000001', 'status', -0.62, 34.9, 5),
  ('30062000-0000-0000-0000-000000000001', 'safety', -0.67, 33.9, 6)
ON CONFLICT DO NOTHING;

UPDATE users SET wv_vector = '[2.2,1.2,-0.3,0.3,-0.8,2.0,-0.2,0.5,0.0,1.0,1.5,0.0,-0.5,0.8,-0.5,0.2,-1.5,-0.8,-1.0,-1.8,-2.0]'
WHERE id = '10000000-0000-0000-0000-000000000062';

-- 99: 川口愛子 (品質管理/ISMS) - 制度・道徳・安定重視
INSERT INTO work_values_sessions (id, user_id, circular_triads, consistency_coefficient, consistency_level, purpose)
VALUES ('30063000-0000-0000-0000-000000000001', '10000000-0000-0000-0000-000000000063', 36, 0.906, 'high', 'general')
ON CONFLICT DO NOTHING;

INSERT INTO work_needs_scores (session_id, need_id, mu, se, display_score, rank) VALUES
  ('30063000-0000-0000-0000-000000000001',  1,   0.3, 0.29,  57.4,  9),  -- ability_utilization
  ('30063000-0000-0000-0000-000000000001',  2,   0.5, 0.30,  62.2,  7),  -- achievement
  ('30063000-0000-0000-0000-000000000001',  3,   0.3, 0.29,  57.4,  8),  -- activity
  ('30063000-0000-0000-0000-000000000001',  4,   0.0, 0.28,  50.0, 11),  -- advancement
  ('30063000-0000-0000-0000-000000000001',  5,  -0.5, 0.30,  37.8, 15),  -- authority
  ('30063000-0000-0000-0000-000000000001',  6,  -0.3, 0.29,  42.6, 13),  -- autonomy
  ('30063000-0000-0000-0000-000000000001',  7,   1.8, 0.33,  85.8,  1),  -- company_policies
  ('30063000-0000-0000-0000-000000000001',  8,   0.5, 0.30,  62.2,  6),  -- compensation
  ('30063000-0000-0000-0000-000000000001',  9,   0.8, 0.30,  69.0,  5),  -- co_workers
  ('30063000-0000-0000-0000-000000000001', 10,  -0.8, 0.30,  31.0, 17),  -- creativity
  ('30063000-0000-0000-0000-000000000001', 11,  -0.3, 0.29,  42.6, 14),  -- independence
  ('30063000-0000-0000-0000-000000000001', 12,   1.5, 0.33,  81.8,  2),  -- moral_values
  ('30063000-0000-0000-0000-000000000001', 13,   0.0, 0.28,  50.0, 10),  -- recognition
  ('30063000-0000-0000-0000-000000000001', 14,   0.0, 0.28,  50.0, 12),  -- responsibility
  ('30063000-0000-0000-0000-000000000001', 15,   1.2, 0.32,  76.9,  3),  -- security
  ('30063000-0000-0000-0000-000000000001', 16,   1.0, 0.31,  73.1,  4),  -- social_service
  ('30063000-0000-0000-0000-000000000001', 17,  -1.0, 0.31,  26.9, 18),  -- social_status
  ('30063000-0000-0000-0000-000000000001', 18,  -0.5, 0.30,  37.8, 16),  -- supervision_hr
  ('30063000-0000-0000-0000-000000000001', 19,  -1.2, 0.32,  23.1, 19),  -- supervision_technical
  ('30063000-0000-0000-0000-000000000001', 20,  -1.5, 0.33,  18.2, 20),  -- variety
  ('30063000-0000-0000-0000-000000000001', 21,  -1.8, 0.33,  14.2, 21)   -- working_conditions
ON CONFLICT DO NOTHING;

INSERT INTO work_values_scores (session_id, value_id, mu, display_score, rank) VALUES
  ('30063000-0000-0000-0000-000000000001', 'altruism', 1.1, 75.0, 1),
  ('30063000-0000-0000-0000-000000000001', 'achievement', 0.4, 59.9, 2),
  ('30063000-0000-0000-0000-000000000001', 'safety', 0.03, 50.8, 3),
  ('30063000-0000-0000-0000-000000000001', 'comfort', -0.27, 43.4, 4),
  ('30063000-0000-0000-0000-000000000001', 'autonomy', -0.37, 40.9, 5),
  ('30063000-0000-0000-0000-000000000001', 'status', -0.38, 40.7, 6)
ON CONFLICT DO NOTHING;

UPDATE users SET wv_vector = '[0.3,0.5,0.3,0.0,-0.5,-0.3,1.8,0.5,0.8,-0.8,-0.3,1.5,0.0,0.0,1.2,1.0,-1.0,-0.5,-1.2,-1.5,-1.8]'
WHERE id = '10000000-0000-0000-0000-000000000063';

-- 100: 村上大地 (バックエンド) - 達成・責任・技術力重視
INSERT INTO work_values_sessions (id, user_id, circular_triads, consistency_coefficient, consistency_level, purpose)
VALUES ('30064000-0000-0000-0000-000000000001', '10000000-0000-0000-0000-000000000064', 30, 0.922, 'high', 'general')
ON CONFLICT DO NOTHING;

INSERT INTO work_needs_scores (session_id, need_id, mu, se, display_score, rank) VALUES
  ('30064000-0000-0000-0000-000000000001',  1,   1.8, 0.33,  85.8,  2),  -- ability_utilization
  ('30064000-0000-0000-0000-000000000001',  2,   2.0, 0.34,  88.1,  1),  -- achievement
  ('30064000-0000-0000-0000-000000000001',  3,   0.0, 0.28,  50.0, 11),  -- activity
  ('30064000-0000-0000-0000-000000000001',  4,   1.0, 0.31,  73.1,  5),  -- advancement
  ('30064000-0000-0000-0000-000000000001',  5,  -0.5, 0.30,  37.8, 15),  -- authority
  ('30064000-0000-0000-0000-000000000001',  6,   1.2, 0.32,  76.9,  4),  -- autonomy
  ('30064000-0000-0000-0000-000000000001',  7,   0.0, 0.28,  50.0, 10),  -- company_policies
  ('30064000-0000-0000-0000-000000000001',  8,   0.5, 0.30,  62.2,  7),  -- compensation
  ('30064000-0000-0000-0000-000000000001',  9,   0.3, 0.29,  57.4,  9),  -- co_workers
  ('30064000-0000-0000-0000-000000000001', 10,   0.5, 0.30,  62.2,  8),  -- creativity
  ('30064000-0000-0000-0000-000000000001', 11,   0.8, 0.30,  69.0,  6),  -- independence
  ('30064000-0000-0000-0000-000000000001', 12,   0.0, 0.28,  50.0, 12),  -- moral_values
  ('30064000-0000-0000-0000-000000000001', 13,  -0.3, 0.29,  42.6, 13),  -- recognition
  ('30064000-0000-0000-0000-000000000001', 14,   1.5, 0.33,  81.8,  3),  -- responsibility
  ('30064000-0000-0000-0000-000000000001', 15,  -0.5, 0.30,  37.8, 14),  -- security
  ('30064000-0000-0000-0000-000000000001', 16,  -0.5, 0.30,  37.8, 16),  -- social_service
  ('30064000-0000-0000-0000-000000000001', 17,  -1.2, 0.32,  23.1, 18),  -- social_status
  ('30064000-0000-0000-0000-000000000001', 18,  -0.8, 0.30,  31.0, 17),  -- supervision_hr
  ('30064000-0000-0000-0000-000000000001', 19,  -1.5, 0.33,  18.2, 20),  -- supervision_technical
  ('30064000-0000-0000-0000-000000000001', 20,  -1.3, 0.32,  21.4, 19),  -- variety
  ('30064000-0000-0000-0000-000000000001', 21,  -1.8, 0.33,  14.2, 21)   -- working_conditions
ON CONFLICT DO NOTHING;

INSERT INTO work_values_scores (session_id, value_id, mu, display_score, rank) VALUES
  ('30064000-0000-0000-0000-000000000001', 'achievement', 1.9, 87.0, 1),
  ('30064000-0000-0000-0000-000000000001', 'autonomy', 1.07, 74.4, 2),
  ('30064000-0000-0000-0000-000000000001', 'altruism', -0.07, 48.3, 3),
  ('30064000-0000-0000-0000-000000000001', 'status', -0.25, 43.8, 4),
  ('30064000-0000-0000-0000-000000000001', 'comfort', -0.38, 40.5, 5),
  ('30064000-0000-0000-0000-000000000001', 'safety', -0.77, 31.7, 6)
ON CONFLICT DO NOTHING;

UPDATE users SET wv_vector = '[1.8,2.0,0.0,1.0,-0.5,1.2,0.0,0.5,0.3,0.5,0.8,0.0,-0.3,1.5,-0.5,-0.5,-1.2,-0.8,-1.5,-1.3,-1.8]'
WHERE id = '10000000-0000-0000-0000-000000000064';

-- ============================================================
-- Career Interest 診断データ
-- ============================================================

-- 90: 森本剛 (データエンジニア) - I(研究)高、R(現実)中、C(慣習)中
INSERT INTO career_interest_sessions (id, user_id)
VALUES ('3105a000-0000-0000-0000-000000000001', '10000000-0000-0000-0000-00000000005a')
ON CONFLICT DO NOTHING;

INSERT INTO career_interest_scores (session_id, basic_interest_id, score, rank) VALUES
  ('3105a000-0000-0000-0000-000000000001', 'A1', 2.8, 12),
  ('3105a000-0000-0000-0000-000000000001', 'A2', 2.5, 15),
  ('3105a000-0000-0000-0000-000000000001', 'A3', 2.3, 17),
  ('3105a000-0000-0000-0000-000000000001', 'C1', 3.5, 5),
  ('3105a000-0000-0000-0000-000000000001', 'C2', 3.3, 7),
  ('3105a000-0000-0000-0000-000000000001', 'C3', 3.0, 10),
  ('3105a000-0000-0000-0000-000000000001', 'E1', 2.5, 14),
  ('3105a000-0000-0000-0000-000000000001', 'E2', 2.3, 16),
  ('3105a000-0000-0000-0000-000000000001', 'E3', 2.0, 19),
  ('3105a000-0000-0000-0000-000000000001', 'I1', 4.5, 1),
  ('3105a000-0000-0000-0000-000000000001', 'I2', 4.2, 2),
  ('3105a000-0000-0000-0000-000000000001', 'I3', 4.0, 3),
  ('3105a000-0000-0000-0000-000000000001', 'I4', 3.8, 4),
  ('3105a000-0000-0000-0000-000000000001', 'R1', 3.5, 6),
  ('3105a000-0000-0000-0000-000000000001', 'R2', 3.2, 8),
  ('3105a000-0000-0000-0000-000000000001', 'R3', 3.0, 9),
  ('3105a000-0000-0000-0000-000000000001', 'S1', 2.5, 13),
  ('3105a000-0000-0000-0000-000000000001', 'S2', 2.0, 18),
  ('3105a000-0000-0000-0000-000000000001', 'S3', 2.8, 11),
  ('3105a000-0000-0000-0000-000000000001', 'S4', 1.8, 20)
ON CONFLICT DO NOTHING;

-- RIASEC: R=(3.5+3.2+3.0)/3=3.23, I=(4.5+4.2+4.0+3.8)/4=4.12, A=(2.8+2.5+2.3)/3=2.53, S=(2.5+2.0+2.8+1.8)/4=2.28, E=(2.5+2.3+2.0)/3=2.27, C=(3.5+3.3+3.0)/3=3.27
INSERT INTO career_riasec_scores (session_id, riasec_type, score, rank) VALUES
  ('3105a000-0000-0000-0000-000000000001', 'R', 3.23, 3),
  ('3105a000-0000-0000-0000-000000000001', 'I', 4.12, 1),
  ('3105a000-0000-0000-0000-000000000001', 'A', 2.53, 4),
  ('3105a000-0000-0000-0000-000000000001', 'S', 2.28, 6),
  ('3105a000-0000-0000-0000-000000000001', 'E', 2.27, 5),
  ('3105a000-0000-0000-0000-000000000001', 'C', 3.27, 2)
ON CONFLICT DO NOTHING;

UPDATE users SET ci_vector = '[2.8,2.5,2.3,3.5,3.3,3.0,2.5,2.3,2.0,4.5,4.2,4.0,3.8,3.5,3.2,3.0,2.5,2.0,2.8,1.8]'
WHERE id = '10000000-0000-0000-0000-00000000005a';

-- 91: 西田千尋 (データアナリスト) - I高、C中、S中
INSERT INTO career_interest_sessions (id, user_id)
VALUES ('3105b000-0000-0000-0000-000000000001', '10000000-0000-0000-0000-00000000005b')
ON CONFLICT DO NOTHING;

INSERT INTO career_interest_scores (session_id, basic_interest_id, score, rank) VALUES
  ('3105b000-0000-0000-0000-000000000001', 'A1', 2.5, 14),
  ('3105b000-0000-0000-0000-000000000001', 'A2', 2.3, 16),
  ('3105b000-0000-0000-0000-000000000001', 'A3', 2.0, 18),
  ('3105b000-0000-0000-0000-000000000001', 'C1', 3.5, 5),
  ('3105b000-0000-0000-0000-000000000001', 'C2', 3.2, 8),
  ('3105b000-0000-0000-0000-000000000001', 'C3', 3.5, 6),
  ('3105b000-0000-0000-0000-000000000001', 'E1', 2.8, 12),
  ('3105b000-0000-0000-0000-000000000001', 'E2', 2.5, 15),
  ('3105b000-0000-0000-0000-000000000001', 'E3', 2.3, 17),
  ('3105b000-0000-0000-0000-000000000001', 'I1', 4.2, 1),
  ('3105b000-0000-0000-0000-000000000001', 'I2', 4.0, 2),
  ('3105b000-0000-0000-0000-000000000001', 'I3', 3.8, 3),
  ('3105b000-0000-0000-0000-000000000001', 'I4', 3.5, 4),
  ('3105b000-0000-0000-0000-000000000001', 'R1', 2.0, 19),
  ('3105b000-0000-0000-0000-000000000001', 'R2', 1.8, 20),
  ('3105b000-0000-0000-0000-000000000001', 'R3', 2.8, 11),
  ('3105b000-0000-0000-0000-000000000001', 'S1', 3.2, 7),
  ('3105b000-0000-0000-0000-000000000001', 'S2', 3.0, 9),
  ('3105b000-0000-0000-0000-000000000001', 'S3', 3.0, 10),
  ('3105b000-0000-0000-0000-000000000001', 'S4', 2.8, 13)
ON CONFLICT DO NOTHING;

-- RIASEC: R=(2.0+1.8+2.8)/3=2.2, I=(4.2+4.0+3.8+3.5)/4=3.88, A=(2.5+2.3+2.0)/3=2.27, S=(3.2+3.0+3.0+2.8)/4=3.0, E=(2.8+2.5+2.3)/3=2.53, C=(3.5+3.2+3.5)/3=3.4
INSERT INTO career_riasec_scores (session_id, riasec_type, score, rank) VALUES
  ('3105b000-0000-0000-0000-000000000001', 'R', 2.2, 6),
  ('3105b000-0000-0000-0000-000000000001', 'I', 3.88, 1),
  ('3105b000-0000-0000-0000-000000000001', 'A', 2.27, 5),
  ('3105b000-0000-0000-0000-000000000001', 'S', 3.0, 3),
  ('3105b000-0000-0000-0000-000000000001', 'E', 2.53, 4),
  ('3105b000-0000-0000-0000-000000000001', 'C', 3.4, 2)
ON CONFLICT DO NOTHING;

UPDATE users SET ci_vector = '[2.5,2.3,2.0,3.5,3.2,3.5,2.8,2.5,2.3,4.2,4.0,3.8,3.5,2.0,1.8,2.8,3.2,3.0,3.0,2.8]'
WHERE id = '10000000-0000-0000-0000-00000000005b';

-- 92: 本田和也 (情シス) - C高、R中、I中
INSERT INTO career_interest_sessions (id, user_id)
VALUES ('3105c000-0000-0000-0000-000000000001', '10000000-0000-0000-0000-00000000005c')
ON CONFLICT DO NOTHING;

INSERT INTO career_interest_scores (session_id, basic_interest_id, score, rank) VALUES
  ('3105c000-0000-0000-0000-000000000001', 'A1', 2.0, 17),
  ('3105c000-0000-0000-0000-000000000001', 'A2', 1.8, 19),
  ('3105c000-0000-0000-0000-000000000001', 'A3', 1.5, 20),
  ('3105c000-0000-0000-0000-000000000001', 'C1', 4.2, 1),
  ('3105c000-0000-0000-0000-000000000001', 'C2', 4.0, 2),
  ('3105c000-0000-0000-0000-000000000001', 'C3', 3.8, 3),
  ('3105c000-0000-0000-0000-000000000001', 'E1', 2.8, 11),
  ('3105c000-0000-0000-0000-000000000001', 'E2', 2.5, 14),
  ('3105c000-0000-0000-0000-000000000001', 'E3', 2.3, 16),
  ('3105c000-0000-0000-0000-000000000001', 'I1', 3.5, 5),
  ('3105c000-0000-0000-0000-000000000001', 'I2', 3.2, 7),
  ('3105c000-0000-0000-0000-000000000001', 'I3', 3.0, 9),
  ('3105c000-0000-0000-0000-000000000001', 'I4', 2.8, 12),
  ('3105c000-0000-0000-0000-000000000001', 'R1', 3.5, 4),
  ('3105c000-0000-0000-0000-000000000001', 'R2', 3.2, 6),
  ('3105c000-0000-0000-0000-000000000001', 'R3', 3.0, 8),
  ('3105c000-0000-0000-0000-000000000001', 'S1', 2.8, 10),
  ('3105c000-0000-0000-0000-000000000001', 'S2', 2.5, 13),
  ('3105c000-0000-0000-0000-000000000001', 'S3', 2.5, 15),
  ('3105c000-0000-0000-0000-000000000001', 'S4', 2.0, 18)
ON CONFLICT DO NOTHING;

-- RIASEC: R=(3.5+3.2+3.0)/3=3.23, I=(3.5+3.2+3.0+2.8)/4=3.12, A=(2.0+1.8+1.5)/3=1.77, S=(2.8+2.5+2.5+2.0)/4=2.45, E=(2.8+2.5+2.3)/3=2.53, C=(4.2+4.0+3.8)/3=4.0
INSERT INTO career_riasec_scores (session_id, riasec_type, score, rank) VALUES
  ('3105c000-0000-0000-0000-000000000001', 'R', 3.23, 3),
  ('3105c000-0000-0000-0000-000000000001', 'I', 3.12, 2),
  ('3105c000-0000-0000-0000-000000000001', 'A', 1.77, 6),
  ('3105c000-0000-0000-0000-000000000001', 'S', 2.45, 5),
  ('3105c000-0000-0000-0000-000000000001', 'E', 2.53, 4),
  ('3105c000-0000-0000-0000-000000000001', 'C', 4.0, 1)
ON CONFLICT DO NOTHING;

UPDATE users SET ci_vector = '[2.0,1.8,1.5,4.2,4.0,3.8,2.8,2.5,2.3,3.5,3.2,3.0,2.8,3.5,3.2,3.0,2.8,2.5,2.5,2.0]'
WHERE id = '10000000-0000-0000-0000-00000000005c';

-- 93: 上野真由 (Webディレクター) - A高、S中、E中
INSERT INTO career_interest_sessions (id, user_id)
VALUES ('3105d000-0000-0000-0000-000000000001', '10000000-0000-0000-0000-00000000005d')
ON CONFLICT DO NOTHING;

INSERT INTO career_interest_scores (session_id, basic_interest_id, score, rank) VALUES
  ('3105d000-0000-0000-0000-000000000001', 'A1', 4.2, 1),
  ('3105d000-0000-0000-0000-000000000001', 'A2', 4.0, 2),
  ('3105d000-0000-0000-0000-000000000001', 'A3', 3.8, 3),
  ('3105d000-0000-0000-0000-000000000001', 'C1', 2.5, 14),
  ('3105d000-0000-0000-0000-000000000001', 'C2', 2.3, 16),
  ('3105d000-0000-0000-0000-000000000001', 'C3', 2.0, 18),
  ('3105d000-0000-0000-0000-000000000001', 'E1', 3.5, 5),
  ('3105d000-0000-0000-0000-000000000001', 'E2', 3.2, 8),
  ('3105d000-0000-0000-0000-000000000001', 'E3', 3.0, 10),
  ('3105d000-0000-0000-0000-000000000001', 'I1', 2.8, 11),
  ('3105d000-0000-0000-0000-000000000001', 'I2', 2.5, 13),
  ('3105d000-0000-0000-0000-000000000001', 'I3', 2.3, 15),
  ('3105d000-0000-0000-0000-000000000001', 'I4', 2.0, 17),
  ('3105d000-0000-0000-0000-000000000001', 'R1', 1.8, 19),
  ('3105d000-0000-0000-0000-000000000001', 'R2', 1.5, 20),
  ('3105d000-0000-0000-0000-000000000001', 'R3', 2.5, 12),
  ('3105d000-0000-0000-0000-000000000001', 'S1', 3.8, 4),
  ('3105d000-0000-0000-0000-000000000001', 'S2', 3.5, 6),
  ('3105d000-0000-0000-0000-000000000001', 'S3', 3.2, 7),
  ('3105d000-0000-0000-0000-000000000001', 'S4', 3.0, 9)
ON CONFLICT DO NOTHING;

-- RIASEC: R=(1.8+1.5+2.5)/3=1.93, I=(2.8+2.5+2.3+2.0)/4=2.4, A=(4.2+4.0+3.8)/3=4.0, S=(3.8+3.5+3.2+3.0)/4=3.38, E=(3.5+3.2+3.0)/3=3.23, C=(2.5+2.3+2.0)/3=2.27
INSERT INTO career_riasec_scores (session_id, riasec_type, score, rank) VALUES
  ('3105d000-0000-0000-0000-000000000001', 'R', 1.93, 6),
  ('3105d000-0000-0000-0000-000000000001', 'I', 2.4, 5),
  ('3105d000-0000-0000-0000-000000000001', 'A', 4.0, 1),
  ('3105d000-0000-0000-0000-000000000001', 'S', 3.38, 2),
  ('3105d000-0000-0000-0000-000000000001', 'E', 3.23, 3),
  ('3105d000-0000-0000-0000-000000000001', 'C', 2.27, 4)
ON CONFLICT DO NOTHING;

UPDATE users SET ci_vector = '[4.2,4.0,3.8,2.5,2.3,2.0,3.5,3.2,3.0,2.8,2.5,2.3,2.0,1.8,1.5,2.5,3.8,3.5,3.2,3.0]'
WHERE id = '10000000-0000-0000-0000-00000000005d';

-- 94: 池田蒼 (モーションデザイナー) - A高、I中、S低
INSERT INTO career_interest_sessions (id, user_id)
VALUES ('3105e000-0000-0000-0000-000000000001', '10000000-0000-0000-0000-00000000005e')
ON CONFLICT DO NOTHING;

INSERT INTO career_interest_scores (session_id, basic_interest_id, score, rank) VALUES
  ('3105e000-0000-0000-0000-000000000001', 'A1', 4.8, 1),
  ('3105e000-0000-0000-0000-000000000001', 'A2', 4.5, 2),
  ('3105e000-0000-0000-0000-000000000001', 'A3', 4.2, 3),
  ('3105e000-0000-0000-0000-000000000001', 'C1', 2.0, 16),
  ('3105e000-0000-0000-0000-000000000001', 'C2', 1.8, 18),
  ('3105e000-0000-0000-0000-000000000001', 'C3', 1.5, 20),
  ('3105e000-0000-0000-0000-000000000001', 'E1', 2.5, 13),
  ('3105e000-0000-0000-0000-000000000001', 'E2', 2.3, 14),
  ('3105e000-0000-0000-0000-000000000001', 'E3', 2.0, 15),
  ('3105e000-0000-0000-0000-000000000001', 'I1', 3.5, 5),
  ('3105e000-0000-0000-0000-000000000001', 'I2', 3.2, 7),
  ('3105e000-0000-0000-0000-000000000001', 'I3', 3.0, 9),
  ('3105e000-0000-0000-0000-000000000001', 'I4', 3.5, 6),
  ('3105e000-0000-0000-0000-000000000001', 'R1', 3.0, 8),
  ('3105e000-0000-0000-0000-000000000001', 'R2', 2.8, 11),
  ('3105e000-0000-0000-0000-000000000001', 'R3', 1.8, 19),
  ('3105e000-0000-0000-0000-000000000001', 'S1', 2.8, 10),
  ('3105e000-0000-0000-0000-000000000001', 'S2', 2.5, 12),
  ('3105e000-0000-0000-0000-000000000001', 'S3', 2.0, 17),
  ('3105e000-0000-0000-0000-000000000001', 'S4', 1.8, 20)
ON CONFLICT DO NOTHING;

-- RIASEC: R=(3.0+2.8+1.8)/3=2.53, I=(3.5+3.2+3.0+3.5)/4=3.3, A=(4.8+4.5+4.2)/3=4.5, S=(2.8+2.5+2.0+1.8)/4=2.28, E=(2.5+2.3+2.0)/3=2.27, C=(2.0+1.8+1.5)/3=1.77
INSERT INTO career_riasec_scores (session_id, riasec_type, score, rank) VALUES
  ('3105e000-0000-0000-0000-000000000001', 'R', 2.53, 3),
  ('3105e000-0000-0000-0000-000000000001', 'I', 3.3, 2),
  ('3105e000-0000-0000-0000-000000000001', 'A', 4.5, 1),
  ('3105e000-0000-0000-0000-000000000001', 'S', 2.28, 4),
  ('3105e000-0000-0000-0000-000000000001', 'E', 2.27, 5),
  ('3105e000-0000-0000-0000-000000000001', 'C', 1.77, 6)
ON CONFLICT DO NOTHING;

UPDATE users SET ci_vector = '[4.8,4.5,4.2,2.0,1.8,1.5,2.5,2.3,2.0,3.5,3.2,3.0,3.5,3.0,2.8,1.8,2.8,2.5,2.0,1.8]'
WHERE id = '10000000-0000-0000-0000-00000000005e';

-- 95: 島田悠花 (法務) - C高、I中、E中
INSERT INTO career_interest_sessions (id, user_id)
VALUES ('3105f000-0000-0000-0000-000000000001', '10000000-0000-0000-0000-00000000005f')
ON CONFLICT DO NOTHING;

INSERT INTO career_interest_scores (session_id, basic_interest_id, score, rank) VALUES
  ('3105f000-0000-0000-0000-000000000001', 'A1', 2.0, 16),
  ('3105f000-0000-0000-0000-000000000001', 'A2', 1.8, 18),
  ('3105f000-0000-0000-0000-000000000001', 'A3', 2.0, 17),
  ('3105f000-0000-0000-0000-000000000001', 'C1', 4.5, 1),
  ('3105f000-0000-0000-0000-000000000001', 'C2', 4.2, 2),
  ('3105f000-0000-0000-0000-000000000001', 'C3', 4.0, 3),
  ('3105f000-0000-0000-0000-000000000001', 'E1', 3.5, 5),
  ('3105f000-0000-0000-0000-000000000001', 'E2', 3.2, 7),
  ('3105f000-0000-0000-0000-000000000001', 'E3', 3.0, 10),
  ('3105f000-0000-0000-0000-000000000001', 'I1', 3.5, 4),
  ('3105f000-0000-0000-0000-000000000001', 'I2', 3.2, 6),
  ('3105f000-0000-0000-0000-000000000001', 'I3', 3.0, 9),
  ('3105f000-0000-0000-0000-000000000001', 'I4', 3.0, 8),
  ('3105f000-0000-0000-0000-000000000001', 'R1', 1.5, 20),
  ('3105f000-0000-0000-0000-000000000001', 'R2', 1.8, 19),
  ('3105f000-0000-0000-0000-000000000001', 'R3', 2.3, 15),
  ('3105f000-0000-0000-0000-000000000001', 'S1', 3.0, 11),
  ('3105f000-0000-0000-0000-000000000001', 'S2', 2.8, 12),
  ('3105f000-0000-0000-0000-000000000001', 'S3', 2.5, 13),
  ('3105f000-0000-0000-0000-000000000001', 'S4', 2.5, 14)
ON CONFLICT DO NOTHING;

-- RIASEC: R=(1.5+1.8+2.3)/3=1.87, I=(3.5+3.2+3.0+3.0)/4=3.18, A=(2.0+1.8+2.0)/3=1.93, S=(3.0+2.8+2.5+2.5)/4=2.7, E=(3.5+3.2+3.0)/3=3.23, C=(4.5+4.2+4.0)/3=4.23
INSERT INTO career_riasec_scores (session_id, riasec_type, score, rank) VALUES
  ('3105f000-0000-0000-0000-000000000001', 'R', 1.87, 6),
  ('3105f000-0000-0000-0000-000000000001', 'I', 3.18, 3),
  ('3105f000-0000-0000-0000-000000000001', 'A', 1.93, 5),
  ('3105f000-0000-0000-0000-000000000001', 'S', 2.7, 4),
  ('3105f000-0000-0000-0000-000000000001', 'E', 3.23, 2),
  ('3105f000-0000-0000-0000-000000000001', 'C', 4.23, 1)
ON CONFLICT DO NOTHING;

UPDATE users SET ci_vector = '[2.0,1.8,2.0,4.5,4.2,4.0,3.5,3.2,3.0,3.5,3.2,3.0,3.0,1.5,1.8,2.3,3.0,2.8,2.5,2.5]'
WHERE id = '10000000-0000-0000-0000-00000000005f';

-- 96: 藤本隼人 (フルスタック) - I高、R中、A中
INSERT INTO career_interest_sessions (id, user_id)
VALUES ('31060000-0000-0000-0000-000000000001', '10000000-0000-0000-0000-000000000060')
ON CONFLICT DO NOTHING;

INSERT INTO career_interest_scores (session_id, basic_interest_id, score, rank) VALUES
  ('31060000-0000-0000-0000-000000000001', 'A1', 3.5, 6),
  ('31060000-0000-0000-0000-000000000001', 'A2', 3.2, 8),
  ('31060000-0000-0000-0000-000000000001', 'A3', 3.0, 10),
  ('31060000-0000-0000-0000-000000000001', 'C1', 2.5, 14),
  ('31060000-0000-0000-0000-000000000001', 'C2', 2.3, 15),
  ('31060000-0000-0000-0000-000000000001', 'C3', 2.0, 17),
  ('31060000-0000-0000-0000-000000000001', 'E1', 2.8, 12),
  ('31060000-0000-0000-0000-000000000001', 'E2', 2.5, 13),
  ('31060000-0000-0000-0000-000000000001', 'E3', 2.0, 16),
  ('31060000-0000-0000-0000-000000000001', 'I1', 4.5, 1),
  ('31060000-0000-0000-0000-000000000001', 'I2', 4.2, 2),
  ('31060000-0000-0000-0000-000000000001', 'I3', 4.0, 3),
  ('31060000-0000-0000-0000-000000000001', 'I4', 3.8, 4),
  ('31060000-0000-0000-0000-000000000001', 'R1', 3.5, 5),
  ('31060000-0000-0000-0000-000000000001', 'R2', 3.2, 7),
  ('31060000-0000-0000-0000-000000000001', 'R3', 3.0, 9),
  ('31060000-0000-0000-0000-000000000001', 'S1', 2.0, 18),
  ('31060000-0000-0000-0000-000000000001', 'S2', 1.8, 19),
  ('31060000-0000-0000-0000-000000000001', 'S3', 2.8, 11),
  ('31060000-0000-0000-0000-000000000001', 'S4', 1.5, 20)
ON CONFLICT DO NOTHING;

-- RIASEC: R=(3.5+3.2+3.0)/3=3.23, I=(4.5+4.2+4.0+3.8)/4=4.12, A=(3.5+3.2+3.0)/3=3.23, S=(2.0+1.8+2.8+1.5)/4=2.03, E=(2.8+2.5+2.0)/3=2.43, C=(2.5+2.3+2.0)/3=2.27
INSERT INTO career_riasec_scores (session_id, riasec_type, score, rank) VALUES
  ('31060000-0000-0000-0000-000000000001', 'R', 3.23, 2),
  ('31060000-0000-0000-0000-000000000001', 'I', 4.12, 1),
  ('31060000-0000-0000-0000-000000000001', 'A', 3.23, 3),
  ('31060000-0000-0000-0000-000000000001', 'S', 2.03, 6),
  ('31060000-0000-0000-0000-000000000001', 'E', 2.43, 4),
  ('31060000-0000-0000-0000-000000000001', 'C', 2.27, 5)
ON CONFLICT DO NOTHING;

UPDATE users SET ci_vector = '[3.5,3.2,3.0,2.5,2.3,2.0,2.8,2.5,2.0,4.5,4.2,4.0,3.8,3.5,3.2,3.0,2.0,1.8,2.8,1.5]'
WHERE id = '10000000-0000-0000-0000-000000000060';

-- 97: 岡本理沙 (プロダクトデザイナー) - A高、S中、I中
INSERT INTO career_interest_sessions (id, user_id)
VALUES ('31061000-0000-0000-0000-000000000001', '10000000-0000-0000-0000-000000000061')
ON CONFLICT DO NOTHING;

INSERT INTO career_interest_scores (session_id, basic_interest_id, score, rank) VALUES
  ('31061000-0000-0000-0000-000000000001', 'A1', 4.5, 1),
  ('31061000-0000-0000-0000-000000000001', 'A2', 4.3, 2),
  ('31061000-0000-0000-0000-000000000001', 'A3', 4.0, 3),
  ('31061000-0000-0000-0000-000000000001', 'C1', 2.3, 14),
  ('31061000-0000-0000-0000-000000000001', 'C2', 2.0, 16),
  ('31061000-0000-0000-0000-000000000001', 'C3', 1.8, 18),
  ('31061000-0000-0000-0000-000000000001', 'E1', 2.8, 11),
  ('31061000-0000-0000-0000-000000000001', 'E2', 2.5, 13),
  ('31061000-0000-0000-0000-000000000001', 'E3', 2.3, 15),
  ('31061000-0000-0000-0000-000000000001', 'I1', 3.5, 5),
  ('31061000-0000-0000-0000-000000000001', 'I2', 3.2, 7),
  ('31061000-0000-0000-0000-000000000001', 'I3', 3.0, 9),
  ('31061000-0000-0000-0000-000000000001', 'I4', 2.8, 12),
  ('31061000-0000-0000-0000-000000000001', 'R1', 2.0, 17),
  ('31061000-0000-0000-0000-000000000001', 'R2', 1.8, 19),
  ('31061000-0000-0000-0000-000000000001', 'R3', 1.5, 20),
  ('31061000-0000-0000-0000-000000000001', 'S1', 3.8, 4),
  ('31061000-0000-0000-0000-000000000001', 'S2', 3.5, 6),
  ('31061000-0000-0000-0000-000000000001', 'S3', 3.0, 8),
  ('31061000-0000-0000-0000-000000000001', 'S4', 3.0, 10)
ON CONFLICT DO NOTHING;

-- RIASEC: R=(2.0+1.8+1.5)/3=1.77, I=(3.5+3.2+3.0+2.8)/4=3.12, A=(4.5+4.3+4.0)/3=4.27, S=(3.8+3.5+3.0+3.0)/4=3.33, E=(2.8+2.5+2.3)/3=2.53, C=(2.3+2.0+1.8)/3=2.03
INSERT INTO career_riasec_scores (session_id, riasec_type, score, rank) VALUES
  ('31061000-0000-0000-0000-000000000001', 'R', 1.77, 6),
  ('31061000-0000-0000-0000-000000000001', 'I', 3.12, 3),
  ('31061000-0000-0000-0000-000000000001', 'A', 4.27, 1),
  ('31061000-0000-0000-0000-000000000001', 'S', 3.33, 2),
  ('31061000-0000-0000-0000-000000000001', 'E', 2.53, 4),
  ('31061000-0000-0000-0000-000000000001', 'C', 2.03, 5)
ON CONFLICT DO NOTHING;

UPDATE users SET ci_vector = '[4.5,4.3,4.0,2.3,2.0,1.8,2.8,2.5,2.3,3.5,3.2,3.0,2.8,2.0,1.8,1.5,3.8,3.5,3.0,3.0]'
WHERE id = '10000000-0000-0000-0000-000000000061';

-- 98: 井上智也 (SRE) - R高、I高、C中
INSERT INTO career_interest_sessions (id, user_id)
VALUES ('31062000-0000-0000-0000-000000000001', '10000000-0000-0000-0000-000000000062')
ON CONFLICT DO NOTHING;

INSERT INTO career_interest_scores (session_id, basic_interest_id, score, rank) VALUES
  ('31062000-0000-0000-0000-000000000001', 'A1', 2.0, 16),
  ('31062000-0000-0000-0000-000000000001', 'A2', 1.8, 18),
  ('31062000-0000-0000-0000-000000000001', 'A3', 2.0, 17),
  ('31062000-0000-0000-0000-000000000001', 'C1', 3.5, 5),
  ('31062000-0000-0000-0000-000000000001', 'C2', 3.2, 8),
  ('31062000-0000-0000-0000-000000000001', 'C3', 3.0, 10),
  ('31062000-0000-0000-0000-000000000001', 'E1', 2.5, 13),
  ('31062000-0000-0000-0000-000000000001', 'E2', 2.3, 14),
  ('31062000-0000-0000-0000-000000000001', 'E3', 2.0, 15),
  ('31062000-0000-0000-0000-000000000001', 'I1', 4.2, 2),
  ('31062000-0000-0000-0000-000000000001', 'I2', 4.0, 3),
  ('31062000-0000-0000-0000-000000000001', 'I3', 3.8, 4),
  ('31062000-0000-0000-0000-000000000001', 'I4', 3.5, 6),
  ('31062000-0000-0000-0000-000000000001', 'R1', 4.5, 1),
  ('31062000-0000-0000-0000-000000000001', 'R2', 3.5, 7),
  ('31062000-0000-0000-0000-000000000001', 'R3', 3.2, 9),
  ('31062000-0000-0000-0000-000000000001', 'S1', 1.8, 19),
  ('31062000-0000-0000-0000-000000000001', 'S2', 1.5, 20),
  ('31062000-0000-0000-0000-000000000001', 'S3', 2.8, 11),
  ('31062000-0000-0000-0000-000000000001', 'S4', 2.5, 12)
ON CONFLICT DO NOTHING;

-- RIASEC: R=(4.5+3.5+3.2)/3=3.73, I=(4.2+4.0+3.8+3.5)/4=3.88, A=(2.0+1.8+2.0)/3=1.93, S=(1.8+1.5+2.8+2.5)/4=2.15, E=(2.5+2.3+2.0)/3=2.27, C=(3.5+3.2+3.0)/3=3.23
INSERT INTO career_riasec_scores (session_id, riasec_type, score, rank) VALUES
  ('31062000-0000-0000-0000-000000000001', 'R', 3.73, 2),
  ('31062000-0000-0000-0000-000000000001', 'I', 3.88, 1),
  ('31062000-0000-0000-0000-000000000001', 'A', 1.93, 5),
  ('31062000-0000-0000-0000-000000000001', 'S', 2.15, 6),
  ('31062000-0000-0000-0000-000000000001', 'E', 2.27, 4),
  ('31062000-0000-0000-0000-000000000001', 'C', 3.23, 3)
ON CONFLICT DO NOTHING;

UPDATE users SET ci_vector = '[2.0,1.8,2.0,3.5,3.2,3.0,2.5,2.3,2.0,4.2,4.0,3.8,3.5,4.5,3.5,3.2,1.8,1.5,2.8,2.5]'
WHERE id = '10000000-0000-0000-0000-000000000062';

-- 99: 川口愛子 (品質管理/ISMS) - C高、E中、S中
INSERT INTO career_interest_sessions (id, user_id)
VALUES ('31063000-0000-0000-0000-000000000001', '10000000-0000-0000-0000-000000000063')
ON CONFLICT DO NOTHING;

INSERT INTO career_interest_scores (session_id, basic_interest_id, score, rank) VALUES
  ('31063000-0000-0000-0000-000000000001', 'A1', 2.0, 16),
  ('31063000-0000-0000-0000-000000000001', 'A2', 1.8, 18),
  ('31063000-0000-0000-0000-000000000001', 'A3', 1.5, 20),
  ('31063000-0000-0000-0000-000000000001', 'C1', 4.5, 1),
  ('31063000-0000-0000-0000-000000000001', 'C2', 4.2, 2),
  ('31063000-0000-0000-0000-000000000001', 'C3', 4.0, 3),
  ('31063000-0000-0000-0000-000000000001', 'E1', 3.5, 5),
  ('31063000-0000-0000-0000-000000000001', 'E2', 3.2, 7),
  ('31063000-0000-0000-0000-000000000001', 'E3', 3.0, 10),
  ('31063000-0000-0000-0000-000000000001', 'I1', 3.0, 9),
  ('31063000-0000-0000-0000-000000000001', 'I2', 2.8, 11),
  ('31063000-0000-0000-0000-000000000001', 'I3', 2.5, 13),
  ('31063000-0000-0000-0000-000000000001', 'I4', 2.3, 14),
  ('31063000-0000-0000-0000-000000000001', 'R1', 2.0, 15),
  ('31063000-0000-0000-0000-000000000001', 'R2', 2.0, 17),
  ('31063000-0000-0000-0000-000000000001', 'R3', 1.8, 19),
  ('31063000-0000-0000-0000-000000000001', 'S1', 3.5, 4),
  ('31063000-0000-0000-0000-000000000001', 'S2', 3.2, 6),
  ('31063000-0000-0000-0000-000000000001', 'S3', 3.0, 8),
  ('31063000-0000-0000-0000-000000000001', 'S4', 2.8, 12)
ON CONFLICT DO NOTHING;

-- RIASEC: R=(2.0+2.0+1.8)/3=1.93, I=(3.0+2.8+2.5+2.3)/4=2.65, A=(2.0+1.8+1.5)/3=1.77, S=(3.5+3.2+3.0+2.8)/4=3.12, E=(3.5+3.2+3.0)/3=3.23, C=(4.5+4.2+4.0)/3=4.23
INSERT INTO career_riasec_scores (session_id, riasec_type, score, rank) VALUES
  ('31063000-0000-0000-0000-000000000001', 'R', 1.93, 5),
  ('31063000-0000-0000-0000-000000000001', 'I', 2.65, 4),
  ('31063000-0000-0000-0000-000000000001', 'A', 1.77, 6),
  ('31063000-0000-0000-0000-000000000001', 'S', 3.12, 3),
  ('31063000-0000-0000-0000-000000000001', 'E', 3.23, 2),
  ('31063000-0000-0000-0000-000000000001', 'C', 4.23, 1)
ON CONFLICT DO NOTHING;

UPDATE users SET ci_vector = '[2.0,1.8,1.5,4.5,4.2,4.0,3.5,3.2,3.0,3.0,2.8,2.5,2.3,2.0,2.0,1.8,3.5,3.2,3.0,2.8]'
WHERE id = '10000000-0000-0000-0000-000000000063';

-- 100: 村上大地 (バックエンド) - I高、R高、E低
INSERT INTO career_interest_sessions (id, user_id)
VALUES ('31064000-0000-0000-0000-000000000001', '10000000-0000-0000-0000-000000000064')
ON CONFLICT DO NOTHING;

INSERT INTO career_interest_scores (session_id, basic_interest_id, score, rank) VALUES
  ('31064000-0000-0000-0000-000000000001', 'A1', 2.5, 13),
  ('31064000-0000-0000-0000-000000000001', 'A2', 2.3, 15),
  ('31064000-0000-0000-0000-000000000001', 'A3', 2.0, 17),
  ('31064000-0000-0000-0000-000000000001', 'C1', 3.0, 9),
  ('31064000-0000-0000-0000-000000000001', 'C2', 2.8, 11),
  ('31064000-0000-0000-0000-000000000001', 'C3', 2.5, 14),
  ('31064000-0000-0000-0000-000000000001', 'E1', 2.3, 16),
  ('31064000-0000-0000-0000-000000000001', 'E2', 2.0, 18),
  ('31064000-0000-0000-0000-000000000001', 'E3', 1.8, 19),
  ('31064000-0000-0000-0000-000000000001', 'I1', 4.5, 1),
  ('31064000-0000-0000-0000-000000000001', 'I2', 4.3, 2),
  ('31064000-0000-0000-0000-000000000001', 'I3', 4.0, 3),
  ('31064000-0000-0000-0000-000000000001', 'I4', 3.8, 4),
  ('31064000-0000-0000-0000-000000000001', 'R1', 3.8, 5),
  ('31064000-0000-0000-0000-000000000001', 'R2', 3.5, 6),
  ('31064000-0000-0000-0000-000000000001', 'R3', 3.2, 8),
  ('31064000-0000-0000-0000-000000000001', 'S1', 1.8, 20),
  ('31064000-0000-0000-0000-000000000001', 'S2', 2.8, 10),
  ('31064000-0000-0000-0000-000000000001', 'S3', 2.8, 12),
  ('31064000-0000-0000-0000-000000000001', 'S4', 3.5, 7)
ON CONFLICT DO NOTHING;

-- RIASEC: R=(3.8+3.5+3.2)/3=3.5, I=(4.5+4.3+4.0+3.8)/4=4.15, A=(2.5+2.3+2.0)/3=2.27, S=(1.8+2.8+2.8+3.5)/4=2.73, E=(2.3+2.0+1.8)/3=2.03, C=(3.0+2.8+2.5)/3=2.77
INSERT INTO career_riasec_scores (session_id, riasec_type, score, rank) VALUES
  ('31064000-0000-0000-0000-000000000001', 'R', 3.5, 2),
  ('31064000-0000-0000-0000-000000000001', 'I', 4.15, 1),
  ('31064000-0000-0000-0000-000000000001', 'A', 2.27, 5),
  ('31064000-0000-0000-0000-000000000001', 'S', 2.73, 4),
  ('31064000-0000-0000-0000-000000000001', 'E', 2.03, 6),
  ('31064000-0000-0000-0000-000000000001', 'C', 2.77, 3)
ON CONFLICT DO NOTHING;

UPDATE users SET ci_vector = '[2.5,2.3,2.0,3.0,2.8,2.5,2.3,2.0,1.8,4.5,4.3,4.0,3.8,3.8,3.5,3.2,1.8,2.8,2.8,3.5]'
WHERE id = '10000000-0000-0000-0000-000000000064';


-- user_skills: 全ユーザーにスキルを紐付け
INSERT INTO user_skills (user_id, skill_id)
SELECT u.id, s.id
FROM users u
CROSS JOIN LATERAL (
  SELECT id FROM skills ORDER BY random() LIMIT 3 + (random() * 2)::int
) s
WHERE u.id NOT IN (SELECT DISTINCT user_id FROM user_skills)
ON CONFLICT DO NOTHING;

-- ============================================================
-- 6. 企業アカウント
-- ============================================================
-- ---- 企業1: inselfy ----
INSERT INTO company_accounts (id, email, password_hash, company_name, contact_person_name, phone_number, status)
VALUES
  ('afd20f1c-b6a8-4809-bc8f-b3f41263b511', 'admin@inselfy.example.com', '$2a$10$SeedHashForDevOnly.0000000000000000000000000000000000', 'inselfy', '秋山椋', '000-0000-0000', 'approved')
ON CONFLICT (id) DO UPDATE SET
  status = EXCLUDED.status,
  company_name = EXCLUDED.company_name;

UPDATE company_accounts SET
  headline = '一人ひとりの価値観に寄り添い、自分らしいキャリアとの出会いを届ける',
  description = 'inselfyは、独自の価値観診断とAIマッチング技術を活用したBtoB逆求人プラットフォームを開発・運営しています。求職者の内発的な動機と企業カルチャーの適合度を可視化し、ミスマッチのない採用体験を実現します。',
  industry = 'IT・通信',
  location = '東京都渋谷区',
  founded_year = 2024,
  employee_count = '15名',
  website_url = 'https://inselfy.example.com',
  benefits = '["完全週休2日制（土日祝）", "フレックスタイム制（コアタイムなし）", "リモートワーク手当月3万円", "書籍購入費全額補助", "カンファレンス参加費補助", "副業OK", "育休取得率100%"]'::jsonb,
  average_age = '29.5',
  average_overtime_hours = '12.5',
  paid_leave_rate = '82.00',
  representative_name = '秋山椋',
  capital = '3,000万円',
  revenue = '',
  founded_month = 6,
  smoking_policy = '敷地内全面禁煙'
WHERE id = 'afd20f1c-b6a8-4809-bc8f-b3f41263b511';

-- ---- 企業2: クラウドソル株式会社 ----
INSERT INTO company_accounts (id, email, password_hash, company_name, contact_person_name, phone_number, status)
VALUES
  ('b0000000-0000-0000-0000-000000000001', 'tanaka@cloudsol.example.com', '$2a$10$SeedHashForDevOnly.0000000000000000000000000000000000', 'クラウドソル株式会社', '田中裕子', '000-0000-0000', 'approved')
ON CONFLICT (id) DO UPDATE SET
  status = EXCLUDED.status,
  company_name = EXCLUDED.company_name;

UPDATE company_accounts SET
  headline = 'テクノロジーで中小企業のバックオフィスをもっとシンプルに',
  description = 'クラウドソルは、中小企業向けのバックオフィスSaaSを提供しています。会計・労務・経費精算を一つのプラットフォームに統合し、導入企業の管理工数を平均40%削減しています。2021年のシリーズBで15億円を調達し、ARR30億円を突破。国内3,000社以上に導入されています。',
  industry = 'IT・通信',
  location = '東京都港区',
  founded_year = 2018,
  employee_count = '120名',
  website_url = 'https://cloudsol.example.com',
  benefits = '["完全週休2日制（土日祝）", "フレックスタイム制（コアタイム11:00-15:00）", "リモートワーク可（週2出社推奨）", "ストックオプション制度", "書籍・学習費用月1万円補助", "健康診断オプション全額負担", "副業OK（届出制）"]'::jsonb,
  average_age = '31.2',
  average_overtime_hours = '18.0',
  paid_leave_rate = '75.00',
  representative_name = '佐々木雄介',
  capital = '20億円',
  revenue = '30億円',
  founded_month = 3,
  smoking_policy = '屋内禁煙（喫煙室あり）'
WHERE id = 'b0000000-0000-0000-0000-000000000001';

-- ---- 企業3: 株式会社グリーンフィールド ----
INSERT INTO company_accounts (id, email, password_hash, company_name, contact_person_name, phone_number, status)
VALUES
  ('b0000000-0000-0000-0000-000000000002', 'suzuki@greenfield.example.com', '$2a$10$SeedHashForDevOnly.0000000000000000000000000000000000', '株式会社グリーンフィールド', '鈴木健太', '000-0000-0000', 'approved')
ON CONFLICT (id) DO UPDATE SET
  status = EXCLUDED.status,
  company_name = EXCLUDED.company_name;

UPDATE company_accounts SET
  headline = 'データとテクノロジーで日本の農業を次世代へつなぐ',
  description = '株式会社グリーンフィールドは、IoTセンサーとAIによるスマート農業プラットフォームを開発しています。土壌・気象データをリアルタイムに分析し、最適な栽培計画を農家へ提案。北海道を中心に200以上の農場に導入され、収穫量の平均20%向上を実現しています。',
  industry = '農業・食品',
  location = '北海道札幌市',
  founded_year = 2020,
  employee_count = '35名',
  website_url = 'https://greenfield.example.com',
  benefits = '["完全週休2日制（土日祝）", "フレックスタイム制（コアタイムなし）", "フルリモート可", "農場見学・体験プログラム", "住宅手当（札幌勤務の場合月3万円）", "書籍購入費補助", "年1回チーム合宿"]'::jsonb,
  average_age = '33.0',
  average_overtime_hours = '10.0',
  paid_leave_rate = '85.00',
  representative_name = '鈴木健太',
  capital = '2億5,000万円',
  revenue = '4億円',
  founded_month = 8,
  smoking_policy = '敷地内全面禁煙'
WHERE id = 'b0000000-0000-0000-0000-000000000002';

-- ---- 企業4: メディカルブリッジ株式会社 ----
INSERT INTO company_accounts (id, email, password_hash, company_name, contact_person_name, phone_number, status)
VALUES
  ('b0000000-0000-0000-0000-000000000003', 'yamamoto@medbridge.example.com', '$2a$10$SeedHashForDevOnly.0000000000000000000000000000000000', 'メディカルブリッジ株式会社', '山本彩花', '000-0000-0000', 'approved')
ON CONFLICT (id) DO UPDATE SET
  status = EXCLUDED.status,
  company_name = EXCLUDED.company_name;

UPDATE company_accounts SET
  headline = '医療従事者と患者をつなぐデジタルの架け橋をつくる',
  description = 'メディカルブリッジは、オンライン診療プラットフォームと電子カルテ連携システムを提供しています。全国500以上のクリニックに導入され、月間診療件数は10万件を超えています。2023年に大手製薬企業との資本業務提携を締結し、遠隔医療のさらなる普及を推進しています。',
  industry = '医療・ヘルスケア',
  location = '東京都千代田区',
  founded_year = 2019,
  employee_count = '150名',
  website_url = 'https://medbridge.example.com',
  benefits = '["完全週休2日制（土日祝）", "フレックスタイム制（コアタイム10:00-15:00）", "リモートワーク可（週1出社）", "家賃補助（月5万円まで）", "資格取得支援制度", "人間ドック全額補助", "慶弔休暇・産休育休制度完備"]'::jsonb,
  average_age = '34.5',
  average_overtime_hours = '15.0',
  paid_leave_rate = '78.00',
  representative_name = '中西隆志',
  capital = '15億円',
  revenue = '45億円',
  founded_month = 4,
  smoking_policy = '屋内禁煙（喫煙室あり）'
WHERE id = 'b0000000-0000-0000-0000-000000000003';

-- ---- 企業5: 株式会社ノヴァクリエイティブ ----
INSERT INTO company_accounts (id, email, password_hash, company_name, contact_person_name, phone_number, status)
VALUES
  ('b0000000-0000-0000-0000-000000000004', 'watanabe@novacreative.example.com', '$2a$10$SeedHashForDevOnly.0000000000000000000000000000000000', '株式会社ノヴァクリエイティブ', '渡辺美咲', '000-0000-0000', 'approved')
ON CONFLICT (id) DO UPDATE SET
  status = EXCLUDED.status,
  company_name = EXCLUDED.company_name;

UPDATE company_accounts SET
  headline = 'デザインの力で企業の「伝わらない」を解決する',
  description = '株式会社ノヴァクリエイティブは、スタートアップから大手企業まで幅広いクライアントのブランディングとUIデザインを手がけるデザインスタジオです。Webサービスのデザインシステム構築を得意とし、累計80社以上のプロダクトデザインを支援。デザインとエンジニアリングの両面からクライアントの成長を加速させています。',
  industry = 'デザイン・広告',
  location = '大阪府大阪市',
  founded_year = 2017,
  employee_count = '40名',
  website_url = 'https://novacreative.example.com',
  benefits = '["完全週休2日制（土日祝）", "フレックスタイム制（コアタイム11:00-16:00）", "リモートワーク可（週3出社推奨）", "デザインツール全額支給", "海外カンファレンス参加補助（年1回）", "サバティカル休暇（勤続3年で1ヶ月）", "副業OK"]'::jsonb,
  average_age = '30.8',
  average_overtime_hours = '14.0',
  paid_leave_rate = '80.00',
  representative_name = '高橋誠一',
  capital = '5,000万円',
  revenue = '8億円',
  founded_month = 10,
  smoking_policy = '屋内禁煙'
WHERE id = 'b0000000-0000-0000-0000-000000000004';

-- ---- 企業6: フィンクロス株式会社 ----
INSERT INTO company_accounts (id, email, password_hash, company_name, contact_person_name, phone_number, status)
VALUES
  ('b0000000-0000-0000-0000-000000000005', 'sato@fincross.example.com', '$2a$10$SeedHashForDevOnly.0000000000000000000000000000000000', 'フィンクロス株式会社', '佐藤一樹', '000-0000-0000', 'approved')
ON CONFLICT (id) DO UPDATE SET
  status = EXCLUDED.status,
  company_name = EXCLUDED.company_name;

UPDATE company_accounts SET
  headline = '金融サービスをもっと身近に、もっとフェアに',
  description = 'フィンクロスは、個人向け資産管理アプリと中小企業向けの請求書ファクタリングサービスを運営しています。アプリのダウンロード数は累計50万を突破し、ファクタリング取扱高は年間100億円規模に成長。銀行APIとの連携で即時入金を実現し、中小企業のキャッシュフロー改善に貢献しています。',
  industry = '金融・フィンテック',
  location = '東京都中央区',
  founded_year = 2019,
  employee_count = '90名',
  website_url = 'https://fincross.example.com',
  benefits = '["完全週休2日制（土日祝）", "フレックスタイム制（コアタイム10:00-16:00）", "リモートワーク可（週2出社）", "確定拠出年金制度", "資格取得報奨金（FP・簿記等）", "ランチ補助（月5,000円）", "自社サービス利用料無料"]'::jsonb,
  average_age = '32.0',
  average_overtime_hours = '20.0',
  paid_leave_rate = '72.00',
  representative_name = '黒田健一郎',
  capital = '8億円',
  revenue = '25億円',
  founded_month = 7,
  smoking_policy = '屋内禁煙（喫煙室あり）'
WHERE id = 'b0000000-0000-0000-0000-000000000005';

-- ---- 企業7: 構造計画テクノロジーズ株式会社 ----
INSERT INTO company_accounts (id, email, password_hash, company_name, contact_person_name, phone_number, status)
VALUES
  ('b0000000-0000-0000-0000-000000000006', 'tanaka.y@kozotec.example.com', '$2a$10$SeedHashForDevOnly.0000000000000000000000000000000000', '構造計画テクノロジーズ株式会社', '田中雄一', '000-0000-0000', 'approved')
ON CONFLICT (id) DO UPDATE SET
  status = EXCLUDED.status,
  company_name = EXCLUDED.company_name;

UPDATE company_accounts SET
  headline = '建設業界のデジタルトランスフォーメーションを推進し、安全で効率的な建築プロセスを実現する',
  description = 'BIMデータと3Dスキャン技術を活用した建設プロジェクト管理プラットフォームを開発しています。施工現場のリアルタイム進捗管理、構造計算の自動化、不動産物件の3Dバーチャルツアー生成など、建設・不動産業界のDXを幅広く支援しています。大手ゼネコンや不動産デベロッパーを中心に導入が進み、施工ミスの削減と工期短縮に大きく貢献しています。',
  industry = '建設・不動産テック',
  location = '東京都港区',
  founded_year = 2017,
  employee_count = '128名',
  website_url = 'https://kozotec.example.com',
  benefits = '["完全週休二日制（土日祝）", "フレックスタイム制（コアタイム11:00-15:00）", "現場手当支給", "資格取得支援（建築士・技術士等の受験費用全額負担）", "在宅勤務可（週3日まで）", "家賃補助（月3万円）", "年間休日125日"]'::jsonb,
  average_age = '33.2',
  average_overtime_hours = '22.5',
  paid_leave_rate = '68.30',
  representative_name = '安藤誠',
  capital = '12億円',
  revenue = '55億円',
  founded_month = 2,
  smoking_policy = '屋内禁煙（喫煙室あり）'
WHERE id = 'b0000000-0000-0000-0000-000000000006';

-- ---- 企業8: 株式会社マナビコネクト ----
INSERT INTO company_accounts (id, email, password_hash, company_name, contact_person_name, phone_number, status)
VALUES
  ('b0000000-0000-0000-0000-000000000007', 'ogawa@manabiconnect.example.com', '$2a$10$SeedHashForDevOnly.0000000000000000000000000000000000', '株式会社マナビコネクト', '小川美咲', '000-0000-0000', 'approved')
ON CONFLICT (id) DO UPDATE SET
  status = EXCLUDED.status,
  company_name = EXCLUDED.company_name;

UPDATE company_accounts SET
  headline = 'テクノロジーの力で、すべての人に最適な学びの体験を届ける',
  description = 'AIを活用したアダプティブラーニングプラットフォームを開発・運営しています。学習者一人ひとりの理解度や学習スタイルを分析し、最適な教材と学習ペースを自動で提案します。小中高校向けのタブレット教材から、社会人向けのリスキリング講座まで幅広く展開しており、京都の教育機関との産学連携にも積極的に取り組んでいます。',
  industry = '教育・EdTech',
  location = '京都府京都市',
  founded_year = 2019,
  employee_count = '42名',
  website_url = 'https://manabiconnect.example.com',
  benefits = '["完全週休二日制（土日祝）", "リモートワーク中心（出社は週1回程度）", "書籍購入費無制限", "オンライン学習サービス利用補助", "子育て支援制度（時短勤務・看護休暇）", "京都オフィスは町家をリノベーション", "年間休日128日"]'::jsonb,
  average_age = '30.8',
  average_overtime_hours = '12.0',
  paid_leave_rate = '82.50',
  representative_name = '吉田理恵',
  capital = '3億円',
  revenue = '7億円',
  founded_month = 9,
  smoking_policy = '敷地内全面禁煙'
WHERE id = 'b0000000-0000-0000-0000-000000000007';

-- ---- 企業9: ハコブロジテック株式会社 ----
INSERT INTO company_accounts (id, email, password_hash, company_name, contact_person_name, phone_number, status)
VALUES
  ('b0000000-0000-0000-0000-000000000008', 'yamamoto.k@hacobu-logitech.example.com', '$2a$10$SeedHashForDevOnly.0000000000000000000000000000000000', 'ハコブロジテック株式会社', '山本健太郎', '000-0000-0000', 'approved')
ON CONFLICT (id) DO UPDATE SET
  status = EXCLUDED.status,
  company_name = EXCLUDED.company_name;

UPDATE company_accounts SET
  headline = '物流の非効率をテクノロジーで解消し、モノが届く喜びをもっと身近にする',
  description = '倉庫管理システム（WMS）と配送最適化エンジンを中心とした物流テックプラットフォームを提供しています。AIによる需要予測、配送ルートの自動最適化、倉庫内ロボットとの連携により、物流コストの削減とリードタイムの短縮を実現します。EC事業者から大手小売チェーンまで500社以上の導入実績があり、関西を拠点に全国展開を進めています。',
  industry = '物流・ロジスティクス',
  location = '大阪府大阪市',
  founded_year = 2015,
  employee_count = '310名',
  website_url = 'https://hacobu-logitech.example.com',
  benefits = '["完全週休二日制（土日祝）", "フレックスタイム制（コアタイム10:00-14:00）", "社員持株会制度", "引越し手当（入社時最大30万円）", "社内カフェテリア完備", "ハイブリッドワーク（週2出社）", "年間休日122日"]'::jsonb,
  average_age = '34.5',
  average_overtime_hours = '20.0',
  paid_leave_rate = '71.20',
  representative_name = '河野太一',
  capital = '30億円',
  revenue = '120億円',
  founded_month = 11,
  smoking_policy = '屋内禁煙（喫煙室あり）'
WHERE id = 'b0000000-0000-0000-0000-000000000008';

-- ---- 企業10: 株式会社グリーンフラックス ----
INSERT INTO company_accounts (id, email, password_hash, company_name, contact_person_name, phone_number, status)
VALUES
  ('b0000000-0000-0000-0000-000000000009', 'harada@greenflux.example.com', '$2a$10$SeedHashForDevOnly.0000000000000000000000000000000000', '株式会社グリーンフラックス', '原田沙織', '000-0000-0000', 'approved')
ON CONFLICT (id) DO UPDATE SET
  status = EXCLUDED.status,
  company_name = EXCLUDED.company_name;

UPDATE company_accounts SET
  headline = '再生可能エネルギーとデータの力で、持続可能な社会インフラを構築する',
  description = '太陽光・風力発電所の遠隔監視・運用最適化プラットフォームを開発しています。IoTセンサーとAI解析を組み合わせることで、発電効率の最大化と故障の予兆検知を実現します。また、電力需給バランスの予測システムや、企業向けカーボンフットプリント可視化ツールも展開しています。九州を拠点に全国のエネルギー事業者と連携し、脱炭素社会の実現に貢献しています。',
  industry = 'エネルギー・環境',
  location = '福岡県福岡市',
  founded_year = 2018,
  employee_count = '87名',
  website_url = 'https://greenflux.example.com',
  benefits = '["完全週休二日制（土日祝）", "フルリモート可（月1回の全社ミーティングのみ出社）", "カーボンオフセット手当（月5,000円）", "自社電力割引制度", "サバティカル休暇（勤続3年で1ヶ月）", "副業許可", "年間休日126日"]'::jsonb,
  average_age = '31.5',
  average_overtime_hours = '15.5',
  paid_leave_rate = '78.80',
  representative_name = '竹内陽子',
  capital = '6億円',
  revenue = '18億円',
  founded_month = 5,
  smoking_policy = '屋内禁煙'
WHERE id = 'b0000000-0000-0000-0000-000000000009';

-- ---- 企業11: 株式会社タレントブリッジ ----
INSERT INTO company_accounts (id, email, password_hash, company_name, contact_person_name, phone_number, status)
VALUES
  ('b0000000-0000-0000-0000-00000000000a', 'suzuki.d@talentbridge.example.com', '$2a$10$SeedHashForDevOnly.0000000000000000000000000000000000', '株式会社タレントブリッジ', '鈴木大輔', '000-0000-0000', 'approved')
ON CONFLICT (id) DO UPDATE SET
  status = EXCLUDED.status,
  company_name = EXCLUDED.company_name;

UPDATE company_accounts SET
  headline = '人と組織の可能性を最大化する、データドリブンな人材マネジメントを実現する',
  description = 'エンゲージメントサーベイとピープルアナリティクスを組み合わせたHRテックプラットフォームを提供しています。従業員の離職リスク予測、最適な人材配置のレコメンド、1on1ミーティングの質を高めるAIコーチング機能など、人事課題をデータで解決するプロダクトを展開しています。東海地方の製造業を中心に導入が進み、名古屋から全国展開を目指しています。',
  industry = '人材・HR',
  location = '愛知県名古屋市',
  founded_year = 2020,
  employee_count = '35名',
  website_url = 'https://talentbridge.example.com',
  benefits = '["完全週休二日制（土日祝）", "フレックスタイム制（コアタイムなし）", "リモートワーク可（週2出社推奨）", "ストックオプション制度", "自己啓発費用補助（年間12万円）", "1on1コーチング制度", "年間休日124日"]'::jsonb,
  average_age = '29.3',
  average_overtime_hours = '18.0',
  paid_leave_rate = '75.60',
  representative_name = '松田康弘',
  capital = '1億5,000万円',
  revenue = '',
  founded_month = 1,
  smoking_policy = '屋内禁煙'
WHERE id = 'b0000000-0000-0000-0000-00000000000a';

-- ---- 企業12: 株式会社コマースクラフト ----
INSERT INTO company_accounts (id, email, password_hash, company_name, contact_person_name, phone_number, status)
VALUES
  ('b0000000-0000-0000-0000-00000000000b', 'nakamura.a@commercecraft.example.com', '$2a$10$SeedHashForDevOnly.0000000000000000000000000000000000', '株式会社コマースクラフト', '中村彩花', '000-0000-0000', 'approved')
ON CONFLICT (id) DO UPDATE SET
  status = EXCLUDED.status,
  company_name = EXCLUDED.company_name;

UPDATE company_accounts SET
  headline = 'テクノロジーで小売の未来を刷新し、買い物をもっと楽しく便利にする',
  description = 'OMO（Online Merges with Offline）を実現するEC・小売向け統合プラットフォームを開発しています。在庫管理、レコメンドエンジン、ライブコマース配信、店舗スタッフ向けの接客支援アプリまで、小売業のデジタル化をワンストップで支援します。アパレル、コスメ、食品など幅広い業種のD2Cブランドや小売チェーンに導入されており、年間流通総額は1,000億円を超えています。',
  industry = 'EC・小売テック',
  location = '神奈川県横浜市',
  founded_year = 2014,
  employee_count = '380名',
  website_url = 'https://commercecraft.example.com',
  benefits = '["完全週休二日制（土日祝）", "フレックスタイム制（コアタイム11:00-15:00）", "社員割引制度（導入企業のEC商品10%OFF）", "自社サービス利用クレジット（月5,000円分）", "ハイブリッドワーク（週3出社）", "育休取得率100%（男女とも）", "年間休日123日"]'::jsonb,
  average_age = '32.7',
  average_overtime_hours = '19.5',
  paid_leave_rate = '74.40',
  representative_name = '石井直樹',
  capital = '35億円',
  revenue = '150億円',
  founded_month = 6,
  smoking_policy = '屋内禁煙（喫煙室あり）'
WHERE id = 'b0000000-0000-0000-0000-00000000000b';

-- ---- 企業13: 株式会社プレイグラウンドワークス ----
INSERT INTO company_accounts (id, email, password_hash, company_name, contact_person_name, phone_number, status)
VALUES
  ('b0000000-0000-0000-0000-00000000000c', 'ito.s@playgroundworks.example.com', '$2a$10$SeedHashForDevOnly.0000000000000000000000000000000000', '株式会社プレイグラウンドワークス', '伊藤翔太', '000-0000-0000', 'approved')
ON CONFLICT (id) DO UPDATE SET
  status = EXCLUDED.status,
  company_name = EXCLUDED.company_name;

UPDATE company_accounts SET
  headline = '遊びの力で人々の日常に感動と興奮を届け、世界中を笑顔にする',
  description = 'モバイルゲームとインタラクティブエンタメコンテンツの企画・開発・運営を行っています。自社オリジナルIPのRPGタイトルは累計800万ダウンロードを突破し、アジア圏を中心にグローバル展開しています。近年はVRやARを活用した体験型エンタメコンテンツの制作にも注力しており、テーマパークやイベント会場向けのインスタレーション開発でも実績を積んでいます。',
  industry = 'ゲーム・エンタメ',
  location = '宮城県仙台市',
  founded_year = 2016,
  employee_count = '145名',
  website_url = 'https://playgroundworks.example.com',
  benefits = '["完全週休二日制（土日祝）", "フレックスタイム制（コアタイム13:00-17:00）", "ゲーム・エンタメ購入補助（月5,000円）", "社内ゲームルーム完備", "クリエイター支援制度（個人開発の商用利用OK）", "年1回の海外カンファレンス参加補助", "年間休日125日"]'::jsonb,
  average_age = '28.9',
  average_overtime_hours = '25.0',
  paid_leave_rate = '65.70',
  representative_name = '浅田龍太',
  capital = '10億円',
  revenue = '35億円',
  founded_month = 4,
  smoking_policy = '屋内禁煙'
WHERE id = 'b0000000-0000-0000-0000-00000000000c';

-- ---- 企業14: 東和精機ソリューションズ株式会社 ----
INSERT INTO company_accounts (id, email, password_hash, company_name, contact_person_name, phone_number, status)
VALUES
  ('b0000000-0000-0000-0000-00000000000d', 'watanabe.m@towa-seiki.example.com', '$2a$10$SeedHashForDevOnly.0000000000000000000000000000000000', '東和精機ソリューションズ株式会社', '渡辺正樹', '000-0000-0000', 'approved')
ON CONFLICT (id) DO UPDATE SET
  status = EXCLUDED.status,
  company_name = EXCLUDED.company_name;

UPDATE company_accounts SET
  headline = '日本のものづくりの知見とデジタル技術を融合し、製造業の新たな競争力を創出する',
  description = '製造業向けスマートファクトリーソリューションを提供しています。工場の生産ラインにIoTセンサーを設置し、リアルタイムの稼働監視・品質管理・予知保全を実現するプラットフォームを開発・運用しています。50年以上の精密機器製造の実績をベースに、2018年からDX事業を本格化。製造現場の深い知見を持つエンジニアが開発に携わっている点が強みです。自動車部品、電子機器、食品製造など幅広い業種で300工場以上の導入実績があります。',
  industry = '製造業・ものづくり',
  location = '静岡県浜松市',
  founded_year = 1972,
  employee_count = '720名',
  website_url = 'https://towa-seiki.example.com',
  benefits = '["完全週休二日制（土日祝＋年末年始・GW・夏季休暇）", "社宅・独身寮完備（自己負担月1万円〜）", "退職金制度（確定拠出年金併用）", "技能検定・資格取得奨励金", "社内食堂（昼食補助あり）", "リフレッシュ休暇（勤続10年で5日間）", "年間休日130日"]'::jsonb,
  average_age = '38.4',
  average_overtime_hours = '17.5',
  paid_leave_rate = '72.10',
  representative_name = '渡辺正樹',
  capital = '80億円',
  revenue = '350億円',
  founded_month = 9,
  smoking_policy = '屋内禁煙（喫煙室あり）'
WHERE id = 'b0000000-0000-0000-0000-00000000000d';

-- ---- 企業15: トラベルネクスト株式会社 ----
INSERT INTO company_accounts (id, email, password_hash, company_name, contact_person_name, phone_number, status)
VALUES
  ('b0000000-0000-0000-0000-00000000000e', 'tanaka.y2@travelnext.example.com', '$2a$10$SeedHashForDevOnly.0000000000000000000000000000000000', 'トラベルネクスト株式会社', '田中陽介', '000-0000-0000', 'approved')
ON CONFLICT (id) DO UPDATE SET
  status = EXCLUDED.status,
  company_name = EXCLUDED.company_name;

UPDATE company_accounts SET
  headline = 'テクノロジーの力で旅の体験を再定義し、世界中の人と地域をつなぐ',
  description = '地方自治体や宿泊施設と連携し、AIを活用した旅行プランニングプラットフォームを運営しています。観光地の混雑予測、パーソナライズされた旅程提案、多言語対応のリアルタイムガイド機能など、旅行者と地域の双方に価値を提供するサービスを展開。インバウンド需要の拡大を追い風に、国内外の観光DXを推進しています。',
  industry = '旅行・観光テック',
  location = '京都府京都市下京区',
  founded_year = 2017,
  employee_count = '120名',
  website_url = 'https://travelnext.example.com',
  benefits = '["フルリモート勤務可", "ワーケーション補助（年12万円）", "旅行費用補助制度", "語学学習支援", "フレックスタイム制（コアタイムなし）", "書籍購入補助", "年1回の海外研修旅行"]'::jsonb,
  average_age = '31.2',
  average_overtime_hours = '12.5',
  paid_leave_rate = '78.30',
  representative_name = '岡本裕介',
  capital = '8億円',
  revenue = '22億円',
  founded_month = 11,
  smoking_policy = '屋内禁煙'
WHERE id = 'b0000000-0000-0000-0000-00000000000e';

-- ---- 企業16: サイバーフォートレス株式会社 ----
INSERT INTO company_accounts (id, email, password_hash, company_name, contact_person_name, phone_number, status)
VALUES
  ('b0000000-0000-0000-0000-00000000000f', 'morimoto@cyberfortress.example.com', '$2a$10$SeedHashForDevOnly.0000000000000000000000000000000000', 'サイバーフォートレス株式会社', '森本健一', '000-0000-0000', 'approved')
ON CONFLICT (id) DO UPDATE SET
  status = EXCLUDED.status,
  company_name = EXCLUDED.company_name;

UPDATE company_accounts SET
  headline = 'すべての企業が安心してデジタル化に踏み出せる社会を守る',
  description = '企業向けサイバーセキュリティソリューションを提供するセキュリティ専業企業です。脆弱性診断、SOCサービス、インシデントレスポンス、セキュリティコンサルティングを主力事業とし、金融機関や官公庁をはじめ500社以上の導入実績があります。自社開発のSIEM基盤とAIによる脅威検知エンジンで、高度化するサイバー攻撃から顧客のビジネスを守っています。',
  industry = 'セキュリティ・サイバーセキュリティ',
  location = '東京都千代田区',
  founded_year = 2014,
  employee_count = '180名',
  website_url = 'https://cyberfortress.example.com',
  benefits = '["セキュリティ資格取得支援（CISSP, OSCP等全額補助）", "技術カンファレンス参加費支援", "リモートワーク可（週2出社）", "退職金制度", "家賃補助（月3万円）", "健康診断オプション全額負担", "サイバー保険加入"]'::jsonb,
  average_age = '34.8',
  average_overtime_hours = '18.3',
  paid_leave_rate = '72.10',
  representative_name = '森本健一',
  capital = '15億円',
  revenue = '40億円',
  founded_month = 8,
  smoking_policy = '屋内禁煙'
WHERE id = 'b0000000-0000-0000-0000-00000000000f';

-- ---- 企業17: 株式会社フードクラフト ----
INSERT INTO company_accounts (id, email, password_hash, company_name, contact_person_name, phone_number, status)
VALUES
  ('b0000000-0000-0000-0000-000000000010', 'harada.m@foodcraft.example.com', '$2a$10$SeedHashForDevOnly.0000000000000000000000000000000000', '株式会社フードクラフト', '原田美咲', '000-0000-0000', 'approved')
ON CONFLICT (id) DO UPDATE SET
  status = EXCLUDED.status,
  company_name = EXCLUDED.company_name;

UPDATE company_accounts SET
  headline = 'テクノロジーと食文化の融合で、食の未来をもっとおいしく、もっとサステナブルに',
  description = '代替タンパク質の研究開発とフードロス削減プラットフォームを手がけるフードテックスタートアップです。九州大学発の発酵技術を応用した植物性タンパク食品の開発に加え、飲食店・スーパー向けの需要予測AIによる在庫最適化SaaSを提供。地域の一次産業との連携を強みに、食のサプライチェーン全体の変革に取り組んでいます。',
  industry = '食品・フードテック',
  location = '福岡県福岡市博多区',
  founded_year = 2020,
  employee_count = '35名',
  website_url = 'https://foodcraft.example.com',
  benefits = '["社員食堂（自社開発食品のランチ無料）", "フレックスタイム制", "ストックオプション制度", "学会・展示会参加支援", "リモートワーク可（週1出社）", "引越し補助（福岡移住者向け）", "副業OK"]'::jsonb,
  average_age = '29.5',
  average_overtime_hours = '10.2',
  paid_leave_rate = '82.50',
  representative_name = '野村健太郎',
  capital = '2億円',
  revenue = '',
  founded_month = 3,
  smoking_policy = '敷地内全面禁煙'
WHERE id = 'b0000000-0000-0000-0000-000000000010';

-- ---- 企業18: 株式会社モビリティワークス ----
INSERT INTO company_accounts (id, email, password_hash, company_name, contact_person_name, phone_number, status)
VALUES
  ('b0000000-0000-0000-0000-000000000011', 'suzuki.d2@mobilityworks.example.com', '$2a$10$SeedHashForDevOnly.0000000000000000000000000000000000', '株式会社モビリティワークス', '鈴木大輔', '000-0000-0000', 'approved')
ON CONFLICT (id) DO UPDATE SET
  status = EXCLUDED.status,
  company_name = EXCLUDED.company_name;

UPDATE company_accounts SET
  headline = '移動の自由を、すべての人に届ける',
  description = '自動運転技術とMaaS（Mobility as a Service）プラットフォームの開発を行うモビリティテック企業です。自動車メーカーとの協業による自動運転ソフトウェアの開発に加え、地方都市向けのオンデマンド交通サービスを展開。高齢化が進む地域の移動課題を解決するため、自治体との実証実験を全国15地域で推進しています。',
  industry = 'モビリティ・自動車',
  location = '愛知県名古屋市中区',
  founded_year = 2016,
  employee_count = '340名',
  website_url = 'https://mobilityworks.example.com',
  benefits = '["社用車貸出制度", "自動車関連資格取得支援", "確定拠出年金制度", "社宅制度（名古屋勤務者）", "フレックスタイム制", "育児・介護短時間勤務", "カフェテリアプラン（年5万円）"]'::jsonb,
  average_age = '35.6',
  average_overtime_hours = '20.1',
  paid_leave_rate = '68.90',
  representative_name = '水野雅之',
  capital = '25億円',
  revenue = '80億円',
  founded_month = 12,
  smoking_policy = '屋内禁煙（喫煙室あり）'
WHERE id = 'b0000000-0000-0000-0000-000000000011';

-- ---- 企業19: 株式会社メディアブリッジ ----
INSERT INTO company_accounts (id, email, password_hash, company_name, contact_person_name, phone_number, status)
VALUES
  ('b0000000-0000-0000-0000-000000000012', 'nakamura.a2@mediabridge.example.com', '$2a$10$SeedHashForDevOnly.0000000000000000000000000000000000', '株式会社メディアブリッジ', '中村彩香', '000-0000-0000', 'approved')
ON CONFLICT (id) DO UPDATE SET
  status = EXCLUDED.status,
  company_name = EXCLUDED.company_name;

UPDATE company_accounts SET
  headline = '良質なコンテンツの力で、知識と物語を次の世代へつなぐ',
  description = 'デジタルパブリッシングプラットフォームとコンテンツマネジメントツールを開発するメディアテック企業です。出版社や独立系クリエイター向けに、電子書籍・ウェブマガジンの制作から配信、収益化までを一貫して支援するSaaSを提供。AIによる自動組版や翻訳支援機能により、コンテンツ制作の効率化とグローバル展開を後押ししています。',
  industry = 'メディア・出版',
  location = '大阪府大阪市北区',
  founded_year = 2019,
  employee_count = '42名',
  website_url = 'https://mediabridge.example.com',
  benefits = '["書籍購入費無制限", "リモートワーク可（フルリモートOK）", "フレックスタイム制", "副業・執筆活動推奨", "カンファレンス登壇支援", "有給の創作休暇（年5日）", "コワーキングスペース利用補助"]'::jsonb,
  average_age = '32.1',
  average_overtime_hours = '8.7',
  paid_leave_rate = '85.20',
  representative_name = '福島亮太',
  capital = '1億円',
  revenue = '5億円',
  founded_month = 6,
  smoking_policy = '敷地内全面禁煙'
WHERE id = 'b0000000-0000-0000-0000-000000000012';

-- ---- 企業20: 株式会社ヴィタリス ----
INSERT INTO company_accounts (id, email, password_hash, company_name, contact_person_name, phone_number, status)
VALUES
  ('b0000000-0000-0000-0000-000000000013', 'ogawa.s@vitalis.example.com', '$2a$10$SeedHashForDevOnly.0000000000000000000000000000000000', '株式会社ヴィタリス', '小川翔太', '000-0000-0000', 'approved')
ON CONFLICT (id) DO UPDATE SET
  status = EXCLUDED.status,
  company_name = EXCLUDED.company_name;

UPDATE company_accounts SET
  headline = 'テクノロジーで一人ひとりの健康と活力ある毎日を支える',
  description = 'ウェアラブルデバイスと連携したパーソナルヘルスケアプラットフォームを開発しています。心拍数や睡眠データ、運動量をAIが分析し、個人に最適化されたトレーニングプランや栄養アドバイスを提供。法人向けには従業員の健康経営を支援するダッシュボードも展開しており、導入企業の健康関連コスト削減に貢献しています。',
  industry = 'スポーツ・ウェルネス',
  location = '神奈川県横浜市西区',
  founded_year = 2018,
  employee_count = '95名',
  website_url = 'https://vitalis.example.com',
  benefits = '["フィットネスジム利用補助（月1万円）", "ウェアラブルデバイス支給", "健康食ランチ補助", "フレックスタイム制", "リモートワーク可（週2出社）", "スポーツイベント参加補助", "年1回の人間ドック全額負担"]'::jsonb,
  average_age = '30.8',
  average_overtime_hours = '11.4',
  paid_leave_rate = '80.60',
  representative_name = '三浦大輔',
  capital = '5億円',
  revenue = '15億円',
  founded_month = 2,
  smoking_policy = '屋内禁煙'
WHERE id = 'b0000000-0000-0000-0000-000000000013';

-- ---- 企業21: リーガルスクエア株式会社 ----
INSERT INTO company_accounts (id, email, password_hash, company_name, contact_person_name, phone_number, status)
VALUES
  ('b0000000-0000-0000-0000-000000000014', 'ito.m@legalsquare.example.com', '$2a$10$SeedHashForDevOnly.0000000000000000000000000000000000', 'リーガルスクエア株式会社', '伊藤真理', '000-0000-0000', 'approved')
ON CONFLICT (id) DO UPDATE SET
  status = EXCLUDED.status,
  company_name = EXCLUDED.company_name;

UPDATE company_accounts SET
  headline = '法務の力をすべてのビジネスに届け、公正で透明な社会を実現する',
  description = '中小企業やスタートアップ向けの契約書レビューAIと法務管理SaaSを開発するリーガルテック企業です。自然言語処理技術を活用し、契約書のリスク箇所を自動検出、修正案を提示するサービスを提供。弁護士監修のテンプレートライブラリや電子契約機能も備え、法務部門を持たない企業でも安心してビジネスを進められる環境を整えています。',
  industry = '法律・リーガルテック',
  location = '宮城県仙台市青葉区',
  founded_year = 2021,
  employee_count = '28名',
  website_url = 'https://legalsquare.example.com',
  benefits = '["フルリモート勤務可", "法律関連資格取得支援", "ストックオプション制度", "書籍・論文購入補助", "フレックスタイム制（コアタイムなし）", "副業OK", "年次有給休暇の時間単位取得可"]'::jsonb,
  average_age = '33.4',
  average_overtime_hours = '9.8',
  paid_leave_rate = '83.40',
  representative_name = '須藤拓也',
  capital = '8,000万円',
  revenue = '',
  founded_month = 10,
  smoking_policy = '敷地内全面禁煙'
WHERE id = 'b0000000-0000-0000-0000-000000000014';

-- ---- 企業22: 株式会社スタイルシンク ----
INSERT INTO company_accounts (id, email, password_hash, company_name, contact_person_name, phone_number, status)
VALUES
  ('b0000000-0000-0000-0000-000000000015', 'yamamoto.e@stylesync.example.com', '$2a$10$SeedHashForDevOnly.0000000000000000000000000000000000', '株式会社スタイルシンク', '山本絵里奈', '000-0000-0000', 'approved')
ON CONFLICT (id) DO UPDATE SET
  status = EXCLUDED.status,
  company_name = EXCLUDED.company_name;

UPDATE company_accounts SET
  headline = 'ファッションとテクノロジーの力で、一人ひとりが自分らしく輝ける世界をつくる',
  description = 'AIスタイリング提案エンジンとバーチャル試着プラットフォームを開発するアパレルテック企業です。3Dボディスキャン技術とディープラーニングを組み合わせ、体型や好みに合ったコーディネートを自動提案。アパレルブランドやECサイトへのAPI連携により、返品率の削減と購買体験の向上を実現しています。サステナブルファッションの推進にも力を入れています。',
  industry = 'ファッション・アパレルテック',
  location = '広島県広島市中区',
  founded_year = 2019,
  employee_count = '68名',
  website_url = 'https://stylesync.example.com',
  benefits = '["社員割引でパートナーブランド購入可", "ファッション関連イベント参加補助", "リモートワーク可（週1出社）", "フレックスタイム制", "スキルアップ研修費補助（年10万円）", "オフィスにカフェスペース完備", "産休・育休復帰率100%"]'::jsonb,
  average_age = '28.9',
  average_overtime_hours = '9.3',
  paid_leave_rate = '84.70',
  representative_name = '沢村綾乃',
  capital = '3億円',
  revenue = '12億円',
  founded_month = 4,
  smoking_policy = '屋内禁煙'
WHERE id = 'b0000000-0000-0000-0000-000000000015';

-- ---- 企業23: シールドインシュア株式会社 ----
INSERT INTO company_accounts (id, email, password_hash, company_name, contact_person_name, phone_number, status)
VALUES
  ('b0000000-0000-0000-0000-000000000016', 'tanaka.h@shield-insure.example.com', '$2a$10$SeedHashForDevOnly.0000000000000000000000000000000000', 'シールドインシュア株式会社', '田中裕也', '000-0000-0000', 'approved')
ON CONFLICT (id) DO UPDATE SET
  status = EXCLUDED.status,
  company_name = EXCLUDED.company_name;

UPDATE company_accounts SET
  headline = 'テクノロジーの力で、すべての人に最適な安心を届ける',
  description = 'AIを活用した保険引受査定エンジンと、スマートフォン完結型の保険申込プラットフォームを開発・運営するインシュアテック企業です。従来の保険業界では数日かかっていた査定プロセスを数分に短縮し、保険料の最適化と顧客体験の向上を同時に実現しています。大手損害保険会社や生命保険会社へのSaaS提供に加え、自社ブランドの少額短期保険商品も展開。2021年の創業以来、累計契約件数は50万件を突破しました。',
  industry = '保険・インシュアテック',
  location = '大阪府大阪市北区',
  founded_year = 2021,
  employee_count = '135名',
  website_url = 'https://shield-insure.example.com',
  benefits = '["フルリモート勤務可（月1回大阪オフィス出社日あり）", "自社保険商品の社員割引制度", "ストックオプション制度", "書籍・カンファレンス参加費全額補助", "育児・介護との両立支援（時短勤務・中抜け可）", "ウェルネス手当（月5,000円）", "年2回のオフサイト合宿"]'::jsonb,
  average_age = '33.2',
  average_overtime_hours = '15.5',
  paid_leave_rate = '78.30',
  representative_name = '内藤慎太郎',
  capital = '10億円',
  revenue = '28億円',
  founded_month = 1,
  smoking_policy = '屋内禁煙'
WHERE id = 'b0000000-0000-0000-0000-000000000016';

-- ---- 企業24: 株式会社ソラノミライ ----
INSERT INTO company_accounts (id, email, password_hash, company_name, contact_person_name, phone_number, status)
VALUES
  ('b0000000-0000-0000-0000-000000000017', 'miyamoto@soranomirai.example.com', '$2a$10$SeedHashForDevOnly.0000000000000000000000000000000000', '株式会社ソラノミライ', '宮本航太', '000-0000-0000', 'approved')
ON CONFLICT (id) DO UPDATE SET
  status = EXCLUDED.status,
  company_name = EXCLUDED.company_name;

UPDATE company_accounts SET
  headline = '宇宙をもっと身近に。衛星データで地球の課題を解決する',
  description = '小型人工衛星の開発・打上げと、衛星データ解析プラットフォームの提供を行う宇宙スタートアップです。独自開発の超小型SAR衛星コンステレーションにより、天候や昼夜を問わず地表の変化を高頻度で観測できる体制を構築。農業の生育モニタリング、インフラの劣化検知、災害時の被害把握など、衛星データを社会実装するためのAPIとダッシュボードを提供しています。JAXAや九州大学との共同研究も多数実施中です。',
  industry = '宇宙・航空',
  location = '福岡県福岡市中央区',
  founded_year = 2019,
  employee_count = '98名',
  website_url = 'https://soranomirai.example.com',
  benefits = '["フレックスタイム制（コアタイム11:00-15:00）", "打上げ成功ボーナス", "学会発表支援（渡航費・参加費全額負担）", "JAXA筑波宇宙センター見学ツアー（年1回）", "社内勉強会（週2回・業務時間内）", "引越し支援金（入社時最大30万円）", "カフェテリアプラン（年12万円）"]'::jsonb,
  average_age = '31.8',
  average_overtime_hours = '22.0',
  paid_leave_rate = '72.50',
  representative_name = '堀江航',
  capital = '12億円',
  revenue = '8億円',
  founded_month = 7,
  smoking_policy = '屋内禁煙'
WHERE id = 'b0000000-0000-0000-0000-000000000017';

-- ---- 企業25: 株式会社パウズコネクト ----
INSERT INTO company_accounts (id, email, password_hash, company_name, contact_person_name, phone_number, status)
VALUES
  ('b0000000-0000-0000-0000-000000000018', 'suzuki.m@paws-connect.example.com', '$2a$10$SeedHashForDevOnly.0000000000000000000000000000000000', '株式会社パウズコネクト', '鈴木真帆', '000-0000-0000', 'approved')
ON CONFLICT (id) DO UPDATE SET
  status = EXCLUDED.status,
  company_name = EXCLUDED.company_name;

UPDATE company_accounts SET
  headline = 'ペットと飼い主の幸せな暮らしを、テクノロジーでサポートする',
  description = 'ペットの健康管理アプリ「PawsLife」と、動物病院向けのクラウド型電子カルテシステムを開発・運営しています。アプリではAI画像解析による皮膚疾患の早期発見機能や、IoT首輪と連携した活動量トラッキング、獣医師によるオンライン相談を提供。動物病院向けには予約管理、カルテ、会計を一元化するSaaSを展開し、全国600以上の動物病院に導入されています。',
  industry = 'ペット・動物関連',
  location = '神奈川県横浜市西区',
  founded_year = 2020,
  employee_count = '42名',
  website_url = 'https://paws-connect.example.com',
  benefits = '["ペット同伴出勤OK", "ペット関連費用補助（月5,000円）", "リモートワーク週3日可", "ペット忌引休暇制度", "アニマルセラピー研修", "副業・兼業OK", "スキルアップ支援（年10万円）"]'::jsonb,
  average_age = '29.5',
  average_overtime_hours = '10.2',
  paid_leave_rate = '85.00',
  representative_name = '宮崎真帆',
  capital = '2億円',
  revenue = '6億円',
  founded_month = 5,
  smoking_policy = '敷地内全面禁煙'
WHERE id = 'b0000000-0000-0000-0000-000000000018';

-- ---- 企業26: ケアブリッジ株式会社 ----
INSERT INTO company_accounts (id, email, password_hash, company_name, contact_person_name, phone_number, status)
VALUES
  ('b0000000-0000-0000-0000-000000000019', 'ito.k@carebridge.example.com', '$2a$10$SeedHashForDevOnly.0000000000000000000000000000000000', 'ケアブリッジ株式会社', '伊藤健太郎', '000-0000-0000', 'approved')
ON CONFLICT (id) DO UPDATE SET
  status = EXCLUDED.status,
  company_name = EXCLUDED.company_name;

UPDATE company_accounts SET
  headline = '介護の現場に寄り添い、テクノロジーで支える人を支える',
  description = '介護施設向けの統合業務プラットフォーム「CareOS」を開発・提供しています。介護記録の音声入力、AIによるケアプラン作成支援、センサーを活用した見守りシステム、家族向けの共有アプリを一つのプラットフォームに統合。介護スタッフの事務作業時間を平均40%削減し、利用者と向き合う時間を増やすことに貢献しています。全国1,200以上の介護施設に導入され、自治体との連携実証事業も進行中です。',
  industry = '介護・福祉テック',
  location = '愛知県名古屋市中区',
  founded_year = 2018,
  employee_count = '320名',
  website_url = 'https://carebridge.example.com',
  benefits = '["介護職員初任者研修の受講費用全額補助", "フレックスタイム制（コアタイムなし）", "リモートワーク可（週2日以上出社推奨）", "介護休業の拡充制度（法定以上）", "確定拠出年金制度", "社内託児スペース完備", "健康診断オプション費用全額負担"]'::jsonb,
  average_age = '36.8',
  average_overtime_hours = '12.8',
  paid_leave_rate = '82.10',
  representative_name = '藤井康介',
  capital = '20億円',
  revenue = '65億円',
  founded_month = 10,
  smoking_policy = '屋内禁煙（喫煙室あり）'
WHERE id = 'b0000000-0000-0000-0000-000000000019';

-- ---- 企業27: 株式会社オトノバ ----
INSERT INTO company_accounts (id, email, password_hash, company_name, contact_person_name, phone_number, status)
VALUES
  ('b0000000-0000-0000-0000-00000000001a', 'nakamura.h@otonova.example.com', '$2a$10$SeedHashForDevOnly.0000000000000000000000000000000000', '株式会社オトノバ', '中村響', '000-0000-0000', 'approved')
ON CONFLICT (id) DO UPDATE SET
  status = EXCLUDED.status,
  company_name = EXCLUDED.company_name;

UPDATE company_accounts SET
  headline = '音楽と技術の交差点から、新しい創造体験を生み出す',
  description = 'AI作曲支援ツール「MeloAI」と、クリエイター向けの音源マーケットプレイス「SoundShelf」を運営するクリエイティブテック企業です。MeloAIでは楽曲のジャンルやムードを指定するだけでBGMやデモトラックを自動生成でき、映像制作者やゲーム開発者に広く利用されています。SoundShelfではインディーズ音楽クリエイターがロイヤリティフリー音源を販売でき、登録クリエイター数は8,000名を超えました。',
  industry = '音楽・クリエイティブテック',
  location = '京都府京都市中京区',
  founded_year = 2020,
  employee_count = '28名',
  website_url = 'https://otonova.example.com',
  benefits = '["防音スタジオ・楽器の自由利用", "音楽サブスクリプション費用補助", "クリエイティブ活動支援金（年15万円）", "フルリモート勤務可", "副業・個人制作活動OK", "京町家オフィスでのワーケーション", "カンファレンス登壇支援"]'::jsonb,
  average_age = '30.1',
  average_overtime_hours = '8.5',
  paid_leave_rate = '88.50',
  representative_name = '中村響',
  capital = '5,000万円',
  revenue = '',
  founded_month = 8,
  smoking_policy = '敷地内全面禁煙'
WHERE id = 'b0000000-0000-0000-0000-00000000001a';

-- ---- 企業28: グリーンファクトリー株式会社 ----
INSERT INTO company_accounts (id, email, password_hash, company_name, contact_person_name, phone_number, status)
VALUES
  ('b0000000-0000-0000-0000-00000000001b', 'sato.t@greenfactory.example.com', '$2a$10$SeedHashForDevOnly.0000000000000000000000000000000000', 'グリーンファクトリー株式会社', '佐藤拓海', '000-0000-0000', 'approved')
ON CONFLICT (id) DO UPDATE SET
  status = EXCLUDED.status,
  company_name = EXCLUDED.company_name;

UPDATE company_accounts SET
  headline = '植物工場の技術で、食の安定供給と地域農業の未来を切り拓く',
  description = '完全閉鎖型植物工場の設計・建設と、栽培管理AIプラットフォーム「GrowOS」の開発を行うアグリテック企業です。独自のLED光源制御技術とAI環境最適化により、露地栽培比で水使用量を95%削減しながら、レタスやハーブ類を年間を通じて安定生産しています。東北を拠点に全国12か所の植物工場を運営し、スーパーマーケットや外食チェーンへの直接供給体制を構築。海外からの技術ライセンス契約の引き合いも増加中です。',
  industry = '農業機械・アグリテック',
  location = '宮城県仙台市青葉区',
  founded_year = 2017,
  employee_count = '165名',
  website_url = 'https://greenfactory.example.com',
  benefits = '["社員食堂での自社栽培野菜提供（無料）", "農業体験プログラム（年2回）", "フレックスタイム制", "住宅手当（仙台勤務者月3万円）", "学会・論文発表支援", "特許報奨金制度", "リフレッシュ休暇（年5日追加）"]'::jsonb,
  average_age = '34.5',
  average_overtime_hours = '18.3',
  paid_leave_rate = '74.80',
  representative_name = '片山浩二',
  capital = '15億円',
  revenue = '42億円',
  founded_month = 3,
  smoking_policy = '屋内禁煙'
WHERE id = 'b0000000-0000-0000-0000-00000000001b';

-- ---- 企業29: 株式会社レジリア ----
INSERT INTO company_accounts (id, email, password_hash, company_name, contact_person_name, phone_number, status)
VALUES
  ('b0000000-0000-0000-0000-00000000001c', 'yamamoto.n@resilia.example.com', '$2a$10$SeedHashForDevOnly.0000000000000000000000000000000000', '株式会社レジリア', '山本奈々', '000-0000-0000', 'approved')
ON CONFLICT (id) DO UPDATE SET
  status = EXCLUDED.status,
  company_name = EXCLUDED.company_name;

UPDATE company_accounts SET
  headline = '災害から命と暮らしを守る、次世代の防災インフラを構築する',
  description = 'IoTセンサーネットワークとAI予測技術を組み合わせた防災プラットフォーム「ResiliOS」を開発・提供しています。河川水位、土壌水分量、建物振動などのリアルタイムデータを統合分析し、洪水や土砂災害の発生リスクを最大6時間前に予測。自治体向けの避難判断支援システムと住民向けの防災アプリを展開し、全国80以上の自治体に導入されています。阪神・淡路大震災の教訓を原点に、神戸から防災テクノロジーを発信しています。',
  industry = '防災・災害対策テック',
  location = '兵庫県神戸市中央区',
  founded_year = 2019,
  employee_count = '78名',
  website_url = 'https://resilia.example.com',
  benefits = '["防災士資格取得支援（費用全額負担）", "フレックスタイム制（コアタイム10:00-15:00）", "リモートワーク週3日可", "災害ボランティア特別休暇（年5日）", "防災グッズ支給（入社時・年1回更新）", "健康増進手当（月3,000円）", "チーム合宿費用補助"]'::jsonb,
  average_age = '32.7',
  average_overtime_hours = '16.0',
  paid_leave_rate = '79.60',
  representative_name = '川崎一志',
  capital = '4億円',
  revenue = '10億円',
  founded_month = 1,
  smoking_policy = '屋内禁煙'
WHERE id = 'b0000000-0000-0000-0000-00000000001c';

-- ---- 企業30: 株式会社まちしるべ ----
INSERT INTO company_accounts (id, email, password_hash, company_name, contact_person_name, phone_number, status)
VALUES
  ('b0000000-0000-0000-0000-00000000001d', 'hashimoto@machishirube.example.com', '$2a$10$SeedHashForDevOnly.0000000000000000000000000000000000', '株式会社まちしるべ', '橋本陽介', '000-0000-0000', 'approved')
ON CONFLICT (id) DO UPDATE SET
  status = EXCLUDED.status,
  company_name = EXCLUDED.company_name;

UPDATE company_accounts SET
  headline = 'デジタルの力で地域の魅力を可視化し、持続可能なまちづくりを実現する',
  description = '地方自治体や地域事業者向けに、人流データ分析プラットフォーム「MachiView」と関係人口マッチングサービス「LocaLink」を提供しています。MachiViewではスマートフォンの位置情報ビッグデータを活用して観光客や住民の移動パターンを可視化し、商店街の活性化施策や公共交通の最適化に活用。LocaLinkでは都市部の副業人材と地方企業をつなぎ、リモートでの地域貢献プロジェクトを推進しています。金沢を拠点に北陸3県を中心として全国45自治体と連携中です。',
  industry = '地方創生・まちづくり',
  location = '石川県金沢市',
  founded_year = 2021,
  employee_count = '35名',
  website_url = 'https://machishirube.example.com',
  benefits = '["金沢移住支援金（最大50万円）", "フルリモート勤務可", "ワーケーション制度（提携地域の施設利用可）", "地域活動参加の業務扱い（月8時間まで）", "副業OK", "地方視察旅費補助（月1回まで）", "雪道対策タイヤ補助金"]'::jsonb,
  average_age = '31.2',
  average_overtime_hours = '9.8',
  paid_leave_rate = '86.20',
  representative_name = '橋本陽介',
  capital = '8,000万円',
  revenue = '',
  founded_month = 6,
  smoking_policy = '敷地内全面禁煙'
WHERE id = 'b0000000-0000-0000-0000-00000000001d';

-- ============================================================
-- 7. inselfy社 チーム・メンバー・診断データ
-- ============================================================

-- チーム3つ
INSERT INTO teams (id, company_id, name, target_count)
VALUES
  ('A0000000-0000-0000-0000-000000000001', 'afd20f1c-b6a8-4809-bc8f-b3f41263b511', 'エンジニアチーム', 5),
  ('A0000000-0000-0000-0000-000000000002', 'afd20f1c-b6a8-4809-bc8f-b3f41263b511', 'デザインチーム', 3),
  ('A0000000-0000-0000-0000-000000000003', 'afd20f1c-b6a8-4809-bc8f-b3f41263b511', 'ビジネスチーム', 4)
ON CONFLICT DO NOTHING;

-- 招待リンク（12名分）
INSERT INTO team_invitations (id, team_id, token, assigned_name, expires_at, used_at)
VALUES
  -- エンジニアチーム 5名
  ('A1000000-0000-0000-0000-000000000001', 'A0000000-0000-0000-0000-000000000001', 'inselfy_eng_01', '中村大輔', now() + interval '30 days', now()),
  ('A1000000-0000-0000-0000-000000000002', 'A0000000-0000-0000-0000-000000000001', 'inselfy_eng_02', '高橋悠太', now() + interval '30 days', now()),
  ('A1000000-0000-0000-0000-000000000003', 'A0000000-0000-0000-0000-000000000001', 'inselfy_eng_03', '伊藤美咲', now() + interval '30 days', now()),
  ('A1000000-0000-0000-0000-000000000004', 'A0000000-0000-0000-0000-000000000001', 'inselfy_eng_04', '渡辺健太', now() + interval '30 days', now()),
  ('A1000000-0000-0000-0000-000000000005', 'A0000000-0000-0000-0000-000000000001', 'inselfy_eng_05', '小林翔', now() + interval '30 days', now()),
  -- デザインチーム 3名
  ('A1000000-0000-0000-0000-000000000006', 'A0000000-0000-0000-0000-000000000002', 'inselfy_des_01', '加藤彩花', now() + interval '30 days', now()),
  ('A1000000-0000-0000-0000-000000000007', 'A0000000-0000-0000-0000-000000000002', 'inselfy_des_02', '松本蓮', now() + interval '30 days', now()),
  ('A1000000-0000-0000-0000-000000000008', 'A0000000-0000-0000-0000-000000000002', 'inselfy_des_03', '井上萌', now() + interval '30 days', now()),
  -- ビジネスチーム 4名
  ('A1000000-0000-0000-0000-000000000009', 'A0000000-0000-0000-0000-000000000003', 'inselfy_biz_01', '木村拓也', now() + interval '30 days', now()),
  ('A1000000-0000-0000-0000-000000000010', 'A0000000-0000-0000-0000-000000000003', 'inselfy_biz_02', '林真理子', now() + interval '30 days', now()),
  ('A1000000-0000-0000-0000-000000000011', 'A0000000-0000-0000-0000-000000000003', 'inselfy_biz_03', '山口智也', now() + interval '30 days', now()),
  ('A1000000-0000-0000-0000-000000000012', 'A0000000-0000-0000-0000-000000000003', 'inselfy_biz_04', '清水恵', now() + interval '30 days', now())
ON CONFLICT DO NOTHING;

-- チームメンバー（診断済み）
-- エンジニア: 自律性・創造性・能力活用が高い、権威・社会的地位が低い
INSERT INTO team_members (id, team_id, invitation_id, name, wv_vector, ci_vector, completed_at)
VALUES
  ('A2000000-0000-0000-0000-000000000001', 'A0000000-0000-0000-0000-000000000001', 'A1000000-0000-0000-0000-000000000001', '中村大輔',
   '[2.2,1.9,-0.4,0.6,-1.1,1.8,-0.2,0.3,0.5,1.7,0.8,-0.1,-0.5,1.2,-0.7,0.0,-1.4,-0.5,-0.9,-1.6,-1.8]',
   '[4.2,3.6,3.3,2.5,2.3,2.0,3.1,2.9,3.0,4.5,4.0,3.8,3.6,3.3,3.5,2.6,2.4,2.2,2.0,1.9]',
   now()),
  ('A2000000-0000-0000-0000-000000000002', 'A0000000-0000-0000-0000-000000000001', 'A1000000-0000-0000-0000-000000000002', '高橋悠太',
   '[1.8,1.6,-0.3,0.8,-0.9,2.0,-0.3,0.5,0.3,1.5,0.9,-0.2,-0.4,1.0,-0.6,0.1,-1.3,-0.6,-1.0,-1.5,-1.7]',
   '[4.0,3.4,3.1,2.6,2.4,2.1,3.2,3.0,3.1,4.3,3.8,3.7,3.5,3.2,3.4,2.7,2.5,2.3,2.1,2.0]',
   now()),
  ('A2000000-0000-0000-0000-000000000003', 'A0000000-0000-0000-0000-000000000001', 'A1000000-0000-0000-0000-000000000003', '伊藤美咲',
   '[2.0,2.1,-0.5,0.5,-1.2,1.6,-0.1,0.2,0.7,1.9,0.6,0.0,-0.6,1.1,-0.8,0.2,-1.5,-0.4,-0.8,-1.7,-2.0]',
   '[4.4,3.8,3.5,2.4,2.2,1.9,3.0,2.8,2.9,4.6,4.2,4.0,3.8,3.1,3.3,2.5,2.3,2.1,1.9,1.8]',
   now()),
  ('A2000000-0000-0000-0000-000000000004', 'A0000000-0000-0000-0000-000000000001', 'A1000000-0000-0000-0000-000000000004', '渡辺健太',
   '[1.9,1.7,-0.2,0.7,-1.0,1.5,-0.4,0.4,0.4,1.4,0.7,-0.3,-0.3,0.9,-0.5,0.0,-1.2,-0.3,-0.7,-1.4,-1.6]',
   '[4.1,3.5,3.2,2.7,2.5,2.2,3.3,3.1,3.2,4.2,3.9,3.6,3.4,3.4,3.6,2.8,2.6,2.4,2.2,2.1]',
   now()),
  ('A2000000-0000-0000-0000-000000000005', 'A0000000-0000-0000-0000-000000000001', 'A1000000-0000-0000-0000-000000000005', '小林翔',
   '[2.1,1.8,-0.6,0.4,-1.3,1.7,-0.1,0.1,0.6,1.8,0.5,0.1,-0.7,1.3,-0.9,0.1,-1.6,-0.5,-1.1,-1.8,-2.1]',
   '[4.3,3.7,3.4,2.3,2.1,1.8,2.9,2.7,2.8,4.7,4.3,4.1,3.9,3.0,3.2,2.4,2.2,2.0,1.8,1.7]',
   now()),
  -- デザイン: 創造性・社会貢献・協調性が高い、安定・権威が低い
  ('A2000000-0000-0000-0000-000000000006', 'A0000000-0000-0000-0000-000000000002', 'A1000000-0000-0000-0000-000000000006', '加藤彩花',
   '[1.0,0.8,-0.7,0.2,-1.5,1.3,0.0,-0.3,1.6,2.2,-0.4,0.9,0.5,0.3,-0.4,1.5,-1.8,-0.5,-0.8,-1.0,-1.1]',
   '[4.0,4.2,4.0,2.2,2.0,1.7,2.7,2.5,2.6,3.4,3.2,3.0,2.8,2.8,3.0,2.3,2.9,2.7,2.6,2.4]',
   now()),
  ('A2000000-0000-0000-0000-000000000007', 'A0000000-0000-0000-0000-000000000002', 'A1000000-0000-0000-0000-000000000007', '松本蓮',
   '[1.2,1.0,-0.5,0.3,-1.4,1.1,0.1,-0.1,1.8,2.0,-0.3,0.7,0.6,0.4,-0.3,1.3,-1.7,-0.6,-0.9,-1.1,-1.2]',
   '[3.8,4.0,3.8,2.3,2.1,1.8,2.8,2.6,2.7,3.6,3.4,3.2,3.0,2.9,3.1,2.5,3.0,2.8,2.7,2.5]',
   now()),
  ('A2000000-0000-0000-0000-000000000008', 'A0000000-0000-0000-0000-000000000002', 'A1000000-0000-0000-0000-000000000008', '井上萌',
   '[0.9,0.7,-0.8,0.1,-1.6,1.2,0.2,-0.2,1.5,2.1,-0.5,1.0,0.4,0.2,-0.5,1.6,-1.9,-0.4,-0.7,-0.9,-1.0]',
   '[4.1,4.3,4.1,2.1,1.9,1.6,2.6,2.4,2.5,3.3,3.1,2.9,2.7,2.7,2.9,2.2,2.8,2.6,2.5,2.3]',
   now()),
  -- ビジネス: 達成・昇進・承認・報酬が高い、創造性・自律性が低い
  ('A2000000-0000-0000-0000-000000000009', 'A0000000-0000-0000-0000-000000000003', 'A1000000-0000-0000-0000-000000000009', '木村拓也',
   '[0.5,2.1,-0.1,1.8,0.8,0.2,0.3,1.5,0.4,0.0,0.1,0.2,1.6,0.6,-0.3,0.3,0.5,-0.2,0.0,-0.8,-0.7]',
   '[3.0,2.8,2.6,3.5,3.3,3.1,3.8,3.6,3.7,3.2,3.0,2.8,2.6,2.9,3.1,2.7,3.4,3.2,3.0,2.8]',
   now()),
  ('A2000000-0000-0000-0000-000000000010', 'A0000000-0000-0000-0000-000000000003', 'A1000000-0000-0000-0000-000000000010', '林真理子',
   '[0.6,1.9,0.0,1.7,0.7,0.3,0.4,1.3,0.6,0.1,0.0,0.3,1.5,0.5,-0.2,0.5,0.4,-0.1,0.1,-0.7,-0.6]',
   '[3.1,2.9,2.7,3.4,3.2,3.0,3.7,3.5,3.6,3.3,3.1,2.9,2.7,3.0,3.2,2.8,3.5,3.3,3.1,2.9]',
   now()),
  ('A2000000-0000-0000-0000-000000000011', 'A0000000-0000-0000-0000-000000000003', 'A1000000-0000-0000-0000-000000000011', '山口智也',
   '[0.4,2.0,0.1,1.9,0.9,0.1,0.2,1.6,0.3,-0.1,0.2,0.1,1.7,0.7,-0.4,0.2,0.6,-0.3,-0.1,-0.9,-0.8]',
   '[2.9,2.7,2.5,3.6,3.4,3.2,3.9,3.7,3.8,3.1,2.9,2.7,2.5,2.8,3.0,2.6,3.3,3.1,2.9,2.7]',
   now()),
  ('A2000000-0000-0000-0000-000000000012', 'A0000000-0000-0000-0000-000000000003', 'A1000000-0000-0000-0000-000000000012', '清水恵',
   '[0.7,1.8,0.2,1.6,0.6,0.4,0.5,1.4,0.5,0.2,-0.1,0.4,1.4,0.4,-0.1,0.6,0.3,0.0,0.2,-0.6,-0.5]',
   '[3.2,3.0,2.8,3.3,3.1,2.9,3.6,3.4,3.5,3.4,3.2,3.0,2.8,3.1,3.3,2.9,3.6,3.4,3.2,3.0]',
   now())
ON CONFLICT DO NOTHING;

-- inselfy チームベクトル（メンバー平均）
-- エンジニアチーム: 自律性・創造性重視
UPDATE teams SET
  wv_vector = '[2.0,1.82,-0.4,0.6,-1.1,1.72,-0.22,0.3,0.5,1.66,0.7,-0.1,-0.5,1.1,-0.7,0.08,-1.4,-0.46,-0.9,-1.6,-1.84]',
  ci_vector = '[4.2,3.6,3.3,2.5,2.3,2.0,3.1,2.9,3.0,4.46,4.04,3.84,3.64,3.2,3.4,2.6,2.4,2.2,2.0,1.9]'
WHERE id = 'A0000000-0000-0000-0000-000000000001';

-- デザインチーム: 創造性・社会貢献重視
UPDATE teams SET
  wv_vector = '[1.03,0.83,-0.67,0.2,-1.5,1.2,0.1,-0.2,1.63,2.1,-0.4,0.87,0.5,0.3,-0.4,1.47,-1.8,-0.5,-0.8,-1.0,-1.1]',
  ci_vector = '[3.97,4.17,3.97,2.2,2.0,1.7,2.7,2.5,2.6,3.43,3.23,3.03,2.83,2.8,3.0,2.33,2.9,2.7,2.6,2.4]'
WHERE id = 'A0000000-0000-0000-0000-000000000002';

-- ビジネスチーム: 達成・昇進・承認重視
UPDATE teams SET
  wv_vector = '[0.55,1.95,0.05,1.75,0.75,0.25,0.35,1.45,0.45,0.05,0.05,0.25,1.55,0.55,-0.25,0.4,0.45,-0.15,0.05,-0.75,-0.65]',
  ci_vector = '[3.05,2.85,2.65,3.45,3.25,3.05,3.75,3.55,3.65,3.25,3.05,2.85,2.65,2.95,3.15,2.75,3.45,3.25,3.05,2.85]'
WHERE id = 'A0000000-0000-0000-0000-000000000003';

-- WV診断セッション（12名分）
INSERT INTO work_values_sessions (id, user_id, team_member_id, circular_triads, consistency_coefficient, consistency_level, purpose)
VALUES
  ('A3000000-0000-0000-0000-000000000001', NULL, 'A2000000-0000-0000-0000-000000000001', 25, 0.935, 'high', 'team'),
  ('A3000000-0000-0000-0000-000000000002', NULL, 'A2000000-0000-0000-0000-000000000002', 30, 0.922, 'high', 'team'),
  ('A3000000-0000-0000-0000-000000000003', NULL, 'A2000000-0000-0000-0000-000000000003', 22, 0.943, 'high', 'team'),
  ('A3000000-0000-0000-0000-000000000004', NULL, 'A2000000-0000-0000-0000-000000000004', 28, 0.927, 'high', 'team'),
  ('A3000000-0000-0000-0000-000000000005', NULL, 'A2000000-0000-0000-0000-000000000005', 24, 0.938, 'high', 'team'),
  ('A3000000-0000-0000-0000-000000000006', NULL, 'A2000000-0000-0000-0000-000000000006', 32, 0.917, 'high', 'team'),
  ('A3000000-0000-0000-0000-000000000007', NULL, 'A2000000-0000-0000-0000-000000000007', 27, 0.930, 'high', 'team'),
  ('A3000000-0000-0000-0000-000000000008', NULL, 'A2000000-0000-0000-0000-000000000008', 34, 0.912, 'high', 'team'),
  ('A3000000-0000-0000-0000-000000000009', NULL, 'A2000000-0000-0000-0000-000000000009', 29, 0.925, 'high', 'team'),
  ('A3000000-0000-0000-0000-000000000010', NULL, 'A2000000-0000-0000-0000-000000000010', 26, 0.932, 'high', 'team'),
  ('A3000000-0000-0000-0000-000000000011', NULL, 'A2000000-0000-0000-0000-000000000011', 31, 0.919, 'high', 'team'),
  ('A3000000-0000-0000-0000-000000000012', NULL, 'A2000000-0000-0000-0000-000000000012', 23, 0.940, 'high', 'team')
ON CONFLICT DO NOTHING;


-- ============================================================
-- 7b. 新規29社 チーム・メンバー・診断データ
-- ============================================================



-- ==== クラウドソル (SaaS) ====

-- チーム
INSERT INTO teams (id, company_id, name, target_count) VALUES
  ('c0001000-0000-0000-0000-000000000001', 'b0000000-0000-0000-0000-000000000001', 'プロダクト開発チーム', 3),
  ('c0001000-0000-0000-0000-000000000002', 'b0000000-0000-0000-0000-000000000001', 'カスタマーサクセスチーム', 3),
  ('c0001000-0000-0000-0000-000000000003', 'b0000000-0000-0000-0000-000000000001', 'セールスチーム', 3)
ON CONFLICT DO NOTHING;

-- 招待（9名分）
INSERT INTO team_invitations (id, team_id, token, assigned_name, expires_at, used_at) VALUES
  ('c0101000-0000-0000-0000-000000000001', 'c0001000-0000-0000-0000-000000000001', 'cloudsol_dev_01', '藤原拓海', now() + interval '30 days', now()),
  ('c0101000-0000-0000-0000-000000000002', 'c0001000-0000-0000-0000-000000000001', 'cloudsol_dev_02', '西田美穂', now() + interval '30 days', now()),
  ('c0101000-0000-0000-0000-000000000003', 'c0001000-0000-0000-0000-000000000001', 'cloudsol_dev_03', '岡田祐介', now() + interval '30 days', now()),
  ('c0101000-0000-0000-0000-000000000004', 'c0001000-0000-0000-0000-000000000002', 'cloudsol_cs_01', '三浦沙織', now() + interval '30 days', now()),
  ('c0101000-0000-0000-0000-000000000005', 'c0001000-0000-0000-0000-000000000002', 'cloudsol_cs_02', '原田航平', now() + interval '30 days', now()),
  ('c0101000-0000-0000-0000-000000000006', 'c0001000-0000-0000-0000-000000000002', 'cloudsol_cs_03', '石川由美', now() + interval '30 days', now()),
  ('c0101000-0000-0000-0000-000000000007', 'c0001000-0000-0000-0000-000000000003', 'cloudsol_sales_01', '前田壮一', now() + interval '30 days', now()),
  ('c0101000-0000-0000-0000-000000000008', 'c0001000-0000-0000-0000-000000000003', 'cloudsol_sales_02', '福田麻衣', now() + interval '30 days', now()),
  ('c0101000-0000-0000-0000-000000000009', 'c0001000-0000-0000-0000-000000000003', 'cloudsol_sales_03', '長谷川雄大', now() + interval '30 days', now())
ON CONFLICT DO NOTHING;

-- メンバー（診断済み）
INSERT INTO team_members (id, team_id, invitation_id, name, wv_vector, ci_vector, completed_at) VALUES
  -- プロダクト開発チーム（エンジニア系: autonomy, creativity, ability_utilization高い / authority, social_status低い）
  ('c0201000-0000-0000-0000-000000000001', 'c0001000-0000-0000-0000-000000000001', 'c0101000-0000-0000-0000-000000000001', '藤原拓海',
   '[2.1,1.7,-0.3,0.7,-1.2,2.0,-0.2,0.4,0.5,1.8,0.7,-0.1,-0.5,1.1,-0.6,0.1,-1.5,-0.4,-0.8,1.3,-0.3]',
   '[4.3,3.7,3.4,2.5,2.3,2.0,3.2,3.0,3.1,4.4,4.1,3.9,3.7,3.3,3.5,2.6,2.4,2.2,2.0,1.9]',
   now()),
  ('c0201000-0000-0000-0000-000000000002', 'c0001000-0000-0000-0000-000000000001', 'c0101000-0000-0000-0000-000000000002', '西田美穂',
   '[1.9,1.5,-0.4,0.5,-1.0,1.8,-0.3,0.3,0.6,2.0,0.5,0.0,-0.6,1.0,-0.7,0.2,-1.3,-0.5,-0.9,1.1,-0.2]',
   '[4.1,3.5,3.2,2.6,2.4,2.1,3.0,2.8,2.9,4.6,4.3,4.0,3.8,3.2,3.4,2.5,2.3,2.1,1.9,1.8]',
   now()),
  ('c0201000-0000-0000-0000-000000000003', 'c0001000-0000-0000-0000-000000000001', 'c0101000-0000-0000-0000-000000000003', '岡田祐介',
   '[2.2,1.8,-0.2,0.6,-1.1,1.9,-0.1,0.5,0.4,1.6,0.8,-0.2,-0.4,1.2,-0.5,0.0,-1.4,-0.3,-0.7,1.2,-0.4]',
   '[4.2,3.6,3.3,2.4,2.2,1.9,3.1,2.9,3.0,4.5,4.0,3.8,3.6,3.4,3.6,2.7,2.5,2.3,2.1,2.0]',
   now()),
  -- カスタマーサクセスチーム（CS系: co_workers, social_service, moral_values高い / authority低い）
  ('c0201000-0000-0000-0000-000000000004', 'c0001000-0000-0000-0000-000000000002', 'c0101000-0000-0000-0000-000000000004', '三浦沙織',
   '[0.6,0.8,-0.2,0.3,-1.4,0.5,0.4,0.2,1.8,0.3,-0.3,1.5,0.7,0.2,-0.1,1.9,-1.0,0.8,0.6,-0.5,-0.2]',
   '[3.2,3.0,2.8,3.4,3.2,3.0,3.6,3.4,3.5,3.0,2.8,2.6,2.4,3.1,3.3,2.9,3.5,3.3,3.1,2.9]',
   now()),
  ('c0201000-0000-0000-0000-000000000005', 'c0001000-0000-0000-0000-000000000002', 'c0101000-0000-0000-0000-000000000005', '原田航平',
   '[0.5,0.7,-0.3,0.4,-1.3,0.4,0.3,0.1,1.6,0.2,-0.4,1.3,0.8,0.3,-0.2,2.0,-1.1,0.7,0.5,-0.6,-0.3]',
   '[3.1,2.9,2.7,3.5,3.3,3.1,3.7,3.5,3.6,2.9,2.7,2.5,2.3,3.0,3.2,2.8,3.4,3.2,3.0,2.8]',
   now()),
  ('c0201000-0000-0000-0000-000000000006', 'c0001000-0000-0000-0000-000000000002', 'c0101000-0000-0000-0000-000000000006', '石川由美',
   '[0.7,0.9,-0.1,0.2,-1.5,0.6,0.5,0.3,1.9,0.4,-0.2,1.6,0.6,0.1,0.0,1.8,-0.9,0.9,0.7,-0.4,-0.1]',
   '[3.3,3.1,2.9,3.3,3.1,2.9,3.5,3.3,3.4,3.1,2.9,2.7,2.5,3.2,3.4,3.0,3.6,3.4,3.2,3.0]',
   now()),
  -- セールスチーム（ビジネス系: achievement, advancement, recognition, compensation高い / creativity低い）
  ('c0201000-0000-0000-0000-000000000007', 'c0001000-0000-0000-0000-000000000003', 'c0101000-0000-0000-0000-000000000007', '前田壮一',
   '[0.4,2.2,-0.1,1.9,0.7,0.1,0.3,1.6,0.3,-0.8,0.2,0.1,1.7,0.5,-0.3,0.2,0.6,-0.2,0.0,0.3,-0.5]',
   '[2.9,2.7,2.5,3.6,3.4,3.2,3.9,3.7,3.8,3.0,2.8,2.6,2.4,2.9,3.1,2.7,3.4,3.2,3.0,2.8]',
   now()),
  ('c0201000-0000-0000-0000-000000000008', 'c0001000-0000-0000-0000-000000000003', 'c0101000-0000-0000-0000-000000000008', '福田麻衣',
   '[0.5,2.0,0.0,1.8,0.8,0.2,0.4,1.4,0.4,-0.7,0.1,0.2,1.6,0.6,-0.2,0.3,0.5,-0.1,0.1,0.4,-0.4]',
   '[3.0,2.8,2.6,3.5,3.3,3.1,3.8,3.6,3.7,3.1,2.9,2.7,2.5,3.0,3.2,2.8,3.5,3.3,3.1,2.9]',
   now()),
  ('c0201000-0000-0000-0000-000000000009', 'c0001000-0000-0000-0000-000000000003', 'c0101000-0000-0000-0000-000000000009', '長谷川雄大',
   '[0.3,2.1,0.1,2.0,0.6,0.0,0.2,1.7,0.5,-0.9,0.3,0.0,1.8,0.4,-0.4,0.1,0.7,-0.3,-0.1,0.2,-0.6]',
   '[2.8,2.6,2.4,3.7,3.5,3.3,4.0,3.8,3.9,2.9,2.7,2.5,2.3,2.8,3.0,2.6,3.3,3.1,2.9,2.7]',
   now())
ON CONFLICT DO NOTHING;

-- セッション
INSERT INTO work_values_sessions (id, user_id, team_member_id, circular_triads, consistency_coefficient, consistency_level, purpose) VALUES
  ('c0301000-0000-0000-0000-000000000001', NULL, 'c0201000-0000-0000-0000-000000000001', 26, 0.932, 'high', 'team'),
  ('c0301000-0000-0000-0000-000000000002', NULL, 'c0201000-0000-0000-0000-000000000002', 30, 0.922, 'high', 'team'),
  ('c0301000-0000-0000-0000-000000000003', NULL, 'c0201000-0000-0000-0000-000000000003', 24, 0.938, 'high', 'team'),
  ('c0301000-0000-0000-0000-000000000004', NULL, 'c0201000-0000-0000-0000-000000000004', 33, 0.914, 'high', 'team'),
  ('c0301000-0000-0000-0000-000000000005', NULL, 'c0201000-0000-0000-0000-000000000005', 28, 0.927, 'high', 'team'),
  ('c0301000-0000-0000-0000-000000000006', NULL, 'c0201000-0000-0000-0000-000000000006', 22, 0.943, 'high', 'team'),
  ('c0301000-0000-0000-0000-000000000007', NULL, 'c0201000-0000-0000-0000-000000000007', 31, 0.919, 'high', 'team'),
  ('c0301000-0000-0000-0000-000000000008', NULL, 'c0201000-0000-0000-0000-000000000008', 27, 0.930, 'high', 'team'),
  ('c0301000-0000-0000-0000-000000000009', NULL, 'c0201000-0000-0000-0000-000000000009', 25, 0.935, 'high', 'team')
ON CONFLICT DO NOTHING;

-- チームベクトル（メンバー3名の平均）
UPDATE teams SET
  wv_vector = '[2.07,1.67,-0.30,0.60,-1.10,1.90,-0.20,0.40,0.50,1.80,0.67,-0.10,-0.50,1.10,-0.60,0.10,-1.40,-0.40,-0.80,1.20,-0.30]',
  ci_vector = '[4.20,3.60,3.30,2.50,2.30,2.00,3.10,2.90,3.00,4.50,4.13,3.90,3.70,3.30,3.50,2.60,2.40,2.20,2.00,1.90]'
WHERE id = 'c0001000-0000-0000-0000-000000000001';

UPDATE teams SET
  wv_vector = '[0.60,0.80,-0.20,0.30,-1.40,0.50,0.40,0.20,1.77,0.30,-0.30,1.47,0.70,0.20,-0.10,1.90,-1.00,0.80,0.60,-0.50,-0.20]',
  ci_vector = '[3.20,3.00,2.80,3.40,3.20,3.00,3.60,3.40,3.50,3.00,2.80,2.60,2.40,3.10,3.30,2.90,3.50,3.30,3.10,2.90]'
WHERE id = 'c0001000-0000-0000-0000-000000000002';

UPDATE teams SET
  wv_vector = '[0.40,2.10,0.00,1.90,0.70,0.10,0.30,1.57,0.40,-0.80,0.20,0.10,1.70,0.50,-0.30,0.20,0.60,-0.20,0.00,0.30,-0.50]',
  ci_vector = '[2.90,2.70,2.50,3.60,3.40,3.20,3.90,3.70,3.80,3.00,2.80,2.60,2.40,2.90,3.10,2.70,3.40,3.20,3.00,2.80]'
WHERE id = 'c0001000-0000-0000-0000-000000000003';

-- 4thチーム: マーケティングチーム
INSERT INTO teams (id, company_id, name, target_count) VALUES
  ('c0001000-0000-0000-0000-000000000004', 'b0000000-0000-0000-0000-000000000001', 'マーケティングチーム', 3)
ON CONFLICT DO NOTHING;

INSERT INTO team_invitations (id, team_id, token, assigned_name, expires_at, used_at) VALUES
  ('c0101000-0000-0000-0000-000000000010', 'c0001000-0000-0000-0000-000000000004', 'cloudsol_mkt_01', '村田彩', now() + interval '30 days', now()),
  ('c0101000-0000-0000-0000-000000000011', 'c0001000-0000-0000-0000-000000000004', 'cloudsol_mkt_02', '田辺慎也', now() + interval '30 days', now()),
  ('c0101000-0000-0000-0000-000000000012', 'c0001000-0000-0000-0000-000000000004', 'cloudsol_mkt_03', '大森直子', now() + interval '30 days', now())
ON CONFLICT DO NOTHING;

INSERT INTO team_members (id, team_id, invitation_id, name, wv_vector, ci_vector, completed_at) VALUES
  ('c0201000-0000-0000-0000-000000000010', 'c0001000-0000-0000-0000-000000000004', 'c0101000-0000-0000-0000-000000000010', '村田彩',
   '[0.8,1.5,0.2,1.2,0.3,0.5,0.1,0.9,1.0,1.4,-0.2,0.3,1.3,0.4,-0.3,0.6,0.2,-0.1,0.0,-0.4,-0.5]',
   '[3.5,3.3,3.1,3.2,3.0,2.8,3.4,3.2,3.3,3.6,3.4,3.2,3.0,3.1,3.3,2.9,3.3,3.1,2.9,2.7]',
   now()),
  ('c0201000-0000-0000-0000-000000000011', 'c0001000-0000-0000-0000-000000000004', 'c0101000-0000-0000-0000-000000000011', '田辺慎也',
   '[0.7,1.6,0.1,1.3,0.4,0.4,0.0,1.0,0.9,1.5,-0.3,0.2,1.4,0.3,-0.2,0.5,0.3,-0.2,0.1,-0.5,-0.6]',
   '[3.4,3.2,3.0,3.3,3.1,2.9,3.5,3.3,3.4,3.5,3.3,3.1,2.9,3.0,3.2,2.8,3.2,3.0,2.8,2.6]',
   now()),
  ('c0201000-0000-0000-0000-000000000012', 'c0001000-0000-0000-0000-000000000004', 'c0101000-0000-0000-0000-000000000012', '大森直子',
   '[0.9,1.4,0.3,1.1,0.2,0.6,0.2,0.8,1.1,1.3,-0.1,0.4,1.2,0.5,-0.4,0.7,0.1,0.0,-0.1,-0.3,-0.4]',
   '[3.6,3.4,3.2,3.1,2.9,2.7,3.3,3.1,3.2,3.7,3.5,3.3,3.1,3.2,3.4,3.0,3.4,3.2,3.0,2.8]',
   now())
ON CONFLICT DO NOTHING;

INSERT INTO work_values_sessions (id, user_id, team_member_id, circular_triads, consistency_coefficient, consistency_level, purpose) VALUES
  ('c0301000-0000-0000-0000-000000000010', NULL, 'c0201000-0000-0000-0000-000000000010', 29, 0.925, 'high', 'team'),
  ('c0301000-0000-0000-0000-000000000011', NULL, 'c0201000-0000-0000-0000-000000000011', 26, 0.932, 'high', 'team'),
  ('c0301000-0000-0000-0000-000000000012', NULL, 'c0201000-0000-0000-0000-000000000012', 31, 0.919, 'high', 'team')
ON CONFLICT DO NOTHING;

UPDATE teams SET
  wv_vector = '[0.80,1.50,0.20,1.20,0.30,0.50,0.10,0.90,1.00,1.40,-0.20,0.30,1.30,0.40,-0.30,0.60,0.20,-0.10,0.00,-0.40,-0.50]',
  ci_vector = '[3.50,3.30,3.10,3.20,3.00,2.80,3.40,3.20,3.30,3.60,3.40,3.20,3.00,3.10,3.30,2.90,3.30,3.10,2.90,2.70]'
WHERE id = 'c0001000-0000-0000-0000-000000000004';


-- ==== グリーンフィールド (農業テック) ====

-- チーム
INSERT INTO teams (id, company_id, name, target_count) VALUES
  ('c0002000-0000-0000-0000-000000000001', 'b0000000-0000-0000-0000-000000000002', 'IoTエンジニアチーム', 3),
  ('c0002000-0000-0000-0000-000000000002', 'b0000000-0000-0000-0000-000000000002', 'フィールドオペレーションチーム', 3),
  ('c0002000-0000-0000-0000-000000000003', 'b0000000-0000-0000-0000-000000000002', '事業開発チーム', 3)
ON CONFLICT DO NOTHING;

-- 招待（9名分）
INSERT INTO team_invitations (id, team_id, token, assigned_name, expires_at, used_at) VALUES
  ('c0102000-0000-0000-0000-000000000001', 'c0002000-0000-0000-0000-000000000001', 'greenf_iot_01', '村上健司', now() + interval '30 days', now()),
  ('c0102000-0000-0000-0000-000000000002', 'c0002000-0000-0000-0000-000000000001', 'greenf_iot_02', '杉山裕子', now() + interval '30 days', now()),
  ('c0102000-0000-0000-0000-000000000003', 'c0002000-0000-0000-0000-000000000001', 'greenf_iot_03', '太田亮', now() + interval '30 days', now()),
  ('c0102000-0000-0000-0000-000000000004', 'c0002000-0000-0000-0000-000000000002', 'greenf_field_01', '吉村春菜', now() + interval '30 days', now()),
  ('c0102000-0000-0000-0000-000000000005', 'c0002000-0000-0000-0000-000000000002', 'greenf_field_02', '中島大地', now() + interval '30 days', now()),
  ('c0102000-0000-0000-0000-000000000006', 'c0002000-0000-0000-0000-000000000002', 'greenf_field_03', '佐々木理恵', now() + interval '30 days', now()),
  ('c0102000-0000-0000-0000-000000000007', 'c0002000-0000-0000-0000-000000000003', 'greenf_biz_01', '川口達也', now() + interval '30 days', now()),
  ('c0102000-0000-0000-0000-000000000008', 'c0002000-0000-0000-0000-000000000003', 'greenf_biz_02', '野田晴香', now() + interval '30 days', now()),
  ('c0102000-0000-0000-0000-000000000009', 'c0002000-0000-0000-0000-000000000003', 'greenf_biz_03', '平井雅人', now() + interval '30 days', now())
ON CONFLICT DO NOTHING;

-- メンバー（診断済み）
INSERT INTO team_members (id, team_id, invitation_id, name, wv_vector, ci_vector, completed_at) VALUES
  -- IoTエンジニアチーム（エンジニア系: autonomy, creativity, ability_utilization高い / authority, social_status低い）
  ('c0202000-0000-0000-0000-000000000001', 'c0002000-0000-0000-0000-000000000001', 'c0102000-0000-0000-0000-000000000001', '村上健司',
   '[2.0,1.6,-0.5,0.5,-1.3,1.9,-0.3,0.2,0.4,1.7,0.9,-0.1,-0.6,1.0,-0.5,0.3,-1.6,-0.5,-0.9,1.4,-0.2]',
   '[4.4,3.8,3.5,2.4,2.2,1.9,3.0,2.8,2.9,4.5,4.2,4.0,3.8,3.2,3.4,2.5,2.3,2.1,1.9,1.8]',
   now()),
  ('c0202000-0000-0000-0000-000000000002', 'c0002000-0000-0000-0000-000000000001', 'c0102000-0000-0000-0000-000000000002', '杉山裕子',
   '[1.8,1.4,-0.6,0.6,-1.1,2.1,-0.2,0.3,0.5,1.9,0.7,0.0,-0.5,1.1,-0.6,0.2,-1.4,-0.4,-0.8,1.2,-0.3]',
   '[4.2,3.6,3.3,2.5,2.3,2.0,3.1,2.9,3.0,4.3,4.0,3.8,3.6,3.3,3.5,2.6,2.4,2.2,2.0,1.9]',
   now()),
  ('c0202000-0000-0000-0000-000000000003', 'c0002000-0000-0000-0000-000000000001', 'c0102000-0000-0000-0000-000000000003', '太田亮',
   '[2.2,1.7,-0.4,0.4,-1.2,1.8,-0.1,0.4,0.3,1.5,1.0,-0.2,-0.4,1.2,-0.4,0.1,-1.5,-0.6,-1.0,1.3,-0.1]',
   '[4.3,3.7,3.4,2.6,2.4,2.1,3.2,3.0,3.1,4.4,4.1,3.9,3.7,3.4,3.6,2.7,2.5,2.3,2.1,2.0]',
   now()),
  -- フィールドオペレーションチーム（CS/社会貢献系: social_service, co_workers, moral_values高い / social_status低い）
  ('c0202000-0000-0000-0000-000000000004', 'c0002000-0000-0000-0000-000000000002', 'c0102000-0000-0000-0000-000000000004', '吉村春菜',
   '[0.5,0.7,0.3,0.1,-1.0,0.3,0.2,0.0,1.7,0.4,-0.2,1.6,0.5,0.1,0.2,2.1,-1.2,0.6,0.4,0.8,-0.1]',
   '[3.0,2.8,2.6,3.2,3.0,2.8,3.4,3.2,3.3,3.1,2.9,2.7,2.5,3.0,3.2,2.8,3.4,3.2,3.0,2.8]',
   now()),
  ('c0202000-0000-0000-0000-000000000005', 'c0002000-0000-0000-0000-000000000002', 'c0102000-0000-0000-0000-000000000005', '中島大地',
   '[0.6,0.8,0.4,0.2,-0.9,0.4,0.3,0.1,1.5,0.3,-0.3,1.4,0.6,0.2,0.3,1.9,-1.1,0.5,0.3,0.7,-0.2]',
   '[3.1,2.9,2.7,3.3,3.1,2.9,3.5,3.3,3.4,3.0,2.8,2.6,2.4,2.9,3.1,2.7,3.3,3.1,2.9,2.7]',
   now()),
  ('c0202000-0000-0000-0000-000000000006', 'c0002000-0000-0000-0000-000000000002', 'c0102000-0000-0000-0000-000000000006', '佐々木理恵',
   '[0.4,0.6,0.2,0.0,-1.1,0.2,0.1,-0.1,1.8,0.5,-0.1,1.7,0.4,0.0,0.1,2.2,-1.3,0.7,0.5,0.9,0.0]',
   '[2.9,2.7,2.5,3.1,2.9,2.7,3.3,3.1,3.2,3.2,3.0,2.8,2.6,3.1,3.3,2.9,3.5,3.3,3.1,2.9]',
   now()),
  -- 事業開発チーム（ビジネス系: achievement, advancement, compensation高い / creativity低い）
  ('c0202000-0000-0000-0000-000000000007', 'c0002000-0000-0000-0000-000000000003', 'c0102000-0000-0000-0000-000000000007', '川口達也',
   '[0.3,2.0,0.0,1.8,0.9,0.2,0.4,1.5,0.3,-0.6,0.1,0.2,1.6,0.6,-0.3,0.4,0.5,-0.2,0.0,0.1,-0.5]',
   '[3.0,2.8,2.6,3.5,3.3,3.1,3.8,3.6,3.7,3.1,2.9,2.7,2.5,2.9,3.1,2.7,3.4,3.2,3.0,2.8]',
   now()),
  ('c0202000-0000-0000-0000-000000000008', 'c0002000-0000-0000-0000-000000000003', 'c0102000-0000-0000-0000-000000000008', '野田晴香',
   '[0.4,1.9,0.1,1.7,0.8,0.3,0.5,1.3,0.4,-0.5,0.0,0.3,1.5,0.5,-0.2,0.5,0.4,-0.1,0.1,0.2,-0.4]',
   '[3.1,2.9,2.7,3.4,3.2,3.0,3.7,3.5,3.6,3.2,3.0,2.8,2.6,3.0,3.2,2.8,3.5,3.3,3.1,2.9]',
   now()),
  ('c0202000-0000-0000-0000-000000000009', 'c0002000-0000-0000-0000-000000000003', 'c0102000-0000-0000-0000-000000000009', '平井雅人',
   '[0.5,2.1,-0.1,1.9,0.7,0.1,0.3,1.6,0.5,-0.7,0.2,0.1,1.7,0.7,-0.4,0.3,0.6,-0.3,-0.1,0.0,-0.6]',
   '[2.9,2.7,2.5,3.6,3.4,3.2,3.9,3.7,3.8,3.0,2.8,2.6,2.4,2.8,3.0,2.6,3.3,3.1,2.9,2.7]',
   now())
ON CONFLICT DO NOTHING;

-- セッション
INSERT INTO work_values_sessions (id, user_id, team_member_id, circular_triads, consistency_coefficient, consistency_level, purpose) VALUES
  ('c0302000-0000-0000-0000-000000000001', NULL, 'c0202000-0000-0000-0000-000000000001', 25, 0.935, 'high', 'team'),
  ('c0302000-0000-0000-0000-000000000002', NULL, 'c0202000-0000-0000-0000-000000000002', 29, 0.925, 'high', 'team'),
  ('c0302000-0000-0000-0000-000000000003', NULL, 'c0202000-0000-0000-0000-000000000003', 23, 0.940, 'high', 'team'),
  ('c0302000-0000-0000-0000-000000000004', NULL, 'c0202000-0000-0000-0000-000000000004', 32, 0.917, 'high', 'team'),
  ('c0302000-0000-0000-0000-000000000005', NULL, 'c0202000-0000-0000-0000-000000000005', 27, 0.930, 'high', 'team'),
  ('c0302000-0000-0000-0000-000000000006', NULL, 'c0202000-0000-0000-0000-000000000006', 34, 0.912, 'high', 'team'),
  ('c0302000-0000-0000-0000-000000000007', NULL, 'c0202000-0000-0000-0000-000000000007', 28, 0.927, 'high', 'team'),
  ('c0302000-0000-0000-0000-000000000008', NULL, 'c0202000-0000-0000-0000-000000000008', 31, 0.919, 'high', 'team'),
  ('c0302000-0000-0000-0000-000000000009', NULL, 'c0202000-0000-0000-0000-000000000009', 22, 0.943, 'high', 'team')
ON CONFLICT DO NOTHING;

-- チームベクトル
UPDATE teams SET
  wv_vector = '[2.00,1.57,-0.50,0.50,-1.20,1.93,-0.20,0.30,0.40,1.70,0.87,-0.10,-0.50,1.10,-0.50,0.20,-1.50,-0.50,-0.90,1.30,-0.20]',
  ci_vector = '[4.30,3.70,3.40,2.50,2.30,2.00,3.10,2.90,3.00,4.40,4.10,3.90,3.70,3.30,3.50,2.60,2.40,2.20,2.00,1.90]'
WHERE id = 'c0002000-0000-0000-0000-000000000001';

UPDATE teams SET
  wv_vector = '[0.50,0.70,0.30,0.10,-1.00,0.30,0.20,0.00,1.67,0.40,-0.20,1.57,0.50,0.10,0.20,2.07,-1.20,0.60,0.40,0.80,-0.10]',
  ci_vector = '[3.00,2.80,2.60,3.20,3.00,2.80,3.40,3.20,3.30,3.10,2.90,2.70,2.50,3.00,3.20,2.80,3.40,3.20,3.00,2.80]'
WHERE id = 'c0002000-0000-0000-0000-000000000002';

UPDATE teams SET
  wv_vector = '[0.40,2.00,0.00,1.80,0.80,0.20,0.40,1.47,0.40,-0.60,0.10,0.20,1.60,0.60,-0.30,0.40,0.50,-0.20,0.00,0.10,-0.50]',
  ci_vector = '[3.00,2.80,2.60,3.50,3.30,3.10,3.80,3.60,3.70,3.10,2.90,2.70,2.50,2.90,3.10,2.70,3.40,3.20,3.00,2.80]'
WHERE id = 'c0002000-0000-0000-0000-000000000003';


-- ==== メディカルブリッジ (ヘルステック) ====

-- チーム
INSERT INTO teams (id, company_id, name, target_count) VALUES
  ('c0003000-0000-0000-0000-000000000001', 'b0000000-0000-0000-0000-000000000003', 'データサイエンスチーム', 3),
  ('c0003000-0000-0000-0000-000000000002', 'b0000000-0000-0000-0000-000000000003', '医療連携チーム', 3),
  ('c0003000-0000-0000-0000-000000000003', 'b0000000-0000-0000-0000-000000000003', 'プロダクトマネジメントチーム', 3)
ON CONFLICT DO NOTHING;

-- 招待
INSERT INTO team_invitations (id, team_id, token, assigned_name, expires_at, used_at) VALUES
  ('c0103000-0000-0000-0000-000000000001', 'c0003000-0000-0000-0000-000000000001', 'medbridge_ds_01', '上田翔太', now() + interval '30 days', now()),
  ('c0103000-0000-0000-0000-000000000002', 'c0003000-0000-0000-0000-000000000001', 'medbridge_ds_02', '森本彩', now() + interval '30 days', now()),
  ('c0103000-0000-0000-0000-000000000003', 'c0003000-0000-0000-0000-000000000001', 'medbridge_ds_03', '内田康介', now() + interval '30 days', now()),
  ('c0103000-0000-0000-0000-000000000004', 'c0003000-0000-0000-0000-000000000002', 'medbridge_med_01', '荒木陽子', now() + interval '30 days', now()),
  ('c0103000-0000-0000-0000-000000000005', 'c0003000-0000-0000-0000-000000000002', 'medbridge_med_02', '高田誠', now() + interval '30 days', now()),
  ('c0103000-0000-0000-0000-000000000006', 'c0003000-0000-0000-0000-000000000002', 'medbridge_med_03', '望月菜々子', now() + interval '30 days', now()),
  ('c0103000-0000-0000-0000-000000000007', 'c0003000-0000-0000-0000-000000000003', 'medbridge_pm_01', '大西勇気', now() + interval '30 days', now()),
  ('c0103000-0000-0000-0000-000000000008', 'c0003000-0000-0000-0000-000000000003', 'medbridge_pm_02', '安田真由', now() + interval '30 days', now()),
  ('c0103000-0000-0000-0000-000000000009', 'c0003000-0000-0000-0000-000000000003', 'medbridge_pm_03', '島田慎一', now() + interval '30 days', now())
ON CONFLICT DO NOTHING;

-- メンバー
INSERT INTO team_members (id, team_id, invitation_id, name, wv_vector, ci_vector, completed_at) VALUES
  -- データサイエンスチーム（研究系: ability_utilization, creativity, independence高い / social_status, compensation低い）
  ('c0203000-0000-0000-0000-000000000001', 'c0003000-0000-0000-0000-000000000001', 'c0103000-0000-0000-0000-000000000001', '上田翔太',
   '[2.3,1.5,-0.6,0.3,-0.8,1.6,-0.1,-0.9,0.2,2.1,1.5,0.4,-0.7,1.0,-0.3,0.6,-1.8,-0.4,-0.6,1.1,-0.5]',
   '[4.5,4.0,3.7,2.3,2.1,1.8,2.9,2.7,2.8,4.6,4.3,4.1,3.9,3.1,3.3,2.4,2.2,2.0,1.8,1.7]',
   now()),
  ('c0203000-0000-0000-0000-000000000002', 'c0003000-0000-0000-0000-000000000001', 'c0103000-0000-0000-0000-000000000002', '森本彩',
   '[2.1,1.3,-0.7,0.4,-0.9,1.7,-0.2,-0.7,0.3,2.3,1.3,0.3,-0.6,0.9,-0.4,0.7,-1.7,-0.5,-0.7,1.0,-0.4]',
   '[4.3,3.8,3.5,2.4,2.2,1.9,3.0,2.8,2.9,4.8,4.5,4.3,4.1,3.0,3.2,2.3,2.1,1.9,1.7,1.6]',
   now()),
  ('c0203000-0000-0000-0000-000000000003', 'c0003000-0000-0000-0000-000000000001', 'c0103000-0000-0000-0000-000000000003', '内田康介',
   '[2.4,1.6,-0.5,0.2,-0.7,1.5,0.0,-1.0,0.1,1.9,1.6,0.5,-0.8,1.1,-0.2,0.5,-1.9,-0.3,-0.5,1.2,-0.6]',
   '[4.6,4.1,3.8,2.2,2.0,1.7,2.8,2.6,2.7,4.4,4.1,3.9,3.7,3.2,3.4,2.5,2.3,2.1,1.9,1.8]',
   now()),
  -- 医療連携チーム（CS/社会貢献系: social_service, moral_values, co_workers高い / authority低い）
  ('c0203000-0000-0000-0000-000000000004', 'c0003000-0000-0000-0000-000000000002', 'c0103000-0000-0000-0000-000000000004', '荒木陽子',
   '[0.7,0.6,-0.1,0.1,-1.3,0.4,0.3,0.0,1.6,0.2,-0.2,1.8,0.4,0.1,0.3,2.3,-1.1,0.8,0.6,-0.3,0.0]',
   '[3.1,2.9,2.7,3.3,3.1,2.9,3.5,3.3,3.4,3.0,2.8,2.6,2.4,3.0,3.2,2.8,3.4,3.2,3.0,2.8]',
   now()),
  ('c0203000-0000-0000-0000-000000000005', 'c0003000-0000-0000-0000-000000000002', 'c0103000-0000-0000-0000-000000000005', '高田誠',
   '[0.8,0.7,0.0,0.2,-1.2,0.5,0.4,0.1,1.4,0.3,-0.3,1.6,0.5,0.2,0.4,2.1,-1.0,0.7,0.5,-0.2,0.1]',
   '[3.2,3.0,2.8,3.2,3.0,2.8,3.4,3.2,3.3,3.1,2.9,2.7,2.5,3.1,3.3,2.9,3.5,3.3,3.1,2.9]',
   now()),
  ('c0203000-0000-0000-0000-000000000006', 'c0003000-0000-0000-0000-000000000002', 'c0103000-0000-0000-0000-000000000006', '望月菜々子',
   '[0.6,0.5,-0.2,0.0,-1.4,0.3,0.2,-0.1,1.7,0.1,-0.1,1.9,0.3,0.0,0.2,2.4,-1.2,0.9,0.7,-0.4,-0.1]',
   '[3.0,2.8,2.6,3.4,3.2,3.0,3.6,3.4,3.5,2.9,2.7,2.5,2.3,2.9,3.1,2.7,3.3,3.1,2.9,2.7]',
   now()),
  -- プロダクトマネジメントチーム（ビジネス系: achievement, advancement, recognition高い）
  ('c0203000-0000-0000-0000-000000000007', 'c0003000-0000-0000-0000-000000000003', 'c0103000-0000-0000-0000-000000000007', '大西勇気',
   '[0.6,2.0,0.1,1.7,0.5,0.3,0.4,1.2,0.5,-0.3,0.1,0.4,1.5,0.8,-0.1,0.6,0.3,-0.1,0.2,-0.2,-0.4]',
   '[3.2,3.0,2.8,3.4,3.2,3.0,3.6,3.4,3.5,3.3,3.1,2.9,2.7,3.1,3.3,2.9,3.5,3.3,3.1,2.9]',
   now()),
  ('c0203000-0000-0000-0000-000000000008', 'c0003000-0000-0000-0000-000000000003', 'c0103000-0000-0000-0000-000000000008', '安田真由',
   '[0.7,1.8,0.0,1.6,0.6,0.4,0.5,1.3,0.6,-0.2,0.0,0.5,1.4,0.7,-0.2,0.7,0.2,0.0,0.3,-0.3,-0.3]',
   '[3.3,3.1,2.9,3.3,3.1,2.9,3.5,3.3,3.4,3.4,3.2,3.0,2.8,3.2,3.4,3.0,3.6,3.4,3.2,3.0]',
   now()),
  ('c0203000-0000-0000-0000-000000000009', 'c0003000-0000-0000-0000-000000000003', 'c0103000-0000-0000-0000-000000000009', '島田慎一',
   '[0.5,2.1,0.2,1.8,0.4,0.2,0.3,1.4,0.4,-0.4,0.2,0.3,1.6,0.9,0.0,0.5,0.4,-0.2,0.1,-0.1,-0.5]',
   '[3.1,2.9,2.7,3.5,3.3,3.1,3.7,3.5,3.6,3.2,3.0,2.8,2.6,3.0,3.2,2.8,3.4,3.2,3.0,2.8]',
   now())
ON CONFLICT DO NOTHING;

-- セッション
INSERT INTO work_values_sessions (id, user_id, team_member_id, circular_triads, consistency_coefficient, consistency_level, purpose) VALUES
  ('c0303000-0000-0000-0000-000000000001', NULL, 'c0203000-0000-0000-0000-000000000001', 24, 0.938, 'high', 'team'),
  ('c0303000-0000-0000-0000-000000000002', NULL, 'c0203000-0000-0000-0000-000000000002', 28, 0.927, 'high', 'team'),
  ('c0303000-0000-0000-0000-000000000003', NULL, 'c0203000-0000-0000-0000-000000000003', 21, 0.945, 'high', 'team'),
  ('c0303000-0000-0000-0000-000000000004', NULL, 'c0203000-0000-0000-0000-000000000004', 33, 0.914, 'high', 'team'),
  ('c0303000-0000-0000-0000-000000000005', NULL, 'c0203000-0000-0000-0000-000000000005', 26, 0.932, 'high', 'team'),
  ('c0303000-0000-0000-0000-000000000006', NULL, 'c0203000-0000-0000-0000-000000000006', 35, 0.909, 'high', 'team'),
  ('c0303000-0000-0000-0000-000000000007', NULL, 'c0203000-0000-0000-0000-000000000007', 29, 0.925, 'high', 'team'),
  ('c0303000-0000-0000-0000-000000000008', NULL, 'c0203000-0000-0000-0000-000000000008', 27, 0.930, 'high', 'team'),
  ('c0303000-0000-0000-0000-000000000009', NULL, 'c0203000-0000-0000-0000-000000000009', 23, 0.940, 'high', 'team')
ON CONFLICT DO NOTHING;

-- チームベクトル
UPDATE teams SET
  wv_vector = '[2.27,1.47,-0.60,0.30,-0.80,1.60,-0.10,-0.87,0.20,2.10,1.47,0.40,-0.70,1.00,-0.30,0.60,-1.80,-0.40,-0.60,1.10,-0.50]',
  ci_vector = '[4.47,3.97,3.67,2.30,2.10,1.80,2.90,2.70,2.80,4.60,4.30,4.10,3.90,3.10,3.30,2.40,2.20,2.00,1.80,1.70]'
WHERE id = 'c0003000-0000-0000-0000-000000000001';

UPDATE teams SET
  wv_vector = '[0.70,0.60,-0.10,0.10,-1.30,0.40,0.30,0.00,1.57,0.20,-0.20,1.77,0.40,0.10,0.30,2.27,-1.10,0.80,0.60,-0.30,0.00]',
  ci_vector = '[3.10,2.90,2.70,3.30,3.10,2.90,3.50,3.30,3.40,3.00,2.80,2.60,2.40,3.00,3.20,2.80,3.40,3.20,3.00,2.80]'
WHERE id = 'c0003000-0000-0000-0000-000000000002';

UPDATE teams SET
  wv_vector = '[0.60,1.97,0.10,1.70,0.50,0.30,0.40,1.30,0.50,-0.30,0.10,0.40,1.50,0.80,-0.10,0.60,0.30,-0.10,0.20,-0.20,-0.40]',
  ci_vector = '[3.20,3.00,2.80,3.40,3.20,3.00,3.60,3.40,3.50,3.30,3.10,2.90,2.70,3.10,3.30,2.90,3.50,3.30,3.10,2.90]'
WHERE id = 'c0003000-0000-0000-0000-000000000003';

-- 4thチーム: 研究開発チーム
INSERT INTO teams (id, company_id, name, target_count) VALUES
  ('c0003000-0000-0000-0000-000000000004', 'b0000000-0000-0000-0000-000000000003', '研究開発チーム', 3)
ON CONFLICT DO NOTHING;

INSERT INTO team_invitations (id, team_id, token, assigned_name, expires_at, used_at) VALUES
  ('c0103000-0000-0000-0000-000000000010', 'c0003000-0000-0000-0000-000000000004', 'medbridge_rd_01', '上田浩司', now() + interval '30 days', now()),
  ('c0103000-0000-0000-0000-000000000011', 'c0003000-0000-0000-0000-000000000004', 'medbridge_rd_02', '川端美咲', now() + interval '30 days', now()),
  ('c0103000-0000-0000-0000-000000000012', 'c0003000-0000-0000-0000-000000000004', 'medbridge_rd_03', '佐野拓真', now() + interval '30 days', now())
ON CONFLICT DO NOTHING;

INSERT INTO team_members (id, team_id, invitation_id, name, wv_vector, ci_vector, completed_at) VALUES
  ('c0203000-0000-0000-0000-000000000010', 'c0003000-0000-0000-0000-000000000004', 'c0103000-0000-0000-0000-000000000010', '上田浩司',
   '[2.3,1.9,-0.3,0.4,-1.0,1.7,-0.1,0.2,0.3,1.8,0.9,0.5,-0.4,1.3,-0.5,0.8,-1.3,-0.4,-0.7,-1.2,-0.9]',
   '[4.5,3.9,3.6,2.3,2.1,1.8,2.9,2.7,2.8,4.7,4.4,4.2,4.0,3.1,3.3,2.4,2.2,2.0,1.8,1.7]',
   now()),
  ('c0203000-0000-0000-0000-000000000011', 'c0003000-0000-0000-0000-000000000004', 'c0103000-0000-0000-0000-000000000011', '川端美咲',
   '[2.1,2.0,-0.4,0.3,-1.1,1.5,-0.2,0.1,0.4,2.0,0.8,0.6,-0.5,1.2,-0.6,0.9,-1.4,-0.3,-0.6,-1.1,-1.0]',
   '[4.3,3.7,3.4,2.4,2.2,1.9,3.0,2.8,2.9,4.5,4.2,4.0,3.8,3.2,3.4,2.5,2.3,2.1,1.9,1.8]',
   now()),
  ('c0203000-0000-0000-0000-000000000012', 'c0003000-0000-0000-0000-000000000004', 'c0103000-0000-0000-0000-000000000012', '佐野拓真',
   '[2.0,1.8,-0.5,0.5,-0.9,1.6,0.0,0.3,0.5,1.9,0.7,0.4,-0.3,1.4,-0.4,0.7,-1.2,-0.5,-0.8,-1.3,-0.8]',
   '[4.4,3.8,3.5,2.5,2.3,2.0,3.1,2.9,3.0,4.6,4.3,4.1,3.9,3.0,3.2,2.3,2.1,1.9,1.7,1.6]',
   now())
ON CONFLICT DO NOTHING;

INSERT INTO work_values_sessions (id, user_id, team_member_id, circular_triads, consistency_coefficient, consistency_level, purpose) VALUES
  ('c0303000-0000-0000-0000-000000000010', NULL, 'c0203000-0000-0000-0000-000000000010', 24, 0.938, 'high', 'team'),
  ('c0303000-0000-0000-0000-000000000011', NULL, 'c0203000-0000-0000-0000-000000000011', 28, 0.927, 'high', 'team'),
  ('c0303000-0000-0000-0000-000000000012', NULL, 'c0203000-0000-0000-0000-000000000012', 26, 0.932, 'high', 'team')
ON CONFLICT DO NOTHING;

UPDATE teams SET
  wv_vector = '[2.13,1.90,-0.40,0.40,-1.00,1.60,-0.10,0.20,0.40,1.90,0.80,0.50,-0.40,1.30,-0.50,0.80,-1.30,-0.40,-0.70,-1.20,-0.90]',
  ci_vector = '[4.40,3.80,3.50,2.40,2.20,1.90,3.00,2.80,2.90,4.60,4.30,4.10,3.90,3.10,3.30,2.40,2.20,2.00,1.80,1.70]'
WHERE id = 'c0003000-0000-0000-0000-000000000004';


-- ==== ノヴァクリエイティブ (デザイン) ====

-- チーム
INSERT INTO teams (id, company_id, name, target_count) VALUES
  ('c0004000-0000-0000-0000-000000000001', 'b0000000-0000-0000-0000-000000000004', 'UIデザインチーム', 3),
  ('c0004000-0000-0000-0000-000000000002', 'b0000000-0000-0000-0000-000000000004', 'ブランディングチーム', 3),
  ('c0004000-0000-0000-0000-000000000003', 'b0000000-0000-0000-0000-000000000004', 'クリエイティブディレクションチーム', 3)
ON CONFLICT DO NOTHING;

-- 招待
INSERT INTO team_invitations (id, team_id, token, assigned_name, expires_at, used_at) VALUES
  ('c0104000-0000-0000-0000-000000000001', 'c0004000-0000-0000-0000-000000000001', 'nova_uid_01', '水野楓', now() + interval '30 days', now()),
  ('c0104000-0000-0000-0000-000000000002', 'c0004000-0000-0000-0000-000000000001', 'nova_uid_02', '近藤大樹', now() + interval '30 days', now()),
  ('c0104000-0000-0000-0000-000000000003', 'c0004000-0000-0000-0000-000000000001', 'nova_uid_03', '橋本絵里', now() + interval '30 days', now()),
  ('c0104000-0000-0000-0000-000000000004', 'c0004000-0000-0000-0000-000000000002', 'nova_brand_01', '遠藤隼人', now() + interval '30 days', now()),
  ('c0104000-0000-0000-0000-000000000005', 'c0004000-0000-0000-0000-000000000002', 'nova_brand_02', '小川紗英', now() + interval '30 days', now()),
  ('c0104000-0000-0000-0000-000000000006', 'c0004000-0000-0000-0000-000000000002', 'nova_brand_03', '松田凌', now() + interval '30 days', now()),
  ('c0104000-0000-0000-0000-000000000007', 'c0004000-0000-0000-0000-000000000003', 'nova_cd_01', '今井千尋', now() + interval '30 days', now()),
  ('c0104000-0000-0000-0000-000000000008', 'c0004000-0000-0000-0000-000000000003', 'nova_cd_02', '阿部智哉', now() + interval '30 days', now()),
  ('c0104000-0000-0000-0000-000000000009', 'c0004000-0000-0000-0000-000000000003', 'nova_cd_03', '坂本莉子', now() + interval '30 days', now())
ON CONFLICT DO NOTHING;

-- メンバー
INSERT INTO team_members (id, team_id, invitation_id, name, wv_vector, ci_vector, completed_at) VALUES
  -- UIデザインチーム（デザイン系: creativity, social_service, co_workers高い / security, authority低い）
  ('c0204000-0000-0000-0000-000000000001', 'c0004000-0000-0000-0000-000000000001', 'c0104000-0000-0000-0000-000000000001', '水野楓',
   '[1.1,0.7,-0.6,0.1,-1.6,1.2,0.0,-0.3,1.7,2.3,-0.3,0.8,0.4,0.2,-1.3,1.6,-1.7,-0.5,-0.7,1.5,-0.2]',
   '[3.9,4.3,4.1,2.1,1.9,1.6,2.6,2.4,2.5,3.5,3.3,3.1,2.9,2.7,2.9,2.2,2.8,2.6,2.5,2.3]',
   now()),
  ('c0204000-0000-0000-0000-000000000002', 'c0004000-0000-0000-0000-000000000001', 'c0104000-0000-0000-0000-000000000002', '近藤大樹',
   '[1.3,0.9,-0.5,0.2,-1.5,1.0,0.1,-0.2,1.5,2.1,-0.4,0.7,0.5,0.3,-1.2,1.4,-1.6,-0.6,-0.8,1.3,-0.3]',
   '[3.7,4.1,3.9,2.2,2.0,1.7,2.7,2.5,2.6,3.7,3.5,3.3,3.1,2.8,3.0,2.3,2.9,2.7,2.6,2.4]',
   now()),
  ('c0204000-0000-0000-0000-000000000003', 'c0004000-0000-0000-0000-000000000001', 'c0104000-0000-0000-0000-000000000003', '橋本絵里',
   '[1.0,0.6,-0.7,0.0,-1.7,1.3,-0.1,-0.4,1.8,2.4,-0.2,0.9,0.3,0.1,-1.4,1.7,-1.8,-0.4,-0.6,1.6,-0.1]',
   '[4.0,4.4,4.2,2.0,1.8,1.5,2.5,2.3,2.4,3.4,3.2,3.0,2.8,2.6,2.8,2.1,2.7,2.5,2.4,2.2]',
   now()),
  -- ブランディングチーム（デザイン系+ビジネス寄り: creativity, recognition高い）
  ('c0204000-0000-0000-0000-000000000004', 'c0004000-0000-0000-0000-000000000002', 'c0104000-0000-0000-0000-000000000004', '遠藤隼人',
   '[0.8,1.2,-0.3,0.6,-0.8,0.9,0.2,0.1,1.3,2.0,0.0,0.5,1.2,0.4,-0.9,1.1,-1.2,-0.3,-0.5,1.0,-0.4]',
   '[3.5,3.9,3.7,2.5,2.3,2.0,3.0,2.8,2.9,3.8,3.6,3.4,3.2,3.0,3.2,2.6,3.1,2.9,2.8,2.6]',
   now()),
  ('c0204000-0000-0000-0000-000000000005', 'c0004000-0000-0000-0000-000000000002', 'c0104000-0000-0000-0000-000000000005', '小川紗英',
   '[0.9,1.0,-0.4,0.5,-0.9,1.0,0.1,0.0,1.4,2.1,-0.1,0.6,1.1,0.3,-1.0,1.2,-1.3,-0.4,-0.6,1.1,-0.3]',
   '[3.6,4.0,3.8,2.4,2.2,1.9,2.9,2.7,2.8,3.6,3.4,3.2,3.0,2.9,3.1,2.5,3.0,2.8,2.7,2.5]',
   now()),
  ('c0204000-0000-0000-0000-000000000006', 'c0004000-0000-0000-0000-000000000002', 'c0104000-0000-0000-0000-000000000006', '松田凌',
   '[0.7,1.1,-0.2,0.7,-0.7,0.8,0.3,0.2,1.2,1.9,0.1,0.4,1.3,0.5,-0.8,1.0,-1.1,-0.2,-0.4,0.9,-0.5]',
   '[3.4,3.8,3.6,2.6,2.4,2.1,3.1,2.9,3.0,3.9,3.7,3.5,3.3,3.1,3.3,2.7,3.2,3.0,2.9,2.7]',
   now()),
  -- クリエイティブディレクションチーム（デザイン系+リーダーシップ: creativity, responsibility高い）
  ('c0204000-0000-0000-0000-000000000007', 'c0004000-0000-0000-0000-000000000003', 'c0104000-0000-0000-0000-000000000007', '今井千尋',
   '[1.2,1.3,-0.3,0.4,-0.2,1.1,0.1,0.0,1.0,2.2,0.2,0.6,0.8,1.4,-0.7,0.9,-1.0,-0.3,-0.5,1.2,-0.3]',
   '[3.8,4.0,3.8,2.4,2.2,1.9,2.8,2.6,2.7,3.6,3.4,3.2,3.0,2.9,3.1,2.4,2.9,2.7,2.6,2.4]',
   now()),
  ('c0204000-0000-0000-0000-000000000008', 'c0004000-0000-0000-0000-000000000003', 'c0104000-0000-0000-0000-000000000008', '阿部智哉',
   '[1.0,1.4,-0.2,0.5,-0.3,1.0,0.0,0.1,0.9,2.0,0.3,0.5,0.9,1.5,-0.6,0.8,-1.1,-0.2,-0.4,1.1,-0.4]',
   '[3.6,3.8,3.6,2.5,2.3,2.0,2.9,2.7,2.8,3.8,3.6,3.4,3.2,3.0,3.2,2.5,3.0,2.8,2.7,2.5]',
   now()),
  ('c0204000-0000-0000-0000-000000000009', 'c0004000-0000-0000-0000-000000000003', 'c0104000-0000-0000-0000-000000000009', '坂本莉子',
   '[1.3,1.2,-0.4,0.3,-0.1,1.2,0.2,-0.1,1.1,2.3,0.1,0.7,0.7,1.3,-0.8,1.0,-0.9,-0.4,-0.6,1.3,-0.2]',
   '[3.9,4.1,3.9,2.3,2.1,1.8,2.7,2.5,2.6,3.5,3.3,3.1,2.9,2.8,3.0,2.3,2.8,2.6,2.5,2.3]',
   now())
ON CONFLICT DO NOTHING;

-- セッション
INSERT INTO work_values_sessions (id, user_id, team_member_id, circular_triads, consistency_coefficient, consistency_level, purpose) VALUES
  ('c0304000-0000-0000-0000-000000000001', NULL, 'c0204000-0000-0000-0000-000000000001', 30, 0.922, 'high', 'team'),
  ('c0304000-0000-0000-0000-000000000002', NULL, 'c0204000-0000-0000-0000-000000000002', 25, 0.935, 'high', 'team'),
  ('c0304000-0000-0000-0000-000000000003', NULL, 'c0204000-0000-0000-0000-000000000003', 34, 0.912, 'high', 'team'),
  ('c0304000-0000-0000-0000-000000000004', NULL, 'c0204000-0000-0000-0000-000000000004', 27, 0.930, 'high', 'team'),
  ('c0304000-0000-0000-0000-000000000005', NULL, 'c0204000-0000-0000-0000-000000000005', 22, 0.943, 'high', 'team'),
  ('c0304000-0000-0000-0000-000000000006', NULL, 'c0204000-0000-0000-0000-000000000006', 29, 0.925, 'high', 'team'),
  ('c0304000-0000-0000-0000-000000000007', NULL, 'c0204000-0000-0000-0000-000000000007', 26, 0.932, 'high', 'team'),
  ('c0304000-0000-0000-0000-000000000008', NULL, 'c0204000-0000-0000-0000-000000000008', 31, 0.919, 'high', 'team'),
  ('c0304000-0000-0000-0000-000000000009', NULL, 'c0204000-0000-0000-0000-000000000009', 23, 0.940, 'high', 'team')
ON CONFLICT DO NOTHING;

-- チームベクトル
UPDATE teams SET
  wv_vector = '[1.13,0.73,-0.60,0.10,-1.60,1.17,-0.03,-0.30,1.67,2.27,-0.30,0.80,0.40,0.20,-1.30,1.57,-1.70,-0.50,-0.70,1.47,-0.20]',
  ci_vector = '[3.87,4.27,4.07,2.10,1.90,1.60,2.60,2.40,2.50,3.53,3.33,3.13,2.93,2.70,2.90,2.20,2.80,2.60,2.50,2.30]'
WHERE id = 'c0004000-0000-0000-0000-000000000001';

UPDATE teams SET
  wv_vector = '[0.80,1.10,-0.30,0.60,-0.80,0.90,0.20,0.10,1.30,2.00,0.00,0.50,1.20,0.40,-0.90,1.10,-1.20,-0.30,-0.50,1.00,-0.40]',
  ci_vector = '[3.50,3.90,3.70,2.50,2.30,2.00,3.00,2.80,2.90,3.77,3.57,3.37,3.17,3.00,3.20,2.60,3.10,2.90,2.80,2.60]'
WHERE id = 'c0004000-0000-0000-0000-000000000002';

UPDATE teams SET
  wv_vector = '[1.17,1.30,-0.30,0.40,-0.20,1.10,0.10,0.00,1.00,2.17,0.20,0.60,0.80,1.40,-0.70,0.90,-1.00,-0.30,-0.50,1.20,-0.30]',
  ci_vector = '[3.77,3.97,3.77,2.40,2.20,1.90,2.80,2.60,2.70,3.63,3.43,3.23,3.03,2.90,3.10,2.40,2.90,2.70,2.60,2.40]'
WHERE id = 'c0004000-0000-0000-0000-000000000003';


-- ==== フィンクロス (フィンテック) ====

-- チーム
INSERT INTO teams (id, company_id, name, target_count) VALUES
  ('c0005000-0000-0000-0000-000000000001', 'b0000000-0000-0000-0000-000000000005', 'バックエンドエンジニアチーム', 3),
  ('c0005000-0000-0000-0000-000000000002', 'b0000000-0000-0000-0000-000000000005', 'コンプライアンスチーム', 3),
  ('c0005000-0000-0000-0000-000000000003', 'b0000000-0000-0000-0000-000000000005', 'ビジネス開発チーム', 3)
ON CONFLICT DO NOTHING;

-- 招待
INSERT INTO team_invitations (id, team_id, token, assigned_name, expires_at, used_at) VALUES
  ('c0105000-0000-0000-0000-000000000001', 'c0005000-0000-0000-0000-000000000001', 'fincross_be_01', '山本将也', now() + interval '30 days', now()),
  ('c0105000-0000-0000-0000-000000000002', 'c0005000-0000-0000-0000-000000000001', 'fincross_be_02', '田村真帆', now() + interval '30 days', now()),
  ('c0105000-0000-0000-0000-000000000003', 'c0005000-0000-0000-0000-000000000001', 'fincross_be_03', '鈴木一馬', now() + interval '30 days', now()),
  ('c0105000-0000-0000-0000-000000000004', 'c0005000-0000-0000-0000-000000000002', 'fincross_comp_01', '河野明日香', now() + interval '30 days', now()),
  ('c0105000-0000-0000-0000-000000000005', 'c0005000-0000-0000-0000-000000000002', 'fincross_comp_02', '竹内俊介', now() + interval '30 days', now()),
  ('c0105000-0000-0000-0000-000000000006', 'c0005000-0000-0000-0000-000000000002', 'fincross_comp_03', '中山さくら', now() + interval '30 days', now()),
  ('c0105000-0000-0000-0000-000000000007', 'c0005000-0000-0000-0000-000000000003', 'fincross_bizdev_01', '宮崎悠斗', now() + interval '30 days', now()),
  ('c0105000-0000-0000-0000-000000000008', 'c0005000-0000-0000-0000-000000000003', 'fincross_bizdev_02', '渡部美月', now() + interval '30 days', now()),
  ('c0105000-0000-0000-0000-000000000009', 'c0005000-0000-0000-0000-000000000003', 'fincross_bizdev_03', '黒田浩一', now() + interval '30 days', now())
ON CONFLICT DO NOTHING;

-- メンバー
INSERT INTO team_members (id, team_id, invitation_id, name, wv_vector, ci_vector, completed_at) VALUES
  -- バックエンドエンジニアチーム（エンジニア系: autonomy, creativity, ability_utilization高い / authority, social_status低い）
  ('c0205000-0000-0000-0000-000000000001', 'c0005000-0000-0000-0000-000000000001', 'c0105000-0000-0000-0000-000000000001', '山本将也',
   '[2.0,1.8,-0.3,0.8,-1.0,2.1,-0.2,0.6,0.3,1.6,0.8,-0.1,-0.4,1.3,-0.5,0.0,-1.4,-0.4,-0.8,1.0,-0.2]',
   '[4.2,3.6,3.3,2.6,2.4,2.1,3.2,3.0,3.1,4.3,4.0,3.8,3.6,3.4,3.6,2.7,2.5,2.3,2.1,2.0]',
   now()),
  ('c0205000-0000-0000-0000-000000000002', 'c0005000-0000-0000-0000-000000000001', 'c0105000-0000-0000-0000-000000000002', '田村真帆',
   '[1.8,1.6,-0.4,0.7,-1.1,1.9,-0.3,0.5,0.4,1.8,0.6,0.0,-0.5,1.1,-0.6,0.1,-1.3,-0.5,-0.9,0.9,-0.3]',
   '[4.0,3.4,3.1,2.7,2.5,2.2,3.3,3.1,3.2,4.1,3.8,3.6,3.4,3.3,3.5,2.8,2.6,2.4,2.2,2.1]',
   now()),
  ('c0205000-0000-0000-0000-000000000003', 'c0005000-0000-0000-0000-000000000001', 'c0105000-0000-0000-0000-000000000003', '鈴木一馬',
   '[2.2,1.9,-0.2,0.6,-1.2,2.0,-0.1,0.7,0.2,1.4,0.9,-0.2,-0.3,1.4,-0.4,-0.1,-1.5,-0.3,-0.7,1.1,-0.1]',
   '[4.3,3.7,3.4,2.5,2.3,2.0,3.1,2.9,3.0,4.5,4.2,4.0,3.8,3.5,3.7,2.6,2.4,2.2,2.0,1.9]',
   now()),
  -- コンプライアンスチーム（company_policies, moral_values, security高い / creativity低い）
  ('c0205000-0000-0000-0000-000000000004', 'c0005000-0000-0000-0000-000000000002', 'c0105000-0000-0000-0000-000000000004', '河野明日香',
   '[0.4,0.6,0.2,-0.2,-0.5,0.1,1.9,0.8,0.7,-0.8,0.3,1.8,0.3,0.2,1.5,0.5,-0.6,0.4,0.3,-0.7,0.6]',
   '[3.0,2.8,2.6,3.0,2.8,2.6,3.2,3.0,3.1,2.8,2.6,2.4,2.2,3.2,3.4,3.0,3.6,3.4,3.2,3.0]',
   now()),
  ('c0205000-0000-0000-0000-000000000005', 'c0005000-0000-0000-0000-000000000002', 'c0105000-0000-0000-0000-000000000005', '竹内俊介',
   '[0.3,0.5,0.3,-0.3,-0.6,0.0,2.0,0.7,0.8,-0.9,0.2,1.9,0.4,0.3,1.6,0.4,-0.7,0.3,0.2,-0.8,0.7]',
   '[2.9,2.7,2.5,3.1,2.9,2.7,3.3,3.1,3.2,2.7,2.5,2.3,2.1,3.1,3.3,2.9,3.5,3.3,3.1,2.9]',
   now()),
  ('c0205000-0000-0000-0000-000000000006', 'c0005000-0000-0000-0000-000000000002', 'c0105000-0000-0000-0000-000000000006', '中山さくら',
   '[0.5,0.7,0.1,-0.1,-0.4,0.2,1.8,0.9,0.6,-0.7,0.4,1.7,0.2,0.1,1.4,0.6,-0.5,0.5,0.4,-0.6,0.5]',
   '[3.1,2.9,2.7,2.9,2.7,2.5,3.1,2.9,3.0,2.9,2.7,2.5,2.3,3.3,3.5,3.1,3.7,3.5,3.3,3.1]',
   now()),
  -- ビジネス開発チーム（ビジネス系: achievement, advancement, compensation高い）
  ('c0205000-0000-0000-0000-000000000007', 'c0005000-0000-0000-0000-000000000003', 'c0105000-0000-0000-0000-000000000007', '宮崎悠斗',
   '[0.3,2.2,0.0,2.0,0.8,0.1,0.3,1.7,0.4,-0.5,0.2,0.1,1.8,0.6,-0.3,0.2,0.7,-0.2,0.0,0.1,-0.6]',
   '[2.8,2.6,2.4,3.7,3.5,3.3,4.0,3.8,3.9,2.9,2.7,2.5,2.3,2.8,3.0,2.6,3.3,3.1,2.9,2.7]',
   now()),
  ('c0205000-0000-0000-0000-000000000008', 'c0005000-0000-0000-0000-000000000003', 'c0105000-0000-0000-0000-000000000008', '渡部美月',
   '[0.4,2.0,0.1,1.9,0.7,0.2,0.4,1.5,0.5,-0.4,0.1,0.2,1.7,0.5,-0.2,0.3,0.6,-0.1,0.1,0.2,-0.5]',
   '[2.9,2.7,2.5,3.6,3.4,3.2,3.9,3.7,3.8,3.0,2.8,2.6,2.4,2.9,3.1,2.7,3.4,3.2,3.0,2.8]',
   now()),
  ('c0205000-0000-0000-0000-000000000009', 'c0005000-0000-0000-0000-000000000003', 'c0105000-0000-0000-0000-000000000009', '黒田浩一',
   '[0.2,2.3,-0.1,2.1,0.9,0.0,0.2,1.8,0.3,-0.6,0.3,0.0,1.9,0.7,-0.4,0.1,0.8,-0.3,-0.1,0.0,-0.7]',
   '[2.7,2.5,2.3,3.8,3.6,3.4,4.1,3.9,4.0,2.8,2.6,2.4,2.2,2.7,2.9,2.5,3.2,3.0,2.8,2.6]',
   now())
ON CONFLICT DO NOTHING;

-- セッション
INSERT INTO work_values_sessions (id, user_id, team_member_id, circular_triads, consistency_coefficient, consistency_level, purpose) VALUES
  ('c0305000-0000-0000-0000-000000000001', NULL, 'c0205000-0000-0000-0000-000000000001', 24, 0.938, 'high', 'team'),
  ('c0305000-0000-0000-0000-000000000002', NULL, 'c0205000-0000-0000-0000-000000000002', 28, 0.927, 'high', 'team'),
  ('c0305000-0000-0000-0000-000000000003', NULL, 'c0205000-0000-0000-0000-000000000003', 22, 0.943, 'high', 'team'),
  ('c0305000-0000-0000-0000-000000000004', NULL, 'c0205000-0000-0000-0000-000000000004', 31, 0.919, 'high', 'team'),
  ('c0305000-0000-0000-0000-000000000005', NULL, 'c0205000-0000-0000-0000-000000000005', 26, 0.932, 'high', 'team'),
  ('c0305000-0000-0000-0000-000000000006', NULL, 'c0205000-0000-0000-0000-000000000006', 33, 0.914, 'high', 'team'),
  ('c0305000-0000-0000-0000-000000000007', NULL, 'c0205000-0000-0000-0000-000000000007', 25, 0.935, 'high', 'team'),
  ('c0305000-0000-0000-0000-000000000008', NULL, 'c0205000-0000-0000-0000-000000000008', 29, 0.925, 'high', 'team'),
  ('c0305000-0000-0000-0000-000000000009', NULL, 'c0205000-0000-0000-0000-000000000009', 23, 0.940, 'high', 'team')
ON CONFLICT DO NOTHING;

-- チームベクトル
UPDATE teams SET
  wv_vector = '[2.00,1.77,-0.30,0.70,-1.10,2.00,-0.20,0.60,0.30,1.60,0.77,-0.10,-0.40,1.27,-0.50,0.00,-1.40,-0.40,-0.80,1.00,-0.20]',
  ci_vector = '[4.17,3.57,3.27,2.60,2.40,2.10,3.20,3.00,3.10,4.30,4.00,3.80,3.60,3.40,3.60,2.70,2.50,2.30,2.10,2.00]'
WHERE id = 'c0005000-0000-0000-0000-000000000001';

UPDATE teams SET
  wv_vector = '[0.40,0.60,0.20,-0.20,-0.50,0.10,1.90,0.80,0.70,-0.80,0.30,1.80,0.30,0.20,1.50,0.50,-0.60,0.40,0.30,-0.70,0.60]',
  ci_vector = '[3.00,2.80,2.60,3.00,2.80,2.60,3.20,3.00,3.10,2.80,2.60,2.40,2.20,3.20,3.40,3.00,3.60,3.40,3.20,3.00]'
WHERE id = 'c0005000-0000-0000-0000-000000000002';

UPDATE teams SET
  wv_vector = '[0.30,2.17,0.00,2.00,0.80,0.10,0.30,1.67,0.40,-0.50,0.20,0.10,1.80,0.60,-0.30,0.20,0.70,-0.20,0.00,0.10,-0.60]',
  ci_vector = '[2.80,2.60,2.40,3.70,3.50,3.30,4.00,3.80,3.90,2.90,2.70,2.50,2.30,2.80,3.00,2.60,3.30,3.10,2.90,2.70]'
WHERE id = 'c0005000-0000-0000-0000-000000000003';

-- 4thチーム: リスク管理チーム
INSERT INTO teams (id, company_id, name, target_count) VALUES
  ('c0005000-0000-0000-0000-000000000004', 'b0000000-0000-0000-0000-000000000005', 'リスク管理チーム', 3)
ON CONFLICT DO NOTHING;

INSERT INTO team_invitations (id, team_id, token, assigned_name, expires_at, used_at) VALUES
  ('c0105000-0000-0000-0000-000000000010', 'c0005000-0000-0000-0000-000000000004', 'fincross_risk_01', '森下誠', now() + interval '30 days', now()),
  ('c0105000-0000-0000-0000-000000000011', 'c0005000-0000-0000-0000-000000000004', 'fincross_risk_02', '宮本千尋', now() + interval '30 days', now()),
  ('c0105000-0000-0000-0000-000000000012', 'c0005000-0000-0000-0000-000000000004', 'fincross_risk_03', '長田裕太', now() + interval '30 days', now())
ON CONFLICT DO NOTHING;

INSERT INTO team_members (id, team_id, invitation_id, name, wv_vector, ci_vector, completed_at) VALUES
  ('c0205000-0000-0000-0000-000000000010', 'c0005000-0000-0000-0000-000000000004', 'c0105000-0000-0000-0000-000000000010', '森下誠',
   '[0.9,1.2,0.1,0.5,-0.8,0.6,1.8,0.7,0.4,0.2,0.6,1.5,0.3,1.0,1.2,-0.1,-0.7,0.3,0.4,-0.6,-0.3]',
   '[3.2,3.0,2.8,3.4,3.2,3.0,3.1,2.9,3.0,3.3,3.1,2.9,2.7,3.3,3.5,3.1,3.0,2.8,2.6,2.4]',
   now()),
  ('c0205000-0000-0000-0000-000000000011', 'c0005000-0000-0000-0000-000000000004', 'c0105000-0000-0000-0000-000000000011', '宮本千尋',
   '[1.0,1.1,0.0,0.4,-0.9,0.5,1.7,0.8,0.5,0.3,0.5,1.6,0.4,0.9,1.3,-0.2,-0.8,0.2,0.3,-0.5,-0.4]',
   '[3.3,3.1,2.9,3.3,3.1,2.9,3.0,2.8,2.9,3.4,3.2,3.0,2.8,3.4,3.6,3.2,3.1,2.9,2.7,2.5]',
   now()),
  ('c0205000-0000-0000-0000-000000000012', 'c0005000-0000-0000-0000-000000000004', 'c0105000-0000-0000-0000-000000000012', '長田裕太',
   '[0.8,1.3,0.2,0.6,-0.7,0.7,1.9,0.6,0.3,0.1,0.7,1.4,0.2,1.1,1.1,0.0,-0.6,0.4,0.5,-0.7,-0.2]',
   '[3.1,2.9,2.7,3.5,3.3,3.1,3.2,3.0,3.1,3.2,3.0,2.8,2.6,3.2,3.4,3.0,2.9,2.7,2.5,2.3]',
   now())
ON CONFLICT DO NOTHING;

INSERT INTO work_values_sessions (id, user_id, team_member_id, circular_triads, consistency_coefficient, consistency_level, purpose) VALUES
  ('c0305000-0000-0000-0000-000000000010', NULL, 'c0205000-0000-0000-0000-000000000010', 27, 0.930, 'high', 'team'),
  ('c0305000-0000-0000-0000-000000000011', NULL, 'c0205000-0000-0000-0000-000000000011', 30, 0.922, 'high', 'team'),
  ('c0305000-0000-0000-0000-000000000012', NULL, 'c0205000-0000-0000-0000-000000000012', 25, 0.935, 'high', 'team')
ON CONFLICT DO NOTHING;

UPDATE teams SET
  wv_vector = '[0.90,1.20,0.10,0.50,-0.80,0.60,1.80,0.70,0.40,0.20,0.60,1.50,0.30,1.00,1.20,-0.10,-0.70,0.30,0.40,-0.60,-0.30]',
  ci_vector = '[3.20,3.00,2.80,3.40,3.20,3.00,3.10,2.90,3.00,3.30,3.10,2.90,2.70,3.30,3.50,3.10,3.00,2.80,2.60,2.40]'
WHERE id = 'c0005000-0000-0000-0000-000000000004';


-- ==== 構造計画テクノロジーズ (建設テック) ====

-- チーム
INSERT INTO teams (id, company_id, name, target_count) VALUES
  ('c0006000-0000-0000-0000-000000000001', 'b0000000-0000-0000-0000-000000000006', '構造解析エンジニアチーム', 3),
  ('c0006000-0000-0000-0000-000000000002', 'b0000000-0000-0000-0000-000000000006', 'BIM開発チーム', 3),
  ('c0006000-0000-0000-0000-000000000003', 'b0000000-0000-0000-0000-000000000006', '営業企画チーム', 3)
ON CONFLICT DO NOTHING;

-- 招待
INSERT INTO team_invitations (id, team_id, token, assigned_name, expires_at, used_at) VALUES
  ('c0106000-0000-0000-0000-000000000001', 'c0006000-0000-0000-0000-000000000001', 'kouzou_struct_01', '永井達人', now() + interval '30 days', now()),
  ('c0106000-0000-0000-0000-000000000002', 'c0006000-0000-0000-0000-000000000001', 'kouzou_struct_02', '片山由紀', now() + interval '30 days', now()),
  ('c0106000-0000-0000-0000-000000000003', 'c0006000-0000-0000-0000-000000000001', 'kouzou_struct_03', '関口大輔', now() + interval '30 days', now()),
  ('c0106000-0000-0000-0000-000000000004', 'c0006000-0000-0000-0000-000000000002', 'kouzou_bim_01', '柴田美咲', now() + interval '30 days', now()),
  ('c0106000-0000-0000-0000-000000000005', 'c0006000-0000-0000-0000-000000000002', 'kouzou_bim_02', '古川翼', now() + interval '30 days', now()),
  ('c0106000-0000-0000-0000-000000000006', 'c0006000-0000-0000-0000-000000000002', 'kouzou_bim_03', '吉田あかり', now() + interval '30 days', now()),
  ('c0106000-0000-0000-0000-000000000007', 'c0006000-0000-0000-0000-000000000003', 'kouzou_sales_01', '北村拓真', now() + interval '30 days', now()),
  ('c0106000-0000-0000-0000-000000000008', 'c0006000-0000-0000-0000-000000000003', 'kouzou_sales_02', '白石奈緒', now() + interval '30 days', now()),
  ('c0106000-0000-0000-0000-000000000009', 'c0006000-0000-0000-0000-000000000003', 'kouzou_sales_03', '土屋裕太', now() + interval '30 days', now())
ON CONFLICT DO NOTHING;

-- メンバー
INSERT INTO team_members (id, team_id, invitation_id, name, wv_vector, ci_vector, completed_at) VALUES
  -- 構造解析エンジニアチーム（研究系: ability_utilization, creativity, independence高い / social_status, compensation低い）
  ('c0206000-0000-0000-0000-000000000001', 'c0006000-0000-0000-0000-000000000001', 'c0106000-0000-0000-0000-000000000001', '永井達人',
   '[2.4,1.6,-0.4,0.2,-0.6,1.4,0.1,-0.8,0.1,1.8,1.7,0.5,-0.7,1.2,-0.2,0.4,-1.9,-0.3,-0.5,0.8,-0.4]',
   '[4.5,4.1,3.8,2.2,2.0,1.7,2.8,2.6,2.7,4.3,4.0,3.8,3.6,3.2,3.4,2.5,2.3,2.1,1.9,1.8]',
   now()),
  ('c0206000-0000-0000-0000-000000000002', 'c0006000-0000-0000-0000-000000000001', 'c0106000-0000-0000-0000-000000000002', '片山由紀',
   '[2.2,1.4,-0.5,0.3,-0.7,1.5,0.0,-0.7,0.2,2.0,1.5,0.4,-0.6,1.0,-0.3,0.5,-1.8,-0.4,-0.6,0.9,-0.5]',
   '[4.3,3.9,3.6,2.3,2.1,1.8,2.9,2.7,2.8,4.5,4.2,4.0,3.8,3.1,3.3,2.4,2.2,2.0,1.8,1.7]',
   now()),
  ('c0206000-0000-0000-0000-000000000003', 'c0006000-0000-0000-0000-000000000001', 'c0106000-0000-0000-0000-000000000003', '関口大輔',
   '[2.5,1.7,-0.3,0.1,-0.5,1.3,0.2,-0.9,0.0,1.6,1.8,0.6,-0.8,1.3,-0.1,0.3,-2.0,-0.2,-0.4,0.7,-0.3]',
   '[4.6,4.2,3.9,2.1,1.9,1.6,2.7,2.5,2.6,4.2,3.9,3.7,3.5,3.3,3.5,2.6,2.4,2.2,2.0,1.9]',
   now()),
  -- BIM開発チーム（エンジニア系+創造性: autonomy, creativity高い）
  ('c0206000-0000-0000-0000-000000000004', 'c0006000-0000-0000-0000-000000000002', 'c0106000-0000-0000-0000-000000000004', '柴田美咲',
   '[1.8,1.5,-0.3,0.5,-0.9,1.7,-0.1,0.2,0.6,1.9,0.5,0.1,-0.4,0.9,-0.5,0.3,-1.3,-0.4,-0.7,1.1,-0.2]',
   '[4.1,3.7,3.4,2.4,2.2,1.9,3.0,2.8,2.9,4.4,4.1,3.9,3.7,3.1,3.3,2.4,2.2,2.0,1.8,1.7]',
   now()),
  ('c0206000-0000-0000-0000-000000000005', 'c0006000-0000-0000-0000-000000000002', 'c0106000-0000-0000-0000-000000000005', '古川翼',
   '[2.0,1.6,-0.2,0.4,-0.8,1.8,-0.2,0.3,0.5,1.7,0.6,0.0,-0.5,1.0,-0.4,0.2,-1.4,-0.5,-0.8,1.0,-0.3]',
   '[4.2,3.8,3.5,2.5,2.3,2.0,3.1,2.9,3.0,4.2,3.9,3.7,3.5,3.2,3.4,2.5,2.3,2.1,1.9,1.8]',
   now()),
  ('c0206000-0000-0000-0000-000000000006', 'c0006000-0000-0000-0000-000000000002', 'c0106000-0000-0000-0000-000000000006', '吉田あかり',
   '[1.6,1.4,-0.4,0.6,-1.0,1.6,0.0,0.1,0.7,2.0,0.4,0.2,-0.3,0.8,-0.6,0.4,-1.2,-0.3,-0.6,1.2,-0.1]',
   '[4.0,3.6,3.3,2.3,2.1,1.8,2.9,2.7,2.8,4.5,4.2,4.0,3.8,3.0,3.2,2.3,2.1,1.9,1.7,1.6]',
   now()),
  -- 営業企画チーム（ビジネス系: achievement, advancement, compensation高い）
  ('c0206000-0000-0000-0000-000000000007', 'c0006000-0000-0000-0000-000000000003', 'c0106000-0000-0000-0000-000000000007', '北村拓真',
   '[0.4,2.1,0.0,1.9,0.8,0.2,0.4,1.6,0.3,-0.5,0.1,0.2,1.7,0.5,-0.3,0.3,0.6,-0.2,0.0,0.2,-0.5]',
   '[3.0,2.8,2.6,3.5,3.3,3.1,3.8,3.6,3.7,3.1,2.9,2.7,2.5,2.9,3.1,2.7,3.4,3.2,3.0,2.8]',
   now()),
  ('c0206000-0000-0000-0000-000000000008', 'c0006000-0000-0000-0000-000000000003', 'c0106000-0000-0000-0000-000000000008', '白石奈緒',
   '[0.5,1.9,0.1,1.8,0.7,0.3,0.5,1.4,0.4,-0.4,0.0,0.3,1.6,0.6,-0.2,0.4,0.5,-0.1,0.1,0.3,-0.4]',
   '[3.1,2.9,2.7,3.4,3.2,3.0,3.7,3.5,3.6,3.2,3.0,2.8,2.6,3.0,3.2,2.8,3.5,3.3,3.1,2.9]',
   now()),
  ('c0206000-0000-0000-0000-000000000009', 'c0006000-0000-0000-0000-000000000003', 'c0106000-0000-0000-0000-000000000009', '土屋裕太',
   '[0.3,2.2,-0.1,2.0,0.9,0.1,0.3,1.7,0.2,-0.6,0.2,0.1,1.8,0.4,-0.4,0.2,0.7,-0.3,-0.1,0.1,-0.6]',
   '[2.9,2.7,2.5,3.6,3.4,3.2,3.9,3.7,3.8,3.0,2.8,2.6,2.4,2.8,3.0,2.6,3.3,3.1,2.9,2.7]',
   now())
ON CONFLICT DO NOTHING;

-- セッション
INSERT INTO work_values_sessions (id, user_id, team_member_id, circular_triads, consistency_coefficient, consistency_level, purpose) VALUES
  ('c0306000-0000-0000-0000-000000000001', NULL, 'c0206000-0000-0000-0000-000000000001', 23, 0.940, 'high', 'team'),
  ('c0306000-0000-0000-0000-000000000002', NULL, 'c0206000-0000-0000-0000-000000000002', 27, 0.930, 'high', 'team'),
  ('c0306000-0000-0000-0000-000000000003', NULL, 'c0206000-0000-0000-0000-000000000003', 21, 0.945, 'high', 'team'),
  ('c0306000-0000-0000-0000-000000000004', NULL, 'c0206000-0000-0000-0000-000000000004', 30, 0.922, 'high', 'team'),
  ('c0306000-0000-0000-0000-000000000005', NULL, 'c0206000-0000-0000-0000-000000000005', 25, 0.935, 'high', 'team'),
  ('c0306000-0000-0000-0000-000000000006', NULL, 'c0206000-0000-0000-0000-000000000006', 33, 0.914, 'high', 'team'),
  ('c0306000-0000-0000-0000-000000000007', NULL, 'c0206000-0000-0000-0000-000000000007', 29, 0.925, 'high', 'team'),
  ('c0306000-0000-0000-0000-000000000008', NULL, 'c0206000-0000-0000-0000-000000000008', 26, 0.932, 'high', 'team'),
  ('c0306000-0000-0000-0000-000000000009', NULL, 'c0206000-0000-0000-0000-000000000009', 24, 0.938, 'high', 'team')
ON CONFLICT DO NOTHING;

-- チームベクトル
UPDATE teams SET
  wv_vector = '[2.37,1.57,-0.40,0.20,-0.60,1.40,0.10,-0.80,0.10,1.80,1.67,0.50,-0.70,1.17,-0.20,0.40,-1.90,-0.30,-0.50,0.80,-0.40]',
  ci_vector = '[4.47,4.07,3.77,2.20,2.00,1.70,2.80,2.60,2.70,4.33,4.03,3.83,3.63,3.20,3.40,2.50,2.30,2.10,1.90,1.80]'
WHERE id = 'c0006000-0000-0000-0000-000000000001';

UPDATE teams SET
  wv_vector = '[1.80,1.50,-0.30,0.50,-0.90,1.70,-0.10,0.20,0.60,1.87,0.50,0.10,-0.40,0.90,-0.50,0.30,-1.30,-0.40,-0.70,1.10,-0.20]',
  ci_vector = '[4.10,3.70,3.40,2.40,2.20,1.90,3.00,2.80,2.90,4.37,4.07,3.87,3.67,3.10,3.30,2.40,2.20,2.00,1.80,1.70]'
WHERE id = 'c0006000-0000-0000-0000-000000000002';

UPDATE teams SET
  wv_vector = '[0.40,2.07,0.00,1.90,0.80,0.20,0.40,1.57,0.30,-0.50,0.10,0.20,1.70,0.50,-0.30,0.30,0.60,-0.20,0.00,0.20,-0.50]',
  ci_vector = '[3.00,2.80,2.60,3.50,3.30,3.10,3.80,3.60,3.70,3.10,2.90,2.70,2.50,2.90,3.10,2.70,3.40,3.20,3.00,2.80]'
WHERE id = 'c0006000-0000-0000-0000-000000000003';


-- ==== マナビコネクト (EdTech) ====

-- チーム
INSERT INTO teams (id, company_id, name, target_count) VALUES
  ('c0007000-0000-0000-0000-000000000001', 'b0000000-0000-0000-0000-000000000007', 'カリキュラム開発チーム', 3),
  ('c0007000-0000-0000-0000-000000000002', 'b0000000-0000-0000-0000-000000000007', 'フロントエンドチーム', 3),
  ('c0007000-0000-0000-0000-000000000003', 'b0000000-0000-0000-0000-000000000007', 'マーケティングチーム', 3)
ON CONFLICT DO NOTHING;

-- 招待
INSERT INTO team_invitations (id, team_id, token, assigned_name, expires_at, used_at) VALUES
  ('c0107000-0000-0000-0000-000000000001', 'c0007000-0000-0000-0000-000000000001', 'manabi_curri_01', '斎藤歩', now() + interval '30 days', now()),
  ('c0107000-0000-0000-0000-000000000002', 'c0007000-0000-0000-0000-000000000001', 'manabi_curri_02', '浜田奈々', now() + interval '30 days', now()),
  ('c0107000-0000-0000-0000-000000000003', 'c0007000-0000-0000-0000-000000000001', 'manabi_curri_03', '菅原圭太', now() + interval '30 days', now()),
  ('c0107000-0000-0000-0000-000000000004', 'c0007000-0000-0000-0000-000000000002', 'manabi_fe_01', '横山瑠奈', now() + interval '30 days', now()),
  ('c0107000-0000-0000-0000-000000000005', 'c0007000-0000-0000-0000-000000000002', 'manabi_fe_02', '丸山陽介', now() + interval '30 days', now()),
  ('c0107000-0000-0000-0000-000000000006', 'c0007000-0000-0000-0000-000000000002', 'manabi_fe_03', '新井愛', now() + interval '30 days', now()),
  ('c0107000-0000-0000-0000-000000000007', 'c0007000-0000-0000-0000-000000000003', 'manabi_mkt_01', '服部涼太', now() + interval '30 days', now()),
  ('c0107000-0000-0000-0000-000000000008', 'c0007000-0000-0000-0000-000000000003', 'manabi_mkt_02', '宮本瞳', now() + interval '30 days', now()),
  ('c0107000-0000-0000-0000-000000000009', 'c0007000-0000-0000-0000-000000000003', 'manabi_mkt_03', '池田健', now() + interval '30 days', now())
ON CONFLICT DO NOTHING;

-- メンバー
INSERT INTO team_members (id, team_id, invitation_id, name, wv_vector, ci_vector, completed_at) VALUES
  -- カリキュラム開発チーム（研究系+社会貢献: social_service, creativity, ability_utilization高い）
  ('c0207000-0000-0000-0000-000000000001', 'c0007000-0000-0000-0000-000000000001', 'c0107000-0000-0000-0000-000000000001', '斎藤歩',
   '[1.8,1.2,-0.4,0.2,-0.9,1.3,0.0,-0.5,0.8,1.9,0.6,0.7,-0.3,0.7,-0.2,2.0,-1.5,-0.2,-0.3,1.0,-0.3]',
   '[4.0,3.8,3.5,2.3,2.1,1.8,2.8,2.6,2.7,4.2,3.9,3.7,3.5,3.0,3.2,2.4,2.6,2.4,2.2,2.0]',
   now()),
  ('c0207000-0000-0000-0000-000000000002', 'c0007000-0000-0000-0000-000000000001', 'c0107000-0000-0000-0000-000000000002', '浜田奈々',
   '[1.6,1.0,-0.5,0.3,-1.0,1.4,0.1,-0.4,0.9,2.1,0.5,0.8,-0.2,0.6,-0.3,2.2,-1.6,-0.3,-0.4,0.9,-0.2]',
   '[3.8,3.6,3.3,2.4,2.2,1.9,2.9,2.7,2.8,4.4,4.1,3.9,3.7,2.9,3.1,2.3,2.5,2.3,2.1,1.9]',
   now()),
  ('c0207000-0000-0000-0000-000000000003', 'c0007000-0000-0000-0000-000000000001', 'c0107000-0000-0000-0000-000000000003', '菅原圭太',
   '[1.9,1.3,-0.3,0.1,-0.8,1.2,-0.1,-0.6,0.7,1.7,0.7,0.6,-0.4,0.8,-0.1,1.9,-1.4,-0.1,-0.2,1.1,-0.4]',
   '[4.1,3.9,3.6,2.2,2.0,1.7,2.7,2.5,2.6,4.0,3.7,3.5,3.3,3.1,3.3,2.5,2.7,2.5,2.3,2.1]',
   now()),
  -- フロントエンドチーム（エンジニア系+デザイン: creativity, autonomy高い）
  ('c0207000-0000-0000-0000-000000000004', 'c0007000-0000-0000-0000-000000000002', 'c0107000-0000-0000-0000-000000000004', '横山瑠奈',
   '[1.7,1.4,-0.3,0.4,-1.1,1.8,-0.1,0.2,0.7,2.0,0.4,0.1,-0.4,0.8,-0.6,0.5,-1.3,-0.5,-0.7,1.4,-0.1]',
   '[4.0,3.8,3.5,2.3,2.1,1.8,2.9,2.7,2.8,4.5,4.2,4.0,3.8,3.0,3.2,2.3,2.5,2.3,2.1,1.9]',
   now()),
  ('c0207000-0000-0000-0000-000000000005', 'c0007000-0000-0000-0000-000000000002', 'c0107000-0000-0000-0000-000000000005', '丸山陽介',
   '[1.5,1.3,-0.4,0.5,-1.2,2.0,-0.2,0.3,0.6,1.8,0.5,0.0,-0.5,0.9,-0.7,0.4,-1.4,-0.6,-0.8,1.3,-0.2]',
   '[3.8,3.6,3.3,2.4,2.2,1.9,3.0,2.8,2.9,4.3,4.0,3.8,3.6,3.1,3.3,2.4,2.6,2.4,2.2,2.0]',
   now()),
  ('c0207000-0000-0000-0000-000000000006', 'c0007000-0000-0000-0000-000000000002', 'c0107000-0000-0000-0000-000000000006', '新井愛',
   '[1.8,1.5,-0.2,0.3,-1.0,1.7,0.0,0.1,0.8,2.1,0.3,0.2,-0.3,0.7,-0.5,0.6,-1.2,-0.4,-0.6,1.5,0.0]',
   '[4.1,3.9,3.6,2.2,2.0,1.7,2.8,2.6,2.7,4.6,4.3,4.1,3.9,2.9,3.1,2.2,2.4,2.2,2.0,1.8]',
   now()),
  -- マーケティングチーム（ビジネス系: achievement, recognition, advancement高い）
  ('c0207000-0000-0000-0000-000000000007', 'c0007000-0000-0000-0000-000000000003', 'c0107000-0000-0000-0000-000000000007', '服部涼太',
   '[0.3,1.9,0.1,1.7,0.6,0.3,0.4,1.2,0.5,-0.3,0.0,0.3,1.8,0.5,-0.2,0.6,0.4,-0.1,0.1,0.3,-0.3]',
   '[3.1,2.9,2.7,3.4,3.2,3.0,3.6,3.4,3.5,3.3,3.1,2.9,2.7,3.0,3.2,2.8,3.5,3.3,3.1,2.9]',
   now()),
  ('c0207000-0000-0000-0000-000000000008', 'c0007000-0000-0000-0000-000000000003', 'c0107000-0000-0000-0000-000000000008', '宮本瞳',
   '[0.4,2.0,0.0,1.6,0.5,0.4,0.5,1.1,0.6,-0.2,0.1,0.4,1.7,0.4,-0.1,0.7,0.3,0.0,0.2,0.4,-0.2]',
   '[3.2,3.0,2.8,3.3,3.1,2.9,3.5,3.3,3.4,3.4,3.2,3.0,2.8,3.1,3.3,2.9,3.6,3.4,3.2,3.0]',
   now()),
  ('c0207000-0000-0000-0000-000000000009', 'c0007000-0000-0000-0000-000000000003', 'c0107000-0000-0000-0000-000000000009', '池田健',
   '[0.2,2.1,0.2,1.8,0.7,0.2,0.3,1.3,0.4,-0.4,0.2,0.2,1.9,0.6,-0.3,0.5,0.5,-0.2,0.0,0.2,-0.4]',
   '[3.0,2.8,2.6,3.5,3.3,3.1,3.7,3.5,3.6,3.2,3.0,2.8,2.6,2.9,3.1,2.7,3.4,3.2,3.0,2.8]',
   now())
ON CONFLICT DO NOTHING;

-- セッション
INSERT INTO work_values_sessions (id, user_id, team_member_id, circular_triads, consistency_coefficient, consistency_level, purpose) VALUES
  ('c0307000-0000-0000-0000-000000000001', NULL, 'c0207000-0000-0000-0000-000000000001', 25, 0.935, 'high', 'team'),
  ('c0307000-0000-0000-0000-000000000002', NULL, 'c0207000-0000-0000-0000-000000000002', 29, 0.925, 'high', 'team'),
  ('c0307000-0000-0000-0000-000000000003', NULL, 'c0207000-0000-0000-0000-000000000003', 22, 0.943, 'high', 'team'),
  ('c0307000-0000-0000-0000-000000000004', NULL, 'c0207000-0000-0000-0000-000000000004', 28, 0.927, 'high', 'team'),
  ('c0307000-0000-0000-0000-000000000005', NULL, 'c0207000-0000-0000-0000-000000000005', 31, 0.919, 'high', 'team'),
  ('c0307000-0000-0000-0000-000000000006', NULL, 'c0207000-0000-0000-0000-000000000006', 24, 0.938, 'high', 'team'),
  ('c0307000-0000-0000-0000-000000000007', NULL, 'c0207000-0000-0000-0000-000000000007', 33, 0.914, 'high', 'team'),
  ('c0307000-0000-0000-0000-000000000008', NULL, 'c0207000-0000-0000-0000-000000000008', 26, 0.932, 'high', 'team'),
  ('c0307000-0000-0000-0000-000000000009', NULL, 'c0207000-0000-0000-0000-000000000009', 30, 0.922, 'high', 'team')
ON CONFLICT DO NOTHING;

-- チームベクトル
UPDATE teams SET
  wv_vector = '[1.77,1.17,-0.40,0.20,-0.90,1.30,0.00,-0.50,0.80,1.90,0.60,0.70,-0.30,0.70,-0.20,2.03,-1.50,-0.20,-0.30,1.00,-0.30]',
  ci_vector = '[3.97,3.77,3.47,2.30,2.10,1.80,2.80,2.60,2.70,4.20,3.90,3.70,3.50,3.00,3.20,2.40,2.60,2.40,2.20,2.00]'
WHERE id = 'c0007000-0000-0000-0000-000000000001';

UPDATE teams SET
  wv_vector = '[1.67,1.40,-0.30,0.40,-1.10,1.83,-0.10,0.20,0.70,1.97,0.40,0.10,-0.40,0.80,-0.60,0.50,-1.30,-0.50,-0.70,1.40,-0.10]',
  ci_vector = '[3.97,3.77,3.47,2.30,2.10,1.80,2.90,2.70,2.80,4.47,4.17,3.97,3.77,3.00,3.20,2.30,2.50,2.30,2.10,1.90]'
WHERE id = 'c0007000-0000-0000-0000-000000000002';

UPDATE teams SET
  wv_vector = '[0.30,2.00,0.10,1.70,0.60,0.30,0.40,1.20,0.50,-0.30,0.10,0.30,1.80,0.50,-0.20,0.60,0.40,-0.10,0.10,0.30,-0.30]',
  ci_vector = '[3.10,2.90,2.70,3.40,3.20,3.00,3.60,3.40,3.50,3.30,3.10,2.90,2.70,3.00,3.20,2.80,3.50,3.30,3.10,2.90]'
WHERE id = 'c0007000-0000-0000-0000-000000000003';


-- ==== ハコブロジテック (物流) ====

-- チーム
INSERT INTO teams (id, company_id, name, target_count) VALUES
  ('c0008000-0000-0000-0000-000000000001', 'b0000000-0000-0000-0000-000000000008', 'ルート最適化エンジニアチーム', 3),
  ('c0008000-0000-0000-0000-000000000002', 'b0000000-0000-0000-0000-000000000008', '倉庫管理オペレーションチーム', 3),
  ('c0008000-0000-0000-0000-000000000003', 'b0000000-0000-0000-0000-000000000008', 'アカウントマネジメントチーム', 3)
ON CONFLICT DO NOTHING;

-- 招待
INSERT INTO team_invitations (id, team_id, token, assigned_name, expires_at, used_at) VALUES
  ('c0108000-0000-0000-0000-000000000001', 'c0008000-0000-0000-0000-000000000001', 'hakobu_route_01', '金子翔平', now() + interval '30 days', now()),
  ('c0108000-0000-0000-0000-000000000002', 'c0008000-0000-0000-0000-000000000001', 'hakobu_route_02', '久保田梨花', now() + interval '30 days', now()),
  ('c0108000-0000-0000-0000-000000000003', 'c0008000-0000-0000-0000-000000000001', 'hakobu_route_03', '須藤誠', now() + interval '30 days', now()),
  ('c0108000-0000-0000-0000-000000000004', 'c0008000-0000-0000-0000-000000000002', 'hakobu_wh_01', '栗原千夏', now() + interval '30 days', now()),
  ('c0108000-0000-0000-0000-000000000005', 'c0008000-0000-0000-0000-000000000002', 'hakobu_wh_02', '奥村拓人', now() + interval '30 days', now()),
  ('c0108000-0000-0000-0000-000000000006', 'c0008000-0000-0000-0000-000000000002', 'hakobu_wh_03', '沢田志保', now() + interval '30 days', now()),
  ('c0108000-0000-0000-0000-000000000007', 'c0008000-0000-0000-0000-000000000003', 'hakobu_am_01', '桑原直樹', now() + interval '30 days', now()),
  ('c0108000-0000-0000-0000-000000000008', 'c0008000-0000-0000-0000-000000000003', 'hakobu_am_02', '星野恵理', now() + interval '30 days', now()),
  ('c0108000-0000-0000-0000-000000000009', 'c0008000-0000-0000-0000-000000000003', 'hakobu_am_03', '小野寺剛', now() + interval '30 days', now())
ON CONFLICT DO NOTHING;

-- メンバー
INSERT INTO team_members (id, team_id, invitation_id, name, wv_vector, ci_vector, completed_at) VALUES
  -- ルート最適化エンジニアチーム（エンジニア系: autonomy, creativity, ability_utilization高い）
  ('c0208000-0000-0000-0000-000000000001', 'c0008000-0000-0000-0000-000000000001', 'c0108000-0000-0000-0000-000000000001', '金子翔平',
   '[2.1,1.7,-0.3,0.6,-1.0,2.0,-0.1,0.3,0.4,1.8,0.8,-0.1,-0.5,1.2,-0.5,0.1,-1.5,-0.4,-0.8,1.2,-0.2]',
   '[4.3,3.7,3.4,2.5,2.3,2.0,3.1,2.9,3.0,4.4,4.1,3.9,3.7,3.3,3.5,2.6,2.4,2.2,2.0,1.9]',
   now()),
  ('c0208000-0000-0000-0000-000000000002', 'c0008000-0000-0000-0000-000000000001', 'c0108000-0000-0000-0000-000000000002', '久保田梨花',
   '[1.9,1.5,-0.4,0.7,-1.1,1.8,-0.2,0.4,0.5,2.0,0.6,0.0,-0.4,1.0,-0.6,0.2,-1.3,-0.5,-0.9,1.1,-0.3]',
   '[4.1,3.5,3.2,2.6,2.4,2.1,3.2,3.0,3.1,4.2,3.9,3.7,3.5,3.2,3.4,2.7,2.5,2.3,2.1,2.0]',
   now()),
  ('c0208000-0000-0000-0000-000000000003', 'c0008000-0000-0000-0000-000000000001', 'c0108000-0000-0000-0000-000000000003', '須藤誠',
   '[2.3,1.8,-0.2,0.5,-0.9,1.9,0.0,0.2,0.3,1.6,0.9,-0.2,-0.6,1.3,-0.4,0.0,-1.6,-0.3,-0.7,1.3,-0.1]',
   '[4.4,3.8,3.5,2.4,2.2,1.9,3.0,2.8,2.9,4.5,4.2,4.0,3.8,3.4,3.6,2.5,2.3,2.1,1.9,1.8]',
   now()),
  -- 倉庫管理オペレーションチーム（CS系: co_workers, working_conditions, security高い / creativity低い）
  ('c0208000-0000-0000-0000-000000000004', 'c0008000-0000-0000-0000-000000000002', 'c0108000-0000-0000-0000-000000000004', '栗原千夏',
   '[0.3,0.6,0.5,0.1,-0.7,0.1,0.6,0.4,1.5,-0.5,-0.1,0.8,0.3,0.0,1.2,0.7,-0.8,0.5,0.3,-0.3,1.4]',
   '[3.0,2.8,2.6,3.1,2.9,2.7,3.3,3.1,3.2,2.8,2.6,2.4,2.2,3.1,3.3,2.9,3.5,3.3,3.1,2.9]',
   now()),
  ('c0208000-0000-0000-0000-000000000005', 'c0008000-0000-0000-0000-000000000002', 'c0108000-0000-0000-0000-000000000005', '奥村拓人',
   '[0.4,0.7,0.4,0.0,-0.8,0.2,0.5,0.3,1.6,-0.6,-0.2,0.9,0.4,0.1,1.3,0.6,-0.9,0.4,0.2,-0.4,1.3]',
   '[3.1,2.9,2.7,3.0,2.8,2.6,3.2,3.0,3.1,2.9,2.7,2.5,2.3,3.2,3.4,3.0,3.6,3.4,3.2,3.0]',
   now()),
  ('c0208000-0000-0000-0000-000000000006', 'c0008000-0000-0000-0000-000000000002', 'c0108000-0000-0000-0000-000000000006', '沢田志保',
   '[0.2,0.5,0.6,0.2,-0.6,0.0,0.7,0.5,1.4,-0.4,0.0,0.7,0.2,-0.1,1.1,0.8,-0.7,0.6,0.4,-0.2,1.5]',
   '[2.9,2.7,2.5,3.2,3.0,2.8,3.4,3.2,3.3,2.7,2.5,2.3,2.1,3.0,3.2,2.8,3.4,3.2,3.0,2.8]',
   now()),
  -- アカウントマネジメントチーム（ビジネス系: achievement, recognition, co_workers高い）
  ('c0208000-0000-0000-0000-000000000007', 'c0008000-0000-0000-0000-000000000003', 'c0108000-0000-0000-0000-000000000007', '桑原直樹',
   '[0.4,2.0,0.0,1.6,0.5,0.2,0.4,1.3,0.8,-0.4,0.1,0.3,1.7,0.5,-0.2,0.5,0.4,-0.1,0.1,0.2,-0.4]',
   '[3.0,2.8,2.6,3.4,3.2,3.0,3.7,3.5,3.6,3.1,2.9,2.7,2.5,3.0,3.2,2.8,3.5,3.3,3.1,2.9]',
   now()),
  ('c0208000-0000-0000-0000-000000000008', 'c0008000-0000-0000-0000-000000000003', 'c0108000-0000-0000-0000-000000000008', '星野恵理',
   '[0.5,1.8,0.1,1.5,0.4,0.3,0.5,1.2,0.9,-0.3,0.0,0.4,1.6,0.4,-0.1,0.6,0.3,0.0,0.2,0.3,-0.3]',
   '[3.1,2.9,2.7,3.3,3.1,2.9,3.6,3.4,3.5,3.2,3.0,2.8,2.6,3.1,3.3,2.9,3.6,3.4,3.2,3.0]',
   now()),
  ('c0208000-0000-0000-0000-000000000009', 'c0008000-0000-0000-0000-000000000003', 'c0108000-0000-0000-0000-000000000009', '小野寺剛',
   '[0.3,2.1,-0.1,1.7,0.6,0.1,0.3,1.4,0.7,-0.5,0.2,0.2,1.8,0.6,-0.3,0.4,0.5,-0.2,0.0,0.1,-0.5]',
   '[2.9,2.7,2.5,3.5,3.3,3.1,3.8,3.6,3.7,3.0,2.8,2.6,2.4,2.9,3.1,2.7,3.4,3.2,3.0,2.8]',
   now())
ON CONFLICT DO NOTHING;

-- セッション
INSERT INTO work_values_sessions (id, user_id, team_member_id, circular_triads, consistency_coefficient, consistency_level, purpose) VALUES
  ('c0308000-0000-0000-0000-000000000001', NULL, 'c0208000-0000-0000-0000-000000000001', 24, 0.938, 'high', 'team'),
  ('c0308000-0000-0000-0000-000000000002', NULL, 'c0208000-0000-0000-0000-000000000002', 30, 0.922, 'high', 'team'),
  ('c0308000-0000-0000-0000-000000000003', NULL, 'c0208000-0000-0000-0000-000000000003', 22, 0.943, 'high', 'team'),
  ('c0308000-0000-0000-0000-000000000004', NULL, 'c0208000-0000-0000-0000-000000000004', 34, 0.912, 'high', 'team'),
  ('c0308000-0000-0000-0000-000000000005', NULL, 'c0208000-0000-0000-0000-000000000005', 27, 0.930, 'high', 'team'),
  ('c0308000-0000-0000-0000-000000000006', NULL, 'c0208000-0000-0000-0000-000000000006', 32, 0.917, 'high', 'team'),
  ('c0308000-0000-0000-0000-000000000007', NULL, 'c0208000-0000-0000-0000-000000000007', 26, 0.932, 'high', 'team'),
  ('c0308000-0000-0000-0000-000000000008', NULL, 'c0208000-0000-0000-0000-000000000008', 29, 0.925, 'high', 'team'),
  ('c0308000-0000-0000-0000-000000000009', NULL, 'c0208000-0000-0000-0000-000000000009', 25, 0.935, 'high', 'team')
ON CONFLICT DO NOTHING;

-- チームベクトル
UPDATE teams SET
  wv_vector = '[2.10,1.67,-0.30,0.60,-1.00,1.90,-0.10,0.30,0.40,1.80,0.77,-0.10,-0.50,1.17,-0.50,0.10,-1.47,-0.40,-0.80,1.20,-0.20]',
  ci_vector = '[4.27,3.67,3.37,2.50,2.30,2.00,3.10,2.90,3.00,4.37,4.07,3.87,3.67,3.30,3.50,2.60,2.40,2.20,2.00,1.90]'
WHERE id = 'c0008000-0000-0000-0000-000000000001';

UPDATE teams SET
  wv_vector = '[0.30,0.60,0.50,0.10,-0.70,0.10,0.60,0.40,1.50,-0.50,-0.10,0.80,0.30,0.00,1.20,0.70,-0.80,0.50,0.30,-0.30,1.40]',
  ci_vector = '[3.00,2.80,2.60,3.10,2.90,2.70,3.30,3.10,3.20,2.80,2.60,2.40,2.20,3.10,3.30,2.90,3.50,3.30,3.10,2.90]'
WHERE id = 'c0008000-0000-0000-0000-000000000002';

UPDATE teams SET
  wv_vector = '[0.40,1.97,0.00,1.60,0.50,0.20,0.40,1.30,0.80,-0.40,0.10,0.30,1.70,0.50,-0.20,0.50,0.40,-0.10,0.10,0.20,-0.40]',
  ci_vector = '[3.00,2.80,2.60,3.40,3.20,3.00,3.70,3.50,3.60,3.10,2.90,2.70,2.50,3.00,3.20,2.80,3.50,3.30,3.10,2.90]'
WHERE id = 'c0008000-0000-0000-0000-000000000003';

-- 4thチーム: データ分析チーム
INSERT INTO teams (id, company_id, name, target_count) VALUES
  ('c0008000-0000-0000-0000-000000000004', 'b0000000-0000-0000-0000-000000000008', 'データ分析チーム', 3)
ON CONFLICT DO NOTHING;

INSERT INTO team_invitations (id, team_id, token, assigned_name, expires_at, used_at) VALUES
  ('c0108000-0000-0000-0000-000000000010', 'c0008000-0000-0000-0000-000000000004', 'hacobu_data_01', '北村健太', now() + interval '30 days', now()),
  ('c0108000-0000-0000-0000-000000000011', 'c0008000-0000-0000-0000-000000000004', 'hacobu_data_02', '小池理沙', now() + interval '30 days', now()),
  ('c0108000-0000-0000-0000-000000000012', 'c0008000-0000-0000-0000-000000000004', 'hacobu_data_03', '青木大輔', now() + interval '30 days', now())
ON CONFLICT DO NOTHING;

INSERT INTO team_members (id, team_id, invitation_id, name, wv_vector, ci_vector, completed_at) VALUES
  ('c0208000-0000-0000-0000-000000000010', 'c0008000-0000-0000-0000-000000000004', 'c0108000-0000-0000-0000-000000000010', '北村健太',
   '[2.0,1.5,-0.2,0.6,-1.1,1.6,-0.3,0.4,0.3,1.4,1.0,-0.1,-0.5,1.1,-0.4,0.1,-1.3,-0.4,-0.8,1.0,-0.5]',
   '[4.2,3.6,3.3,2.6,2.4,2.1,3.0,2.8,2.9,4.4,4.1,3.9,3.7,3.3,3.5,2.7,2.5,2.3,2.1,2.0]',
   now()),
  ('c0208000-0000-0000-0000-000000000011', 'c0008000-0000-0000-0000-000000000004', 'c0108000-0000-0000-0000-000000000011', '小池理沙',
   '[1.8,1.6,-0.3,0.5,-1.0,1.4,-0.2,0.3,0.4,1.6,0.8,0.0,-0.4,1.0,-0.5,0.2,-1.2,-0.5,-0.9,0.9,-0.4]',
   '[4.0,3.4,3.1,2.7,2.5,2.2,3.1,2.9,3.0,4.3,3.9,3.7,3.5,3.2,3.4,2.6,2.4,2.2,2.0,1.9]',
   now()),
  ('c0208000-0000-0000-0000-000000000012', 'c0008000-0000-0000-0000-000000000004', 'c0108000-0000-0000-0000-000000000012', '青木大輔',
   '[2.1,1.4,-0.1,0.7,-1.2,1.7,-0.4,0.5,0.2,1.3,1.1,-0.2,-0.6,1.2,-0.3,0.0,-1.4,-0.3,-0.7,1.1,-0.6]',
   '[4.3,3.7,3.4,2.5,2.3,2.0,2.9,2.7,2.8,4.5,4.2,4.0,3.8,3.4,3.6,2.8,2.6,2.4,2.2,2.1]',
   now())
ON CONFLICT DO NOTHING;

INSERT INTO work_values_sessions (id, user_id, team_member_id, circular_triads, consistency_coefficient, consistency_level, purpose) VALUES
  ('c0308000-0000-0000-0000-000000000010', NULL, 'c0208000-0000-0000-0000-000000000010', 25, 0.935, 'high', 'team'),
  ('c0308000-0000-0000-0000-000000000011', NULL, 'c0208000-0000-0000-0000-000000000011', 29, 0.925, 'high', 'team'),
  ('c0308000-0000-0000-0000-000000000012', NULL, 'c0208000-0000-0000-0000-000000000012', 23, 0.940, 'high', 'team')
ON CONFLICT DO NOTHING;

UPDATE teams SET
  wv_vector = '[1.97,1.50,-0.20,0.60,-1.10,1.57,-0.30,0.40,0.30,1.43,0.97,-0.10,-0.50,1.10,-0.40,0.10,-1.30,-0.40,-0.80,1.00,-0.50]',
  ci_vector = '[4.17,3.57,3.27,2.60,2.40,2.10,3.00,2.80,2.90,4.40,4.07,3.87,3.67,3.30,3.50,2.70,2.50,2.30,2.10,2.00]'
WHERE id = 'c0008000-0000-0000-0000-000000000004';


-- ==== グリーンフラックス (エネルギー) ====

-- チーム
INSERT INTO teams (id, company_id, name, target_count) VALUES
  ('c0009000-0000-0000-0000-000000000001', 'b0000000-0000-0000-0000-000000000009', '電力システムエンジニアチーム', 3),
  ('c0009000-0000-0000-0000-000000000002', 'b0000000-0000-0000-0000-000000000009', 'サステナビリティ推進チーム', 3),
  ('c0009000-0000-0000-0000-000000000003', 'b0000000-0000-0000-0000-000000000009', '法人営業チーム', 3)
ON CONFLICT DO NOTHING;

-- 招待
INSERT INTO team_invitations (id, team_id, token, assigned_name, expires_at, used_at) VALUES
  ('c0109000-0000-0000-0000-000000000001', 'c0009000-0000-0000-0000-000000000001', 'gflux_power_01', '中川洋平', now() + interval '30 days', now()),
  ('c0109000-0000-0000-0000-000000000002', 'c0009000-0000-0000-0000-000000000001', 'gflux_power_02', '藤井香織', now() + interval '30 days', now()),
  ('c0109000-0000-0000-0000-000000000003', 'c0009000-0000-0000-0000-000000000001', 'gflux_power_03', '堀内拓馬', now() + interval '30 days', now()),
  ('c0109000-0000-0000-0000-000000000004', 'c0009000-0000-0000-0000-000000000002', 'gflux_sustain_01', '相馬美羽', now() + interval '30 days', now()),
  ('c0109000-0000-0000-0000-000000000005', 'c0009000-0000-0000-0000-000000000002', 'gflux_sustain_02', '佐久間聡', now() + interval '30 days', now()),
  ('c0109000-0000-0000-0000-000000000006', 'c0009000-0000-0000-0000-000000000002', 'gflux_sustain_03', '谷口文香', now() + interval '30 days', now()),
  ('c0109000-0000-0000-0000-000000000007', 'c0009000-0000-0000-0000-000000000003', 'gflux_corpsal_01', '松井大介', now() + interval '30 days', now()),
  ('c0109000-0000-0000-0000-000000000008', 'c0009000-0000-0000-0000-000000000003', 'gflux_corpsal_02', '岩本絵美', now() + interval '30 days', now()),
  ('c0109000-0000-0000-0000-000000000009', 'c0009000-0000-0000-0000-000000000003', 'gflux_corpsal_03', '富田祐樹', now() + interval '30 days', now())
ON CONFLICT DO NOTHING;

-- メンバー
INSERT INTO team_members (id, team_id, invitation_id, name, wv_vector, ci_vector, completed_at) VALUES
  -- 電力システムエンジニアチーム（エンジニア系: autonomy, ability_utilization, responsibility高い）
  ('c0209000-0000-0000-0000-000000000001', 'c0009000-0000-0000-0000-000000000001', 'c0109000-0000-0000-0000-000000000001', '中川洋平',
   '[2.0,1.6,-0.4,0.5,-0.8,1.9,-0.1,0.3,0.3,1.5,0.9,0.0,-0.5,1.4,-0.4,0.2,-1.5,-0.3,-0.7,0.9,-0.3]',
   '[4.2,3.6,3.3,2.5,2.3,2.0,3.1,2.9,3.0,4.3,4.0,3.8,3.6,3.3,3.5,2.6,2.4,2.2,2.0,1.9]',
   now()),
  ('c0209000-0000-0000-0000-000000000002', 'c0009000-0000-0000-0000-000000000001', 'c0109000-0000-0000-0000-000000000002', '藤井香織',
   '[1.8,1.4,-0.5,0.6,-0.9,2.1,-0.2,0.2,0.4,1.7,0.7,0.1,-0.4,1.2,-0.5,0.3,-1.4,-0.4,-0.8,1.0,-0.2]',
   '[4.0,3.4,3.1,2.6,2.4,2.1,3.2,3.0,3.1,4.1,3.8,3.6,3.4,3.2,3.4,2.7,2.5,2.3,2.1,2.0]',
   now()),
  ('c0209000-0000-0000-0000-000000000003', 'c0009000-0000-0000-0000-000000000001', 'c0109000-0000-0000-0000-000000000003', '堀内拓馬',
   '[2.2,1.7,-0.3,0.4,-0.7,1.8,0.0,0.4,0.2,1.3,1.0,-0.1,-0.6,1.5,-0.3,0.1,-1.6,-0.2,-0.6,0.8,-0.4]',
   '[4.3,3.7,3.4,2.4,2.2,1.9,3.0,2.8,2.9,4.4,4.1,3.9,3.7,3.4,3.6,2.5,2.3,2.1,1.9,1.8]',
   now()),
  -- サステナビリティ推進チーム（CS/社会貢献系: social_service, moral_values高い）
  ('c0209000-0000-0000-0000-000000000004', 'c0009000-0000-0000-0000-000000000002', 'c0109000-0000-0000-0000-000000000004', '相馬美羽',
   '[0.6,0.7,0.1,0.0,-1.0,0.4,0.3,-0.1,1.4,0.5,-0.2,1.9,0.4,0.1,0.2,2.3,-1.3,0.5,0.3,0.6,-0.1]',
   '[3.1,2.9,2.7,3.2,3.0,2.8,3.4,3.2,3.3,3.1,2.9,2.7,2.5,3.0,3.2,2.8,3.4,3.2,3.0,2.8]',
   now()),
  ('c0209000-0000-0000-0000-000000000005', 'c0009000-0000-0000-0000-000000000002', 'c0109000-0000-0000-0000-000000000005', '佐久間聡',
   '[0.7,0.8,0.0,0.1,-0.9,0.5,0.4,0.0,1.3,0.4,-0.3,1.7,0.5,0.2,0.3,2.1,-1.2,0.6,0.4,0.5,-0.2]',
   '[3.2,3.0,2.8,3.1,2.9,2.7,3.3,3.1,3.2,3.2,3.0,2.8,2.6,3.1,3.3,2.9,3.5,3.3,3.1,2.9]',
   now()),
  ('c0209000-0000-0000-0000-000000000006', 'c0009000-0000-0000-0000-000000000002', 'c0109000-0000-0000-0000-000000000006', '谷口文香',
   '[0.5,0.6,0.2,-0.1,-1.1,0.3,0.2,-0.2,1.5,0.6,-0.1,2.0,0.3,0.0,0.1,2.4,-1.4,0.4,0.2,0.7,0.0]',
   '[3.0,2.8,2.6,3.3,3.1,2.9,3.5,3.3,3.4,3.0,2.8,2.6,2.4,2.9,3.1,2.7,3.3,3.1,2.9,2.7]',
   now()),
  -- 法人営業チーム（ビジネス系: achievement, advancement, compensation高い）
  ('c0209000-0000-0000-0000-000000000007', 'c0009000-0000-0000-0000-000000000003', 'c0109000-0000-0000-0000-000000000007', '松井大介',
   '[0.3,2.1,0.0,1.9,0.8,0.1,0.3,1.6,0.4,-0.5,0.2,0.1,1.7,0.5,-0.3,0.3,0.6,-0.2,0.0,0.1,-0.5]',
   '[2.9,2.7,2.5,3.6,3.4,3.2,3.9,3.7,3.8,3.0,2.8,2.6,2.4,2.8,3.0,2.6,3.3,3.1,2.9,2.7]',
   now()),
  ('c0209000-0000-0000-0000-000000000008', 'c0009000-0000-0000-0000-000000000003', 'c0109000-0000-0000-0000-000000000008', '岩本絵美',
   '[0.4,1.9,0.1,1.8,0.7,0.2,0.4,1.4,0.5,-0.4,0.1,0.2,1.6,0.6,-0.2,0.4,0.5,-0.1,0.1,0.2,-0.4]',
   '[3.0,2.8,2.6,3.5,3.3,3.1,3.8,3.6,3.7,3.1,2.9,2.7,2.5,2.9,3.1,2.7,3.4,3.2,3.0,2.8]',
   now()),
  ('c0209000-0000-0000-0000-000000000009', 'c0009000-0000-0000-0000-000000000003', 'c0109000-0000-0000-0000-000000000009', '富田祐樹',
   '[0.2,2.2,-0.1,2.0,0.9,0.0,0.2,1.7,0.3,-0.6,0.3,0.0,1.8,0.4,-0.4,0.2,0.7,-0.3,-0.1,0.0,-0.6]',
   '[2.8,2.6,2.4,3.7,3.5,3.3,4.0,3.8,3.9,2.9,2.7,2.5,2.3,2.7,2.9,2.5,3.2,3.0,2.8,2.6]',
   now())
ON CONFLICT DO NOTHING;

-- セッション
INSERT INTO work_values_sessions (id, user_id, team_member_id, circular_triads, consistency_coefficient, consistency_level, purpose) VALUES
  ('c0309000-0000-0000-0000-000000000001', NULL, 'c0209000-0000-0000-0000-000000000001', 26, 0.932, 'high', 'team'),
  ('c0309000-0000-0000-0000-000000000002', NULL, 'c0209000-0000-0000-0000-000000000002', 30, 0.922, 'high', 'team'),
  ('c0309000-0000-0000-0000-000000000003', NULL, 'c0209000-0000-0000-0000-000000000003', 23, 0.940, 'high', 'team'),
  ('c0309000-0000-0000-0000-000000000004', NULL, 'c0209000-0000-0000-0000-000000000004', 32, 0.917, 'high', 'team'),
  ('c0309000-0000-0000-0000-000000000005', NULL, 'c0209000-0000-0000-0000-000000000005', 28, 0.927, 'high', 'team'),
  ('c0309000-0000-0000-0000-000000000006', NULL, 'c0209000-0000-0000-0000-000000000006', 35, 0.909, 'high', 'team'),
  ('c0309000-0000-0000-0000-000000000007', NULL, 'c0209000-0000-0000-0000-000000000007', 25, 0.935, 'high', 'team'),
  ('c0309000-0000-0000-0000-000000000008', NULL, 'c0209000-0000-0000-0000-000000000008', 29, 0.925, 'high', 'team'),
  ('c0309000-0000-0000-0000-000000000009', NULL, 'c0209000-0000-0000-0000-000000000009', 22, 0.943, 'high', 'team')
ON CONFLICT DO NOTHING;

-- チームベクトル
UPDATE teams SET
  wv_vector = '[2.00,1.57,-0.40,0.50,-0.80,1.93,-0.10,0.30,0.30,1.50,0.87,0.00,-0.50,1.37,-0.40,0.20,-1.50,-0.30,-0.70,0.90,-0.30]',
  ci_vector = '[4.17,3.57,3.27,2.50,2.30,2.00,3.10,2.90,3.00,4.27,3.97,3.77,3.57,3.30,3.50,2.60,2.40,2.20,2.00,1.90]'
WHERE id = 'c0009000-0000-0000-0000-000000000001';

UPDATE teams SET
  wv_vector = '[0.60,0.70,0.10,0.00,-1.00,0.40,0.30,-0.10,1.40,0.50,-0.20,1.87,0.40,0.10,0.20,2.27,-1.30,0.50,0.30,0.60,-0.10]',
  ci_vector = '[3.10,2.90,2.70,3.20,3.00,2.80,3.40,3.20,3.30,3.10,2.90,2.70,2.50,3.00,3.20,2.80,3.40,3.20,3.00,2.80]'
WHERE id = 'c0009000-0000-0000-0000-000000000002';

UPDATE teams SET
  wv_vector = '[0.30,2.07,0.00,1.90,0.80,0.10,0.30,1.57,0.40,-0.50,0.20,0.10,1.70,0.50,-0.30,0.30,0.60,-0.20,0.00,0.10,-0.50]',
  ci_vector = '[2.90,2.70,2.50,3.60,3.40,3.20,3.90,3.70,3.80,3.00,2.80,2.60,2.40,2.80,3.00,2.60,3.30,3.10,2.90,2.70]'
WHERE id = 'c0009000-0000-0000-0000-000000000003';


-- ==== タレントブリッジ (HR) ====

-- チーム
INSERT INTO teams (id, company_id, name, target_count) VALUES
  ('c000a000-0000-0000-0000-000000000001', 'b0000000-0000-0000-0000-00000000000a', 'プロダクトエンジニアチーム', 3),
  ('c000a000-0000-0000-0000-000000000002', 'b0000000-0000-0000-0000-00000000000a', 'キャリアアドバイザーチーム', 3),
  ('c000a000-0000-0000-0000-000000000003', 'b0000000-0000-0000-0000-00000000000a', 'パートナーセールスチーム', 3)
ON CONFLICT DO NOTHING;

-- 招待
INSERT INTO team_invitations (id, team_id, token, assigned_name, expires_at, used_at) VALUES
  ('c010a000-0000-0000-0000-000000000001', 'c000a000-0000-0000-0000-000000000001', 'talent_eng_01', '大塚涼介', now() + interval '30 days', now()),
  ('c010a000-0000-0000-0000-000000000002', 'c000a000-0000-0000-0000-000000000001', 'talent_eng_02', '高木彩音', now() + interval '30 days', now()),
  ('c010a000-0000-0000-0000-000000000003', 'c000a000-0000-0000-0000-000000000001', 'talent_eng_03', '千葉優太', now() + interval '30 days', now()),
  ('c010a000-0000-0000-0000-000000000004', 'c000a000-0000-0000-0000-000000000002', 'talent_ca_01', '小島真央', now() + interval '30 days', now()),
  ('c010a000-0000-0000-0000-000000000005', 'c000a000-0000-0000-0000-000000000002', 'talent_ca_02', '福島康平', now() + interval '30 days', now()),
  ('c010a000-0000-0000-0000-000000000006', 'c000a000-0000-0000-0000-000000000002', 'talent_ca_03', '大森早紀', now() + interval '30 days', now()),
  ('c010a000-0000-0000-0000-000000000007', 'c000a000-0000-0000-0000-000000000003', 'talent_ps_01', '成田龍馬', now() + interval '30 days', now()),
  ('c010a000-0000-0000-0000-000000000008', 'c000a000-0000-0000-0000-000000000003', 'talent_ps_02', '秋元茜', now() + interval '30 days', now()),
  ('c010a000-0000-0000-0000-000000000009', 'c000a000-0000-0000-0000-000000000003', 'talent_ps_03', '広瀬太一', now() + interval '30 days', now())
ON CONFLICT DO NOTHING;

-- メンバー
INSERT INTO team_members (id, team_id, invitation_id, name, wv_vector, ci_vector, completed_at) VALUES
  -- プロダクトエンジニアチーム（エンジニア系: autonomy, creativity, ability_utilization高い）
  ('c020a000-0000-0000-0000-000000000001', 'c000a000-0000-0000-0000-000000000001', 'c010a000-0000-0000-0000-000000000001', '大塚涼介',
   '[2.1,1.6,-0.4,0.5,-1.1,2.0,-0.2,0.3,0.5,1.9,0.7,0.0,-0.5,1.1,-0.6,0.2,-1.4,-0.4,-0.8,1.2,-0.2]',
   '[4.2,3.6,3.3,2.5,2.3,2.0,3.1,2.9,3.0,4.5,4.2,4.0,3.8,3.2,3.4,2.5,2.3,2.1,1.9,1.8]',
   now()),
  ('c020a000-0000-0000-0000-000000000002', 'c000a000-0000-0000-0000-000000000001', 'c010a000-0000-0000-0000-000000000002', '高木彩音',
   '[1.9,1.4,-0.5,0.6,-1.2,1.8,-0.1,0.2,0.6,2.1,0.5,0.1,-0.4,1.0,-0.7,0.3,-1.3,-0.5,-0.9,1.3,-0.1]',
   '[4.0,3.4,3.1,2.6,2.4,2.1,3.2,3.0,3.1,4.7,4.4,4.2,4.0,3.1,3.3,2.4,2.2,2.0,1.8,1.7]',
   now()),
  ('c020a000-0000-0000-0000-000000000003', 'c000a000-0000-0000-0000-000000000001', 'c010a000-0000-0000-0000-000000000003', '千葉優太',
   '[2.2,1.7,-0.3,0.4,-1.0,1.9,-0.3,0.4,0.4,1.7,0.8,-0.1,-0.6,1.2,-0.5,0.1,-1.5,-0.3,-0.7,1.1,-0.3]',
   '[4.3,3.7,3.4,2.4,2.2,1.9,3.0,2.8,2.9,4.4,4.1,3.9,3.7,3.3,3.5,2.6,2.4,2.2,2.0,1.9]',
   now()),
  -- キャリアアドバイザーチーム（CS系: social_service, co_workers, moral_values高い / authority低い）
  ('c020a000-0000-0000-0000-000000000004', 'c000a000-0000-0000-0000-000000000002', 'c010a000-0000-0000-0000-000000000004', '小島真央',
   '[0.6,0.7,-0.1,0.2,-1.3,0.5,0.3,0.0,1.8,0.3,-0.2,1.7,0.5,0.1,0.1,2.2,-1.1,0.7,0.5,-0.2,0.0]',
   '[3.1,2.9,2.7,3.3,3.1,2.9,3.5,3.3,3.4,3.0,2.8,2.6,2.4,3.0,3.2,2.8,3.4,3.2,3.0,2.8]',
   now()),
  ('c020a000-0000-0000-0000-000000000005', 'c000a000-0000-0000-0000-000000000002', 'c010a000-0000-0000-0000-000000000005', '福島康平',
   '[0.7,0.8,0.0,0.3,-1.2,0.6,0.4,0.1,1.6,0.2,-0.3,1.5,0.6,0.2,0.2,2.0,-1.0,0.8,0.6,-0.3,0.1]',
   '[3.2,3.0,2.8,3.2,3.0,2.8,3.4,3.2,3.3,3.1,2.9,2.7,2.5,3.1,3.3,2.9,3.5,3.3,3.1,2.9]',
   now()),
  ('c020a000-0000-0000-0000-000000000006', 'c000a000-0000-0000-0000-000000000002', 'c010a000-0000-0000-0000-000000000006', '大森早紀',
   '[0.5,0.6,-0.2,0.1,-1.4,0.4,0.2,-0.1,1.9,0.4,-0.1,1.8,0.4,0.0,0.0,2.3,-1.2,0.6,0.4,-0.1,-0.1]',
   '[3.0,2.8,2.6,3.4,3.2,3.0,3.6,3.4,3.5,2.9,2.7,2.5,2.3,2.9,3.1,2.7,3.3,3.1,2.9,2.7]',
   now()),
  -- パートナーセールスチーム（ビジネス系: achievement, advancement, recognition高い）
  ('c020a000-0000-0000-0000-000000000007', 'c000a000-0000-0000-0000-000000000003', 'c010a000-0000-0000-0000-000000000007', '成田龍馬',
   '[0.4,2.1,0.0,1.8,0.7,0.2,0.4,1.5,0.5,-0.5,0.1,0.2,1.7,0.6,-0.2,0.4,0.5,-0.1,0.1,0.2,-0.4]',
   '[3.0,2.8,2.6,3.5,3.3,3.1,3.8,3.6,3.7,3.1,2.9,2.7,2.5,2.9,3.1,2.7,3.4,3.2,3.0,2.8]',
   now()),
  ('c020a000-0000-0000-0000-000000000008', 'c000a000-0000-0000-0000-000000000003', 'c010a000-0000-0000-0000-000000000008', '秋元茜',
   '[0.5,1.9,0.1,1.7,0.6,0.3,0.5,1.3,0.6,-0.4,0.0,0.3,1.6,0.5,-0.1,0.5,0.4,0.0,0.2,0.3,-0.3]',
   '[3.1,2.9,2.7,3.4,3.2,3.0,3.7,3.5,3.6,3.2,3.0,2.8,2.6,3.0,3.2,2.8,3.5,3.3,3.1,2.9]',
   now()),
  ('c020a000-0000-0000-0000-000000000009', 'c000a000-0000-0000-0000-000000000003', 'c010a000-0000-0000-0000-000000000009', '広瀬太一',
   '[0.3,2.2,-0.1,1.9,0.8,0.1,0.3,1.6,0.4,-0.6,0.2,0.1,1.8,0.7,-0.3,0.3,0.6,-0.2,0.0,0.1,-0.5]',
   '[2.9,2.7,2.5,3.6,3.4,3.2,3.9,3.7,3.8,3.0,2.8,2.6,2.4,2.8,3.0,2.6,3.3,3.1,2.9,2.7]',
   now())
ON CONFLICT DO NOTHING;

-- セッション
INSERT INTO work_values_sessions (id, user_id, team_member_id, circular_triads, consistency_coefficient, consistency_level, purpose) VALUES
  ('c030a000-0000-0000-0000-000000000001', NULL, 'c020a000-0000-0000-0000-000000000001', 25, 0.935, 'high', 'team'),
  ('c030a000-0000-0000-0000-000000000002', NULL, 'c020a000-0000-0000-0000-000000000002', 29, 0.925, 'high', 'team'),
  ('c030a000-0000-0000-0000-000000000003', NULL, 'c020a000-0000-0000-0000-000000000003', 23, 0.940, 'high', 'team'),
  ('c030a000-0000-0000-0000-000000000004', NULL, 'c020a000-0000-0000-0000-000000000004', 32, 0.917, 'high', 'team'),
  ('c030a000-0000-0000-0000-000000000005', NULL, 'c020a000-0000-0000-0000-000000000005', 27, 0.930, 'high', 'team'),
  ('c030a000-0000-0000-0000-000000000006', NULL, 'c020a000-0000-0000-0000-000000000006', 34, 0.912, 'high', 'team'),
  ('c030a000-0000-0000-0000-000000000007', NULL, 'c020a000-0000-0000-0000-000000000007', 26, 0.932, 'high', 'team'),
  ('c030a000-0000-0000-0000-000000000008', NULL, 'c020a000-0000-0000-0000-000000000008', 28, 0.927, 'high', 'team'),
  ('c030a000-0000-0000-0000-000000000009', NULL, 'c020a000-0000-0000-0000-000000000009', 24, 0.938, 'high', 'team')
ON CONFLICT DO NOTHING;

-- チームベクトル
UPDATE teams SET
  wv_vector = '[2.07,1.57,-0.40,0.50,-1.10,1.90,-0.20,0.30,0.50,1.90,0.67,0.00,-0.50,1.10,-0.60,0.20,-1.40,-0.40,-0.80,1.20,-0.20]',
  ci_vector = '[4.17,3.57,3.27,2.50,2.30,2.00,3.10,2.90,3.00,4.53,4.23,4.03,3.83,3.20,3.40,2.50,2.30,2.10,1.90,1.80]'
WHERE id = 'c000a000-0000-0000-0000-000000000001';

UPDATE teams SET
  wv_vector = '[0.60,0.70,-0.10,0.20,-1.30,0.50,0.30,0.00,1.77,0.30,-0.20,1.67,0.50,0.10,0.10,2.17,-1.10,0.70,0.50,-0.20,0.00]',
  ci_vector = '[3.10,2.90,2.70,3.30,3.10,2.90,3.50,3.30,3.40,3.00,2.80,2.60,2.40,3.00,3.20,2.80,3.40,3.20,3.00,2.80]'
WHERE id = 'c000a000-0000-0000-0000-000000000002';

UPDATE teams SET
  wv_vector = '[0.40,2.07,0.00,1.80,0.70,0.20,0.40,1.47,0.50,-0.50,0.10,0.20,1.70,0.60,-0.20,0.40,0.50,-0.10,0.10,0.20,-0.40]',
  ci_vector = '[3.00,2.80,2.60,3.50,3.30,3.10,3.80,3.60,3.70,3.10,2.90,2.70,2.50,2.90,3.10,2.70,3.40,3.20,3.00,2.80]'
WHERE id = 'c000a000-0000-0000-0000-000000000003';




-- ==== コマースクラフト (suffix=0b, EC・小売テック) ====

-- チーム
INSERT INTO teams (id, company_id, name, target_count) VALUES
  ('c000b000-0000-0000-0000-000000000001', 'b0000000-0000-0000-0000-00000000000b', 'ECプラットフォーム開発チーム', 3),
  ('c000b000-0000-0000-0000-000000000002', 'b0000000-0000-0000-0000-00000000000b', 'マーケティングチーム', 3),
  ('c000b000-0000-0000-0000-000000000003', 'b0000000-0000-0000-0000-00000000000b', 'カスタマーサクセスチーム', 3)
ON CONFLICT DO NOTHING;

-- 招待（9名分）
INSERT INTO team_invitations (id, team_id, token, assigned_name, expires_at, used_at) VALUES
  ('c010b000-0000-0000-0000-000000000001', 'c000b000-0000-0000-0000-000000000001', 'commerce_ec_01', '岡田拓真', now() + interval '30 days', now()),
  ('c010b000-0000-0000-0000-000000000002', 'c000b000-0000-0000-0000-000000000001', 'commerce_ec_02', '藤原瑞希', now() + interval '30 days', now()),
  ('c010b000-0000-0000-0000-000000000003', 'c000b000-0000-0000-0000-000000000001', 'commerce_ec_03', '西村航平', now() + interval '30 days', now()),
  ('c010b000-0000-0000-0000-000000000004', 'c000b000-0000-0000-0000-000000000002', 'commerce_mkt_01', '三浦由紀', now() + interval '30 days', now()),
  ('c010b000-0000-0000-0000-000000000005', 'c000b000-0000-0000-0000-000000000002', 'commerce_mkt_02', '原田翼', now() + interval '30 days', now()),
  ('c010b000-0000-0000-0000-000000000006', 'c000b000-0000-0000-0000-000000000002', 'commerce_mkt_03', '吉川麻衣', now() + interval '30 days', now()),
  ('c010b000-0000-0000-0000-000000000007', 'c000b000-0000-0000-0000-000000000003', 'commerce_cs_01', '福田健一', now() + interval '30 days', now()),
  ('c010b000-0000-0000-0000-000000000008', 'c000b000-0000-0000-0000-000000000003', 'commerce_cs_02', '長谷川未来', now() + interval '30 days', now()),
  ('c010b000-0000-0000-0000-000000000009', 'c000b000-0000-0000-0000-000000000003', 'commerce_cs_03', '石橋大地', now() + interval '30 days', now())
ON CONFLICT DO NOTHING;

-- メンバー（診断済み）
INSERT INTO team_members (id, team_id, invitation_id, name, wv_vector, ci_vector, completed_at) VALUES
  -- ECプラットフォーム開発チーム（エンジニア系: autonomy, creativity, ability_utilization高い / authority, social_status低い）
  ('c020b000-0000-0000-0000-000000000001', 'c000b000-0000-0000-0000-000000000001', 'c010b000-0000-0000-0000-000000000001', '岡田拓真',
   '[2.1,1.7,-0.3,0.5,-1.2,2.0,-0.1,0.4,0.6,1.8,0.9,-0.2,-0.4,1.1,-0.6,0.1,-1.5,-0.4,-0.8,-1.5,-1.7]',
   '[4.3,3.7,3.4,2.5,2.3,2.1,3.2,3.0,3.1,4.5,4.1,3.9,3.7,3.3,3.5,2.6,2.4,2.2,2.0,1.9]',
   now()),
  ('c020b000-0000-0000-0000-000000000002', 'c000b000-0000-0000-0000-000000000001', 'c010b000-0000-0000-0000-000000000002', '藤原瑞希',
   '[1.9,1.5,-0.5,0.7,-1.0,1.8,-0.3,0.3,0.4,2.0,0.7,0.0,-0.6,1.3,-0.8,0.2,-1.3,-0.6,-1.0,-1.7,-1.9]',
   '[4.1,3.5,3.2,2.6,2.4,2.2,3.3,3.1,3.2,4.3,3.9,3.7,3.5,3.4,3.6,2.7,2.5,2.3,2.1,2.0]',
   now()),
  ('c020b000-0000-0000-0000-000000000003', 'c000b000-0000-0000-0000-000000000001', 'c010b000-0000-0000-0000-000000000003', '西村航平',
   '[2.3,1.9,-0.4,0.4,-1.4,1.7,-0.2,0.2,0.5,1.6,1.0,-0.1,-0.3,1.0,-0.5,0.0,-1.6,-0.5,-0.9,-1.4,-1.8]',
   '[4.5,3.9,3.6,2.4,2.2,1.9,3.1,2.9,3.0,4.6,4.2,4.0,3.8,3.2,3.4,2.5,2.3,2.1,1.9,1.8]',
   now()),
  -- マーケティングチーム（ビジネス系: achievement, advancement, recognition, compensation高い / creativity低い）
  ('c020b000-0000-0000-0000-000000000004', 'c000b000-0000-0000-0000-000000000002', 'c010b000-0000-0000-0000-000000000004', '三浦由紀',
   '[0.5,2.0,0.1,1.8,0.7,0.3,0.4,1.5,0.5,-0.2,0.0,0.3,1.6,0.6,-0.3,0.4,0.5,-0.1,0.1,-0.8,-0.7]',
   '[3.0,2.8,2.6,3.4,3.2,3.0,3.7,3.5,3.6,3.2,3.0,2.8,2.6,2.9,3.1,2.7,3.4,3.2,3.0,2.8]',
   now()),
  ('c020b000-0000-0000-0000-000000000005', 'c000b000-0000-0000-0000-000000000002', 'c010b000-0000-0000-0000-000000000005', '原田翼',
   '[0.7,1.8,-0.1,2.0,0.5,0.1,0.3,1.3,0.3,-0.4,0.2,0.1,1.8,0.4,-0.1,0.2,0.7,-0.3,0.0,-0.6,-0.9]',
   '[3.2,3.0,2.8,3.6,3.4,3.2,3.8,3.6,3.7,3.0,2.8,2.6,2.4,3.0,3.2,2.8,3.5,3.3,3.1,2.9]',
   now()),
  ('c020b000-0000-0000-0000-000000000006', 'c000b000-0000-0000-0000-000000000002', 'c010b000-0000-0000-0000-000000000006', '吉川麻衣',
   '[0.3,2.2,0.0,1.6,0.9,0.5,0.2,1.7,0.7,0.0,-0.2,0.5,1.4,0.8,-0.5,0.6,0.3,0.1,0.2,-1.0,-0.5]',
   '[2.8,2.6,2.4,3.2,3.0,2.8,3.6,3.4,3.5,3.4,3.2,3.0,2.8,2.8,3.0,2.6,3.3,3.1,2.9,2.7]',
   now()),
  -- カスタマーサクセスチーム（CS系: co_workers, social_service, moral_values高い / authority低い）
  ('c020b000-0000-0000-0000-000000000007', 'c000b000-0000-0000-0000-000000000003', 'c010b000-0000-0000-0000-000000000007', '福田健一',
   '[0.3,0.5,-0.2,0.1,-1.6,0.4,0.6,0.2,1.8,0.0,0.1,1.5,0.3,0.0,0.8,1.7,-1.3,0.7,0.5,-0.5,-0.3]',
   '[2.8,2.6,2.4,2.2,2.0,1.8,2.6,2.4,2.5,3.0,2.8,2.6,2.4,3.8,4.0,3.6,3.4,3.2,3.0,2.8]',
   now()),
  ('c020b000-0000-0000-0000-000000000008', 'c000b000-0000-0000-0000-000000000003', 'c010b000-0000-0000-0000-000000000008', '長谷川未来',
   '[0.5,0.3,0.0,0.3,-1.4,0.2,0.4,0.0,2.0,0.2,-0.1,1.7,0.5,0.2,0.6,1.9,-1.5,0.9,0.7,-0.3,-0.1]',
   '[3.0,2.8,2.6,2.4,2.2,2.0,2.8,2.6,2.7,3.2,3.0,2.8,2.6,4.0,4.2,3.8,3.6,3.4,3.2,3.0]',
   now()),
  ('c020b000-0000-0000-0000-000000000009', 'c000b000-0000-0000-0000-000000000003', 'c010b000-0000-0000-0000-000000000009', '石橋大地',
   '[0.1,0.7,-0.4,-0.1,-1.8,0.6,0.8,0.4,1.6,-0.2,0.3,1.3,0.1,-0.2,1.0,1.5,-1.1,0.5,0.3,-0.7,-0.5]',
   '[2.6,2.4,2.2,2.0,1.8,1.6,2.4,2.2,2.3,2.8,2.6,2.4,2.2,3.6,3.8,3.4,3.2,3.0,2.8,2.6]',
   now())
ON CONFLICT DO NOTHING;

-- セッション
INSERT INTO work_values_sessions (id, user_id, team_member_id, circular_triads, consistency_coefficient, consistency_level, purpose) VALUES
  ('c030b000-0000-0000-0000-000000000001', NULL, 'c020b000-0000-0000-0000-000000000001', 24, 0.938, 'high', 'team'),
  ('c030b000-0000-0000-0000-000000000002', NULL, 'c020b000-0000-0000-0000-000000000002', 28, 0.927, 'high', 'team'),
  ('c030b000-0000-0000-0000-000000000003', NULL, 'c020b000-0000-0000-0000-000000000003', 22, 0.943, 'high', 'team'),
  ('c030b000-0000-0000-0000-000000000004', NULL, 'c020b000-0000-0000-0000-000000000004', 30, 0.922, 'high', 'team'),
  ('c030b000-0000-0000-0000-000000000005', NULL, 'c020b000-0000-0000-0000-000000000005', 26, 0.932, 'high', 'team'),
  ('c030b000-0000-0000-0000-000000000006', NULL, 'c020b000-0000-0000-0000-000000000006', 33, 0.914, 'high', 'team'),
  ('c030b000-0000-0000-0000-000000000007', NULL, 'c020b000-0000-0000-0000-000000000007', 25, 0.935, 'high', 'team'),
  ('c030b000-0000-0000-0000-000000000008', NULL, 'c020b000-0000-0000-0000-000000000008', 29, 0.925, 'high', 'team'),
  ('c030b000-0000-0000-0000-000000000009', NULL, 'c020b000-0000-0000-0000-000000000009', 31, 0.919, 'high', 'team')
ON CONFLICT DO NOTHING;

-- チームベクトル
UPDATE teams SET
  wv_vector = '[2.10,1.70,-0.40,0.53,-1.20,1.83,-0.20,0.30,0.50,1.80,0.87,-0.10,-0.43,1.13,-0.63,0.10,-1.47,-0.50,-0.90,-1.53,-1.80]',
  ci_vector = '[4.30,3.70,3.40,2.50,2.30,2.07,3.20,3.00,3.10,4.47,4.07,3.87,3.67,3.30,3.50,2.60,2.40,2.20,2.00,1.90]'
WHERE id = 'c000b000-0000-0000-0000-000000000001';

UPDATE teams SET
  wv_vector = '[0.50,2.00,0.00,1.80,0.70,0.30,0.30,1.50,0.50,-0.20,0.00,0.30,1.60,0.60,-0.30,0.40,0.50,-0.10,0.10,-0.80,-0.70]',
  ci_vector = '[3.00,2.80,2.60,3.40,3.20,3.00,3.70,3.50,3.60,3.20,3.00,2.80,2.60,2.90,3.10,2.70,3.40,3.20,3.00,2.80]'
WHERE id = 'c000b000-0000-0000-0000-000000000002';

UPDATE teams SET
  wv_vector = '[0.30,0.50,-0.20,0.10,-1.60,0.40,0.60,0.20,1.80,0.00,0.10,1.50,0.30,0.00,0.80,1.70,-1.30,0.70,0.50,-0.50,-0.30]',
  ci_vector = '[2.80,2.60,2.40,2.20,2.00,1.80,2.60,2.40,2.50,3.00,2.80,2.60,2.40,3.80,4.00,3.60,3.40,3.20,3.00,2.80]'
WHERE id = 'c000b000-0000-0000-0000-000000000003';

-- 4thチーム: カスタマーサポートチーム
INSERT INTO teams (id, company_id, name, target_count) VALUES
  ('c000b000-0000-0000-0000-000000000004', 'b0000000-0000-0000-0000-00000000000b', 'カスタマーサポートチーム', 3)
ON CONFLICT DO NOTHING;

INSERT INTO team_invitations (id, team_id, token, assigned_name, expires_at, used_at) VALUES
  ('c010b000-0000-0000-0000-000000000010', 'c000b000-0000-0000-0000-000000000004', 'commcraft_sup_01', '竹下奈美', now() + interval '30 days', now()),
  ('c010b000-0000-0000-0000-000000000011', 'c000b000-0000-0000-0000-000000000004', 'commcraft_sup_02', '荒木雅人', now() + interval '30 days', now()),
  ('c010b000-0000-0000-0000-000000000012', 'c000b000-0000-0000-0000-000000000004', 'commcraft_sup_03', '近藤由紀', now() + interval '30 days', now())
ON CONFLICT DO NOTHING;

INSERT INTO team_members (id, team_id, invitation_id, name, wv_vector, ci_vector, completed_at) VALUES
  ('c020b000-0000-0000-0000-000000000010', 'c000b000-0000-0000-0000-000000000004', 'c010b000-0000-0000-0000-000000000010', '竹下奈美',
   '[0.5,0.7,-0.1,0.2,-1.3,0.3,0.5,0.1,2.0,0.2,-0.2,1.6,0.8,0.1,0.0,2.1,-1.0,0.9,0.6,-0.4,-0.1]',
   '[3.1,2.9,2.7,3.3,3.1,2.9,3.5,3.3,3.4,3.0,2.8,2.6,2.4,3.2,3.4,3.0,3.6,3.4,3.2,3.0]',
   now()),
  ('c020b000-0000-0000-0000-000000000011', 'c000b000-0000-0000-0000-000000000004', 'c010b000-0000-0000-0000-000000000011', '荒木雅人',
   '[0.6,0.8,0.0,0.3,-1.2,0.4,0.4,0.2,1.8,0.3,-0.3,1.5,0.7,0.2,0.1,1.9,-1.1,0.8,0.5,-0.5,-0.2]',
   '[3.2,3.0,2.8,3.2,3.0,2.8,3.4,3.2,3.3,3.1,2.9,2.7,2.5,3.3,3.5,3.1,3.7,3.5,3.3,3.1]',
   now()),
  ('c020b000-0000-0000-0000-000000000012', 'c000b000-0000-0000-0000-000000000004', 'c010b000-0000-0000-0000-000000000012', '近藤由紀',
   '[0.4,0.6,-0.2,0.1,-1.4,0.2,0.6,0.0,2.1,0.1,-0.1,1.7,0.9,0.0,-0.1,2.2,-0.9,1.0,0.7,-0.3,0.0]',
   '[3.0,2.8,2.6,3.4,3.2,3.0,3.6,3.4,3.5,2.9,2.7,2.5,2.3,3.1,3.3,2.9,3.5,3.3,3.1,2.9]',
   now())
ON CONFLICT DO NOTHING;

INSERT INTO work_values_sessions (id, user_id, team_member_id, circular_triads, consistency_coefficient, consistency_level, purpose) VALUES
  ('c030b000-0000-0000-0000-000000000010', NULL, 'c020b000-0000-0000-0000-000000000010', 28, 0.927, 'high', 'team'),
  ('c030b000-0000-0000-0000-000000000011', NULL, 'c020b000-0000-0000-0000-000000000011', 32, 0.917, 'high', 'team'),
  ('c030b000-0000-0000-0000-000000000012', NULL, 'c020b000-0000-0000-0000-000000000012', 24, 0.938, 'high', 'team')
ON CONFLICT DO NOTHING;

UPDATE teams SET
  wv_vector = '[0.50,0.70,-0.10,0.20,-1.30,0.30,0.50,0.10,1.97,0.20,-0.20,1.60,0.80,0.10,0.00,2.07,-1.00,0.90,0.60,-0.40,-0.10]',
  ci_vector = '[3.10,2.90,2.70,3.30,3.10,2.90,3.50,3.30,3.40,3.00,2.80,2.60,2.40,3.20,3.40,3.00,3.60,3.40,3.20,3.00]'
WHERE id = 'c000b000-0000-0000-0000-000000000004';


-- ==== プレイグラウンドワークス (suffix=0c, ゲーム・エンタメ) ====

-- チーム
INSERT INTO teams (id, company_id, name, target_count) VALUES
  ('c000c000-0000-0000-0000-000000000001', 'b0000000-0000-0000-0000-00000000000c', 'ゲーム開発チーム', 3),
  ('c000c000-0000-0000-0000-000000000002', 'b0000000-0000-0000-0000-00000000000c', 'ゲームデザインチーム', 3),
  ('c000c000-0000-0000-0000-000000000003', 'b0000000-0000-0000-0000-00000000000c', 'プロデュースチーム', 3)
ON CONFLICT DO NOTHING;

-- 招待（9名分）
INSERT INTO team_invitations (id, team_id, token, assigned_name, expires_at, used_at) VALUES
  ('c010c000-0000-0000-0000-000000000001', 'c000c000-0000-0000-0000-000000000001', 'playground_dev_01', '安藤涼介', now() + interval '30 days', now()),
  ('c010c000-0000-0000-0000-000000000002', 'c000c000-0000-0000-0000-000000000001', 'playground_dev_02', '上田ひかり', now() + interval '30 days', now()),
  ('c010c000-0000-0000-0000-000000000003', 'c000c000-0000-0000-0000-000000000001', 'playground_dev_03', '金子悠人', now() + interval '30 days', now()),
  ('c010c000-0000-0000-0000-000000000004', 'c000c000-0000-0000-0000-000000000002', 'playground_gd_01', '田辺彩乃', now() + interval '30 days', now()),
  ('c010c000-0000-0000-0000-000000000005', 'c000c000-0000-0000-0000-000000000002', 'playground_gd_02', '杉山隼人', now() + interval '30 days', now()),
  ('c010c000-0000-0000-0000-000000000006', 'c000c000-0000-0000-0000-000000000002', 'playground_gd_03', '宮崎奈々', now() + interval '30 days', now()),
  ('c010c000-0000-0000-0000-000000000007', 'c000c000-0000-0000-0000-000000000003', 'playground_prod_01', '久保田亮', now() + interval '30 days', now()),
  ('c010c000-0000-0000-0000-000000000008', 'c000c000-0000-0000-0000-000000000003', 'playground_prod_02', '内田真帆', now() + interval '30 days', now()),
  ('c010c000-0000-0000-0000-000000000009', 'c000c000-0000-0000-0000-000000000003', 'playground_prod_03', '野口俊樹', now() + interval '30 days', now())
ON CONFLICT DO NOTHING;

-- メンバー（診断済み）
INSERT INTO team_members (id, team_id, invitation_id, name, wv_vector, ci_vector, completed_at) VALUES
  -- ゲーム開発チーム（ゲーム開発系: creativity, variety, achievement高い / security, company_policies低い）
  ('c020c000-0000-0000-0000-000000000001', 'c000c000-0000-0000-0000-000000000001', 'c010c000-0000-0000-0000-000000000001', '安藤涼介',
   '[1.5,1.9,-0.2,0.3,-0.8,1.4,-1.3,0.1,0.7,2.3,0.6,-0.3,-0.1,0.9,-1.5,0.0,-1.0,-0.6,-0.4,1.8,-0.9]',
   '[4.0,3.5,3.8,2.8,2.5,2.2,3.0,2.8,2.9,4.6,4.2,3.9,3.7,3.0,3.2,2.5,2.3,2.1,1.9,1.8]',
   now()),
  ('c020c000-0000-0000-0000-000000000002', 'c000c000-0000-0000-0000-000000000001', 'c010c000-0000-0000-0000-000000000002', '上田ひかり',
   '[1.3,2.1,-0.4,0.5,-0.6,1.2,-1.5,0.3,0.5,2.5,0.4,-0.1,0.1,0.7,-1.3,0.2,-0.8,-0.8,-0.6,2.0,-1.1]',
   '[3.8,3.3,3.6,2.9,2.6,2.3,3.1,2.9,3.0,4.4,4.0,3.7,3.5,3.1,3.3,2.6,2.4,2.2,2.0,1.9]',
   now()),
  ('c020c000-0000-0000-0000-000000000003', 'c000c000-0000-0000-0000-000000000001', 'c010c000-0000-0000-0000-000000000003', '金子悠人',
   '[1.7,1.7,0.0,0.1,-1.0,1.6,-1.1,-0.1,0.9,2.1,0.8,-0.5,0.0,1.1,-1.7,-0.2,-1.2,-0.4,-0.2,1.6,-0.7]',
   '[4.2,3.7,4.0,2.7,2.4,2.1,2.9,2.7,2.8,4.8,4.4,4.1,3.9,2.9,3.1,2.4,2.2,2.0,1.8,1.7]',
   now()),
  -- ゲームデザインチーム（デザイン系: creativity, social_service, co_workers高い / security, authority低い）
  ('c020c000-0000-0000-0000-000000000004', 'c000c000-0000-0000-0000-000000000002', 'c010c000-0000-0000-0000-000000000004', '田辺彩乃',
   '[0.8,0.6,-0.5,0.2,-1.6,1.0,0.0,-0.3,1.7,2.4,-0.5,0.9,0.4,0.2,-1.2,1.5,-1.7,-0.6,-0.7,1.0,-0.8]',
   '[3.5,4.2,4.0,2.3,2.1,1.8,2.7,2.5,2.6,3.4,3.2,3.0,2.8,2.8,3.0,2.4,2.8,2.6,2.5,2.3]',
   now()),
  ('c020c000-0000-0000-0000-000000000005', 'c000c000-0000-0000-0000-000000000002', 'c010c000-0000-0000-0000-000000000005', '杉山隼人',
   '[1.0,0.4,-0.3,0.0,-1.4,0.8,0.2,-0.5,1.5,2.2,-0.3,0.7,0.6,0.0,-1.4,1.3,-1.9,-0.4,-0.5,1.2,-1.0]',
   '[3.7,4.0,3.8,2.4,2.2,1.9,2.8,2.6,2.7,3.6,3.4,3.2,3.0,2.7,2.9,2.3,2.9,2.7,2.6,2.4]',
   now()),
  ('c020c000-0000-0000-0000-000000000006', 'c000c000-0000-0000-0000-000000000002', 'c010c000-0000-0000-0000-000000000006', '宮崎奈々',
   '[0.6,0.8,-0.7,0.4,-1.8,1.2,-0.2,-0.1,1.9,2.0,-0.7,1.1,0.2,0.4,-1.0,1.7,-1.5,-0.8,-0.9,0.8,-0.6]',
   '[3.3,4.4,4.2,2.2,2.0,1.7,2.6,2.4,2.5,3.2,3.0,2.8,2.6,2.9,3.1,2.5,2.7,2.5,2.4,2.2]',
   now()),
  -- プロデュースチーム（ビジネス系: achievement, advancement, recognition, compensation高い / creativity低い）
  ('c020c000-0000-0000-0000-000000000007', 'c000c000-0000-0000-0000-000000000003', 'c010c000-0000-0000-0000-000000000007', '久保田亮',
   '[0.4,2.1,0.2,1.9,0.8,0.2,0.3,1.4,0.4,-0.3,0.1,0.2,1.7,0.7,-0.2,0.3,0.6,-0.2,0.0,-0.7,-0.6]',
   '[3.1,2.9,2.7,3.5,3.3,3.1,3.8,3.6,3.7,3.1,2.9,2.7,2.5,3.0,3.2,2.8,3.5,3.3,3.1,2.9]',
   now()),
  ('c020c000-0000-0000-0000-000000000008', 'c000c000-0000-0000-0000-000000000003', 'c010c000-0000-0000-0000-000000000008', '内田真帆',
   '[0.6,1.9,0.0,2.1,0.6,0.0,0.5,1.6,0.6,-0.1,-0.1,0.4,1.5,0.5,-0.4,0.5,0.4,0.0,0.2,-0.9,-0.4]',
   '[2.9,2.7,2.5,3.3,3.1,2.9,3.6,3.4,3.5,3.3,3.1,2.9,2.7,2.8,3.0,2.6,3.3,3.1,2.9,2.7]',
   now()),
  ('c020c000-0000-0000-0000-000000000009', 'c000c000-0000-0000-0000-000000000003', 'c010c000-0000-0000-0000-000000000009', '野口俊樹',
   '[0.2,2.3,0.4,1.7,1.0,0.4,0.1,1.2,0.2,-0.5,0.3,0.0,1.9,0.9,0.0,0.1,0.8,-0.4,-0.2,-0.5,-0.8]',
   '[3.3,3.1,2.9,3.7,3.5,3.3,3.9,3.7,3.8,2.9,2.7,2.5,2.3,3.1,3.3,2.9,3.6,3.4,3.2,3.0]',
   now())
ON CONFLICT DO NOTHING;

-- セッション
INSERT INTO work_values_sessions (id, user_id, team_member_id, circular_triads, consistency_coefficient, consistency_level, purpose) VALUES
  ('c030c000-0000-0000-0000-000000000001', NULL, 'c020c000-0000-0000-0000-000000000001', 27, 0.930, 'high', 'team'),
  ('c030c000-0000-0000-0000-000000000002', NULL, 'c020c000-0000-0000-0000-000000000002', 23, 0.940, 'high', 'team'),
  ('c030c000-0000-0000-0000-000000000003', NULL, 'c020c000-0000-0000-0000-000000000003', 31, 0.919, 'high', 'team'),
  ('c030c000-0000-0000-0000-000000000004', NULL, 'c020c000-0000-0000-0000-000000000004', 26, 0.932, 'high', 'team'),
  ('c030c000-0000-0000-0000-000000000005', NULL, 'c020c000-0000-0000-0000-000000000005', 34, 0.912, 'high', 'team'),
  ('c030c000-0000-0000-0000-000000000006', NULL, 'c020c000-0000-0000-0000-000000000006', 29, 0.925, 'high', 'team'),
  ('c030c000-0000-0000-0000-000000000007', NULL, 'c020c000-0000-0000-0000-000000000007', 25, 0.935, 'high', 'team'),
  ('c030c000-0000-0000-0000-000000000008', NULL, 'c020c000-0000-0000-0000-000000000008', 32, 0.917, 'high', 'team'),
  ('c030c000-0000-0000-0000-000000000009', NULL, 'c020c000-0000-0000-0000-000000000009', 20, 0.948, 'high', 'team')
ON CONFLICT DO NOTHING;

-- チームベクトル
UPDATE teams SET
  wv_vector = '[1.50,1.90,-0.20,0.30,-0.80,1.40,-1.30,0.10,0.70,2.30,0.60,-0.30,-0.03,0.90,-1.50,0.00,-1.00,-0.60,-0.40,1.80,-0.90]',
  ci_vector = '[4.00,3.50,3.80,2.80,2.50,2.20,3.00,2.80,2.90,4.60,4.20,3.90,3.70,3.00,3.20,2.50,2.30,2.10,1.90,1.80]'
WHERE id = 'c000c000-0000-0000-0000-000000000001';

UPDATE teams SET
  wv_vector = '[0.80,0.60,-0.50,0.20,-1.60,1.00,0.00,-0.30,1.70,2.20,-0.50,0.90,0.40,0.20,-1.20,1.50,-1.70,-0.60,-0.70,1.00,-0.80]',
  ci_vector = '[3.50,4.20,4.00,2.30,2.10,1.80,2.70,2.50,2.60,3.40,3.20,3.00,2.80,2.80,3.00,2.40,2.80,2.60,2.50,2.30]'
WHERE id = 'c000c000-0000-0000-0000-000000000002';

UPDATE teams SET
  wv_vector = '[0.40,2.10,0.20,1.90,0.80,0.20,0.30,1.40,0.40,-0.30,0.10,0.20,1.70,0.70,-0.20,0.30,0.60,-0.20,0.00,-0.70,-0.60]',
  ci_vector = '[3.10,2.90,2.70,3.50,3.30,3.10,3.77,3.57,3.67,3.10,2.90,2.70,2.50,2.97,3.17,2.77,3.47,3.27,3.07,2.87]'
WHERE id = 'c000c000-0000-0000-0000-000000000003';

-- 4thチーム: サウンド制作チーム
INSERT INTO teams (id, company_id, name, target_count) VALUES
  ('c000c000-0000-0000-0000-000000000004', 'b0000000-0000-0000-0000-00000000000c', 'サウンド制作チーム', 3)
ON CONFLICT DO NOTHING;

INSERT INTO team_invitations (id, team_id, token, assigned_name, expires_at, used_at) VALUES
  ('c010c000-0000-0000-0000-000000000010', 'c000c000-0000-0000-0000-000000000004', 'playground_snd_01', '本田和也', now() + interval '30 days', now()),
  ('c010c000-0000-0000-0000-000000000011', 'c000c000-0000-0000-0000-000000000004', 'playground_snd_02', '永井彩乃', now() + interval '30 days', now()),
  ('c010c000-0000-0000-0000-000000000012', 'c000c000-0000-0000-0000-000000000004', 'playground_snd_03', '坂本龍一朗', now() + interval '30 days', now())
ON CONFLICT DO NOTHING;

INSERT INTO team_members (id, team_id, invitation_id, name, wv_vector, ci_vector, completed_at) VALUES
  ('c020c000-0000-0000-0000-000000000010', 'c000c000-0000-0000-0000-000000000004', 'c010c000-0000-0000-0000-000000000010', '本田和也',
   '[1.5,1.0,-0.6,0.2,-1.6,2.0,0.0,-0.3,0.8,2.3,-0.5,0.5,0.3,0.4,-0.8,0.4,-1.7,-0.3,-0.6,1.5,-0.2]',
   '[4.2,4.0,3.8,2.1,1.9,1.7,2.5,2.3,2.4,3.5,3.3,3.1,2.9,2.8,3.0,2.3,2.7,2.5,2.3,2.1]',
   now()),
  ('c020c000-0000-0000-0000-000000000011', 'c000c000-0000-0000-0000-000000000004', 'c010c000-0000-0000-0000-000000000011', '永井彩乃',
   '[1.3,0.9,-0.7,0.1,-1.5,1.8,0.1,-0.2,0.9,2.4,-0.4,0.6,0.4,0.3,-0.7,0.5,-1.8,-0.4,-0.7,1.4,-0.3]',
   '[4.0,3.8,3.6,2.2,2.0,1.8,2.6,2.4,2.5,3.6,3.4,3.2,3.0,2.9,3.1,2.4,2.8,2.6,2.4,2.2]',
   now()),
  ('c020c000-0000-0000-0000-000000000012', 'c000c000-0000-0000-0000-000000000004', 'c010c000-0000-0000-0000-000000000012', '坂本龍一朗',
   '[1.6,1.1,-0.5,0.3,-1.7,2.1,-0.1,-0.4,0.7,2.2,-0.6,0.4,0.2,0.5,-0.9,0.3,-1.6,-0.2,-0.5,1.6,-0.1]',
   '[4.3,4.1,3.9,2.0,1.8,1.6,2.4,2.2,2.3,3.4,3.2,3.0,2.8,2.7,2.9,2.2,2.6,2.4,2.2,2.0]',
   now())
ON CONFLICT DO NOTHING;

INSERT INTO work_values_sessions (id, user_id, team_member_id, circular_triads, consistency_coefficient, consistency_level, purpose) VALUES
  ('c030c000-0000-0000-0000-000000000010', NULL, 'c020c000-0000-0000-0000-000000000010', 26, 0.932, 'high', 'team'),
  ('c030c000-0000-0000-0000-000000000011', NULL, 'c020c000-0000-0000-0000-000000000011', 30, 0.922, 'high', 'team'),
  ('c030c000-0000-0000-0000-000000000012', NULL, 'c020c000-0000-0000-0000-000000000012', 23, 0.940, 'high', 'team')
ON CONFLICT DO NOTHING;

UPDATE teams SET
  wv_vector = '[1.47,1.00,-0.60,0.20,-1.60,1.97,0.00,-0.30,0.80,2.30,-0.50,0.50,0.30,0.40,-0.80,0.40,-1.70,-0.30,-0.60,1.50,-0.20]',
  ci_vector = '[4.17,3.97,3.77,2.10,1.90,1.70,2.50,2.30,2.40,3.50,3.30,3.10,2.90,2.80,3.00,2.30,2.70,2.50,2.30,2.10]'
WHERE id = 'c000c000-0000-0000-0000-000000000004';


-- ==== 東和精機ソリューションズ (suffix=0d, 製造業) ====

-- チーム
INSERT INTO teams (id, company_id, name, target_count) VALUES
  ('c000d000-0000-0000-0000-000000000001', 'b0000000-0000-0000-0000-00000000000d', '生産技術チーム', 3),
  ('c000d000-0000-0000-0000-000000000002', 'b0000000-0000-0000-0000-00000000000d', '品質管理チーム', 3),
  ('c000d000-0000-0000-0000-000000000003', 'b0000000-0000-0000-0000-00000000000d', '営業チーム', 3)
ON CONFLICT DO NOTHING;

-- 招待（9名分）
INSERT INTO team_invitations (id, team_id, token, assigned_name, expires_at, used_at) VALUES
  ('c010d000-0000-0000-0000-000000000001', 'c000d000-0000-0000-0000-000000000001', 'towa_prod_01', '佐々木雄大', now() + interval '30 days', now()),
  ('c010d000-0000-0000-0000-000000000002', 'c000d000-0000-0000-0000-000000000001', 'towa_prod_02', '中島千尋', now() + interval '30 days', now()),
  ('c010d000-0000-0000-0000-000000000003', 'c000d000-0000-0000-0000-000000000001', 'towa_prod_03', '河野正樹', now() + interval '30 days', now()),
  ('c010d000-0000-0000-0000-000000000004', 'c000d000-0000-0000-0000-000000000002', 'towa_qa_01', '村上和代', now() + interval '30 days', now()),
  ('c010d000-0000-0000-0000-000000000005', 'c000d000-0000-0000-0000-000000000002', 'towa_qa_02', '竹内敦', now() + interval '30 days', now()),
  ('c010d000-0000-0000-0000-000000000006', 'c000d000-0000-0000-0000-000000000002', 'towa_qa_03', '前田亜美', now() + interval '30 days', now()),
  ('c010d000-0000-0000-0000-000000000007', 'c000d000-0000-0000-0000-000000000003', 'towa_sales_01', '池田慶太', now() + interval '30 days', now()),
  ('c010d000-0000-0000-0000-000000000008', 'c000d000-0000-0000-0000-000000000003', 'towa_sales_02', '森本沙織', now() + interval '30 days', now()),
  ('c010d000-0000-0000-0000-000000000009', 'c000d000-0000-0000-0000-000000000003', 'towa_sales_03', '黒田浩司', now() + interval '30 days', now())
ON CONFLICT DO NOTHING;

-- メンバー（診断済み）
INSERT INTO team_members (id, team_id, invitation_id, name, wv_vector, ci_vector, completed_at) VALUES
  -- 生産技術チーム（製造/現場系: responsibility, security, company_policies高い / creativity, autonomy低い）
  ('c020d000-0000-0000-0000-000000000001', 'c000d000-0000-0000-0000-000000000001', 'c010d000-0000-0000-0000-000000000001', '佐々木雄大',
   '[0.8,1.0,0.6,0.3,-0.3,-1.2,1.6,0.5,0.4,-1.4,0.2,0.7,0.3,1.8,1.7,0.1,-0.5,0.4,0.6,-1.0,0.9]',
   '[3.5,3.2,2.8,2.5,2.2,2.0,2.4,2.2,2.3,2.6,2.4,2.2,2.0,3.0,3.2,2.8,3.6,3.4,3.2,3.0]',
   now()),
  ('c020d000-0000-0000-0000-000000000002', 'c000d000-0000-0000-0000-000000000001', 'c010d000-0000-0000-0000-000000000002', '中島千尋',
   '[0.6,0.8,0.8,0.1,-0.5,-1.4,1.8,0.3,0.6,-1.2,0.0,0.9,0.5,2.0,1.5,-0.1,-0.7,0.6,0.4,-0.8,1.1]',
   '[3.3,3.0,2.6,2.6,2.3,2.1,2.5,2.3,2.4,2.8,2.6,2.4,2.2,3.2,3.4,3.0,3.4,3.2,3.0,2.8]',
   now()),
  ('c020d000-0000-0000-0000-000000000003', 'c000d000-0000-0000-0000-000000000001', 'c010d000-0000-0000-0000-000000000003', '河野正樹',
   '[1.0,1.2,0.4,0.5,-0.1,-1.0,1.4,0.7,0.2,-1.6,0.4,0.5,0.1,1.6,1.9,0.3,-0.3,0.2,0.8,-1.2,0.7]',
   '[3.7,3.4,3.0,2.4,2.1,1.9,2.3,2.1,2.2,2.4,2.2,2.0,1.8,2.8,3.0,2.6,3.8,3.6,3.4,3.2]',
   now()),
  -- 品質管理チーム（製造/現場系寄り: company_policies, moral_values, security高い / creativity, variety低い）
  ('c020d000-0000-0000-0000-000000000004', 'c000d000-0000-0000-0000-000000000002', 'c010d000-0000-0000-0000-000000000004', '村上和代',
   '[0.5,0.6,0.3,0.0,-0.6,-0.8,2.0,0.2,0.8,-1.3,-0.2,1.8,0.2,0.9,1.6,0.4,-0.9,0.5,0.3,-1.4,1.2]',
   '[3.0,2.8,2.5,2.3,2.0,1.8,2.2,2.0,2.1,2.5,2.3,2.1,1.9,3.3,3.5,3.1,3.5,3.3,3.1,2.9]',
   now()),
  ('c020d000-0000-0000-0000-000000000005', 'c000d000-0000-0000-0000-000000000002', 'c010d000-0000-0000-0000-000000000005', '竹内敦',
   '[0.3,0.4,0.5,0.2,-0.8,-1.0,2.2,0.0,0.6,-1.5,-0.4,2.0,0.0,0.7,1.8,0.6,-1.1,0.3,0.5,-1.6,1.0]',
   '[3.2,3.0,2.7,2.1,1.8,1.6,2.0,1.8,1.9,2.3,2.1,1.9,1.7,3.5,3.7,3.3,3.7,3.5,3.3,3.1]',
   now()),
  ('c020d000-0000-0000-0000-000000000006', 'c000d000-0000-0000-0000-000000000002', 'c010d000-0000-0000-0000-000000000006', '前田亜美',
   '[0.7,0.8,0.1,-0.2,-0.4,-0.6,1.8,0.4,1.0,-1.1,0.0,1.6,0.4,1.1,1.4,0.2,-0.7,0.7,0.1,-1.2,1.4]',
   '[2.8,2.6,2.3,2.5,2.2,2.0,2.4,2.2,2.3,2.7,2.5,2.3,2.1,3.1,3.3,2.9,3.3,3.1,2.9,2.7]',
   now()),
  -- 営業チーム（ビジネス系: achievement, advancement, recognition, compensation高い / creativity低い）
  ('c020d000-0000-0000-0000-000000000007', 'c000d000-0000-0000-0000-000000000003', 'c010d000-0000-0000-0000-000000000007', '池田慶太',
   '[0.3,1.8,0.3,2.0,0.9,0.1,0.4,1.6,0.3,-0.6,0.0,0.1,1.8,0.5,-0.1,0.2,0.7,-0.3,0.1,-0.7,-0.5]',
   '[2.8,2.6,2.4,3.4,3.2,3.0,3.6,3.4,3.5,3.0,2.8,2.6,2.4,2.8,3.0,2.6,3.4,3.2,3.0,2.8]',
   now()),
  ('c020d000-0000-0000-0000-000000000008', 'c000d000-0000-0000-0000-000000000003', 'c010d000-0000-0000-0000-000000000008', '森本沙織',
   '[0.5,2.0,0.1,1.8,0.7,0.3,0.2,1.8,0.5,-0.4,0.2,0.3,1.6,0.7,-0.3,0.4,0.5,-0.1,0.3,-0.5,-0.7]',
   '[3.0,2.8,2.6,3.6,3.4,3.2,3.8,3.6,3.7,3.2,3.0,2.8,2.6,3.0,3.2,2.8,3.2,3.0,2.8,2.6]',
   now()),
  ('c020d000-0000-0000-0000-000000000009', 'c000d000-0000-0000-0000-000000000003', 'c010d000-0000-0000-0000-000000000009', '黒田浩司',
   '[0.1,2.2,0.5,1.6,1.1,-0.1,0.6,1.4,0.1,-0.8,0.2,-0.1,2.0,0.3,0.1,0.0,0.9,-0.5,-0.1,-0.9,-0.3]',
   '[3.2,3.0,2.8,3.2,3.0,2.8,3.4,3.2,3.3,2.8,2.6,2.4,2.2,2.6,2.8,2.4,3.6,3.4,3.2,3.0]',
   now())
ON CONFLICT DO NOTHING;

-- セッション
INSERT INTO work_values_sessions (id, user_id, team_member_id, circular_triads, consistency_coefficient, consistency_level, purpose) VALUES
  ('c030d000-0000-0000-0000-000000000001', NULL, 'c020d000-0000-0000-0000-000000000001', 28, 0.927, 'high', 'team'),
  ('c030d000-0000-0000-0000-000000000002', NULL, 'c020d000-0000-0000-0000-000000000002', 33, 0.914, 'high', 'team'),
  ('c030d000-0000-0000-0000-000000000003', NULL, 'c020d000-0000-0000-0000-000000000003', 21, 0.945, 'high', 'team'),
  ('c030d000-0000-0000-0000-000000000004', NULL, 'c020d000-0000-0000-0000-000000000004', 26, 0.932, 'high', 'team'),
  ('c030d000-0000-0000-0000-000000000005', NULL, 'c020d000-0000-0000-0000-000000000005', 35, 0.909, 'high', 'team'),
  ('c030d000-0000-0000-0000-000000000006', NULL, 'c020d000-0000-0000-0000-000000000006', 24, 0.938, 'high', 'team'),
  ('c030d000-0000-0000-0000-000000000007', NULL, 'c020d000-0000-0000-0000-000000000007', 30, 0.922, 'high', 'team'),
  ('c030d000-0000-0000-0000-000000000008', NULL, 'c020d000-0000-0000-0000-000000000008', 22, 0.943, 'high', 'team'),
  ('c030d000-0000-0000-0000-000000000009', NULL, 'c020d000-0000-0000-0000-000000000009', 27, 0.930, 'high', 'team')
ON CONFLICT DO NOTHING;

-- チームベクトル
UPDATE teams SET
  wv_vector = '[0.80,1.00,0.60,0.30,-0.30,-1.20,1.60,0.50,0.40,-1.40,0.20,0.70,0.30,1.80,1.70,0.10,-0.50,0.40,0.60,-1.00,0.90]',
  ci_vector = '[3.50,3.20,2.80,2.50,2.20,2.00,2.40,2.20,2.30,2.60,2.40,2.20,2.00,3.00,3.20,2.80,3.60,3.40,3.20,3.00]'
WHERE id = 'c000d000-0000-0000-0000-000000000001';

UPDATE teams SET
  wv_vector = '[0.50,0.60,0.30,0.00,-0.60,-0.80,2.00,0.20,0.80,-1.30,-0.20,1.80,0.20,0.90,1.60,0.40,-0.90,0.50,0.30,-1.40,1.20]',
  ci_vector = '[3.00,2.80,2.50,2.30,2.00,1.80,2.20,2.00,2.10,2.50,2.30,2.10,1.90,3.30,3.50,3.10,3.50,3.30,3.10,2.90]'
WHERE id = 'c000d000-0000-0000-0000-000000000002';

UPDATE teams SET
  wv_vector = '[0.30,2.00,0.30,1.80,0.90,0.10,0.40,1.60,0.30,-0.60,0.13,0.10,1.80,0.50,-0.10,0.20,0.70,-0.30,0.10,-0.70,-0.50]',
  ci_vector = '[3.00,2.80,2.60,3.40,3.20,3.00,3.60,3.40,3.50,3.00,2.80,2.60,2.40,2.80,3.00,2.60,3.40,3.20,3.00,2.80]'
WHERE id = 'c000d000-0000-0000-0000-000000000003';

-- 4thチーム: 品質管理チーム
INSERT INTO teams (id, company_id, name, target_count) VALUES
  ('c000d000-0000-0000-0000-000000000004', 'b0000000-0000-0000-0000-00000000000d', '品質管理チーム', 3)
ON CONFLICT DO NOTHING;

INSERT INTO team_invitations (id, team_id, token, assigned_name, expires_at, used_at) VALUES
  ('c010d000-0000-0000-0000-000000000010', 'c000d000-0000-0000-0000-000000000004', 'towa_qa_01', '増田一郎', now() + interval '30 days', now()),
  ('c010d000-0000-0000-0000-000000000011', 'c000d000-0000-0000-0000-000000000004', 'towa_qa_02', '安田恵子', now() + interval '30 days', now()),
  ('c010d000-0000-0000-0000-000000000012', 'c000d000-0000-0000-0000-000000000004', 'towa_qa_03', '小沢正人', now() + interval '30 days', now())
ON CONFLICT DO NOTHING;

INSERT INTO team_members (id, team_id, invitation_id, name, wv_vector, ci_vector, completed_at) VALUES
  ('c020d000-0000-0000-0000-000000000010', 'c000d000-0000-0000-0000-000000000004', 'c010d000-0000-0000-0000-000000000010', '増田一郎',
   '[0.8,1.0,0.3,0.2,-0.6,0.4,1.5,0.5,0.6,0.1,0.7,1.2,0.3,0.9,1.4,-0.1,-0.5,0.3,0.4,0.0,-0.2]',
   '[3.0,2.8,2.6,3.2,3.0,2.8,3.3,3.1,3.2,3.1,2.9,2.7,2.5,3.4,3.6,3.2,3.0,2.8,2.6,2.4]',
   now()),
  ('c020d000-0000-0000-0000-000000000011', 'c000d000-0000-0000-0000-000000000004', 'c010d000-0000-0000-0000-000000000011', '安田恵子',
   '[0.7,0.9,0.4,0.1,-0.7,0.3,1.6,0.4,0.7,0.0,0.6,1.3,0.4,0.8,1.5,-0.2,-0.6,0.4,0.3,0.1,-0.3]',
   '[3.1,2.9,2.7,3.1,2.9,2.7,3.2,3.0,3.1,3.2,3.0,2.8,2.6,3.5,3.7,3.3,3.1,2.9,2.7,2.5]',
   now()),
  ('c020d000-0000-0000-0000-000000000012', 'c000d000-0000-0000-0000-000000000004', 'c010d000-0000-0000-0000-000000000012', '小沢正人',
   '[0.9,1.1,0.2,0.3,-0.5,0.5,1.4,0.6,0.5,0.2,0.8,1.1,0.2,1.0,1.3,0.0,-0.4,0.2,0.5,-0.1,-0.1]',
   '[2.9,2.7,2.5,3.3,3.1,2.9,3.4,3.2,3.3,3.0,2.8,2.6,2.4,3.3,3.5,3.1,2.9,2.7,2.5,2.3]',
   now())
ON CONFLICT DO NOTHING;

INSERT INTO work_values_sessions (id, user_id, team_member_id, circular_triads, consistency_coefficient, consistency_level, purpose) VALUES
  ('c030d000-0000-0000-0000-000000000010', NULL, 'c020d000-0000-0000-0000-000000000010', 27, 0.930, 'high', 'team'),
  ('c030d000-0000-0000-0000-000000000011', NULL, 'c020d000-0000-0000-0000-000000000011', 31, 0.919, 'high', 'team'),
  ('c030d000-0000-0000-0000-000000000012', NULL, 'c020d000-0000-0000-0000-000000000012', 24, 0.938, 'high', 'team')
ON CONFLICT DO NOTHING;

UPDATE teams SET
  wv_vector = '[0.80,1.00,0.30,0.20,-0.60,0.40,1.50,0.50,0.60,0.10,0.70,1.20,0.30,0.90,1.40,-0.10,-0.50,0.30,0.40,0.00,-0.20]',
  ci_vector = '[3.00,2.80,2.60,3.20,3.00,2.80,3.30,3.10,3.20,3.10,2.90,2.70,2.50,3.40,3.60,3.20,3.00,2.80,2.60,2.40]'
WHERE id = 'c000d000-0000-0000-0000-000000000004';


-- ==== トラベルネクスト (suffix=0e, 旅行・観光) ====

-- チーム
INSERT INTO teams (id, company_id, name, target_count) VALUES
  ('c000e000-0000-0000-0000-000000000001', 'b0000000-0000-0000-0000-00000000000e', 'トラベルプランニングチーム', 3),
  ('c000e000-0000-0000-0000-000000000002', 'b0000000-0000-0000-0000-00000000000e', 'システム開発チーム', 3),
  ('c000e000-0000-0000-0000-000000000003', 'b0000000-0000-0000-0000-00000000000e', 'セールスチーム', 3)
ON CONFLICT DO NOTHING;

-- 招待（9名分）
INSERT INTO team_invitations (id, team_id, token, assigned_name, expires_at, used_at) VALUES
  ('c010e000-0000-0000-0000-000000000001', 'c000e000-0000-0000-0000-000000000001', 'travel_plan_01', '松浦結衣', now() + interval '30 days', now()),
  ('c010e000-0000-0000-0000-000000000002', 'c000e000-0000-0000-0000-000000000001', 'travel_plan_02', '高木誠一', now() + interval '30 days', now()),
  ('c010e000-0000-0000-0000-000000000003', 'c000e000-0000-0000-0000-000000000001', 'travel_plan_03', '永井あかね', now() + interval '30 days', now()),
  ('c010e000-0000-0000-0000-000000000004', 'c000e000-0000-0000-0000-000000000002', 'travel_sys_01', '堀江大輝', now() + interval '30 days', now()),
  ('c010e000-0000-0000-0000-000000000005', 'c000e000-0000-0000-0000-000000000002', 'travel_sys_02', '菅原梨花', now() + interval '30 days', now()),
  ('c010e000-0000-0000-0000-000000000006', 'c000e000-0000-0000-0000-000000000002', 'travel_sys_03', '土屋拓馬', now() + interval '30 days', now()),
  ('c010e000-0000-0000-0000-000000000007', 'c000e000-0000-0000-0000-000000000003', 'travel_sales_01', '須藤絵里', now() + interval '30 days', now()),
  ('c010e000-0000-0000-0000-000000000008', 'c000e000-0000-0000-0000-000000000003', 'travel_sales_02', '平野直樹', now() + interval '30 days', now()),
  ('c010e000-0000-0000-0000-000000000009', 'c000e000-0000-0000-0000-000000000003', 'travel_sales_03', '大野恵子', now() + interval '30 days', now())
ON CONFLICT DO NOTHING;

-- メンバー（診断済み）
INSERT INTO team_members (id, team_id, invitation_id, name, wv_vector, ci_vector, completed_at) VALUES
  -- トラベルプランニングチーム（CS系寄り+variety: co_workers, social_service, variety高い / authority低い）
  ('c020e000-0000-0000-0000-000000000001', 'c000e000-0000-0000-0000-000000000001', 'c010e000-0000-0000-0000-000000000001', '松浦結衣',
   '[0.4,0.6,-0.1,0.2,-1.5,0.5,0.3,0.0,1.7,0.8,0.0,1.2,0.4,0.1,0.3,1.9,-1.2,0.6,0.3,1.6,-0.4]',
   '[2.8,2.6,3.5,2.3,2.1,1.9,2.7,2.5,2.6,3.4,3.2,3.0,2.8,3.6,3.8,3.4,3.0,2.8,2.6,2.4]',
   now()),
  ('c020e000-0000-0000-0000-000000000002', 'c000e000-0000-0000-0000-000000000001', 'c010e000-0000-0000-0000-000000000002', '高木誠一',
   '[0.2,0.8,-0.3,0.4,-1.3,0.3,0.5,0.2,1.5,0.6,0.2,1.4,0.2,-0.1,0.5,1.7,-1.4,0.4,0.5,1.8,-0.2]',
   '[3.0,2.8,3.7,2.4,2.2,2.0,2.8,2.6,2.7,3.6,3.4,3.2,3.0,3.8,4.0,3.6,3.2,3.0,2.8,2.6]',
   now()),
  ('c020e000-0000-0000-0000-000000000003', 'c000e000-0000-0000-0000-000000000001', 'c010e000-0000-0000-0000-000000000003', '永井あかね',
   '[0.6,0.4,0.1,0.0,-1.7,0.7,0.1,-0.2,1.9,1.0,-0.2,1.0,0.6,0.3,0.1,2.1,-1.0,0.8,0.1,1.4,-0.6]',
   '[2.6,2.4,3.3,2.2,2.0,1.8,2.6,2.4,2.5,3.2,3.0,2.8,2.6,3.4,3.6,3.2,2.8,2.6,2.4,2.2]',
   now()),
  -- システム開発チーム（エンジニア系: autonomy, creativity, ability_utilization高い / authority, social_status低い）
  ('c020e000-0000-0000-0000-000000000004', 'c000e000-0000-0000-0000-000000000002', 'c010e000-0000-0000-0000-000000000004', '堀江大輝',
   '[2.0,1.6,-0.4,0.6,-1.1,1.9,-0.2,0.3,0.5,1.7,0.8,-0.1,-0.5,1.2,-0.7,0.0,-1.4,-0.5,-0.8,0.2,-1.0]',
   '[4.2,3.6,3.3,2.5,2.3,2.0,3.1,2.9,3.0,4.4,4.0,3.8,3.6,3.2,3.4,2.6,2.4,2.2,2.0,1.9]',
   now()),
  ('c020e000-0000-0000-0000-000000000005', 'c000e000-0000-0000-0000-000000000002', 'c010e000-0000-0000-0000-000000000005', '菅原梨花',
   '[1.8,1.8,-0.6,0.4,-1.3,2.1,-0.4,0.1,0.7,1.9,0.6,0.1,-0.3,1.0,-0.9,0.2,-1.6,-0.3,-1.0,0.0,-1.2]',
   '[4.4,3.8,3.5,2.4,2.2,1.9,3.0,2.8,2.9,4.6,4.2,4.0,3.8,3.0,3.2,2.5,2.3,2.1,1.9,1.8]',
   now()),
  ('c020e000-0000-0000-0000-000000000006', 'c000e000-0000-0000-0000-000000000002', 'c010e000-0000-0000-0000-000000000006', '土屋拓馬',
   '[2.2,1.4,-0.2,0.8,-0.9,1.7,0.0,0.5,0.3,1.5,1.0,-0.3,-0.7,1.4,-0.5,-0.2,-1.2,-0.7,-0.6,0.4,-0.8]',
   '[4.0,3.4,3.1,2.6,2.4,2.1,3.2,3.0,3.1,4.2,3.8,3.6,3.4,3.4,3.6,2.7,2.5,2.3,2.1,2.0]',
   now()),
  -- セールスチーム（ビジネス系: achievement, advancement, recognition, compensation高い / creativity低い）
  ('c020e000-0000-0000-0000-000000000007', 'c000e000-0000-0000-0000-000000000003', 'c010e000-0000-0000-0000-000000000007', '須藤絵里',
   '[0.6,1.9,0.0,1.7,0.6,0.2,0.3,1.5,0.6,0.0,0.1,0.4,1.5,0.5,-0.2,0.5,0.4,0.0,0.2,-0.6,-0.5]',
   '[3.0,2.8,2.6,3.4,3.2,3.0,3.7,3.5,3.6,3.2,3.0,2.8,2.6,2.9,3.1,2.7,3.4,3.2,3.0,2.8]',
   now()),
  ('c020e000-0000-0000-0000-000000000008', 'c000e000-0000-0000-0000-000000000003', 'c010e000-0000-0000-0000-000000000008', '平野直樹',
   '[0.4,2.1,0.2,1.9,0.8,0.0,0.5,1.3,0.4,-0.2,0.3,0.2,1.7,0.7,0.0,0.3,0.6,-0.2,0.0,-0.8,-0.7]',
   '[3.2,3.0,2.8,3.6,3.4,3.2,3.8,3.6,3.7,3.0,2.8,2.6,2.4,3.0,3.2,2.8,3.5,3.3,3.1,2.9]',
   now()),
  ('c020e000-0000-0000-0000-000000000009', 'c000e000-0000-0000-0000-000000000003', 'c010e000-0000-0000-0000-000000000009', '大野恵子',
   '[0.8,1.7,-0.2,2.1,0.4,0.4,0.1,1.7,0.8,0.2,-0.1,0.6,1.3,0.3,-0.4,0.7,0.2,0.2,0.4,-0.4,-0.3]',
   '[2.8,2.6,2.4,3.2,3.0,2.8,3.5,3.3,3.4,3.4,3.2,3.0,2.8,2.8,3.0,2.6,3.3,3.1,2.9,2.7]',
   now())
ON CONFLICT DO NOTHING;

-- セッション
INSERT INTO work_values_sessions (id, user_id, team_member_id, circular_triads, consistency_coefficient, consistency_level, purpose) VALUES
  ('c030e000-0000-0000-0000-000000000001', NULL, 'c020e000-0000-0000-0000-000000000001', 23, 0.940, 'high', 'team'),
  ('c030e000-0000-0000-0000-000000000002', NULL, 'c020e000-0000-0000-0000-000000000002', 29, 0.925, 'high', 'team'),
  ('c030e000-0000-0000-0000-000000000003', NULL, 'c020e000-0000-0000-0000-000000000003', 25, 0.935, 'high', 'team'),
  ('c030e000-0000-0000-0000-000000000004', NULL, 'c020e000-0000-0000-0000-000000000004', 26, 0.932, 'high', 'team'),
  ('c030e000-0000-0000-0000-000000000005', NULL, 'c020e000-0000-0000-0000-000000000005', 21, 0.945, 'high', 'team'),
  ('c030e000-0000-0000-0000-000000000006', NULL, 'c020e000-0000-0000-0000-000000000006', 34, 0.912, 'high', 'team'),
  ('c030e000-0000-0000-0000-000000000007', NULL, 'c020e000-0000-0000-0000-000000000007', 28, 0.927, 'high', 'team'),
  ('c030e000-0000-0000-0000-000000000008', NULL, 'c020e000-0000-0000-0000-000000000008', 32, 0.917, 'high', 'team'),
  ('c030e000-0000-0000-0000-000000000009', NULL, 'c020e000-0000-0000-0000-000000000009', 24, 0.938, 'high', 'team')
ON CONFLICT DO NOTHING;

-- チームベクトル
UPDATE teams SET
  wv_vector = '[0.40,0.60,-0.10,0.20,-1.50,0.50,0.30,0.00,1.70,0.80,0.00,1.20,0.40,0.10,0.30,1.90,-1.20,0.60,0.30,1.60,-0.40]',
  ci_vector = '[2.80,2.60,3.50,2.30,2.10,1.90,2.70,2.50,2.60,3.40,3.20,3.00,2.80,3.60,3.80,3.40,3.00,2.80,2.60,2.40]'
WHERE id = 'c000e000-0000-0000-0000-000000000001';

UPDATE teams SET
  wv_vector = '[2.00,1.60,-0.40,0.60,-1.10,1.90,-0.20,0.30,0.50,1.70,0.80,-0.10,-0.50,1.20,-0.70,0.00,-1.40,-0.50,-0.80,0.20,-1.00]',
  ci_vector = '[4.20,3.60,3.30,2.50,2.30,2.00,3.10,2.90,3.00,4.40,4.00,3.80,3.60,3.20,3.40,2.60,2.40,2.20,2.00,1.90]'
WHERE id = 'c000e000-0000-0000-0000-000000000002';

UPDATE teams SET
  wv_vector = '[0.60,1.90,0.00,1.90,0.60,0.20,0.30,1.50,0.60,0.00,0.10,0.40,1.50,0.50,-0.20,0.50,0.40,0.00,0.20,-0.60,-0.50]',
  ci_vector = '[3.00,2.80,2.60,3.40,3.20,3.00,3.67,3.47,3.57,3.20,3.00,2.80,2.60,2.90,3.10,2.70,3.40,3.20,3.00,2.80]'
WHERE id = 'c000e000-0000-0000-0000-000000000003';

-- 4チーム目: インバウンド企画チーム
INSERT INTO teams (id, company_id, name, target_count) VALUES
  ('c000e000-0000-0000-0000-000000000004', 'b0000000-0000-0000-0000-00000000000e', 'インバウンド企画チーム', 3)
ON CONFLICT DO NOTHING;

INSERT INTO team_invitations (id, team_id, token, assigned_name, expires_at, used_at) VALUES
  ('c010e000-0000-0000-0000-000000000010', 'c000e000-0000-0000-0000-000000000004', 'travel_inbound_01', '野村真央', now() + interval '30 days', now()),
  ('c010e000-0000-0000-0000-000000000011', 'c000e000-0000-0000-0000-000000000004', 'travel_inbound_02', '飯田航', now() + interval '30 days', now()),
  ('c010e000-0000-0000-0000-000000000012', 'c000e000-0000-0000-0000-000000000004', 'travel_inbound_03', '内田紗希', now() + interval '30 days', now())
ON CONFLICT DO NOTHING;

INSERT INTO team_members (id, team_id, invitation_id, name, wv_vector, ci_vector, completed_at) VALUES
  ('c020e000-0000-0000-0000-000000000010', 'c000e000-0000-0000-0000-000000000004', 'c010e000-0000-0000-0000-000000000010', '野村真央',
   '[0.7,1.0,0.2,0.5,-1.0,0.4,0.3,0.3,1.5,1.2,-0.1,0.8,0.6,0.2,0.1,1.8,-0.8,0.5,0.2,1.5,-0.3]',
   '[3.2,3.0,3.8,2.5,2.3,2.0,3.0,2.8,2.9,3.5,3.3,3.0,2.8,3.7,3.9,3.5,3.1,2.9,2.7,2.5]',
   now()),
  ('c020e000-0000-0000-0000-000000000011', 'c000e000-0000-0000-0000-000000000004', 'c010e000-0000-0000-0000-000000000011', '飯田航',
   '[0.5,0.8,0.0,0.3,-1.2,0.6,0.4,0.1,1.7,1.0,0.0,1.0,0.5,0.3,0.2,2.0,-1.0,0.4,0.3,1.3,-0.5]',
   '[3.0,2.8,3.6,2.4,2.2,1.9,2.8,2.6,2.7,3.3,3.1,2.8,2.6,3.5,3.7,3.3,2.9,2.7,2.5,2.3]',
   now()),
  ('c020e000-0000-0000-0000-000000000012', 'c000e000-0000-0000-0000-000000000004', 'c010e000-0000-0000-0000-000000000012', '内田紗希',
   '[0.9,0.6,0.4,0.7,-0.8,0.2,0.2,0.5,1.3,1.4,-0.2,0.6,0.8,0.4,0.0,1.6,-0.6,0.6,0.1,1.7,-0.1]',
   '[3.4,3.2,4.0,2.6,2.4,2.1,3.1,2.9,3.0,3.7,3.5,3.2,3.0,3.9,4.1,3.7,3.3,3.1,2.9,2.7]',
   now())
ON CONFLICT DO NOTHING;

INSERT INTO work_values_sessions (id, user_id, team_member_id, circular_triads, consistency_coefficient, consistency_level, purpose) VALUES
  ('c030e000-0000-0000-0000-000000000010', NULL, 'c020e000-0000-0000-0000-000000000010', 27, 0.930, 'high', 'team'),
  ('c030e000-0000-0000-0000-000000000011', NULL, 'c020e000-0000-0000-0000-000000000011', 31, 0.919, 'high', 'team'),
  ('c030e000-0000-0000-0000-000000000012', NULL, 'c020e000-0000-0000-0000-000000000012', 23, 0.940, 'high', 'team')
ON CONFLICT DO NOTHING;

UPDATE teams SET
  wv_vector = '[0.70,0.80,0.20,0.50,-1.00,0.40,0.30,0.30,1.50,1.20,-0.10,0.80,0.63,0.30,0.10,1.80,-0.80,0.50,0.20,1.50,-0.30]',
  ci_vector = '[3.20,3.00,3.80,2.50,2.30,2.00,2.97,2.77,2.87,3.50,3.30,3.00,2.80,3.70,3.90,3.50,3.10,2.90,2.70,2.50]'
WHERE id = 'c000e000-0000-0000-0000-000000000004';


-- ==== サイバーフォートレス (suffix=0f, セキュリティ) ====

-- チーム
INSERT INTO teams (id, company_id, name, target_count) VALUES
  ('c000f000-0000-0000-0000-000000000001', 'b0000000-0000-0000-0000-00000000000f', 'セキュリティリサーチチーム', 3),
  ('c000f000-0000-0000-0000-000000000002', 'b0000000-0000-0000-0000-00000000000f', 'SOCチーム', 3),
  ('c000f000-0000-0000-0000-000000000003', 'b0000000-0000-0000-0000-00000000000f', 'コンサルティングチーム', 3)
ON CONFLICT DO NOTHING;

-- 招待（9名分）
INSERT INTO team_invitations (id, team_id, token, assigned_name, expires_at, used_at) VALUES
  ('c010f000-0000-0000-0000-000000000001', 'c000f000-0000-0000-0000-000000000001', 'cyber_research_01', '望月陽太', now() + interval '30 days', now()),
  ('c010f000-0000-0000-0000-000000000002', 'c000f000-0000-0000-0000-000000000001', 'cyber_research_02', '片岡美優', now() + interval '30 days', now()),
  ('c010f000-0000-0000-0000-000000000003', 'c000f000-0000-0000-0000-000000000001', 'cyber_research_03', '新井裕也', now() + interval '30 days', now()),
  ('c010f000-0000-0000-0000-000000000004', 'c000f000-0000-0000-0000-000000000002', 'cyber_soc_01', '柴田理恵', now() + interval '30 days', now()),
  ('c010f000-0000-0000-0000-000000000005', 'c000f000-0000-0000-0000-000000000002', 'cyber_soc_02', '大塚健', now() + interval '30 days', now()),
  ('c010f000-0000-0000-0000-000000000006', 'c000f000-0000-0000-0000-000000000002', 'cyber_soc_03', '今井葵', now() + interval '30 days', now()),
  ('c010f000-0000-0000-0000-000000000007', 'c000f000-0000-0000-0000-000000000003', 'cyber_consul_01', '坂本龍太', now() + interval '30 days', now()),
  ('c010f000-0000-0000-0000-000000000008', 'c000f000-0000-0000-0000-000000000003', 'cyber_consul_02', '横山千春', now() + interval '30 days', now()),
  ('c010f000-0000-0000-0000-000000000009', 'c000f000-0000-0000-0000-000000000003', 'cyber_consul_03', '奥村壮太', now() + interval '30 days', now())
ON CONFLICT DO NOTHING;

-- メンバー（診断済み）
INSERT INTO team_members (id, team_id, invitation_id, name, wv_vector, ci_vector, completed_at) VALUES
  -- セキュリティリサーチチーム（研究系: ability_utilization, creativity, independence高い / social_status, compensation低い）
  ('c020f000-0000-0000-0000-000000000001', 'c000f000-0000-0000-0000-000000000001', 'c010f000-0000-0000-0000-000000000001', '望月陽太',
   '[2.3,1.5,-0.3,0.2,-0.9,1.6,-0.1,-1.2,0.3,2.0,1.8,0.5,-0.4,1.0,-0.2,0.1,-1.8,-0.5,-0.7,0.4,-0.6]',
   '[4.5,4.2,3.0,2.4,2.1,1.8,3.3,3.1,3.2,4.0,3.8,3.6,3.4,2.8,3.0,2.4,2.2,2.0,1.8,1.7]',
   now()),
  ('c020f000-0000-0000-0000-000000000002', 'c000f000-0000-0000-0000-000000000001', 'c010f000-0000-0000-0000-000000000002', '片岡美優',
   '[2.1,1.3,-0.5,0.4,-1.1,1.4,0.1,-1.4,0.5,2.2,2.0,0.3,-0.2,0.8,0.0,0.3,-2.0,-0.3,-0.9,0.6,-0.4]',
   '[4.3,4.0,2.8,2.5,2.2,1.9,3.4,3.2,3.3,4.2,4.0,3.8,3.6,2.6,2.8,2.3,2.1,1.9,1.7,1.6]',
   now()),
  ('c020f000-0000-0000-0000-000000000003', 'c000f000-0000-0000-0000-000000000001', 'c010f000-0000-0000-0000-000000000003', '新井裕也',
   '[2.5,1.7,-0.1,0.0,-0.7,1.8,-0.3,-1.0,0.1,1.8,1.6,0.7,-0.6,1.2,-0.4,-0.1,-1.6,-0.7,-0.5,0.2,-0.8]',
   '[4.7,4.4,3.2,2.3,2.0,1.7,3.2,3.0,3.1,3.8,3.6,3.4,3.2,3.0,3.2,2.5,2.3,2.1,1.9,1.8]',
   now()),
  -- SOCチーム（製造/現場系寄り: responsibility, security, company_policies高い + moral_values / creativity, autonomy低い）
  ('c020f000-0000-0000-0000-000000000004', 'c000f000-0000-0000-0000-000000000002', 'c010f000-0000-0000-0000-000000000004', '柴田理恵',
   '[0.7,0.9,0.5,0.1,-0.4,-0.9,1.7,0.3,0.6,-1.0,0.1,1.9,0.2,1.6,1.8,0.3,-0.6,0.5,0.4,-0.8,0.8]',
   '[3.4,3.1,2.7,2.4,2.1,1.9,2.3,2.1,2.2,2.5,2.3,2.1,1.9,3.2,3.4,3.0,3.5,3.3,3.1,2.9]',
   now()),
  ('c020f000-0000-0000-0000-000000000005', 'c000f000-0000-0000-0000-000000000002', 'c010f000-0000-0000-0000-000000000005', '大塚健',
   '[0.5,0.7,0.7,0.3,-0.6,-1.1,1.9,0.1,0.4,-1.2,0.3,2.1,0.0,1.8,1.6,0.1,-0.8,0.3,0.6,-1.0,1.0]',
   '[3.6,3.3,2.9,2.3,2.0,1.8,2.2,2.0,2.1,2.3,2.1,1.9,1.7,3.4,3.6,3.2,3.7,3.5,3.3,3.1]',
   now()),
  ('c020f000-0000-0000-0000-000000000006', 'c000f000-0000-0000-0000-000000000002', 'c010f000-0000-0000-0000-000000000006', '今井葵',
   '[0.9,1.1,0.3,-0.1,-0.2,-0.7,1.5,0.5,0.8,-0.8,-0.1,1.7,0.4,1.4,2.0,0.5,-0.4,0.7,0.2,-0.6,0.6]',
   '[3.2,2.9,2.5,2.5,2.2,2.0,2.4,2.2,2.3,2.7,2.5,2.3,2.1,3.0,3.2,2.8,3.3,3.1,2.9,2.7]',
   now()),
  -- コンサルティングチーム（ビジネス系: achievement, advancement, recognition, compensation高い / creativity低い）
  ('c020f000-0000-0000-0000-000000000007', 'c000f000-0000-0000-0000-000000000003', 'c010f000-0000-0000-0000-000000000007', '坂本龍太',
   '[0.5,2.0,0.1,1.8,0.7,0.3,0.4,1.5,0.3,-0.4,0.1,0.3,1.7,0.6,-0.2,0.2,0.5,-0.1,0.0,-0.7,-0.5]',
   '[3.1,2.9,2.7,3.5,3.3,3.1,3.7,3.5,3.6,3.1,2.9,2.7,2.5,3.0,3.2,2.8,3.5,3.3,3.1,2.9]',
   now()),
  ('c020f000-0000-0000-0000-000000000008', 'c000f000-0000-0000-0000-000000000003', 'c010f000-0000-0000-0000-000000000008', '横山千春',
   '[0.7,1.8,-0.1,2.0,0.5,0.1,0.6,1.3,0.5,-0.2,0.3,0.5,1.5,0.4,0.0,0.4,0.3,0.1,0.2,-0.9,-0.3]',
   '[2.9,2.7,2.5,3.3,3.1,2.9,3.5,3.3,3.4,3.3,3.1,2.9,2.7,2.8,3.0,2.6,3.3,3.1,2.9,2.7]',
   now()),
  ('c020f000-0000-0000-0000-000000000009', 'c000f000-0000-0000-0000-000000000003', 'c010f000-0000-0000-0000-000000000009', '奥村壮太',
   '[0.3,2.2,0.3,1.6,0.9,0.5,0.2,1.7,0.1,-0.6,0.0,0.1,1.9,0.8,-0.4,0.0,0.7,-0.3,-0.2,-0.5,-0.7]',
   '[3.3,3.1,2.9,3.7,3.5,3.3,3.9,3.7,3.8,2.9,2.7,2.5,2.3,3.2,3.4,3.0,3.7,3.5,3.3,3.1]',
   now())
ON CONFLICT DO NOTHING;

-- セッション
INSERT INTO work_values_sessions (id, user_id, team_member_id, circular_triads, consistency_coefficient, consistency_level, purpose) VALUES
  ('c030f000-0000-0000-0000-000000000001', NULL, 'c020f000-0000-0000-0000-000000000001', 22, 0.943, 'high', 'team'),
  ('c030f000-0000-0000-0000-000000000002', NULL, 'c020f000-0000-0000-0000-000000000002', 27, 0.930, 'high', 'team'),
  ('c030f000-0000-0000-0000-000000000003', NULL, 'c020f000-0000-0000-0000-000000000003', 31, 0.919, 'high', 'team'),
  ('c030f000-0000-0000-0000-000000000004', NULL, 'c020f000-0000-0000-0000-000000000004', 25, 0.935, 'high', 'team'),
  ('c030f000-0000-0000-0000-000000000005', NULL, 'c020f000-0000-0000-0000-000000000005', 33, 0.914, 'high', 'team'),
  ('c030f000-0000-0000-0000-000000000006', NULL, 'c020f000-0000-0000-0000-000000000006', 20, 0.948, 'high', 'team'),
  ('c030f000-0000-0000-0000-000000000007', NULL, 'c020f000-0000-0000-0000-000000000007', 29, 0.925, 'high', 'team'),
  ('c030f000-0000-0000-0000-000000000008', NULL, 'c020f000-0000-0000-0000-000000000008', 24, 0.938, 'high', 'team'),
  ('c030f000-0000-0000-0000-000000000009', NULL, 'c020f000-0000-0000-0000-000000000009', 36, 0.906, 'high', 'team')
ON CONFLICT DO NOTHING;

-- チームベクトル
UPDATE teams SET
  wv_vector = '[2.30,1.50,-0.30,0.20,-0.90,1.60,-0.10,-1.20,0.30,2.00,1.80,0.50,-0.40,1.00,-0.20,0.10,-1.80,-0.50,-0.70,0.40,-0.60]',
  ci_vector = '[4.50,4.20,3.00,2.40,2.10,1.80,3.30,3.10,3.20,4.00,3.80,3.60,3.40,2.80,3.00,2.40,2.20,2.00,1.80,1.70]'
WHERE id = 'c000f000-0000-0000-0000-000000000001';

UPDATE teams SET
  wv_vector = '[0.70,0.90,0.50,0.10,-0.40,-0.90,1.70,0.30,0.60,-1.00,0.10,1.90,0.20,1.60,1.80,0.30,-0.60,0.50,0.40,-0.80,0.80]',
  ci_vector = '[3.40,3.10,2.70,2.40,2.10,1.90,2.30,2.10,2.20,2.50,2.30,2.10,1.90,3.20,3.40,3.00,3.50,3.30,3.10,2.90]'
WHERE id = 'c000f000-0000-0000-0000-000000000002';

UPDATE teams SET
  wv_vector = '[0.50,2.00,0.10,1.80,0.70,0.30,0.40,1.50,0.30,-0.40,0.13,0.30,1.70,0.60,-0.20,0.20,0.50,-0.10,0.00,-0.70,-0.50]',
  ci_vector = '[3.10,2.90,2.70,3.50,3.30,3.10,3.70,3.50,3.60,3.10,2.90,2.70,2.50,3.00,3.20,2.80,3.50,3.30,3.10,2.90]'
WHERE id = 'c000f000-0000-0000-0000-000000000003';

-- 4チーム目: インシデントレスポンスチーム
INSERT INTO teams (id, company_id, name, target_count) VALUES
  ('c000f000-0000-0000-0000-000000000004', 'b0000000-0000-0000-0000-00000000000f', 'インシデントレスポンスチーム', 3)
ON CONFLICT DO NOTHING;

INSERT INTO team_invitations (id, team_id, token, assigned_name, expires_at, used_at) VALUES
  ('c010f000-0000-0000-0000-000000000010', 'c000f000-0000-0000-0000-000000000004', 'cyber_ir_01', '久保田拓実', now() + interval '30 days', now()),
  ('c010f000-0000-0000-0000-000000000011', 'c000f000-0000-0000-0000-000000000004', 'cyber_ir_02', '小島由紀', now() + interval '30 days', now()),
  ('c010f000-0000-0000-0000-000000000012', 'c000f000-0000-0000-0000-000000000004', 'cyber_ir_03', '関根啓太', now() + interval '30 days', now())
ON CONFLICT DO NOTHING;

INSERT INTO team_members (id, team_id, invitation_id, name, wv_vector, ci_vector, completed_at) VALUES
  ('c020f000-0000-0000-0000-000000000010', 'c000f000-0000-0000-0000-000000000004', 'c010f000-0000-0000-0000-000000000010', '久保田拓実',
   '[1.8,1.6,-0.2,0.5,-0.8,1.5,0.3,0.4,1.2,1.0,0.7,0.2,-0.3,1.6,-0.3,0.3,-1.0,-0.2,-0.5,0.4,-0.8]',
   '[4.0,3.4,3.1,2.6,2.4,2.1,3.2,3.0,3.1,4.2,3.9,3.6,3.4,3.4,3.6,2.7,2.5,2.3,2.1,2.0]',
   now()),
  ('c020f000-0000-0000-0000-000000000011', 'c000f000-0000-0000-0000-000000000004', 'c010f000-0000-0000-0000-000000000011', '小島由紀',
   '[2.0,1.8,-0.3,0.6,-1.0,1.7,0.2,0.3,1.0,1.2,0.5,0.1,-0.4,1.4,-0.4,0.4,-1.2,-0.3,-0.6,0.3,-0.6]',
   '[4.2,3.6,3.3,2.5,2.3,2.0,3.1,2.9,3.0,4.4,4.1,3.8,3.6,3.2,3.4,2.6,2.4,2.2,2.0,1.9]',
   now()),
  ('c020f000-0000-0000-0000-000000000012', 'c000f000-0000-0000-0000-000000000004', 'c010f000-0000-0000-0000-000000000012', '関根啓太',
   '[1.6,2.0,-0.4,0.4,-0.9,1.9,0.1,0.2,0.8,0.8,0.8,0.0,-0.5,1.8,-0.5,0.2,-1.1,-0.4,-0.7,0.5,-0.9]',
   '[4.1,3.5,3.2,2.7,2.5,2.2,3.3,3.1,3.2,4.3,4.0,3.7,3.5,3.3,3.5,2.5,2.3,2.1,1.9,1.8]',
   now())
ON CONFLICT DO NOTHING;

INSERT INTO work_values_sessions (id, user_id, team_member_id, circular_triads, consistency_coefficient, consistency_level, purpose) VALUES
  ('c030f000-0000-0000-0000-000000000010', NULL, 'c020f000-0000-0000-0000-000000000010', 24, 0.938, 'high', 'team'),
  ('c030f000-0000-0000-0000-000000000011', NULL, 'c020f000-0000-0000-0000-000000000011', 29, 0.925, 'high', 'team'),
  ('c030f000-0000-0000-0000-000000000012', NULL, 'c020f000-0000-0000-0000-000000000012', 22, 0.943, 'high', 'team')
ON CONFLICT DO NOTHING;

UPDATE teams SET
  wv_vector = '[1.80,1.80,-0.30,0.50,-0.90,1.70,0.20,0.30,1.00,1.00,0.67,0.10,-0.40,1.60,-0.40,0.30,-1.10,-0.30,-0.60,0.40,-0.77]',
  ci_vector = '[4.10,3.50,3.20,2.60,2.40,2.10,3.20,3.00,3.10,4.30,4.00,3.70,3.50,3.30,3.50,2.60,2.40,2.20,2.00,1.90]'
WHERE id = 'c000f000-0000-0000-0000-000000000004';


-- ==== フードクラフト (suffix=10, フードテック) ====

-- チーム
INSERT INTO teams (id, company_id, name, target_count) VALUES
  ('c0010000-0000-0000-0000-000000000001', 'b0000000-0000-0000-0000-000000000010', 'R&Dチーム', 3),
  ('c0010000-0000-0000-0000-000000000002', 'b0000000-0000-0000-0000-000000000010', 'プロダクト開発チーム', 3),
  ('c0010000-0000-0000-0000-000000000003', 'b0000000-0000-0000-0000-000000000010', '事業開発チーム', 3)
ON CONFLICT DO NOTHING;

-- 招待（9名分）
INSERT INTO team_invitations (id, team_id, token, assigned_name, expires_at, used_at) VALUES
  ('c0110000-0000-0000-0000-000000000001', 'c0010000-0000-0000-0000-000000000001', 'food_rd_01', '武田一真', now() + interval '30 days', now()),
  ('c0110000-0000-0000-0000-000000000002', 'c0010000-0000-0000-0000-000000000001', 'food_rd_02', '小川紗也', now() + interval '30 days', now()),
  ('c0110000-0000-0000-0000-000000000003', 'c0010000-0000-0000-0000-000000000001', 'food_rd_03', '藤井康介', now() + interval '30 days', now()),
  ('c0110000-0000-0000-0000-000000000004', 'c0010000-0000-0000-0000-000000000002', 'food_prod_01', '清水遥', now() + interval '30 days', now()),
  ('c0110000-0000-0000-0000-000000000005', 'c0010000-0000-0000-0000-000000000002', 'food_prod_02', '渋谷純平', now() + interval '30 days', now()),
  ('c0110000-0000-0000-0000-000000000006', 'c0010000-0000-0000-0000-000000000002', 'food_prod_03', '北村香織', now() + interval '30 days', now()),
  ('c0110000-0000-0000-0000-000000000007', 'c0010000-0000-0000-0000-000000000003', 'food_biz_01', '関口拓也', now() + interval '30 days', now()),
  ('c0110000-0000-0000-0000-000000000008', 'c0010000-0000-0000-0000-000000000003', 'food_biz_02', '丸山志穂', now() + interval '30 days', now()),
  ('c0110000-0000-0000-0000-000000000009', 'c0010000-0000-0000-0000-000000000003', 'food_biz_03', '谷口大樹', now() + interval '30 days', now())
ON CONFLICT DO NOTHING;

-- メンバー（診断済み）
INSERT INTO team_members (id, team_id, invitation_id, name, wv_vector, ci_vector, completed_at) VALUES
  -- R&Dチーム（研究系: ability_utilization, creativity, independence高い / social_status, compensation低い）
  ('c0210000-0000-0000-0000-000000000001', 'c0010000-0000-0000-0000-000000000001', 'c0110000-0000-0000-0000-000000000001', '武田一真',
   '[2.4,1.4,-0.2,0.1,-0.8,1.5,-0.2,-1.3,0.2,2.1,1.9,0.6,-0.3,0.9,-0.1,0.4,-1.7,-0.4,-0.6,0.5,-0.5]',
   '[4.6,4.3,3.1,2.3,2.0,1.7,3.2,3.0,3.1,4.1,3.9,3.7,3.5,2.7,2.9,2.3,2.1,1.9,1.7,1.6]',
   now()),
  ('c0210000-0000-0000-0000-000000000002', 'c0010000-0000-0000-0000-000000000001', 'c0110000-0000-0000-0000-000000000002', '小川紗也',
   '[2.2,1.6,-0.4,0.3,-1.0,1.3,0.0,-1.1,0.4,2.3,1.7,0.4,-0.5,1.1,0.1,0.2,-1.9,-0.6,-0.8,0.3,-0.7]',
   '[4.4,4.1,2.9,2.4,2.1,1.8,3.3,3.1,3.2,4.3,4.1,3.9,3.7,2.5,2.7,2.2,2.0,1.8,1.6,1.5]',
   now()),
  ('c0210000-0000-0000-0000-000000000003', 'c0010000-0000-0000-0000-000000000001', 'c0110000-0000-0000-0000-000000000003', '藤井康介',
   '[2.0,1.2,0.0,-0.1,-0.6,1.7,-0.4,-1.5,0.0,1.9,2.1,0.8,-0.1,0.7,-0.3,0.6,-1.5,-0.2,-0.4,0.7,-0.3]',
   '[4.8,4.5,3.3,2.2,1.9,1.6,3.1,2.9,3.0,3.9,3.7,3.5,3.3,2.9,3.1,2.5,2.3,2.1,1.9,1.8]',
   now()),
  -- プロダクト開発チーム（エンジニア系: autonomy, creativity, ability_utilization高い / authority, social_status低い）
  ('c0210000-0000-0000-0000-000000000004', 'c0010000-0000-0000-0000-000000000002', 'c0110000-0000-0000-0000-000000000004', '清水遥',
   '[1.9,1.8,-0.3,0.6,-1.2,2.1,-0.3,0.4,0.6,1.7,0.7,-0.1,-0.4,1.0,-0.6,0.1,-1.4,-0.5,-0.9,0.0,-1.0]',
   '[4.2,3.6,3.3,2.5,2.3,2.0,3.1,2.9,3.0,4.5,4.1,3.9,3.7,3.2,3.4,2.6,2.4,2.2,2.0,1.9]',
   now()),
  ('c0210000-0000-0000-0000-000000000005', 'c0010000-0000-0000-0000-000000000002', 'c0110000-0000-0000-0000-000000000005', '渋谷純平',
   '[2.1,1.6,-0.5,0.8,-1.0,1.9,-0.1,0.2,0.4,1.9,0.9,0.1,-0.6,1.2,-0.8,0.3,-1.6,-0.3,-0.7,-0.2,-1.2]',
   '[4.0,3.4,3.1,2.6,2.4,2.1,3.2,3.0,3.1,4.3,3.9,3.7,3.5,3.4,3.6,2.7,2.5,2.3,2.1,2.0]',
   now()),
  ('c0210000-0000-0000-0000-000000000006', 'c0010000-0000-0000-0000-000000000002', 'c0110000-0000-0000-0000-000000000006', '北村香織',
   '[2.3,2.0,-0.1,0.4,-1.4,1.7,-0.5,0.6,0.8,1.5,0.5,-0.3,-0.2,0.8,-0.4,-0.1,-1.2,-0.7,-1.1,0.2,-0.8]',
   '[4.4,3.8,3.5,2.4,2.2,1.9,3.0,2.8,2.9,4.7,4.3,4.1,3.9,3.0,3.2,2.5,2.3,2.1,1.9,1.8]',
   now()),
  -- 事業開発チーム（ビジネス系: achievement, advancement, recognition, compensation高い / creativity低い）
  ('c0210000-0000-0000-0000-000000000007', 'c0010000-0000-0000-0000-000000000003', 'c0110000-0000-0000-0000-000000000007', '関口拓也',
   '[0.4,2.1,0.2,1.9,0.8,0.2,0.3,1.4,0.3,-0.5,0.1,0.2,1.8,0.7,-0.1,0.3,0.6,-0.2,0.0,-0.8,-0.6]',
   '[3.0,2.8,2.6,3.5,3.3,3.1,3.8,3.6,3.7,3.0,2.8,2.6,2.4,3.0,3.2,2.8,3.5,3.3,3.1,2.9]',
   now()),
  ('c0210000-0000-0000-0000-000000000008', 'c0010000-0000-0000-0000-000000000003', 'c0110000-0000-0000-0000-000000000008', '丸山志穂',
   '[0.6,1.9,0.0,2.1,0.6,0.0,0.5,1.6,0.5,0.3,-0.1,0.4,1.6,0.5,-0.3,0.5,0.4,0.0,0.2,-0.6,-0.4]',
   '[2.8,2.6,2.4,3.3,3.1,2.9,3.6,3.4,3.5,3.2,3.0,2.8,2.6,2.8,3.0,2.6,3.3,3.1,2.9,2.7]',
   now()),
  ('c0210000-0000-0000-0000-000000000009', 'c0010000-0000-0000-0000-000000000003', 'c0110000-0000-0000-0000-000000000009', '谷口大樹',
   '[0.2,2.3,0.4,1.7,1.0,0.4,0.1,1.2,0.1,-0.3,0.3,0.0,2.0,0.9,0.1,0.1,0.8,-0.4,-0.2,-1.0,-0.8]',
   '[3.2,3.0,2.8,3.7,3.5,3.3,3.9,3.7,3.8,2.8,2.6,2.4,2.2,3.2,3.4,3.0,3.7,3.5,3.3,3.1]',
   now())
ON CONFLICT DO NOTHING;

-- セッション
INSERT INTO work_values_sessions (id, user_id, team_member_id, circular_triads, consistency_coefficient, consistency_level, purpose) VALUES
  ('c0310000-0000-0000-0000-000000000001', NULL, 'c0210000-0000-0000-0000-000000000001', 26, 0.932, 'high', 'team'),
  ('c0310000-0000-0000-0000-000000000002', NULL, 'c0210000-0000-0000-0000-000000000002', 30, 0.922, 'high', 'team'),
  ('c0310000-0000-0000-0000-000000000003', NULL, 'c0210000-0000-0000-0000-000000000003', 23, 0.940, 'high', 'team'),
  ('c0310000-0000-0000-0000-000000000004', NULL, 'c0210000-0000-0000-0000-000000000004', 28, 0.927, 'high', 'team'),
  ('c0310000-0000-0000-0000-000000000005', NULL, 'c0210000-0000-0000-0000-000000000005', 35, 0.909, 'high', 'team'),
  ('c0310000-0000-0000-0000-000000000006', NULL, 'c0210000-0000-0000-0000-000000000006', 21, 0.945, 'high', 'team'),
  ('c0310000-0000-0000-0000-000000000007', NULL, 'c0210000-0000-0000-0000-000000000007', 24, 0.938, 'high', 'team'),
  ('c0310000-0000-0000-0000-000000000008', NULL, 'c0210000-0000-0000-0000-000000000008', 32, 0.917, 'high', 'team'),
  ('c0310000-0000-0000-0000-000000000009', NULL, 'c0210000-0000-0000-0000-000000000009', 27, 0.930, 'high', 'team')
ON CONFLICT DO NOTHING;

-- チームベクトル
UPDATE teams SET
  wv_vector = '[2.20,1.40,-0.20,0.10,-0.80,1.50,-0.20,-1.30,0.20,2.10,1.90,0.60,-0.30,0.90,-0.10,0.40,-1.70,-0.40,-0.60,0.50,-0.50]',
  ci_vector = '[4.60,4.30,3.10,2.30,2.00,1.70,3.20,3.00,3.10,4.10,3.90,3.70,3.50,2.70,2.90,2.33,2.13,1.93,1.73,1.63]'
WHERE id = 'c0010000-0000-0000-0000-000000000001';

UPDATE teams SET
  wv_vector = '[2.10,1.80,-0.30,0.60,-1.20,1.90,-0.30,0.40,0.60,1.70,0.70,-0.10,-0.40,1.00,-0.60,0.10,-1.40,-0.50,-0.90,0.00,-1.00]',
  ci_vector = '[4.20,3.60,3.30,2.50,2.30,2.00,3.10,2.90,3.00,4.50,4.10,3.90,3.70,3.20,3.40,2.60,2.40,2.20,2.00,1.90]'
WHERE id = 'c0010000-0000-0000-0000-000000000002';

UPDATE teams SET
  wv_vector = '[0.40,2.10,0.20,1.90,0.80,0.20,0.30,1.40,0.30,-0.17,0.10,0.20,1.80,0.70,-0.10,0.30,0.60,-0.20,0.00,-0.80,-0.60]',
  ci_vector = '[3.00,2.80,2.60,3.50,3.30,3.10,3.77,3.57,3.67,3.00,2.80,2.60,2.40,3.00,3.20,2.80,3.50,3.30,3.10,2.90]'
WHERE id = 'c0010000-0000-0000-0000-000000000003';


-- ==== モビリティワークス (suffix=11, モビリティ) ====

-- チーム
INSERT INTO teams (id, company_id, name, target_count) VALUES
  ('c0011000-0000-0000-0000-000000000001', 'b0000000-0000-0000-0000-000000000011', '自動運転開発チーム', 3),
  ('c0011000-0000-0000-0000-000000000002', 'b0000000-0000-0000-0000-000000000011', 'ハードウェア設計チーム', 3),
  ('c0011000-0000-0000-0000-000000000003', 'b0000000-0000-0000-0000-000000000011', 'パートナーシップチーム', 3)
ON CONFLICT DO NOTHING;

-- 招待（9名分）
INSERT INTO team_invitations (id, team_id, token, assigned_name, expires_at, used_at) VALUES
  ('c0111000-0000-0000-0000-000000000001', 'c0011000-0000-0000-0000-000000000001', 'mobility_auto_01', '山下智弘', now() + interval '30 days', now()),
  ('c0111000-0000-0000-0000-000000000002', 'c0011000-0000-0000-0000-000000000001', 'mobility_auto_02', '川崎莉子', now() + interval '30 days', now()),
  ('c0111000-0000-0000-0000-000000000003', 'c0011000-0000-0000-0000-000000000001', 'mobility_auto_03', '浜田修一', now() + interval '30 days', now()),
  ('c0111000-0000-0000-0000-000000000004', 'c0011000-0000-0000-0000-000000000002', 'mobility_hw_01', '古賀美帆', now() + interval '30 days', now()),
  ('c0111000-0000-0000-0000-000000000005', 'c0011000-0000-0000-0000-000000000002', 'mobility_hw_02', '篠原大介', now() + interval '30 days', now()),
  ('c0111000-0000-0000-0000-000000000006', 'c0011000-0000-0000-0000-000000000002', 'mobility_hw_03', '白石七海', now() + interval '30 days', now()),
  ('c0111000-0000-0000-0000-000000000007', 'c0011000-0000-0000-0000-000000000003', 'mobility_partner_01', '増田将人', now() + interval '30 days', now()),
  ('c0111000-0000-0000-0000-000000000008', 'c0011000-0000-0000-0000-000000000003', 'mobility_partner_02', '川上真理', now() + interval '30 days', now()),
  ('c0111000-0000-0000-0000-000000000009', 'c0011000-0000-0000-0000-000000000003', 'mobility_partner_03', '宮田悠斗', now() + interval '30 days', now())
ON CONFLICT DO NOTHING;

-- メンバー（診断済み）
INSERT INTO team_members (id, team_id, invitation_id, name, wv_vector, ci_vector, completed_at) VALUES
  -- 自動運転開発チーム（エンジニア系: autonomy, creativity, ability_utilization高い / authority, social_status低い）
  ('c0211000-0000-0000-0000-000000000001', 'c0011000-0000-0000-0000-000000000001', 'c0111000-0000-0000-0000-000000000001', '山下智弘',
   '[2.2,1.8,-0.3,0.5,-1.1,2.1,-0.2,0.3,0.5,1.9,0.8,-0.2,-0.5,1.3,-0.7,0.0,-1.5,-0.4,-0.9,-0.2,-1.0]',
   '[4.4,3.8,3.5,2.5,2.3,2.0,3.2,3.0,3.1,4.6,4.2,4.0,3.8,3.2,3.4,2.6,2.4,2.2,2.0,1.9]',
   now()),
  ('c0211000-0000-0000-0000-000000000002', 'c0011000-0000-0000-0000-000000000001', 'c0111000-0000-0000-0000-000000000002', '川崎莉子',
   '[2.0,2.0,-0.5,0.3,-1.3,1.9,-0.4,0.1,0.7,2.1,0.6,0.0,-0.3,1.1,-0.9,0.2,-1.3,-0.6,-1.1,0.0,-1.2]',
   '[4.2,3.6,3.3,2.6,2.4,2.1,3.3,3.1,3.2,4.4,4.0,3.8,3.6,3.4,3.6,2.7,2.5,2.3,2.1,2.0]',
   now()),
  ('c0211000-0000-0000-0000-000000000003', 'c0011000-0000-0000-0000-000000000001', 'c0111000-0000-0000-0000-000000000003', '浜田修一',
   '[2.4,1.6,-0.1,0.7,-0.9,1.7,0.0,0.5,0.3,1.7,1.0,-0.4,-0.7,1.5,-0.5,-0.2,-1.7,-0.2,-0.7,-0.4,-0.8]',
   '[4.6,4.0,3.7,2.4,2.2,1.9,3.1,2.9,3.0,4.8,4.4,4.2,4.0,3.0,3.2,2.5,2.3,2.1,1.9,1.8]',
   now()),
  -- ハードウェア設計チーム（製造/現場系: responsibility, security, company_policies高い / creativity, autonomy低い）
  ('c0211000-0000-0000-0000-000000000004', 'c0011000-0000-0000-0000-000000000002', 'c0111000-0000-0000-0000-000000000004', '古賀美帆',
   '[0.9,1.1,0.5,0.2,-0.2,-1.0,1.5,0.4,0.5,-1.3,0.3,0.6,0.2,1.7,1.8,0.2,-0.4,0.3,0.7,-0.9,1.0]',
   '[3.6,3.3,2.9,2.5,2.2,2.0,2.5,2.3,2.4,2.7,2.5,2.3,2.1,3.1,3.3,2.9,3.5,3.3,3.1,2.9]',
   now()),
  ('c0211000-0000-0000-0000-000000000005', 'c0011000-0000-0000-0000-000000000002', 'c0111000-0000-0000-0000-000000000005', '篠原大介',
   '[0.7,0.9,0.7,0.4,-0.4,-1.2,1.7,0.2,0.3,-1.5,0.1,0.8,0.4,1.9,1.6,0.0,-0.6,0.5,0.5,-1.1,0.8]',
   '[3.4,3.1,2.7,2.6,2.3,2.1,2.6,2.4,2.5,2.5,2.3,2.1,1.9,3.3,3.5,3.1,3.7,3.5,3.3,3.1]',
   now()),
  ('c0211000-0000-0000-0000-000000000006', 'c0011000-0000-0000-0000-000000000002', 'c0111000-0000-0000-0000-000000000006', '白石七海',
   '[1.1,1.3,0.3,0.0,0.0,-0.8,1.3,0.6,0.7,-1.1,0.5,0.4,0.0,1.5,2.0,0.4,-0.2,0.1,0.9,-0.7,1.2]',
   '[3.8,3.5,3.1,2.4,2.1,1.9,2.4,2.2,2.3,2.9,2.7,2.5,2.3,2.9,3.1,2.7,3.3,3.1,2.9,2.7]',
   now()),
  -- パートナーシップチーム（ビジネス系: achievement, advancement, recognition, compensation高い / creativity低い）
  ('c0211000-0000-0000-0000-000000000007', 'c0011000-0000-0000-0000-000000000003', 'c0111000-0000-0000-0000-000000000007', '増田将人',
   '[0.5,2.0,0.1,1.8,0.7,0.3,0.4,1.5,0.4,-0.3,0.0,0.2,1.6,0.6,-0.2,0.3,0.5,-0.1,0.1,-0.7,-0.5]',
   '[3.1,2.9,2.7,3.5,3.3,3.1,3.7,3.5,3.6,3.1,2.9,2.7,2.5,3.0,3.2,2.8,3.5,3.3,3.1,2.9]',
   now()),
  ('c0211000-0000-0000-0000-000000000008', 'c0011000-0000-0000-0000-000000000003', 'c0111000-0000-0000-0000-000000000008', '川上真理',
   '[0.7,1.8,-0.1,2.0,0.5,0.1,0.6,1.3,0.6,-0.1,0.2,0.4,1.4,0.4,0.0,0.5,0.3,0.1,0.3,-0.9,-0.3]',
   '[2.9,2.7,2.5,3.3,3.1,2.9,3.5,3.3,3.4,3.3,3.1,2.9,2.7,2.8,3.0,2.6,3.3,3.1,2.9,2.7]',
   now()),
  ('c0211000-0000-0000-0000-000000000009', 'c0011000-0000-0000-0000-000000000003', 'c0111000-0000-0000-0000-000000000009', '宮田悠斗',
   '[0.3,2.2,0.3,1.6,0.9,0.5,0.2,1.7,0.2,-0.5,0.1,0.0,1.8,0.8,-0.4,0.1,0.7,-0.3,-0.1,-0.5,-0.7]',
   '[3.3,3.1,2.9,3.7,3.5,3.3,3.9,3.7,3.8,2.9,2.7,2.5,2.3,3.2,3.4,3.0,3.7,3.5,3.3,3.1]',
   now())
ON CONFLICT DO NOTHING;

-- セッション
INSERT INTO work_values_sessions (id, user_id, team_member_id, circular_triads, consistency_coefficient, consistency_level, purpose) VALUES
  ('c0311000-0000-0000-0000-000000000001', NULL, 'c0211000-0000-0000-0000-000000000001', 25, 0.935, 'high', 'team'),
  ('c0311000-0000-0000-0000-000000000002', NULL, 'c0211000-0000-0000-0000-000000000002', 30, 0.922, 'high', 'team'),
  ('c0311000-0000-0000-0000-000000000003', NULL, 'c0211000-0000-0000-0000-000000000003', 22, 0.943, 'high', 'team'),
  ('c0311000-0000-0000-0000-000000000004', NULL, 'c0211000-0000-0000-0000-000000000004', 28, 0.927, 'high', 'team'),
  ('c0311000-0000-0000-0000-000000000005', NULL, 'c0211000-0000-0000-0000-000000000005', 34, 0.912, 'high', 'team'),
  ('c0311000-0000-0000-0000-000000000006', NULL, 'c0211000-0000-0000-0000-000000000006', 21, 0.945, 'high', 'team'),
  ('c0311000-0000-0000-0000-000000000007', NULL, 'c0211000-0000-0000-0000-000000000007', 27, 0.930, 'high', 'team'),
  ('c0311000-0000-0000-0000-000000000008', NULL, 'c0211000-0000-0000-0000-000000000008', 33, 0.914, 'high', 'team'),
  ('c0311000-0000-0000-0000-000000000009', NULL, 'c0211000-0000-0000-0000-000000000009', 24, 0.938, 'high', 'team')
ON CONFLICT DO NOTHING;

-- チームベクトル
UPDATE teams SET
  wv_vector = '[2.20,1.80,-0.30,0.50,-1.10,1.90,-0.20,0.30,0.50,1.90,0.80,-0.20,-0.50,1.30,-0.70,0.00,-1.50,-0.40,-0.90,-0.20,-1.00]',
  ci_vector = '[4.40,3.80,3.50,2.50,2.30,2.00,3.20,3.00,3.10,4.60,4.20,4.00,3.80,3.20,3.40,2.60,2.40,2.20,2.00,1.90]'
WHERE id = 'c0011000-0000-0000-0000-000000000001';

UPDATE teams SET
  wv_vector = '[0.90,1.10,0.50,0.20,-0.20,-1.00,1.50,0.40,0.50,-1.30,0.30,0.60,0.20,1.70,1.80,0.20,-0.40,0.30,0.70,-0.90,1.00]',
  ci_vector = '[3.60,3.30,2.90,2.50,2.20,2.00,2.50,2.30,2.40,2.70,2.50,2.30,2.10,3.10,3.30,2.90,3.50,3.30,3.10,2.90]'
WHERE id = 'c0011000-0000-0000-0000-000000000002';

UPDATE teams SET
  wv_vector = '[0.50,2.00,0.10,1.80,0.70,0.30,0.40,1.50,0.40,-0.30,0.10,0.20,1.60,0.60,-0.20,0.30,0.50,-0.10,0.10,-0.70,-0.50]',
  ci_vector = '[3.10,2.90,2.70,3.50,3.30,3.10,3.70,3.50,3.60,3.10,2.90,2.70,2.50,3.00,3.20,2.80,3.50,3.30,3.10,2.90]'
WHERE id = 'c0011000-0000-0000-0000-000000000003';

-- 4チーム目: 自動運転ソフトウェアチーム
INSERT INTO teams (id, company_id, name, target_count) VALUES
  ('c0011000-0000-0000-0000-000000000004', 'b0000000-0000-0000-0000-000000000011', '自動運転ソフトウェアチーム', 3)
ON CONFLICT DO NOTHING;

INSERT INTO team_invitations (id, team_id, token, assigned_name, expires_at, used_at) VALUES
  ('c0111000-0000-0000-0000-000000000010', 'c0011000-0000-0000-0000-000000000004', 'mobility_auto_01', '斉藤拓馬', now() + interval '30 days', now()),
  ('c0111000-0000-0000-0000-000000000011', 'c0011000-0000-0000-0000-000000000004', 'mobility_auto_02', '原口真帆', now() + interval '30 days', now()),
  ('c0111000-0000-0000-0000-000000000012', 'c0011000-0000-0000-0000-000000000004', 'mobility_auto_03', '北川翔一', now() + interval '30 days', now())
ON CONFLICT DO NOTHING;

INSERT INTO team_members (id, team_id, invitation_id, name, wv_vector, ci_vector, completed_at) VALUES
  ('c0211000-0000-0000-0000-000000000010', 'c0011000-0000-0000-0000-000000000004', 'c0111000-0000-0000-0000-000000000010', '斉藤拓馬',
   '[2.3,1.9,-0.3,0.5,-1.0,1.8,-0.1,0.3,0.3,1.7,1.0,-0.1,-0.5,1.4,-0.6,0.1,-1.4,-0.4,-0.8,0.7,-0.6]',
   '[4.5,3.9,3.6,2.3,2.1,1.8,3.0,2.8,2.9,4.7,4.4,4.1,3.9,3.1,3.3,2.4,2.2,2.0,1.8,1.7]',
   now()),
  ('c0211000-0000-0000-0000-000000000011', 'c0011000-0000-0000-0000-000000000004', 'c0111000-0000-0000-0000-000000000011', '原口真帆',
   '[2.0,2.1,-0.4,0.6,-1.2,2.0,-0.2,0.2,0.5,1.9,0.8,0.0,-0.4,1.2,-0.7,0.2,-1.5,-0.5,-0.9,0.5,-0.5]',
   '[4.3,3.7,3.4,2.4,2.2,1.9,3.1,2.9,3.0,4.5,4.2,3.9,3.7,3.2,3.4,2.5,2.3,2.1,1.9,1.8]',
   now()),
  ('c0211000-0000-0000-0000-000000000012', 'c0011000-0000-0000-0000-000000000004', 'c0111000-0000-0000-0000-000000000012', '北川翔一',
   '[1.8,1.7,-0.5,0.7,-0.9,1.6,-0.3,0.4,0.4,2.1,0.7,-0.2,-0.3,1.0,-0.5,0.0,-1.3,-0.3,-0.7,0.8,-0.7]',
   '[4.4,3.8,3.5,2.5,2.3,2.0,3.2,3.0,3.1,4.6,4.3,4.0,3.8,3.3,3.5,2.6,2.4,2.2,2.0,1.9]',
   now())
ON CONFLICT DO NOTHING;

INSERT INTO work_values_sessions (id, user_id, team_member_id, circular_triads, consistency_coefficient, consistency_level, purpose) VALUES
  ('c0311000-0000-0000-0000-000000000010', NULL, 'c0211000-0000-0000-0000-000000000010', 22, 0.943, 'high', 'team'),
  ('c0311000-0000-0000-0000-000000000011', NULL, 'c0211000-0000-0000-0000-000000000011', 28, 0.927, 'high', 'team'),
  ('c0311000-0000-0000-0000-000000000012', NULL, 'c0211000-0000-0000-0000-000000000012', 25, 0.935, 'high', 'team')
ON CONFLICT DO NOTHING;

UPDATE teams SET
  wv_vector = '[2.03,1.90,-0.40,0.60,-1.03,1.80,-0.20,0.30,0.40,1.90,0.83,-0.10,-0.40,1.20,-0.60,0.10,-1.40,-0.40,-0.80,0.67,-0.60]',
  ci_vector = '[4.40,3.80,3.50,2.40,2.20,1.90,3.10,2.90,3.00,4.60,4.30,4.00,3.80,3.20,3.40,2.50,2.30,2.10,1.90,1.80]'
WHERE id = 'c0011000-0000-0000-0000-000000000004';


-- ==== メディアブリッジ (suffix=12, メディア) ====

-- チーム
INSERT INTO teams (id, company_id, name, target_count) VALUES
  ('c0012000-0000-0000-0000-000000000001', 'b0000000-0000-0000-0000-000000000012', '編集チーム', 3),
  ('c0012000-0000-0000-0000-000000000002', 'b0000000-0000-0000-0000-000000000012', 'デジタルマーケチーム', 3),
  ('c0012000-0000-0000-0000-000000000003', 'b0000000-0000-0000-0000-000000000012', '広告営業チーム', 3)
ON CONFLICT DO NOTHING;

-- 招待（9名分）
INSERT INTO team_invitations (id, team_id, token, assigned_name, expires_at, used_at) VALUES
  ('c0112000-0000-0000-0000-000000000001', 'c0012000-0000-0000-0000-000000000001', 'media_edit_01', '石田彩華', now() + interval '30 days', now()),
  ('c0112000-0000-0000-0000-000000000002', 'c0012000-0000-0000-0000-000000000001', 'media_edit_02', '中野拓海', now() + interval '30 days', now()),
  ('c0112000-0000-0000-0000-000000000003', 'c0012000-0000-0000-0000-000000000001', 'media_edit_03', '遠藤詩織', now() + interval '30 days', now()),
  ('c0112000-0000-0000-0000-000000000004', 'c0012000-0000-0000-0000-000000000002', 'media_digi_01', '岩本浩太', now() + interval '30 days', now()),
  ('c0112000-0000-0000-0000-000000000005', 'c0012000-0000-0000-0000-000000000002', 'media_digi_02', '高田美咲', now() + interval '30 days', now()),
  ('c0112000-0000-0000-0000-000000000006', 'c0012000-0000-0000-0000-000000000002', 'media_digi_03', '服部陸', now() + interval '30 days', now()),
  ('c0112000-0000-0000-0000-000000000007', 'c0012000-0000-0000-0000-000000000003', 'media_ad_01', '五十嵐雅', now() + interval '30 days', now()),
  ('c0112000-0000-0000-0000-000000000008', 'c0012000-0000-0000-0000-000000000003', 'media_ad_02', '水野有紀', now() + interval '30 days', now()),
  ('c0112000-0000-0000-0000-000000000009', 'c0012000-0000-0000-0000-000000000003', 'media_ad_03', '近藤隆志', now() + interval '30 days', now())
ON CONFLICT DO NOTHING;

-- メンバー（診断済み）
INSERT INTO team_members (id, team_id, invitation_id, name, wv_vector, ci_vector, completed_at) VALUES
  -- 編集チーム（デザイン系寄り: creativity, social_service, variety高い / security, authority低い）
  ('c0212000-0000-0000-0000-000000000001', 'c0012000-0000-0000-0000-000000000001', 'c0112000-0000-0000-0000-000000000001', '石田彩華',
   '[0.9,0.7,-0.4,0.3,-1.5,1.1,0.0,-0.2,1.5,2.1,-0.4,0.8,0.5,0.3,-1.1,1.6,-1.6,-0.5,-0.6,1.3,-0.7]',
   '[3.4,4.1,3.9,2.3,2.1,1.8,2.7,2.5,2.6,3.5,3.3,3.1,2.9,2.8,3.0,2.4,2.8,2.6,2.5,2.3]',
   now()),
  ('c0212000-0000-0000-0000-000000000002', 'c0012000-0000-0000-0000-000000000001', 'c0112000-0000-0000-0000-000000000002', '中野拓海',
   '[1.1,0.5,-0.2,0.1,-1.3,0.9,0.2,-0.4,1.3,1.9,-0.2,1.0,0.3,0.1,-1.3,1.8,-1.8,-0.3,-0.8,1.5,-0.5]',
   '[3.6,3.9,3.7,2.4,2.2,1.9,2.8,2.6,2.7,3.7,3.5,3.3,3.1,2.7,2.9,2.3,2.9,2.7,2.6,2.4]',
   now()),
  ('c0212000-0000-0000-0000-000000000003', 'c0012000-0000-0000-0000-000000000001', 'c0112000-0000-0000-0000-000000000003', '遠藤詩織',
   '[0.7,0.9,-0.6,0.5,-1.7,1.3,-0.2,0.0,1.7,2.3,-0.6,0.6,0.7,0.5,-0.9,1.4,-1.4,-0.7,-0.4,1.1,-0.9]',
   '[3.2,4.3,4.1,2.2,2.0,1.7,2.6,2.4,2.5,3.3,3.1,2.9,2.7,2.9,3.1,2.5,2.7,2.5,2.4,2.2]',
   now()),
  -- デジタルマーケチーム（ビジネス系+テック寄り: achievement, creativity, advancement高い / security低い）
  ('c0212000-0000-0000-0000-000000000004', 'c0012000-0000-0000-0000-000000000002', 'c0112000-0000-0000-0000-000000000004', '岩本浩太',
   '[1.2,1.9,0.0,1.5,0.3,0.8,0.1,0.9,0.4,1.3,0.5,0.0,1.0,0.6,-0.9,0.2,0.1,-0.4,-0.2,0.4,-0.8]',
   '[3.6,3.4,3.2,3.2,3.0,2.8,3.4,3.2,3.3,3.8,3.6,3.4,3.2,3.0,3.2,2.6,2.8,2.6,2.5,2.3]',
   now()),
  ('c0212000-0000-0000-0000-000000000005', 'c0012000-0000-0000-0000-000000000002', 'c0112000-0000-0000-0000-000000000005', '高田美咲',
   '[1.0,2.1,0.2,1.3,0.5,0.6,0.3,0.7,0.6,1.5,0.3,0.2,1.2,0.4,-0.7,0.4,-0.1,-0.6,-0.4,0.2,-1.0]',
   '[3.4,3.2,3.0,3.3,3.1,2.9,3.5,3.3,3.4,4.0,3.8,3.6,3.4,2.8,3.0,2.5,2.7,2.5,2.4,2.2]',
   now()),
  ('c0212000-0000-0000-0000-000000000006', 'c0012000-0000-0000-0000-000000000002', 'c0112000-0000-0000-0000-000000000006', '服部陸',
   '[1.4,1.7,-0.2,1.7,0.1,1.0,-0.1,1.1,0.2,1.1,0.7,-0.2,0.8,0.8,-1.1,0.0,0.3,-0.2,0.0,0.6,-0.6]',
   '[3.8,3.6,3.4,3.1,2.9,2.7,3.3,3.1,3.2,3.6,3.4,3.2,3.0,3.2,3.4,2.7,2.9,2.7,2.6,2.4]',
   now()),
  -- 広告営業チーム（ビジネス系: achievement, advancement, recognition, compensation高い / creativity低い）
  ('c0212000-0000-0000-0000-000000000007', 'c0012000-0000-0000-0000-000000000003', 'c0112000-0000-0000-0000-000000000007', '五十嵐雅',
   '[0.3,2.0,0.3,1.9,0.8,0.1,0.3,1.6,0.4,-0.5,0.0,0.1,1.7,0.6,-0.1,0.2,0.6,-0.2,0.0,-0.8,-0.6]',
   '[3.0,2.8,2.6,3.5,3.3,3.1,3.8,3.6,3.7,3.0,2.8,2.6,2.4,3.0,3.2,2.8,3.5,3.3,3.1,2.9]',
   now()),
  ('c0212000-0000-0000-0000-000000000008', 'c0012000-0000-0000-0000-000000000003', 'c0112000-0000-0000-0000-000000000008', '水野有紀',
   '[0.5,1.8,0.1,2.1,0.6,0.3,0.5,1.4,0.6,-0.3,0.2,0.3,1.5,0.4,-0.3,0.4,0.4,0.0,0.2,-0.6,-0.4]',
   '[2.8,2.6,2.4,3.3,3.1,2.9,3.6,3.4,3.5,3.2,3.0,2.8,2.6,2.8,3.0,2.6,3.3,3.1,2.9,2.7]',
   now()),
  ('c0212000-0000-0000-0000-000000000009', 'c0012000-0000-0000-0000-000000000003', 'c0112000-0000-0000-0000-000000000009', '近藤隆志',
   '[0.1,2.2,0.5,1.7,1.0,0.5,0.1,1.8,0.2,-0.7,0.1,-0.1,1.9,0.8,-0.5,0.0,0.8,-0.4,-0.2,-1.0,-0.8]',
   '[3.2,3.0,2.8,3.7,3.5,3.3,3.9,3.7,3.8,2.8,2.6,2.4,2.2,3.2,3.4,3.0,3.7,3.5,3.3,3.1]',
   now())
ON CONFLICT DO NOTHING;

-- セッション
INSERT INTO work_values_sessions (id, user_id, team_member_id, circular_triads, consistency_coefficient, consistency_level, purpose) VALUES
  ('c0312000-0000-0000-0000-000000000001', NULL, 'c0212000-0000-0000-0000-000000000001', 24, 0.938, 'high', 'team'),
  ('c0312000-0000-0000-0000-000000000002', NULL, 'c0212000-0000-0000-0000-000000000002', 29, 0.925, 'high', 'team'),
  ('c0312000-0000-0000-0000-000000000003', NULL, 'c0212000-0000-0000-0000-000000000003', 32, 0.917, 'high', 'team'),
  ('c0312000-0000-0000-0000-000000000004', NULL, 'c0212000-0000-0000-0000-000000000004', 26, 0.932, 'high', 'team'),
  ('c0312000-0000-0000-0000-000000000005', NULL, 'c0212000-0000-0000-0000-000000000005', 21, 0.945, 'high', 'team'),
  ('c0312000-0000-0000-0000-000000000006', NULL, 'c0212000-0000-0000-0000-000000000006', 35, 0.909, 'high', 'team'),
  ('c0312000-0000-0000-0000-000000000007', NULL, 'c0212000-0000-0000-0000-000000000007', 28, 0.927, 'high', 'team'),
  ('c0312000-0000-0000-0000-000000000008', NULL, 'c0212000-0000-0000-0000-000000000008', 23, 0.940, 'high', 'team'),
  ('c0312000-0000-0000-0000-000000000009', NULL, 'c0212000-0000-0000-0000-000000000009', 30, 0.922, 'high', 'team')
ON CONFLICT DO NOTHING;

-- チームベクトル
UPDATE teams SET
  wv_vector = '[0.90,0.70,-0.40,0.30,-1.50,1.10,0.00,-0.20,1.50,2.10,-0.40,0.80,0.50,0.30,-1.10,1.60,-1.60,-0.50,-0.60,1.30,-0.70]',
  ci_vector = '[3.40,4.10,3.90,2.30,2.10,1.80,2.70,2.50,2.60,3.50,3.30,3.10,2.90,2.80,3.00,2.40,2.80,2.60,2.50,2.30]'
WHERE id = 'c0012000-0000-0000-0000-000000000001';

UPDATE teams SET
  wv_vector = '[1.20,1.90,0.00,1.50,0.30,0.80,0.10,0.90,0.40,1.30,0.50,0.00,1.00,0.60,-0.90,0.20,0.10,-0.40,-0.20,0.40,-0.80]',
  ci_vector = '[3.60,3.40,3.20,3.20,3.00,2.80,3.40,3.20,3.30,3.80,3.60,3.40,3.20,3.00,3.20,2.60,2.80,2.60,2.50,2.30]'
WHERE id = 'c0012000-0000-0000-0000-000000000002';

UPDATE teams SET
  wv_vector = '[0.30,2.00,0.30,1.90,0.80,0.30,0.30,1.60,0.40,-0.50,0.10,0.10,1.70,0.60,-0.30,0.20,0.60,-0.20,0.00,-0.80,-0.60]',
  ci_vector = '[3.00,2.80,2.60,3.50,3.30,3.10,3.77,3.57,3.67,3.00,2.80,2.60,2.40,3.00,3.20,2.80,3.50,3.30,3.10,2.90]'
WHERE id = 'c0012000-0000-0000-0000-000000000003';


-- ==== ヴィタリス (suffix=13, スポーツ・ウェルネス) ====

-- チーム
INSERT INTO teams (id, company_id, name, target_count) VALUES
  ('c0013000-0000-0000-0000-000000000001', 'b0000000-0000-0000-0000-000000000013', 'トレーナーチーム', 3),
  ('c0013000-0000-0000-0000-000000000002', 'b0000000-0000-0000-0000-000000000013', 'サービス開発チーム', 3),
  ('c0013000-0000-0000-0000-000000000003', 'b0000000-0000-0000-0000-000000000013', 'マーケティング戦略チーム', 3)
ON CONFLICT DO NOTHING;

-- 招待（9名分）
INSERT INTO team_invitations (id, team_id, token, assigned_name, expires_at, used_at) VALUES
  ('c0113000-0000-0000-0000-000000000001', 'c0013000-0000-0000-0000-000000000001', 'vitalis_trainer_01', '太田健吾', now() + interval '30 days', now()),
  ('c0113000-0000-0000-0000-000000000002', 'c0013000-0000-0000-0000-000000000001', 'vitalis_trainer_02', '本田さくら', now() + interval '30 days', now()),
  ('c0113000-0000-0000-0000-000000000003', 'c0013000-0000-0000-0000-000000000001', 'vitalis_trainer_03', '小松龍之介', now() + interval '30 days', now()),
  ('c0113000-0000-0000-0000-000000000004', 'c0013000-0000-0000-0000-000000000002', 'vitalis_svc_01', '田村明日香', now() + interval '30 days', now()),
  ('c0113000-0000-0000-0000-000000000005', 'c0013000-0000-0000-0000-000000000002', 'vitalis_svc_02', '沢田啓介', now() + interval '30 days', now()),
  ('c0113000-0000-0000-0000-000000000006', 'c0013000-0000-0000-0000-000000000002', 'vitalis_svc_03', '島田優花', now() + interval '30 days', now()),
  ('c0113000-0000-0000-0000-000000000007', 'c0013000-0000-0000-0000-000000000003', 'vitalis_mkt_01', '阿部勇気', now() + interval '30 days', now()),
  ('c0113000-0000-0000-0000-000000000008', 'c0013000-0000-0000-0000-000000000003', 'vitalis_mkt_02', '栗原真紀', now() + interval '30 days', now()),
  ('c0113000-0000-0000-0000-000000000009', 'c0013000-0000-0000-0000-000000000003', 'vitalis_mkt_03', '富田裕介', now() + interval '30 days', now())
ON CONFLICT DO NOTHING;

-- メンバー（診断済み）
INSERT INTO team_members (id, team_id, invitation_id, name, wv_vector, ci_vector, completed_at) VALUES
  -- トレーナーチーム（CS系: co_workers, social_service, moral_values高い / authority低い）
  ('c0213000-0000-0000-0000-000000000001', 'c0013000-0000-0000-0000-000000000001', 'c0113000-0000-0000-0000-000000000001', '太田健吾',
   '[0.4,0.6,-0.1,0.0,-1.7,0.3,0.5,0.1,1.9,0.1,0.0,1.6,0.4,0.1,0.7,2.0,-1.4,0.8,0.4,-0.4,-0.2]',
   '[2.9,2.7,2.5,2.3,2.1,1.9,2.7,2.5,2.6,3.1,2.9,2.7,2.5,3.9,4.1,3.7,3.3,3.1,2.9,2.7]',
   now()),
  ('c0213000-0000-0000-0000-000000000002', 'c0013000-0000-0000-0000-000000000001', 'c0113000-0000-0000-0000-000000000002', '本田さくら',
   '[0.6,0.4,0.1,0.2,-1.5,0.1,0.3,-0.1,2.1,0.3,-0.2,1.8,0.6,0.3,0.5,2.2,-1.6,1.0,0.6,-0.2,0.0]',
   '[3.1,2.9,2.7,2.4,2.2,2.0,2.8,2.6,2.7,3.3,3.1,2.9,2.7,4.1,4.3,3.9,3.5,3.3,3.1,2.9]',
   now()),
  ('c0213000-0000-0000-0000-000000000003', 'c0013000-0000-0000-0000-000000000001', 'c0113000-0000-0000-0000-000000000003', '小松龍之介',
   '[0.2,0.8,-0.3,-0.2,-1.9,0.5,0.7,0.3,1.7,-0.1,0.2,1.4,0.2,-0.1,0.9,1.8,-1.2,0.6,0.2,-0.6,-0.4]',
   '[2.7,2.5,2.3,2.2,2.0,1.8,2.6,2.4,2.5,2.9,2.7,2.5,2.3,3.7,3.9,3.5,3.1,2.9,2.7,2.5]',
   now()),
  -- サービス開発チーム（エンジニア系: autonomy, creativity, ability_utilization高い / authority, social_status低い）
  ('c0213000-0000-0000-0000-000000000004', 'c0013000-0000-0000-0000-000000000002', 'c0113000-0000-0000-0000-000000000004', '田村明日香',
   '[2.0,1.7,-0.4,0.5,-1.2,2.0,-0.3,0.3,0.6,1.8,0.7,-0.1,-0.4,1.1,-0.7,0.2,-1.5,-0.4,-0.8,0.1,-0.9]',
   '[4.3,3.7,3.4,2.5,2.3,2.0,3.1,2.9,3.0,4.5,4.1,3.9,3.7,3.2,3.4,2.6,2.4,2.2,2.0,1.9]',
   now()),
  ('c0213000-0000-0000-0000-000000000005', 'c0013000-0000-0000-0000-000000000002', 'c0113000-0000-0000-0000-000000000005', '沢田啓介',
   '[1.8,1.5,-0.6,0.7,-1.0,1.8,-0.1,0.5,0.4,2.0,0.9,0.1,-0.6,1.3,-0.5,0.0,-1.3,-0.6,-1.0,-0.1,-1.1]',
   '[4.1,3.5,3.2,2.6,2.4,2.1,3.2,3.0,3.1,4.3,3.9,3.7,3.5,3.4,3.6,2.7,2.5,2.3,2.1,2.0]',
   now()),
  ('c0213000-0000-0000-0000-000000000006', 'c0013000-0000-0000-0000-000000000002', 'c0113000-0000-0000-0000-000000000006', '島田優花',
   '[2.2,1.9,-0.2,0.3,-1.4,1.6,-0.5,0.1,0.8,1.6,0.5,-0.3,-0.2,0.9,-0.9,0.4,-1.7,-0.2,-0.6,0.3,-0.7]',
   '[4.5,3.9,3.6,2.4,2.2,1.9,3.0,2.8,2.9,4.7,4.3,4.1,3.9,3.0,3.2,2.5,2.3,2.1,1.9,1.8]',
   now()),
  -- マーケティング戦略チーム（ビジネス系: achievement, advancement, recognition, compensation高い / creativity低い）
  ('c0213000-0000-0000-0000-000000000007', 'c0013000-0000-0000-0000-000000000003', 'c0113000-0000-0000-0000-000000000007', '阿部勇気',
   '[0.5,2.1,0.0,1.8,0.7,0.2,0.4,1.5,0.3,-0.4,0.1,0.3,1.7,0.6,-0.2,0.3,0.5,-0.1,0.0,-0.7,-0.5]',
   '[3.1,2.9,2.7,3.5,3.3,3.1,3.8,3.6,3.7,3.1,2.9,2.7,2.5,3.0,3.2,2.8,3.5,3.3,3.1,2.9]',
   now()),
  ('c0213000-0000-0000-0000-000000000008', 'c0013000-0000-0000-0000-000000000003', 'c0113000-0000-0000-0000-000000000008', '栗原真紀',
   '[0.7,1.9,-0.2,2.0,0.5,0.0,0.6,1.3,0.5,-0.2,0.3,0.5,1.5,0.4,0.0,0.5,0.3,0.1,0.2,-0.9,-0.3]',
   '[2.9,2.7,2.5,3.3,3.1,2.9,3.6,3.4,3.5,3.3,3.1,2.9,2.7,2.8,3.0,2.6,3.3,3.1,2.9,2.7]',
   now()),
  ('c0213000-0000-0000-0000-000000000009', 'c0013000-0000-0000-0000-000000000003', 'c0113000-0000-0000-0000-000000000009', '富田裕介',
   '[0.3,2.3,0.2,1.6,0.9,0.4,0.2,1.7,0.1,-0.6,0.0,0.1,1.9,0.8,-0.4,0.1,0.7,-0.3,-0.2,-0.5,-0.7]',
   '[3.3,3.1,2.9,3.7,3.5,3.3,3.9,3.7,3.8,2.9,2.7,2.5,2.3,3.2,3.4,3.0,3.7,3.5,3.3,3.1]',
   now())
ON CONFLICT DO NOTHING;

-- セッション
INSERT INTO work_values_sessions (id, user_id, team_member_id, circular_triads, consistency_coefficient, consistency_level, purpose) VALUES
  ('c0313000-0000-0000-0000-000000000001', NULL, 'c0213000-0000-0000-0000-000000000001', 27, 0.930, 'high', 'team'),
  ('c0313000-0000-0000-0000-000000000002', NULL, 'c0213000-0000-0000-0000-000000000002', 22, 0.943, 'high', 'team'),
  ('c0313000-0000-0000-0000-000000000003', NULL, 'c0213000-0000-0000-0000-000000000003', 31, 0.919, 'high', 'team'),
  ('c0313000-0000-0000-0000-000000000004', NULL, 'c0213000-0000-0000-0000-000000000004', 25, 0.935, 'high', 'team'),
  ('c0313000-0000-0000-0000-000000000005', NULL, 'c0213000-0000-0000-0000-000000000005', 33, 0.914, 'high', 'team'),
  ('c0313000-0000-0000-0000-000000000006', NULL, 'c0213000-0000-0000-0000-000000000006', 20, 0.948, 'high', 'team'),
  ('c0313000-0000-0000-0000-000000000007', NULL, 'c0213000-0000-0000-0000-000000000007', 29, 0.925, 'high', 'team'),
  ('c0313000-0000-0000-0000-000000000008', NULL, 'c0213000-0000-0000-0000-000000000008', 24, 0.938, 'high', 'team'),
  ('c0313000-0000-0000-0000-000000000009', NULL, 'c0213000-0000-0000-0000-000000000009', 36, 0.906, 'high', 'team')
ON CONFLICT DO NOTHING;

-- チームベクトル
UPDATE teams SET
  wv_vector = '[0.40,0.60,-0.10,0.00,-1.70,0.30,0.50,0.10,1.90,0.10,0.00,1.60,0.40,0.10,0.70,2.00,-1.40,0.80,0.40,-0.40,-0.20]',
  ci_vector = '[2.90,2.70,2.50,2.30,2.10,1.90,2.70,2.50,2.60,3.10,2.90,2.70,2.50,3.90,4.10,3.70,3.30,3.10,2.90,2.70]'
WHERE id = 'c0013000-0000-0000-0000-000000000001';

UPDATE teams SET
  wv_vector = '[2.00,1.70,-0.40,0.50,-1.20,1.80,-0.30,0.30,0.60,1.80,0.70,-0.10,-0.40,1.10,-0.70,0.20,-1.50,-0.40,-0.80,0.10,-0.90]',
  ci_vector = '[4.30,3.70,3.40,2.50,2.30,2.00,3.10,2.90,3.00,4.50,4.10,3.90,3.70,3.20,3.40,2.60,2.40,2.20,2.00,1.90]'
WHERE id = 'c0013000-0000-0000-0000-000000000002';

UPDATE teams SET
  wv_vector = '[0.50,2.10,0.00,1.80,0.70,0.20,0.40,1.50,0.30,-0.40,0.13,0.30,1.70,0.60,-0.20,0.30,0.50,-0.10,0.00,-0.70,-0.50]',
  ci_vector = '[3.10,2.90,2.70,3.50,3.30,3.10,3.77,3.57,3.67,3.10,2.90,2.70,2.50,3.00,3.20,2.80,3.50,3.30,3.10,2.90]'
WHERE id = 'c0013000-0000-0000-0000-000000000003';

-- 4チーム目: 法人営業チーム
INSERT INTO teams (id, company_id, name, target_count) VALUES
  ('c0013000-0000-0000-0000-000000000004', 'b0000000-0000-0000-0000-000000000013', '法人営業チーム', 3)
ON CONFLICT DO NOTHING;

INSERT INTO team_invitations (id, team_id, token, assigned_name, expires_at, used_at) VALUES
  ('c0113000-0000-0000-0000-000000000010', 'c0013000-0000-0000-0000-000000000004', 'vitalis_sales_01', '松井康平', now() + interval '30 days', now()),
  ('c0113000-0000-0000-0000-000000000011', 'c0013000-0000-0000-0000-000000000004', 'vitalis_sales_02', '新井奈々', now() + interval '30 days', now()),
  ('c0113000-0000-0000-0000-000000000012', 'c0013000-0000-0000-0000-000000000004', 'vitalis_sales_03', '吉岡圭介', now() + interval '30 days', now())
ON CONFLICT DO NOTHING;

INSERT INTO team_members (id, team_id, invitation_id, name, wv_vector, ci_vector, completed_at) VALUES
  ('c0213000-0000-0000-0000-000000000010', 'c0013000-0000-0000-0000-000000000004', 'c0113000-0000-0000-0000-000000000010', '松井康平',
   '[0.5,2.1,0.0,1.8,0.7,0.2,0.3,1.5,0.6,-0.3,0.1,0.4,1.6,0.5,-0.2,0.8,0.4,-0.1,0.0,-0.5,-0.4]',
   '[3.0,2.8,2.6,3.5,3.3,3.1,3.8,3.6,3.7,3.1,2.9,2.7,2.5,2.9,3.1,2.7,3.4,3.2,3.0,2.8]',
   now()),
  ('c0213000-0000-0000-0000-000000000011', 'c0013000-0000-0000-0000-000000000004', 'c0113000-0000-0000-0000-000000000011', '新井奈々',
   '[0.6,1.9,0.1,1.7,0.8,0.3,0.4,1.3,0.8,-0.2,0.0,0.5,1.5,0.4,-0.1,1.0,0.3,0.0,0.1,-0.6,-0.3]',
   '[3.1,2.9,2.7,3.4,3.2,3.0,3.7,3.5,3.6,3.2,3.0,2.8,2.6,3.0,3.2,2.8,3.5,3.3,3.1,2.9]',
   now()),
  ('c0213000-0000-0000-0000-000000000012', 'c0013000-0000-0000-0000-000000000004', 'c0113000-0000-0000-0000-000000000012', '吉岡圭介',
   '[0.4,2.0,-0.1,1.9,0.6,0.1,0.2,1.6,0.5,-0.4,0.2,0.3,1.7,0.6,-0.3,0.7,0.5,-0.2,0.0,-0.7,-0.5]',
   '[2.9,2.7,2.5,3.6,3.4,3.2,3.9,3.7,3.8,3.0,2.8,2.6,2.4,2.8,3.0,2.6,3.3,3.1,2.9,2.7]',
   now())
ON CONFLICT DO NOTHING;

INSERT INTO work_values_sessions (id, user_id, team_member_id, circular_triads, consistency_coefficient, consistency_level, purpose) VALUES
  ('c0313000-0000-0000-0000-000000000010', NULL, 'c0213000-0000-0000-0000-000000000010', 26, 0.932, 'high', 'team'),
  ('c0313000-0000-0000-0000-000000000011', NULL, 'c0213000-0000-0000-0000-000000000011', 30, 0.922, 'high', 'team'),
  ('c0313000-0000-0000-0000-000000000012', NULL, 'c0213000-0000-0000-0000-000000000012', 24, 0.938, 'high', 'team')
ON CONFLICT DO NOTHING;

UPDATE teams SET
  wv_vector = '[0.50,2.00,0.00,1.80,0.70,0.20,0.30,1.47,0.63,-0.30,0.10,0.40,1.60,0.50,-0.20,0.83,0.40,-0.10,0.03,-0.60,-0.40]',
  ci_vector = '[3.00,2.80,2.60,3.50,3.30,3.10,3.80,3.60,3.70,3.10,2.90,2.70,2.50,2.90,3.10,2.70,3.40,3.20,3.00,2.80]'
WHERE id = 'c0013000-0000-0000-0000-000000000004';


-- ==== リーガルスクエア (suffix=14, リーガルテック) ====

-- チーム
INSERT INTO teams (id, company_id, name, target_count) VALUES
  ('c0014000-0000-0000-0000-000000000001', 'b0000000-0000-0000-0000-000000000014', 'リーガルAI開発チーム', 3),
  ('c0014000-0000-0000-0000-000000000002', 'b0000000-0000-0000-0000-000000000014', '法務コンサルチーム', 3),
  ('c0014000-0000-0000-0000-000000000003', 'b0000000-0000-0000-0000-000000000014', 'カスタマーサポートチーム', 3)
ON CONFLICT DO NOTHING;

-- 招待（9名分）
INSERT INTO team_invitations (id, team_id, token, assigned_name, expires_at, used_at) VALUES
  ('c0114000-0000-0000-0000-000000000001', 'c0014000-0000-0000-0000-000000000001', 'legal_ai_01', '桜井優斗', now() + interval '30 days', now()),
  ('c0114000-0000-0000-0000-000000000002', 'c0014000-0000-0000-0000-000000000001', 'legal_ai_02', '吉田茜', now() + interval '30 days', now()),
  ('c0114000-0000-0000-0000-000000000003', 'c0014000-0000-0000-0000-000000000001', 'legal_ai_03', '佐藤陽一', now() + interval '30 days', now()),
  ('c0114000-0000-0000-0000-000000000004', 'c0014000-0000-0000-0000-000000000002', 'legal_consul_01', '鈴木美波', now() + interval '30 days', now()),
  ('c0114000-0000-0000-0000-000000000005', 'c0014000-0000-0000-0000-000000000002', 'legal_consul_02', '田中雄一郎', now() + interval '30 days', now()),
  ('c0114000-0000-0000-0000-000000000006', 'c0014000-0000-0000-0000-000000000002', 'legal_consul_03', '山田里奈', now() + interval '30 days', now()),
  ('c0114000-0000-0000-0000-000000000007', 'c0014000-0000-0000-0000-000000000003', 'legal_cs_01', '伊東翔太', now() + interval '30 days', now()),
  ('c0114000-0000-0000-0000-000000000008', 'c0014000-0000-0000-0000-000000000003', 'legal_cs_02', '斉藤春香', now() + interval '30 days', now()),
  ('c0114000-0000-0000-0000-000000000009', 'c0014000-0000-0000-0000-000000000003', 'legal_cs_03', '渡部啓太', now() + interval '30 days', now())
ON CONFLICT DO NOTHING;

-- メンバー（診断済み）
INSERT INTO team_members (id, team_id, invitation_id, name, wv_vector, ci_vector, completed_at) VALUES
  -- リーガルAI開発チーム（エンジニア系: autonomy, creativity, ability_utilization高い / authority, social_status低い）
  ('c0214000-0000-0000-0000-000000000001', 'c0014000-0000-0000-0000-000000000001', 'c0114000-0000-0000-0000-000000000001', '桜井優斗',
   '[2.1,1.8,-0.3,0.6,-1.1,1.9,-0.1,0.4,0.5,1.8,0.9,-0.2,-0.5,1.2,-0.6,0.1,-1.4,-0.5,-0.9,0.0,-1.0]',
   '[4.3,3.7,3.4,2.5,2.3,2.0,3.2,3.0,3.1,4.5,4.1,3.9,3.7,3.3,3.5,2.6,2.4,2.2,2.0,1.9]',
   now()),
  ('c0214000-0000-0000-0000-000000000002', 'c0014000-0000-0000-0000-000000000001', 'c0114000-0000-0000-0000-000000000002', '吉田茜',
   '[1.9,2.0,-0.5,0.4,-1.3,2.1,-0.3,0.2,0.7,2.0,0.7,0.0,-0.3,1.0,-0.8,0.3,-1.6,-0.3,-0.7,-0.2,-1.2]',
   '[4.1,3.5,3.2,2.6,2.4,2.1,3.3,3.1,3.2,4.3,3.9,3.7,3.5,3.5,3.7,2.7,2.5,2.3,2.1,2.0]',
   now()),
  ('c0214000-0000-0000-0000-000000000003', 'c0014000-0000-0000-0000-000000000001', 'c0114000-0000-0000-0000-000000000003', '佐藤陽一',
   '[2.3,1.6,-0.1,0.8,-0.9,1.7,0.1,0.6,0.3,1.6,1.1,-0.4,-0.7,1.4,-0.4,-0.1,-1.2,-0.7,-1.1,0.2,-0.8]',
   '[4.5,3.9,3.6,2.4,2.2,1.9,3.1,2.9,3.0,4.7,4.3,4.1,3.9,3.1,3.3,2.5,2.3,2.1,1.9,1.8]',
   now()),
  -- 法務コンサルチーム（ビジネス系+moral_values: achievement, moral_values, recognition高い / creativity低い）
  ('c0214000-0000-0000-0000-000000000004', 'c0014000-0000-0000-0000-000000000002', 'c0114000-0000-0000-0000-000000000004', '鈴木美波',
   '[0.6,1.8,0.0,1.5,0.4,0.2,0.8,1.0,0.5,-0.5,0.3,1.7,1.4,0.7,0.2,0.5,0.2,0.1,0.0,-0.8,-0.4]',
   '[3.0,2.8,2.6,3.2,3.0,2.8,3.4,3.2,3.3,3.0,2.8,2.6,2.4,3.2,3.4,3.0,3.6,3.4,3.2,3.0]',
   now()),
  ('c0214000-0000-0000-0000-000000000005', 'c0014000-0000-0000-0000-000000000002', 'c0114000-0000-0000-0000-000000000005', '田中雄一郎',
   '[0.4,2.0,0.2,1.7,0.6,0.0,1.0,0.8,0.3,-0.7,0.5,1.9,1.6,0.5,0.0,0.3,0.4,-0.1,0.2,-1.0,-0.6]',
   '[3.2,3.0,2.8,3.4,3.2,3.0,3.6,3.4,3.5,2.8,2.6,2.4,2.2,3.4,3.6,3.2,3.8,3.6,3.4,3.2]',
   now()),
  ('c0214000-0000-0000-0000-000000000006', 'c0014000-0000-0000-0000-000000000002', 'c0114000-0000-0000-0000-000000000006', '山田里奈',
   '[0.8,1.6,-0.2,1.3,0.2,0.4,0.6,1.2,0.7,-0.3,0.1,1.5,1.2,0.9,0.4,0.7,0.0,0.3,-0.2,-0.6,-0.2]',
   '[2.8,2.6,2.4,3.0,2.8,2.6,3.2,3.0,3.1,3.2,3.0,2.8,2.6,3.0,3.2,2.8,3.4,3.2,3.0,2.8]',
   now()),
  -- カスタマーサポートチーム（CS系: co_workers, social_service, moral_values高い / authority低い）
  ('c0214000-0000-0000-0000-000000000007', 'c0014000-0000-0000-0000-000000000003', 'c0114000-0000-0000-0000-000000000007', '伊東翔太',
   '[0.3,0.5,-0.2,0.1,-1.6,0.4,0.6,0.2,1.8,0.0,0.1,1.5,0.3,0.0,0.8,1.7,-1.3,0.7,0.5,-0.5,-0.3]',
   '[2.8,2.6,2.4,2.2,2.0,1.8,2.6,2.4,2.5,3.0,2.8,2.6,2.4,3.8,4.0,3.6,3.4,3.2,3.0,2.8]',
   now()),
  ('c0214000-0000-0000-0000-000000000008', 'c0014000-0000-0000-0000-000000000003', 'c0114000-0000-0000-0000-000000000008', '斉藤春香',
   '[0.5,0.3,0.0,0.3,-1.4,0.2,0.4,0.0,2.0,0.2,-0.1,1.7,0.5,0.2,0.6,1.9,-1.5,0.9,0.7,-0.3,-0.1]',
   '[3.0,2.8,2.6,2.4,2.2,2.0,2.8,2.6,2.7,3.2,3.0,2.8,2.6,4.0,4.2,3.8,3.6,3.4,3.2,3.0]',
   now()),
  ('c0214000-0000-0000-0000-000000000009', 'c0014000-0000-0000-0000-000000000003', 'c0114000-0000-0000-0000-000000000009', '渡部啓太',
   '[0.1,0.7,-0.4,-0.1,-1.8,0.6,0.8,0.4,1.6,-0.2,0.3,1.3,0.1,-0.2,1.0,1.5,-1.1,0.5,0.3,-0.7,-0.5]',
   '[2.6,2.4,2.2,2.0,1.8,1.6,2.4,2.2,2.3,2.8,2.6,2.4,2.2,3.6,3.8,3.4,3.2,3.0,2.8,2.6]',
   now())
ON CONFLICT DO NOTHING;

-- セッション
INSERT INTO work_values_sessions (id, user_id, team_member_id, circular_triads, consistency_coefficient, consistency_level, purpose) VALUES
  ('c0314000-0000-0000-0000-000000000001', NULL, 'c0214000-0000-0000-0000-000000000001', 23, 0.940, 'high', 'team'),
  ('c0314000-0000-0000-0000-000000000002', NULL, 'c0214000-0000-0000-0000-000000000002', 28, 0.927, 'high', 'team'),
  ('c0314000-0000-0000-0000-000000000003', NULL, 'c0214000-0000-0000-0000-000000000003', 34, 0.912, 'high', 'team'),
  ('c0314000-0000-0000-0000-000000000004', NULL, 'c0214000-0000-0000-0000-000000000004', 26, 0.932, 'high', 'team'),
  ('c0314000-0000-0000-0000-000000000005', NULL, 'c0214000-0000-0000-0000-000000000005', 30, 0.922, 'high', 'team'),
  ('c0314000-0000-0000-0000-000000000006', NULL, 'c0214000-0000-0000-0000-000000000006', 21, 0.945, 'high', 'team'),
  ('c0314000-0000-0000-0000-000000000007', NULL, 'c0214000-0000-0000-0000-000000000007', 25, 0.935, 'high', 'team'),
  ('c0314000-0000-0000-0000-000000000008', NULL, 'c0214000-0000-0000-0000-000000000008', 32, 0.917, 'high', 'team'),
  ('c0314000-0000-0000-0000-000000000009', NULL, 'c0214000-0000-0000-0000-000000000009', 27, 0.930, 'high', 'team')
ON CONFLICT DO NOTHING;

-- チームベクトル
UPDATE teams SET
  wv_vector = '[2.10,1.80,-0.30,0.60,-1.10,1.90,-0.10,0.40,0.50,1.80,0.90,-0.20,-0.50,1.20,-0.60,0.10,-1.40,-0.50,-0.90,0.00,-1.00]',
  ci_vector = '[4.30,3.70,3.40,2.50,2.30,2.00,3.20,3.00,3.10,4.50,4.10,3.90,3.70,3.30,3.50,2.60,2.40,2.20,2.00,1.90]'
WHERE id = 'c0014000-0000-0000-0000-000000000001';

UPDATE teams SET
  wv_vector = '[0.60,1.80,0.00,1.50,0.40,0.20,0.80,1.00,0.50,-0.50,0.30,1.70,1.40,0.70,0.20,0.50,0.20,0.10,0.00,-0.80,-0.40]',
  ci_vector = '[3.00,2.80,2.60,3.20,3.00,2.80,3.40,3.20,3.30,3.00,2.80,2.60,2.40,3.20,3.40,3.00,3.60,3.40,3.20,3.00]'
WHERE id = 'c0014000-0000-0000-0000-000000000002';

UPDATE teams SET
  wv_vector = '[0.30,0.50,-0.20,0.10,-1.60,0.40,0.60,0.20,1.80,0.00,0.10,1.50,0.30,0.00,0.80,1.70,-1.30,0.70,0.50,-0.50,-0.30]',
  ci_vector = '[2.80,2.60,2.40,2.20,2.00,1.80,2.60,2.40,2.50,3.00,2.80,2.60,2.40,3.80,4.00,3.60,3.40,3.20,3.00,2.80]'
WHERE id = 'c0014000-0000-0000-0000-000000000003';



-- ==== スタイルシンク (suffix=15) ====

-- チーム
INSERT INTO teams (id, company_id, name, target_count) VALUES
  ('c0015000-0000-0000-0000-000000000001', 'b0000000-0000-0000-0000-000000000015', 'デザイナーチーム', 3),
  ('c0015000-0000-0000-0000-000000000002', 'b0000000-0000-0000-0000-000000000015', 'MD・バイヤーチーム', 3),
  ('c0015000-0000-0000-0000-000000000003', 'b0000000-0000-0000-0000-000000000015', 'エンジニアチーム', 3)
ON CONFLICT DO NOTHING;

-- 招待（9名分）
INSERT INTO team_invitations (id, team_id, token, assigned_name, expires_at, used_at) VALUES
  ('c0115000-0000-0000-0000-000000000001', 'c0015000-0000-0000-0000-000000000001', 'stylesync_design_01', '相川莉子', now() + interval '30 days', now()),
  ('c0115000-0000-0000-0000-000000000002', 'c0015000-0000-0000-0000-000000000001', 'stylesync_design_02', '藤原陽菜', now() + interval '30 days', now()),
  ('c0115000-0000-0000-0000-000000000003', 'c0015000-0000-0000-0000-000000000001', 'stylesync_design_03', '上野翔太', now() + interval '30 days', now()),
  ('c0115000-0000-0000-0000-000000000004', 'c0015000-0000-0000-0000-000000000002', 'stylesync_md_01', '西村美月', now() + interval '30 days', now()),
  ('c0115000-0000-0000-0000-000000000005', 'c0015000-0000-0000-0000-000000000002', 'stylesync_md_02', '原田圭介', now() + interval '30 days', now()),
  ('c0115000-0000-0000-0000-000000000006', 'c0015000-0000-0000-0000-000000000002', 'stylesync_md_03', '片山瑞希', now() + interval '30 days', now()),
  ('c0115000-0000-0000-0000-000000000007', 'c0015000-0000-0000-0000-000000000003', 'stylesync_eng_01', '久保田亮', now() + interval '30 days', now()),
  ('c0115000-0000-0000-0000-000000000008', 'c0015000-0000-0000-0000-000000000003', 'stylesync_eng_02', '三浦彩乃', now() + interval '30 days', now()),
  ('c0115000-0000-0000-0000-000000000009', 'c0015000-0000-0000-0000-000000000003', 'stylesync_eng_03', '野口拓実', now() + interval '30 days', now())
ON CONFLICT DO NOTHING;

-- メンバー（診断済み）
-- デザイナーチーム: creativity(9), social_service(15), co_workers(8) 高い / security(14), authority(4) 低い
-- MD・バイヤーチーム: achievement(1), advancement(3), compensation(7), recognition(12) 高い / creativity(9) 低い
-- エンジニアチーム: autonomy(5), creativity(9), ability_utilization(0) 高い / authority(4), social_status(16) 低い
INSERT INTO team_members (id, team_id, invitation_id, name, wv_vector, ci_vector, completed_at) VALUES
  ('c0215000-0000-0000-0000-000000000001', 'c0015000-0000-0000-0000-000000000001', 'c0115000-0000-0000-0000-000000000001', '相川莉子',
   '[1.1,0.7,-0.6,0.3,-1.6,1.2,0.1,-0.2,1.7,2.3,-0.3,0.8,0.6,0.4,-0.5,1.4,-1.7,-0.4,-0.7,-1.1,-1.0]',
   '[3.9,4.3,4.1,2.1,1.9,1.7,2.6,2.4,2.5,3.5,3.2,3.0,2.8,2.7,2.9,2.2,2.8,2.6,2.5,2.3]',
   now()),
  ('c0215000-0000-0000-0000-000000000002', 'c0015000-0000-0000-0000-000000000001', 'c0115000-0000-0000-0000-000000000002', '藤原陽菜',
   '[0.9,0.5,-0.8,0.1,-1.4,1.0,0.2,-0.4,1.9,2.1,-0.5,1.0,0.4,0.2,-0.7,1.6,-1.9,-0.6,-0.9,-0.9,-1.2]',
   '[4.1,4.5,4.3,2.0,1.8,1.6,2.5,2.3,2.4,3.3,3.0,2.8,2.6,2.6,2.8,2.1,2.7,2.5,2.4,2.2]',
   now()),
  ('c0215000-0000-0000-0000-000000000003', 'c0015000-0000-0000-0000-000000000001', 'c0115000-0000-0000-0000-000000000003', '上野翔太',
   '[1.3,0.9,-0.5,0.4,-1.5,1.4,0.0,-0.1,1.5,2.0,-0.2,0.7,0.5,0.3,-0.4,1.3,-1.6,-0.5,-0.8,-1.0,-0.8]',
   '[3.7,4.1,3.9,2.2,2.0,1.8,2.7,2.5,2.6,3.6,3.3,3.1,2.9,2.8,3.0,2.3,2.9,2.7,2.6,2.4]',
   now()),
  ('c0215000-0000-0000-0000-000000000004', 'c0015000-0000-0000-0000-000000000002', 'c0115000-0000-0000-0000-000000000004', '西村美月',
   '[0.4,2.0,0.1,1.8,0.7,0.2,0.3,1.6,0.5,-0.2,0.1,0.3,1.7,0.5,-0.3,0.3,0.4,-0.2,0.0,-0.7,-0.6]',
   '[3.0,2.8,2.6,3.5,3.3,3.1,3.8,3.6,3.7,3.2,3.0,2.8,2.6,2.9,3.1,2.7,3.4,3.2,3.0,2.8]',
   now()),
  ('c0215000-0000-0000-0000-000000000005', 'c0015000-0000-0000-0000-000000000002', 'c0115000-0000-0000-0000-000000000005', '原田圭介',
   '[0.6,2.2,0.3,2.0,0.9,0.0,0.4,1.8,0.3,-0.4,0.2,0.1,1.9,0.7,-0.1,0.2,0.5,-0.1,0.1,-0.8,-0.7]',
   '[2.8,2.6,2.4,3.6,3.4,3.2,3.9,3.7,3.8,3.0,2.8,2.6,2.4,3.0,3.2,2.8,3.5,3.3,3.1,2.9]',
   now()),
  ('c0215000-0000-0000-0000-000000000006', 'c0015000-0000-0000-0000-000000000002', 'c0115000-0000-0000-0000-000000000006', '片山瑞希',
   '[0.5,1.8,-0.1,1.7,0.6,0.3,0.5,1.4,0.6,-0.1,0.0,0.4,1.5,0.4,-0.4,0.4,0.3,-0.3,0.2,-0.6,-0.5]',
   '[3.1,2.9,2.7,3.4,3.2,3.0,3.7,3.5,3.6,3.3,3.1,2.9,2.7,2.8,3.0,2.6,3.3,3.1,2.9,2.7]',
   now()),
  ('c0215000-0000-0000-0000-000000000007', 'c0015000-0000-0000-0000-000000000003', 'c0115000-0000-0000-0000-000000000007', '久保田亮',
   '[2.0,1.7,-0.3,0.7,-1.0,1.9,-0.2,0.4,0.4,1.6,0.7,-0.1,-0.4,1.1,-0.6,0.0,-1.3,-0.5,-0.9,-1.5,-1.7]',
   '[4.1,3.5,3.2,2.6,2.4,2.1,3.2,3.0,3.1,4.3,3.9,3.7,3.5,3.3,3.5,2.7,2.5,2.3,2.1,2.0]',
   now()),
  ('c0215000-0000-0000-0000-000000000008', 'c0015000-0000-0000-0000-000000000003', 'c0115000-0000-0000-0000-000000000008', '三浦彩乃',
   '[2.2,1.9,-0.5,0.5,-1.2,1.7,-0.1,0.2,0.6,1.8,0.5,0.0,-0.6,1.3,-0.8,0.2,-1.5,-0.4,-0.8,-1.7,-1.9]',
   '[4.3,3.7,3.4,2.4,2.2,1.9,3.0,2.8,2.9,4.5,4.1,3.9,3.7,3.1,3.3,2.5,2.3,2.1,1.9,1.8]',
   now()),
  ('c0215000-0000-0000-0000-000000000009', 'c0015000-0000-0000-0000-000000000003', 'c0115000-0000-0000-0000-000000000009', '野口拓実',
   '[1.8,1.5,-0.4,0.6,-1.1,2.1,-0.3,0.5,0.3,1.4,0.9,-0.2,-0.3,0.9,-0.5,0.1,-1.2,-0.6,-1.0,-1.4,-1.6]',
   '[3.9,3.3,3.0,2.7,2.5,2.2,3.3,3.1,3.2,4.1,3.7,3.5,3.3,3.4,3.6,2.8,2.6,2.4,2.2,2.1]',
   now())
ON CONFLICT DO NOTHING;

-- セッション
INSERT INTO work_values_sessions (id, user_id, team_member_id, circular_triads, consistency_coefficient, consistency_level, purpose) VALUES
  ('c0315000-0000-0000-0000-000000000001', NULL, 'c0215000-0000-0000-0000-000000000001', 28, 0.927, 'high', 'team'),
  ('c0315000-0000-0000-0000-000000000002', NULL, 'c0215000-0000-0000-0000-000000000002', 33, 0.914, 'high', 'team'),
  ('c0315000-0000-0000-0000-000000000003', NULL, 'c0215000-0000-0000-0000-000000000003', 25, 0.935, 'high', 'team'),
  ('c0315000-0000-0000-0000-000000000004', NULL, 'c0215000-0000-0000-0000-000000000004', 30, 0.922, 'high', 'team'),
  ('c0315000-0000-0000-0000-000000000005', NULL, 'c0215000-0000-0000-0000-000000000005', 27, 0.930, 'high', 'team'),
  ('c0315000-0000-0000-0000-000000000006', NULL, 'c0215000-0000-0000-0000-000000000006', 23, 0.940, 'high', 'team'),
  ('c0315000-0000-0000-0000-000000000007', NULL, 'c0215000-0000-0000-0000-000000000007', 26, 0.932, 'high', 'team'),
  ('c0315000-0000-0000-0000-000000000008', NULL, 'c0215000-0000-0000-0000-000000000008', 22, 0.943, 'high', 'team'),
  ('c0315000-0000-0000-0000-000000000009', NULL, 'c0215000-0000-0000-0000-000000000009', 31, 0.919, 'high', 'team')
ON CONFLICT DO NOTHING;

-- チームベクトル
UPDATE teams SET
  wv_vector = '[1.10,0.70,-0.63,0.27,-1.50,1.20,0.10,-0.23,1.70,2.13,-0.33,0.83,0.50,0.30,-0.53,1.43,-1.73,-0.50,-0.80,-1.00,-1.00]',
  ci_vector = '[3.90,4.30,4.10,2.10,1.90,1.70,2.60,2.40,2.50,3.47,3.17,2.97,2.77,2.70,2.90,2.20,2.80,2.60,2.50,2.30]'
WHERE id = 'c0015000-0000-0000-0000-000000000001';

UPDATE teams SET
  wv_vector = '[0.50,2.00,0.10,1.83,0.73,0.17,0.40,1.60,0.47,-0.23,0.10,0.27,1.70,0.53,-0.27,0.30,0.40,-0.20,0.10,-0.70,-0.60]',
  ci_vector = '[2.97,2.77,2.57,3.50,3.30,3.10,3.80,3.60,3.70,3.17,2.97,2.77,2.57,2.90,3.10,2.70,3.40,3.20,3.00,2.80]'
WHERE id = 'c0015000-0000-0000-0000-000000000002';

UPDATE teams SET
  wv_vector = '[2.00,1.70,-0.40,0.60,-1.10,1.90,-0.20,0.37,0.43,1.60,0.70,-0.10,-0.43,1.10,-0.63,0.10,-1.33,-0.50,-0.90,-1.53,-1.73]',
  ci_vector = '[4.10,3.50,3.20,2.57,2.37,2.07,3.17,2.97,3.07,4.30,3.90,3.70,3.50,3.27,3.47,2.67,2.47,2.27,2.07,1.97]'
WHERE id = 'c0015000-0000-0000-0000-000000000003';


-- ==== シールドインシュア (suffix=16) ====

-- チーム
INSERT INTO teams (id, company_id, name, target_count) VALUES
  ('c0016000-0000-0000-0000-000000000001', 'b0000000-0000-0000-0000-000000000016', 'アクチュアリーチーム', 3),
  ('c0016000-0000-0000-0000-000000000002', 'b0000000-0000-0000-0000-000000000016', '営業企画チーム', 3),
  ('c0016000-0000-0000-0000-000000000003', 'b0000000-0000-0000-0000-000000000016', 'システム開発チーム', 3)
ON CONFLICT DO NOTHING;

-- 招待
INSERT INTO team_invitations (id, team_id, token, assigned_name, expires_at, used_at) VALUES
  ('c0116000-0000-0000-0000-000000000001', 'c0016000-0000-0000-0000-000000000001', 'shieldinsure_act_01', '岡田真一', now() + interval '30 days', now()),
  ('c0116000-0000-0000-0000-000000000002', 'c0016000-0000-0000-0000-000000000001', 'shieldinsure_act_02', '長谷川由紀', now() + interval '30 days', now()),
  ('c0116000-0000-0000-0000-000000000003', 'c0016000-0000-0000-0000-000000000001', 'shieldinsure_act_03', '森田啓太', now() + interval '30 days', now()),
  ('c0116000-0000-0000-0000-000000000004', 'c0016000-0000-0000-0000-000000000002', 'shieldinsure_sales_01', '平野美咲', now() + interval '30 days', now()),
  ('c0116000-0000-0000-0000-000000000005', 'c0016000-0000-0000-0000-000000000002', 'shieldinsure_sales_02', '杉本大地', now() + interval '30 days', now()),
  ('c0116000-0000-0000-0000-000000000006', 'c0016000-0000-0000-0000-000000000002', 'shieldinsure_sales_03', '内田沙織', now() + interval '30 days', now()),
  ('c0116000-0000-0000-0000-000000000007', 'c0016000-0000-0000-0000-000000000003', 'shieldinsure_sys_01', '石井翔平', now() + interval '30 days', now()),
  ('c0116000-0000-0000-0000-000000000008', 'c0016000-0000-0000-0000-000000000003', 'shieldinsure_sys_02', '池田恵美', now() + interval '30 days', now()),
  ('c0116000-0000-0000-0000-000000000009', 'c0016000-0000-0000-0000-000000000003', 'shieldinsure_sys_03', '村上雄大', now() + interval '30 days', now())
ON CONFLICT DO NOTHING;

-- メンバー
-- アクチュアリー: 研究系 ability_utilization(0), creativity(9), independence(10) 高い / social_status(16), compensation(7) 低い
-- 営業企画: ビジネス系 achievement(1), advancement(3), recognition(12), compensation(7) 高い / creativity(9) 低い
-- システム開発: エンジニア系 autonomy(5), creativity(9), ability_utilization(0) 高い / authority(4), social_status(16) 低い
INSERT INTO team_members (id, team_id, invitation_id, name, wv_vector, ci_vector, completed_at) VALUES
  ('c0216000-0000-0000-0000-000000000001', 'c0016000-0000-0000-0000-000000000001', 'c0116000-0000-0000-0000-000000000001', '岡田真一',
   '[2.3,1.5,0.2,0.4,-0.8,1.0,-0.1,-1.2,0.3,1.8,2.0,0.5,-0.3,0.7,0.6,0.1,-1.5,-0.4,-0.6,-0.5,-0.3]',
   '[3.2,3.0,2.8,2.3,2.1,1.9,2.5,2.3,2.4,4.5,4.2,4.0,3.8,3.5,3.7,2.9,2.4,2.2,2.0,1.8]',
   now()),
  ('c0216000-0000-0000-0000-000000000002', 'c0016000-0000-0000-0000-000000000001', 'c0116000-0000-0000-0000-000000000002', '長谷川由紀',
   '[2.1,1.3,0.0,0.5,-0.6,0.8,0.0,-1.4,0.5,2.0,1.8,0.6,-0.5,0.9,0.4,0.2,-1.3,-0.3,-0.5,-0.7,-0.1]',
   '[3.4,3.2,3.0,2.2,2.0,1.8,2.4,2.2,2.3,4.3,4.0,3.8,3.6,3.3,3.5,2.7,2.3,2.1,1.9,1.7]',
   now()),
  ('c0216000-0000-0000-0000-000000000003', 'c0016000-0000-0000-0000-000000000001', 'c0116000-0000-0000-0000-000000000003', '森田啓太',
   '[2.5,1.7,0.1,0.3,-0.9,1.2,-0.2,-1.0,0.2,1.6,2.2,0.4,-0.4,0.6,0.8,0.0,-1.6,-0.5,-0.7,-0.4,-0.5]',
   '[3.0,2.8,2.6,2.4,2.2,2.0,2.6,2.4,2.5,4.7,4.4,4.2,4.0,3.7,3.9,3.1,2.5,2.3,2.1,1.9]',
   now()),
  ('c0216000-0000-0000-0000-000000000004', 'c0016000-0000-0000-0000-000000000002', 'c0116000-0000-0000-0000-000000000004', '平野美咲',
   '[0.5,2.1,0.2,1.9,0.8,0.1,0.4,1.7,0.4,-0.3,0.0,0.2,1.8,0.6,-0.2,0.4,0.5,-0.1,0.1,-0.8,-0.6]',
   '[2.9,2.7,2.5,3.6,3.4,3.2,3.9,3.7,3.8,3.1,2.9,2.7,2.5,3.0,3.2,2.8,3.5,3.3,3.1,2.9]',
   now()),
  ('c0216000-0000-0000-0000-000000000005', 'c0016000-0000-0000-0000-000000000002', 'c0116000-0000-0000-0000-000000000005', '杉本大地',
   '[0.3,1.9,0.4,2.1,1.0,-0.1,0.3,1.9,0.2,-0.5,0.1,0.0,2.0,0.8,-0.4,0.2,0.6,-0.3,-0.1,-0.9,-0.8]',
   '[2.7,2.5,2.3,3.7,3.5,3.3,4.0,3.8,3.9,2.9,2.7,2.5,2.3,2.8,3.0,2.6,3.3,3.1,2.9,2.7]',
   now()),
  ('c0216000-0000-0000-0000-000000000006', 'c0016000-0000-0000-0000-000000000002', 'c0116000-0000-0000-0000-000000000006', '内田沙織',
   '[0.6,2.3,0.0,1.7,0.6,0.3,0.5,1.5,0.6,-0.1,0.2,0.4,1.6,0.4,-0.1,0.5,0.3,0.0,0.2,-0.6,-0.5]',
   '[3.1,2.9,2.7,3.5,3.3,3.1,3.8,3.6,3.7,3.2,3.0,2.8,2.6,2.9,3.1,2.7,3.4,3.2,3.0,2.8]',
   now()),
  ('c0216000-0000-0000-0000-000000000007', 'c0016000-0000-0000-0000-000000000003', 'c0116000-0000-0000-0000-000000000007', '石井翔平',
   '[1.9,1.6,-0.2,0.8,-1.0,2.0,-0.3,0.5,0.3,1.5,0.8,-0.2,-0.4,1.0,-0.6,0.1,-1.3,-0.6,-1.0,-1.5,-1.7]',
   '[4.0,3.4,3.1,2.6,2.4,2.1,3.2,3.0,3.1,4.3,3.8,3.7,3.5,3.2,3.4,2.7,2.5,2.3,2.1,2.0]',
   now()),
  ('c0216000-0000-0000-0000-000000000008', 'c0016000-0000-0000-0000-000000000003', 'c0116000-0000-0000-0000-000000000008', '池田恵美',
   '[2.1,1.8,-0.4,0.6,-1.2,1.8,-0.1,0.3,0.5,1.7,0.6,0.0,-0.5,1.2,-0.8,0.2,-1.5,-0.4,-0.8,-1.6,-1.9]',
   '[4.2,3.6,3.3,2.5,2.3,2.0,3.1,2.9,3.0,4.5,4.0,3.9,3.7,3.4,3.6,2.8,2.4,2.2,2.0,1.9]',
   now()),
  ('c0216000-0000-0000-0000-000000000009', 'c0016000-0000-0000-0000-000000000003', 'c0116000-0000-0000-0000-000000000009', '村上雄大',
   '[1.7,1.4,-0.3,0.7,-0.8,1.6,-0.4,0.6,0.4,1.3,0.9,-0.3,-0.3,0.8,-0.4,0.0,-1.1,-0.5,-0.9,-1.3,-1.5]',
   '[3.8,3.2,2.9,2.7,2.5,2.2,3.3,3.1,3.2,4.1,3.6,3.5,3.3,3.3,3.5,2.9,2.6,2.4,2.2,2.1]',
   now())
ON CONFLICT DO NOTHING;

-- セッション
INSERT INTO work_values_sessions (id, user_id, team_member_id, circular_triads, consistency_coefficient, consistency_level, purpose) VALUES
  ('c0316000-0000-0000-0000-000000000001', NULL, 'c0216000-0000-0000-0000-000000000001', 24, 0.938, 'high', 'team'),
  ('c0316000-0000-0000-0000-000000000002', NULL, 'c0216000-0000-0000-0000-000000000002', 29, 0.925, 'high', 'team'),
  ('c0316000-0000-0000-0000-000000000003', NULL, 'c0216000-0000-0000-0000-000000000003', 22, 0.943, 'high', 'team'),
  ('c0316000-0000-0000-0000-000000000004', NULL, 'c0216000-0000-0000-0000-000000000004', 31, 0.919, 'high', 'team'),
  ('c0316000-0000-0000-0000-000000000005', NULL, 'c0216000-0000-0000-0000-000000000005', 26, 0.932, 'high', 'team'),
  ('c0316000-0000-0000-0000-000000000006', NULL, 'c0216000-0000-0000-0000-000000000006', 34, 0.912, 'high', 'team'),
  ('c0316000-0000-0000-0000-000000000007', NULL, 'c0216000-0000-0000-0000-000000000007', 27, 0.930, 'high', 'team'),
  ('c0316000-0000-0000-0000-000000000008', NULL, 'c0216000-0000-0000-0000-000000000008', 23, 0.940, 'high', 'team'),
  ('c0316000-0000-0000-0000-000000000009', NULL, 'c0216000-0000-0000-0000-000000000009', 30, 0.922, 'high', 'team')
ON CONFLICT DO NOTHING;

-- チームベクトル
UPDATE teams SET
  wv_vector = '[2.30,1.50,0.10,0.40,-0.77,1.00,-0.10,-1.20,0.33,1.80,2.00,0.50,-0.40,0.73,0.60,0.10,-1.47,-0.40,-0.60,-0.53,-0.30]',
  ci_vector = '[3.20,3.00,2.80,2.30,2.10,1.90,2.50,2.30,2.40,4.50,4.20,4.00,3.80,3.50,3.70,2.90,2.40,2.20,2.00,1.80]'
WHERE id = 'c0016000-0000-0000-0000-000000000001';

UPDATE teams SET
  wv_vector = '[0.47,2.10,0.20,1.90,0.80,0.10,0.40,1.70,0.40,-0.30,0.10,0.20,1.80,0.60,-0.23,0.37,0.47,-0.13,0.07,-0.77,-0.63]',
  ci_vector = '[2.90,2.70,2.50,3.60,3.40,3.20,3.90,3.70,3.80,3.07,2.87,2.67,2.47,2.90,3.10,2.70,3.40,3.20,3.00,2.80]'
WHERE id = 'c0016000-0000-0000-0000-000000000002';

UPDATE teams SET
  wv_vector = '[1.90,1.60,-0.30,0.70,-1.00,1.80,-0.27,0.47,0.40,1.50,0.77,-0.17,-0.40,1.00,-0.60,0.10,-1.30,-0.50,-0.90,-1.47,-1.70]',
  ci_vector = '[4.00,3.40,3.10,2.60,2.40,2.10,3.20,3.00,3.10,4.30,3.80,3.70,3.50,3.30,3.50,2.80,2.50,2.30,2.10,2.00]'
WHERE id = 'c0016000-0000-0000-0000-000000000003';

-- 4チーム目: データサイエンスチーム
INSERT INTO teams (id, company_id, name, target_count) VALUES
  ('c0016000-0000-0000-0000-000000000004', 'b0000000-0000-0000-0000-000000000016', 'データサイエンスチーム', 3)
ON CONFLICT DO NOTHING;

INSERT INTO team_invitations (id, team_id, token, assigned_name, expires_at, used_at) VALUES
  ('c0116000-0000-0000-0000-000000000010', 'c0016000-0000-0000-0000-000000000004', 'shield_ds_01', '古川雄太', now() + interval '30 days', now()),
  ('c0116000-0000-0000-0000-000000000011', 'c0016000-0000-0000-0000-000000000004', 'shield_ds_02', '池田真由美', now() + interval '30 days', now()),
  ('c0116000-0000-0000-0000-000000000012', 'c0016000-0000-0000-0000-000000000004', 'shield_ds_03', '安田翔太', now() + interval '30 days', now())
ON CONFLICT DO NOTHING;

INSERT INTO team_members (id, team_id, invitation_id, name, wv_vector, ci_vector, completed_at) VALUES
  ('c0216000-0000-0000-0000-000000000010', 'c0016000-0000-0000-0000-000000000004', 'c0116000-0000-0000-0000-000000000010', '古川雄太',
   '[2.0,1.8,-0.3,0.5,-1.1,1.7,-0.2,0.4,0.4,1.5,0.9,-0.1,-0.4,1.2,-0.6,0.1,-1.3,-0.4,-0.8,0.6,-0.5]',
   '[4.2,3.6,3.3,2.5,2.3,2.0,3.1,2.9,3.0,4.4,4.1,3.8,3.6,3.2,3.4,2.6,2.4,2.2,2.0,1.9]',
   now()),
  ('c0216000-0000-0000-0000-000000000011', 'c0016000-0000-0000-0000-000000000004', 'c0116000-0000-0000-0000-000000000011', '池田真由美',
   '[1.8,2.0,-0.5,0.6,-1.3,1.9,-0.1,0.2,0.6,1.7,0.7,0.0,-0.5,1.0,-0.7,0.3,-1.5,-0.5,-0.9,0.4,-0.4]',
   '[4.4,3.8,3.5,2.4,2.2,1.9,3.0,2.8,2.9,4.6,4.3,4.0,3.8,3.1,3.3,2.5,2.3,2.1,1.9,1.8]',
   now()),
  ('c0216000-0000-0000-0000-000000000012', 'c0016000-0000-0000-0000-000000000004', 'c0116000-0000-0000-0000-000000000012', '安田翔太',
   '[2.2,1.6,-0.2,0.4,-1.0,2.1,-0.3,0.3,0.3,1.9,1.0,-0.2,-0.3,1.4,-0.5,0.0,-1.4,-0.3,-0.7,0.7,-0.6]',
   '[4.3,3.7,3.4,2.6,2.4,2.1,3.2,3.0,3.1,4.5,4.2,3.9,3.7,3.3,3.5,2.7,2.5,2.3,2.1,2.0]',
   now())
ON CONFLICT DO NOTHING;

INSERT INTO work_values_sessions (id, user_id, team_member_id, circular_triads, consistency_coefficient, consistency_level, purpose) VALUES
  ('c0316000-0000-0000-0000-000000000010', NULL, 'c0216000-0000-0000-0000-000000000010', 27, 0.930, 'high', 'team'),
  ('c0316000-0000-0000-0000-000000000011', NULL, 'c0216000-0000-0000-0000-000000000011', 23, 0.940, 'high', 'team'),
  ('c0316000-0000-0000-0000-000000000012', NULL, 'c0216000-0000-0000-0000-000000000012', 31, 0.919, 'high', 'team')
ON CONFLICT DO NOTHING;

UPDATE teams SET
  wv_vector = '[2.00,1.80,-0.33,0.50,-1.13,1.90,-0.20,0.30,0.43,1.70,0.87,-0.10,-0.40,1.20,-0.60,0.13,-1.40,-0.40,-0.80,0.57,-0.50]',
  ci_vector = '[4.30,3.70,3.40,2.50,2.30,2.00,3.10,2.90,3.00,4.50,4.20,3.90,3.70,3.20,3.40,2.60,2.40,2.20,2.00,1.90]'
WHERE id = 'c0016000-0000-0000-0000-000000000004';


-- ==== ソラノミライ (suffix=17) ====

-- チーム
INSERT INTO teams (id, company_id, name, target_count) VALUES
  ('c0017000-0000-0000-0000-000000000001', 'b0000000-0000-0000-0000-000000000017', '衛星開発チーム', 3),
  ('c0017000-0000-0000-0000-000000000002', 'b0000000-0000-0000-0000-000000000017', 'フライトソフトウェアチーム', 3),
  ('c0017000-0000-0000-0000-000000000003', 'b0000000-0000-0000-0000-000000000017', '事業開発チーム', 3)
ON CONFLICT DO NOTHING;

-- 招待
INSERT INTO team_invitations (id, team_id, token, assigned_name, expires_at, used_at) VALUES
  ('c0117000-0000-0000-0000-000000000001', 'c0017000-0000-0000-0000-000000000001', 'soranomirai_sat_01', '大西航平', now() + interval '30 days', now()),
  ('c0117000-0000-0000-0000-000000000002', 'c0017000-0000-0000-0000-000000000001', 'soranomirai_sat_02', '小松崎遥', now() + interval '30 days', now()),
  ('c0117000-0000-0000-0000-000000000003', 'c0017000-0000-0000-0000-000000000001', 'soranomirai_sat_03', '河野誠一郎', now() + interval '30 days', now()),
  ('c0117000-0000-0000-0000-000000000004', 'c0017000-0000-0000-0000-000000000002', 'soranomirai_sw_01', '白石凛', now() + interval '30 days', now()),
  ('c0117000-0000-0000-0000-000000000005', 'c0017000-0000-0000-0000-000000000002', 'soranomirai_sw_02', '松岡大樹', now() + interval '30 days', now()),
  ('c0117000-0000-0000-0000-000000000006', 'c0017000-0000-0000-0000-000000000002', 'soranomirai_sw_03', '渡部千夏', now() + interval '30 days', now()),
  ('c0117000-0000-0000-0000-000000000007', 'c0017000-0000-0000-0000-000000000003', 'soranomirai_biz_01', '金子達也', now() + interval '30 days', now()),
  ('c0117000-0000-0000-0000-000000000008', 'c0017000-0000-0000-0000-000000000003', 'soranomirai_biz_02', '高木美穂', now() + interval '30 days', now()),
  ('c0117000-0000-0000-0000-000000000009', 'c0017000-0000-0000-0000-000000000003', 'soranomirai_biz_03', '安田光太郎', now() + interval '30 days', now())
ON CONFLICT DO NOTHING;

-- メンバー
-- 衛星開発: 研究系 ability_utilization(0), creativity(9), independence(10) 高い / social_status(16), compensation(7) 低い
-- フライトSW: エンジニア系 autonomy(5), creativity(9), ability_utilization(0) 高い / authority(4), social_status(16) 低い
-- 事業開発: ビジネス系 achievement(1), advancement(3), recognition(12), compensation(7) 高い / creativity(9) 低い
INSERT INTO team_members (id, team_id, invitation_id, name, wv_vector, ci_vector, completed_at) VALUES
  ('c0217000-0000-0000-0000-000000000001', 'c0017000-0000-0000-0000-000000000001', 'c0117000-0000-0000-0000-000000000001', '大西航平',
   '[2.4,1.6,0.3,0.2,-0.7,1.1,-0.3,-1.3,0.2,1.9,2.1,0.6,-0.2,0.8,0.5,0.3,-1.6,-0.3,-0.5,-0.6,-0.2]',
   '[3.1,2.9,2.7,2.2,2.0,1.8,2.4,2.2,2.3,4.6,4.3,4.1,3.9,3.6,3.8,3.0,2.3,2.1,1.9,1.7]',
   now()),
  ('c0217000-0000-0000-0000-000000000002', 'c0017000-0000-0000-0000-000000000001', 'c0117000-0000-0000-0000-000000000002', '小松崎遥',
   '[2.2,1.4,0.1,0.4,-0.5,0.9,0.0,-1.1,0.4,2.1,1.9,0.4,-0.4,1.0,0.3,0.4,-1.4,-0.4,-0.6,-0.4,-0.3]',
   '[3.3,3.1,2.9,2.1,1.9,1.7,2.3,2.1,2.2,4.4,4.1,3.9,3.7,3.4,3.6,2.8,2.2,2.0,1.8,1.6]',
   now()),
  ('c0217000-0000-0000-0000-000000000003', 'c0017000-0000-0000-0000-000000000001', 'c0117000-0000-0000-0000-000000000003', '河野誠一郎',
   '[2.6,1.8,0.2,0.3,-0.9,1.3,-0.1,-1.5,0.1,1.7,2.3,0.5,-0.3,0.6,0.7,0.1,-1.7,-0.5,-0.7,-0.5,-0.4]',
   '[2.9,2.7,2.5,2.3,2.1,1.9,2.5,2.3,2.4,4.8,4.5,4.3,4.1,3.8,4.0,3.2,2.4,2.2,2.0,1.8]',
   now()),
  ('c0217000-0000-0000-0000-000000000004', 'c0017000-0000-0000-0000-000000000002', 'c0117000-0000-0000-0000-000000000004', '白石凛',
   '[2.0,1.7,-0.4,0.6,-1.1,2.1,-0.2,0.4,0.3,1.6,0.7,-0.1,-0.5,1.1,-0.7,0.0,-1.3,-0.5,-0.9,-1.5,-1.8]',
   '[4.1,3.5,3.2,2.5,2.3,2.0,3.1,2.9,3.0,4.4,4.0,3.8,3.6,3.3,3.5,2.7,2.5,2.3,2.1,1.9]',
   now()),
  ('c0217000-0000-0000-0000-000000000005', 'c0017000-0000-0000-0000-000000000002', 'c0117000-0000-0000-0000-000000000005', '松岡大樹',
   '[1.8,1.5,-0.3,0.8,-0.9,1.9,-0.3,0.6,0.5,1.8,0.5,0.0,-0.4,0.9,-0.5,0.1,-1.2,-0.6,-1.0,-1.3,-1.6]',
   '[3.9,3.3,3.0,2.6,2.4,2.1,3.2,3.0,3.1,4.2,3.8,3.6,3.4,3.1,3.3,2.5,2.4,2.2,2.0,1.8]',
   now()),
  ('c0217000-0000-0000-0000-000000000006', 'c0017000-0000-0000-0000-000000000002', 'c0117000-0000-0000-0000-000000000006', '渡部千夏',
   '[2.2,1.9,-0.5,0.5,-1.3,1.7,-0.1,0.2,0.4,1.4,0.8,-0.2,-0.6,1.3,-0.8,0.2,-1.5,-0.4,-0.8,-1.7,-2.0]',
   '[4.3,3.7,3.4,2.4,2.2,1.9,3.0,2.8,2.9,4.6,4.2,4.0,3.8,3.5,3.7,2.9,2.3,2.1,1.9,1.7]',
   now()),
  ('c0217000-0000-0000-0000-000000000007', 'c0017000-0000-0000-0000-000000000003', 'c0117000-0000-0000-0000-000000000007', '金子達也',
   '[0.6,2.2,0.3,2.0,0.9,0.0,0.3,1.8,0.3,-0.4,0.1,0.1,1.9,0.7,-0.3,0.2,0.6,-0.2,0.0,-0.8,-0.7]',
   '[2.8,2.6,2.4,3.7,3.5,3.3,4.0,3.8,3.9,3.0,2.8,2.6,2.4,2.9,3.1,2.7,3.4,3.2,3.0,2.8]',
   now()),
  ('c0217000-0000-0000-0000-000000000008', 'c0017000-0000-0000-0000-000000000003', 'c0117000-0000-0000-0000-000000000008', '高木美穂',
   '[0.4,2.0,0.1,1.8,0.7,0.2,0.4,1.6,0.5,-0.2,0.0,0.3,1.7,0.5,-0.1,0.4,0.4,-0.1,0.1,-0.7,-0.5]',
   '[3.0,2.8,2.6,3.5,3.3,3.1,3.8,3.6,3.7,3.2,3.0,2.8,2.6,3.0,3.2,2.8,3.5,3.3,3.1,2.9]',
   now()),
  ('c0217000-0000-0000-0000-000000000009', 'c0017000-0000-0000-0000-000000000003', 'c0117000-0000-0000-0000-000000000009', '安田光太郎',
   '[0.5,1.8,0.0,2.1,1.0,0.1,0.2,1.9,0.2,-0.5,0.2,0.0,2.0,0.8,-0.4,0.1,0.5,-0.3,-0.1,-0.9,-0.8]',
   '[2.7,2.5,2.3,3.8,3.6,3.4,4.1,3.9,4.0,2.9,2.7,2.5,2.3,2.8,3.0,2.6,3.3,3.1,2.9,2.7]',
   now())
ON CONFLICT DO NOTHING;

-- セッション
INSERT INTO work_values_sessions (id, user_id, team_member_id, circular_triads, consistency_coefficient, consistency_level, purpose) VALUES
  ('c0317000-0000-0000-0000-000000000001', NULL, 'c0217000-0000-0000-0000-000000000001', 25, 0.935, 'high', 'team'),
  ('c0317000-0000-0000-0000-000000000002', NULL, 'c0217000-0000-0000-0000-000000000002', 30, 0.922, 'high', 'team'),
  ('c0317000-0000-0000-0000-000000000003', NULL, 'c0217000-0000-0000-0000-000000000003', 22, 0.943, 'high', 'team'),
  ('c0317000-0000-0000-0000-000000000004', NULL, 'c0217000-0000-0000-0000-000000000004', 28, 0.927, 'high', 'team'),
  ('c0317000-0000-0000-0000-000000000005', NULL, 'c0217000-0000-0000-0000-000000000005', 33, 0.914, 'high', 'team'),
  ('c0317000-0000-0000-0000-000000000006', NULL, 'c0217000-0000-0000-0000-000000000006', 24, 0.938, 'high', 'team'),
  ('c0317000-0000-0000-0000-000000000007', NULL, 'c0217000-0000-0000-0000-000000000007', 27, 0.930, 'high', 'team'),
  ('c0317000-0000-0000-0000-000000000008', NULL, 'c0217000-0000-0000-0000-000000000008', 32, 0.917, 'high', 'team'),
  ('c0317000-0000-0000-0000-000000000009', NULL, 'c0217000-0000-0000-0000-000000000009', 26, 0.932, 'high', 'team')
ON CONFLICT DO NOTHING;

-- チームベクトル
UPDATE teams SET
  wv_vector = '[2.40,1.60,0.20,0.30,-0.70,1.10,-0.13,-1.30,0.23,1.90,2.10,0.50,-0.30,0.80,0.50,0.27,-1.57,-0.40,-0.60,-0.50,-0.30]',
  ci_vector = '[3.10,2.90,2.70,2.20,2.00,1.80,2.40,2.20,2.30,4.60,4.30,4.10,3.90,3.60,3.80,3.00,2.30,2.10,1.90,1.70]'
WHERE id = 'c0017000-0000-0000-0000-000000000001';

UPDATE teams SET
  wv_vector = '[2.00,1.70,-0.40,0.63,-1.10,1.90,-0.20,0.40,0.40,1.60,0.67,-0.10,-0.50,1.10,-0.67,0.10,-1.33,-0.50,-0.90,-1.50,-1.80]',
  ci_vector = '[4.10,3.50,3.20,2.50,2.30,2.00,3.10,2.90,3.00,4.40,4.00,3.80,3.60,3.30,3.50,2.70,2.40,2.20,2.00,1.80]'
WHERE id = 'c0017000-0000-0000-0000-000000000002';

UPDATE teams SET
  wv_vector = '[0.50,2.00,0.13,1.97,0.87,0.10,0.30,1.77,0.33,-0.37,0.10,0.13,1.87,0.67,-0.27,0.23,0.50,-0.20,0.00,-0.80,-0.67]',
  ci_vector = '[2.83,2.63,2.43,3.67,3.47,3.27,3.97,3.77,3.87,3.03,2.83,2.63,2.43,2.90,3.10,2.70,3.40,3.20,3.00,2.80]'
WHERE id = 'c0017000-0000-0000-0000-000000000003';

-- 4チーム目: 衛星データ解析チーム
INSERT INTO teams (id, company_id, name, target_count) VALUES
  ('c0017000-0000-0000-0000-000000000004', 'b0000000-0000-0000-0000-000000000017', '衛星データ解析チーム', 3)
ON CONFLICT DO NOTHING;

INSERT INTO team_invitations (id, team_id, token, assigned_name, expires_at, used_at) VALUES
  ('c0117000-0000-0000-0000-000000000010', 'c0017000-0000-0000-0000-000000000004', 'sora_data_01', '大久保翔', now() + interval '30 days', now()),
  ('c0117000-0000-0000-0000-000000000011', 'c0017000-0000-0000-0000-000000000004', 'sora_data_02', '谷口亜美', now() + interval '30 days', now()),
  ('c0117000-0000-0000-0000-000000000012', 'c0017000-0000-0000-0000-000000000004', 'sora_data_03', '柴田雅人', now() + interval '30 days', now())
ON CONFLICT DO NOTHING;

INSERT INTO team_members (id, team_id, invitation_id, name, wv_vector, ci_vector, completed_at) VALUES
  ('c0217000-0000-0000-0000-000000000010', 'c0017000-0000-0000-0000-000000000004', 'c0117000-0000-0000-0000-000000000010', '大久保翔',
   '[2.3,1.9,-0.2,0.4,-1.3,1.8,-0.1,0.2,0.3,1.9,1.0,-0.1,-0.6,1.4,-0.5,0.3,-1.6,-0.4,-0.8,0.7,-0.7]',
   '[4.5,3.9,3.6,2.3,2.1,1.8,3.0,2.8,2.9,4.7,4.4,4.2,4.0,3.1,3.3,2.4,2.2,2.0,1.8,1.7]',
   now()),
  ('c0217000-0000-0000-0000-000000000011', 'c0017000-0000-0000-0000-000000000004', 'c0117000-0000-0000-0000-000000000011', '谷口亜美',
   '[2.0,2.1,-0.4,0.5,-1.1,2.0,-0.3,0.3,0.5,1.7,0.8,0.0,-0.4,1.2,-0.6,0.4,-1.4,-0.5,-0.9,0.5,-0.6]',
   '[4.3,3.7,3.4,2.4,2.2,1.9,3.1,2.9,3.0,4.5,4.2,4.0,3.8,3.2,3.4,2.5,2.3,2.1,1.9,1.8]',
   now()),
  ('c0217000-0000-0000-0000-000000000012', 'c0017000-0000-0000-0000-000000000004', 'c0117000-0000-0000-0000-000000000012', '柴田雅人',
   '[1.8,1.7,-0.5,0.6,-1.2,1.6,-0.2,0.4,0.4,2.1,0.7,-0.2,-0.5,1.0,-0.7,0.2,-1.5,-0.3,-0.7,0.8,-0.8]',
   '[4.4,3.8,3.5,2.5,2.3,2.0,3.2,3.0,3.1,4.6,4.3,4.1,3.9,3.3,3.5,2.6,2.4,2.2,2.0,1.9]',
   now())
ON CONFLICT DO NOTHING;

INSERT INTO work_values_sessions (id, user_id, team_member_id, circular_triads, consistency_coefficient, consistency_level, purpose) VALUES
  ('c0317000-0000-0000-0000-000000000010', NULL, 'c0217000-0000-0000-0000-000000000010', 21, 0.945, 'high', 'team'),
  ('c0317000-0000-0000-0000-000000000011', NULL, 'c0217000-0000-0000-0000-000000000011', 26, 0.932, 'high', 'team'),
  ('c0317000-0000-0000-0000-000000000012', NULL, 'c0217000-0000-0000-0000-000000000012', 29, 0.925, 'high', 'team')
ON CONFLICT DO NOTHING;

UPDATE teams SET
  wv_vector = '[2.03,1.90,-0.37,0.50,-1.20,1.80,-0.20,0.30,0.40,1.90,0.83,-0.10,-0.50,1.20,-0.60,0.30,-1.50,-0.40,-0.80,0.67,-0.70]',
  ci_vector = '[4.40,3.80,3.50,2.40,2.20,1.90,3.10,2.90,3.00,4.60,4.30,4.10,3.90,3.20,3.40,2.50,2.30,2.10,1.90,1.80]'
WHERE id = 'c0017000-0000-0000-0000-000000000004';


-- ==== パウズコネクト (suffix=18) ====

-- チーム
INSERT INTO teams (id, company_id, name, target_count) VALUES
  ('c0018000-0000-0000-0000-000000000001', 'b0000000-0000-0000-0000-000000000018', '獣医サポートチーム', 3),
  ('c0018000-0000-0000-0000-000000000002', 'b0000000-0000-0000-0000-000000000018', 'プロダクト開発チーム', 3),
  ('c0018000-0000-0000-0000-000000000003', 'b0000000-0000-0000-0000-000000000018', 'カスタマーサクセスチーム', 3)
ON CONFLICT DO NOTHING;

-- 招待
INSERT INTO team_invitations (id, team_id, token, assigned_name, expires_at, used_at) VALUES
  ('c0118000-0000-0000-0000-000000000001', 'c0018000-0000-0000-0000-000000000001', 'pawsconnect_vet_01', '永井理沙', now() + interval '30 days', now()),
  ('c0118000-0000-0000-0000-000000000002', 'c0018000-0000-0000-0000-000000000001', 'pawsconnect_vet_02', '福島健吾', now() + interval '30 days', now()),
  ('c0118000-0000-0000-0000-000000000003', 'c0018000-0000-0000-0000-000000000001', 'pawsconnect_vet_03', '川島葵', now() + interval '30 days', now()),
  ('c0118000-0000-0000-0000-000000000004', 'c0018000-0000-0000-0000-000000000002', 'pawsconnect_prod_01', '吉岡悠真', now() + interval '30 days', now()),
  ('c0118000-0000-0000-0000-000000000005', 'c0018000-0000-0000-0000-000000000002', 'pawsconnect_prod_02', '太田明日香', now() + interval '30 days', now()),
  ('c0118000-0000-0000-0000-000000000006', 'c0018000-0000-0000-0000-000000000002', 'pawsconnect_prod_03', '前田侑希', now() + interval '30 days', now()),
  ('c0118000-0000-0000-0000-000000000007', 'c0018000-0000-0000-0000-000000000003', 'pawsconnect_cs_01', '望月結衣', now() + interval '30 days', now()),
  ('c0118000-0000-0000-0000-000000000008', 'c0018000-0000-0000-0000-000000000003', 'pawsconnect_cs_02', '関口隼人', now() + interval '30 days', now()),
  ('c0118000-0000-0000-0000-000000000009', 'c0018000-0000-0000-0000-000000000003', 'pawsconnect_cs_03', '堀内七海', now() + interval '30 days', now())
ON CONFLICT DO NOTHING;

-- メンバー
-- 獣医サポート: social_service(15), moral_values(11), co_workers(8) 高い / compensation(7), authority(4) 低い
-- プロダクト開発: エンジニア系 autonomy(5), creativity(9), ability_utilization(0) 高い / authority(4), social_status(16) 低い
-- CS: co_workers(8), social_service(15), moral_values(11) 高い / authority(4) 低い
INSERT INTO team_members (id, team_id, invitation_id, name, wv_vector, ci_vector, completed_at) VALUES
  ('c0218000-0000-0000-0000-000000000001', 'c0018000-0000-0000-0000-000000000001', 'c0118000-0000-0000-0000-000000000001', '永井理沙',
   '[0.8,0.5,-0.3,0.0,-1.4,0.6,0.3,-1.0,1.6,0.4,0.2,1.8,0.3,0.1,0.5,2.2,-1.1,-0.2,-0.3,0.1,-0.1]',
   '[2.5,2.3,2.1,2.8,2.6,2.4,2.2,2.0,2.1,3.0,2.8,2.6,2.4,3.8,4.0,3.6,3.4,3.2,3.0,2.8]',
   now()),
  ('c0218000-0000-0000-0000-000000000002', 'c0018000-0000-0000-0000-000000000001', 'c0118000-0000-0000-0000-000000000002', '福島健吾',
   '[1.0,0.7,-0.1,0.2,-1.2,0.4,0.4,-0.8,1.4,0.3,0.0,1.6,0.5,0.3,0.7,2.0,-1.3,-0.4,-0.5,0.2,-0.3]',
   '[2.7,2.5,2.3,2.9,2.7,2.5,2.3,2.1,2.2,3.2,3.0,2.8,2.6,3.6,3.8,3.4,3.2,3.0,2.8,2.6]',
   now()),
  ('c0218000-0000-0000-0000-000000000003', 'c0018000-0000-0000-0000-000000000001', 'c0118000-0000-0000-0000-000000000003', '川島葵',
   '[0.6,0.3,-0.5,0.1,-1.6,0.8,0.2,-1.2,1.8,0.5,0.3,2.0,0.1,-0.1,0.3,2.4,-0.9,0.0,-0.1,0.0,0.1]',
   '[2.3,2.1,1.9,2.7,2.5,2.3,2.1,1.9,2.0,2.8,2.6,2.4,2.2,4.0,4.2,3.8,3.6,3.4,3.2,3.0]',
   now()),
  ('c0218000-0000-0000-0000-000000000004', 'c0018000-0000-0000-0000-000000000002', 'c0118000-0000-0000-0000-000000000004', '吉岡悠真',
   '[2.1,1.8,-0.3,0.7,-1.1,1.9,-0.2,0.3,0.5,1.7,0.6,-0.1,-0.5,1.2,-0.7,0.1,-1.4,-0.5,-0.9,-1.6,-1.8]',
   '[4.2,3.6,3.3,2.5,2.3,2.0,3.1,2.9,3.0,4.5,4.0,3.8,3.6,3.3,3.5,2.7,2.5,2.3,2.1,1.9]',
   now()),
  ('c0218000-0000-0000-0000-000000000005', 'c0018000-0000-0000-0000-000000000002', 'c0118000-0000-0000-0000-000000000005', '太田明日香',
   '[1.9,1.6,-0.5,0.5,-1.3,1.7,-0.1,0.1,0.7,1.9,0.4,0.0,-0.6,1.0,-0.8,0.3,-1.6,-0.3,-0.7,-1.4,-1.6]',
   '[4.0,3.4,3.1,2.6,2.4,2.1,3.2,3.0,3.1,4.3,3.8,3.6,3.4,3.1,3.3,2.5,2.4,2.2,2.0,1.8]',
   now()),
  ('c0218000-0000-0000-0000-000000000006', 'c0018000-0000-0000-0000-000000000002', 'c0118000-0000-0000-0000-000000000006', '前田侑希',
   '[2.3,2.0,-0.2,0.6,-1.0,2.1,-0.3,0.5,0.3,1.5,0.8,-0.2,-0.4,1.3,-0.5,0.0,-1.2,-0.6,-1.1,-1.8,-2.0]',
   '[4.4,3.8,3.5,2.4,2.2,1.9,3.0,2.8,2.9,4.7,4.2,4.0,3.8,3.5,3.7,2.9,2.3,2.1,1.9,1.7]',
   now()),
  ('c0218000-0000-0000-0000-000000000007', 'c0018000-0000-0000-0000-000000000003', 'c0118000-0000-0000-0000-000000000007', '望月結衣',
   '[0.7,0.4,-0.2,0.1,-1.5,0.5,0.4,-0.4,2.0,0.3,0.1,1.7,0.4,0.2,0.3,2.1,-1.0,-0.1,-0.2,0.0,-0.2]',
   '[2.4,2.2,2.0,2.8,2.6,2.4,2.2,2.0,2.1,2.9,2.7,2.5,2.3,3.9,4.1,3.7,3.5,3.3,3.1,2.9]',
   now()),
  ('c0218000-0000-0000-0000-000000000008', 'c0018000-0000-0000-0000-000000000003', 'c0118000-0000-0000-0000-000000000008', '関口隼人',
   '[0.5,0.6,0.0,0.3,-1.3,0.3,0.5,-0.2,1.8,0.2,0.0,1.5,0.6,0.4,0.5,1.9,-1.2,-0.3,-0.4,0.2,-0.4]',
   '[2.6,2.4,2.2,3.0,2.8,2.6,2.4,2.2,2.3,3.1,2.9,2.7,2.5,3.7,3.9,3.5,3.3,3.1,2.9,2.7]',
   now()),
  ('c0218000-0000-0000-0000-000000000009', 'c0018000-0000-0000-0000-000000000003', 'c0118000-0000-0000-0000-000000000009', '堀内七海',
   '[0.9,0.2,-0.4,0.0,-1.7,0.7,0.3,-0.6,2.2,0.4,0.2,1.9,0.2,0.0,0.1,2.3,-0.8,0.1,0.0,-0.1,0.0]',
   '[2.2,2.0,1.8,2.6,2.4,2.2,2.0,1.8,1.9,2.7,2.5,2.3,2.1,4.1,4.3,3.9,3.7,3.5,3.3,3.1]',
   now())
ON CONFLICT DO NOTHING;

-- セッション
INSERT INTO work_values_sessions (id, user_id, team_member_id, circular_triads, consistency_coefficient, consistency_level, purpose) VALUES
  ('c0318000-0000-0000-0000-000000000001', NULL, 'c0218000-0000-0000-0000-000000000001', 29, 0.925, 'high', 'team'),
  ('c0318000-0000-0000-0000-000000000002', NULL, 'c0218000-0000-0000-0000-000000000002', 24, 0.938, 'high', 'team'),
  ('c0318000-0000-0000-0000-000000000003', NULL, 'c0218000-0000-0000-0000-000000000003', 32, 0.917, 'high', 'team'),
  ('c0318000-0000-0000-0000-000000000004', NULL, 'c0218000-0000-0000-0000-000000000004', 26, 0.932, 'high', 'team'),
  ('c0318000-0000-0000-0000-000000000005', NULL, 'c0218000-0000-0000-0000-000000000005', 28, 0.927, 'high', 'team'),
  ('c0318000-0000-0000-0000-000000000006', NULL, 'c0218000-0000-0000-0000-000000000006', 21, 0.945, 'high', 'team'),
  ('c0318000-0000-0000-0000-000000000007', NULL, 'c0218000-0000-0000-0000-000000000007', 34, 0.912, 'high', 'team'),
  ('c0318000-0000-0000-0000-000000000008', NULL, 'c0218000-0000-0000-0000-000000000008', 27, 0.930, 'high', 'team'),
  ('c0318000-0000-0000-0000-000000000009', NULL, 'c0218000-0000-0000-0000-000000000009', 23, 0.940, 'high', 'team')
ON CONFLICT DO NOTHING;

-- チームベクトル
UPDATE teams SET
  wv_vector = '[0.80,0.50,-0.30,0.10,-1.40,0.60,0.30,-1.00,1.60,0.40,0.17,1.80,0.30,0.10,0.50,2.20,-1.10,-0.20,-0.30,0.10,-0.10]',
  ci_vector = '[2.50,2.30,2.10,2.80,2.60,2.40,2.20,2.00,2.10,3.00,2.80,2.60,2.40,3.80,4.00,3.60,3.40,3.20,3.00,2.80]'
WHERE id = 'c0018000-0000-0000-0000-000000000001';

UPDATE teams SET
  wv_vector = '[2.10,1.80,-0.33,0.60,-1.13,1.90,-0.20,0.30,0.50,1.70,0.60,-0.10,-0.50,1.17,-0.67,0.13,-1.40,-0.47,-0.90,-1.60,-1.80]',
  ci_vector = '[4.20,3.60,3.30,2.50,2.30,2.00,3.10,2.90,3.00,4.50,4.00,3.80,3.60,3.30,3.50,2.70,2.40,2.20,2.00,1.80]'
WHERE id = 'c0018000-0000-0000-0000-000000000002';

UPDATE teams SET
  wv_vector = '[0.70,0.40,-0.20,0.13,-1.50,0.50,0.40,-0.40,2.00,0.30,0.10,1.70,0.40,0.20,0.30,2.10,-1.00,-0.10,-0.20,0.03,-0.20]',
  ci_vector = '[2.40,2.20,2.00,2.80,2.60,2.40,2.20,2.00,2.10,2.90,2.70,2.50,2.30,3.90,4.10,3.70,3.50,3.30,3.10,2.90]'
WHERE id = 'c0018000-0000-0000-0000-000000000003';


-- ==== ケアブリッジ (suffix=19) ====

-- チーム
INSERT INTO teams (id, company_id, name, target_count) VALUES
  ('c0019000-0000-0000-0000-000000000001', 'b0000000-0000-0000-0000-000000000019', '介護DXチーム', 3),
  ('c0019000-0000-0000-0000-000000000002', 'b0000000-0000-0000-0000-000000000019', 'ケアマネ支援チーム', 3),
  ('c0019000-0000-0000-0000-000000000003', 'b0000000-0000-0000-0000-000000000019', '経営企画チーム', 3)
ON CONFLICT DO NOTHING;

-- 招待
INSERT INTO team_invitations (id, team_id, token, assigned_name, expires_at, used_at) VALUES
  ('c0119000-0000-0000-0000-000000000001', 'c0019000-0000-0000-0000-000000000001', 'carebridge_dx_01', '浜田将太', now() + interval '30 days', now()),
  ('c0119000-0000-0000-0000-000000000002', 'c0019000-0000-0000-0000-000000000001', 'carebridge_dx_02', '土屋香織', now() + interval '30 days', now()),
  ('c0119000-0000-0000-0000-000000000003', 'c0019000-0000-0000-0000-000000000001', 'carebridge_dx_03', '菅原洋平', now() + interval '30 days', now()),
  ('c0119000-0000-0000-0000-000000000004', 'c0019000-0000-0000-0000-000000000002', 'carebridge_care_01', '大塚真由', now() + interval '30 days', now()),
  ('c0119000-0000-0000-0000-000000000005', 'c0019000-0000-0000-0000-000000000002', 'carebridge_care_02', '小野寺拓哉', now() + interval '30 days', now()),
  ('c0119000-0000-0000-0000-000000000006', 'c0019000-0000-0000-0000-000000000002', 'carebridge_care_03', '宮崎さくら', now() + interval '30 days', now()),
  ('c0119000-0000-0000-0000-000000000007', 'c0019000-0000-0000-0000-000000000003', 'carebridge_plan_01', '新井慎太郎', now() + interval '30 days', now()),
  ('c0119000-0000-0000-0000-000000000008', 'c0019000-0000-0000-0000-000000000003', 'carebridge_plan_02', '五十嵐瞳', now() + interval '30 days', now()),
  ('c0119000-0000-0000-0000-000000000009', 'c0019000-0000-0000-0000-000000000003', 'carebridge_plan_03', '横山康平', now() + interval '30 days', now())
ON CONFLICT DO NOTHING;

-- メンバー
-- 介護DX: エンジニア系だが social_service も高め
-- ケアマネ支援: 介護/福祉系 social_service(15), moral_values(11), co_workers(8) 高い / compensation(7), authority(4) 低い
-- 経営企画: ビジネス系
INSERT INTO team_members (id, team_id, invitation_id, name, wv_vector, ci_vector, completed_at) VALUES
  ('c0219000-0000-0000-0000-000000000001', 'c0019000-0000-0000-0000-000000000001', 'c0119000-0000-0000-0000-000000000001', '浜田将太',
   '[1.8,1.5,-0.2,0.5,-0.9,1.7,-0.1,0.2,0.6,1.4,0.5,0.3,-0.3,0.8,-0.4,1.0,-1.2,-0.4,-0.7,-1.3,-1.4]',
   '[3.8,3.4,3.1,2.6,2.4,2.1,3.0,2.8,2.9,4.2,3.8,3.6,3.4,3.2,3.4,2.6,2.8,2.6,2.4,2.2]',
   now()),
  ('c0219000-0000-0000-0000-000000000002', 'c0019000-0000-0000-0000-000000000001', 'c0119000-0000-0000-0000-000000000002', '土屋香織',
   '[2.0,1.7,-0.4,0.3,-1.1,1.9,-0.2,0.0,0.8,1.6,0.3,0.5,-0.5,1.0,-0.6,1.2,-1.4,-0.3,-0.6,-1.5,-1.6]',
   '[4.0,3.6,3.3,2.5,2.3,2.0,2.9,2.7,2.8,4.4,4.0,3.8,3.6,3.4,3.6,2.8,2.9,2.7,2.5,2.3]',
   now()),
  ('c0219000-0000-0000-0000-000000000003', 'c0019000-0000-0000-0000-000000000001', 'c0119000-0000-0000-0000-000000000003', '菅原洋平',
   '[1.6,1.3,-0.3,0.6,-0.7,1.5,0.0,0.3,0.4,1.2,0.7,0.1,-0.1,0.6,-0.3,0.8,-1.0,-0.5,-0.8,-1.1,-1.2]',
   '[3.6,3.2,2.9,2.7,2.5,2.2,3.1,2.9,3.0,4.0,3.6,3.4,3.2,3.0,3.2,2.4,2.7,2.5,2.3,2.1]',
   now()),
  ('c0219000-0000-0000-0000-000000000004', 'c0019000-0000-0000-0000-000000000002', 'c0119000-0000-0000-0000-000000000004', '大塚真由',
   '[0.5,0.3,-0.4,0.0,-1.5,0.4,0.3,-1.2,1.7,0.2,0.1,2.1,0.1,-0.1,0.4,2.4,-0.8,0.0,-0.2,0.1,0.0]',
   '[2.2,2.0,1.8,2.6,2.4,2.2,2.0,1.8,1.9,2.7,2.5,2.3,2.1,4.0,4.2,3.8,3.6,3.4,3.2,3.0]',
   now()),
  ('c0219000-0000-0000-0000-000000000005', 'c0019000-0000-0000-0000-000000000002', 'c0119000-0000-0000-0000-000000000005', '小野寺拓哉',
   '[0.7,0.5,-0.2,0.2,-1.3,0.6,0.4,-1.0,1.5,0.4,0.3,1.9,0.3,0.1,0.6,2.2,-1.0,-0.2,-0.4,0.3,-0.2]',
   '[2.4,2.2,2.0,2.8,2.6,2.4,2.2,2.0,2.1,2.9,2.7,2.5,2.3,3.8,4.0,3.6,3.4,3.2,3.0,2.8]',
   now()),
  ('c0219000-0000-0000-0000-000000000006', 'c0019000-0000-0000-0000-000000000002', 'c0119000-0000-0000-0000-000000000006', '宮崎さくら',
   '[0.3,0.1,-0.6,0.1,-1.7,0.2,0.2,-1.4,1.9,0.3,0.0,2.3,-0.1,-0.3,0.2,2.6,-0.6,0.2,0.0,-0.1,0.2]',
   '[2.0,1.8,1.6,2.5,2.3,2.1,1.9,1.7,1.8,2.5,2.3,2.1,1.9,4.2,4.4,4.0,3.8,3.6,3.4,3.2]',
   now()),
  ('c0219000-0000-0000-0000-000000000007', 'c0019000-0000-0000-0000-000000000003', 'c0119000-0000-0000-0000-000000000007', '新井慎太郎',
   '[0.4,2.1,0.2,1.9,0.8,0.1,0.3,1.7,0.3,-0.3,0.1,0.2,1.8,0.6,-0.2,0.3,0.5,-0.2,0.0,-0.7,-0.6]',
   '[2.9,2.7,2.5,3.6,3.4,3.2,3.9,3.7,3.8,3.1,2.9,2.7,2.5,3.0,3.2,2.8,3.5,3.3,3.1,2.9]',
   now()),
  ('c0219000-0000-0000-0000-000000000008', 'c0019000-0000-0000-0000-000000000003', 'c0119000-0000-0000-0000-000000000008', '五十嵐瞳',
   '[0.6,1.9,0.0,1.7,0.6,0.3,0.5,1.5,0.5,-0.1,0.0,0.4,1.6,0.4,-0.1,0.5,0.3,0.0,0.2,-0.6,-0.4]',
   '[3.1,2.9,2.7,3.4,3.2,3.0,3.7,3.5,3.6,3.3,3.1,2.9,2.7,3.1,3.3,2.9,3.6,3.4,3.2,3.0]',
   now()),
  ('c0219000-0000-0000-0000-000000000009', 'c0019000-0000-0000-0000-000000000003', 'c0119000-0000-0000-0000-000000000009', '横山康平',
   '[0.3,2.3,0.3,2.1,1.0,0.0,0.2,1.9,0.2,-0.5,0.2,0.0,2.0,0.8,-0.4,0.1,0.6,-0.3,-0.1,-0.9,-0.8]',
   '[2.7,2.5,2.3,3.7,3.5,3.3,4.0,3.8,3.9,2.9,2.7,2.5,2.3,2.9,3.1,2.7,3.4,3.2,3.0,2.8]',
   now())
ON CONFLICT DO NOTHING;

-- セッション
INSERT INTO work_values_sessions (id, user_id, team_member_id, circular_triads, consistency_coefficient, consistency_level, purpose) VALUES
  ('c0319000-0000-0000-0000-000000000001', NULL, 'c0219000-0000-0000-0000-000000000001', 26, 0.932, 'high', 'team'),
  ('c0319000-0000-0000-0000-000000000002', NULL, 'c0219000-0000-0000-0000-000000000002', 23, 0.940, 'high', 'team'),
  ('c0319000-0000-0000-0000-000000000003', NULL, 'c0219000-0000-0000-0000-000000000003', 31, 0.919, 'high', 'team'),
  ('c0319000-0000-0000-0000-000000000004', NULL, 'c0219000-0000-0000-0000-000000000004', 28, 0.927, 'high', 'team'),
  ('c0319000-0000-0000-0000-000000000005', NULL, 'c0219000-0000-0000-0000-000000000005', 25, 0.935, 'high', 'team'),
  ('c0319000-0000-0000-0000-000000000006', NULL, 'c0219000-0000-0000-0000-000000000006', 33, 0.914, 'high', 'team'),
  ('c0319000-0000-0000-0000-000000000007', NULL, 'c0219000-0000-0000-0000-000000000007', 22, 0.943, 'high', 'team'),
  ('c0319000-0000-0000-0000-000000000008', NULL, 'c0219000-0000-0000-0000-000000000008', 30, 0.922, 'high', 'team'),
  ('c0319000-0000-0000-0000-000000000009', NULL, 'c0219000-0000-0000-0000-000000000009', 27, 0.930, 'high', 'team')
ON CONFLICT DO NOTHING;

-- チームベクトル
UPDATE teams SET
  wv_vector = '[1.80,1.50,-0.30,0.47,-0.90,1.70,-0.10,0.17,0.60,1.40,0.50,0.30,-0.30,0.80,-0.43,1.00,-1.20,-0.40,-0.70,-1.30,-1.40]',
  ci_vector = '[3.80,3.40,3.10,2.60,2.40,2.10,3.00,2.80,2.90,4.20,3.80,3.60,3.40,3.20,3.40,2.60,2.80,2.60,2.40,2.20]'
WHERE id = 'c0019000-0000-0000-0000-000000000001';

UPDATE teams SET
  wv_vector = '[0.50,0.30,-0.40,0.10,-1.50,0.40,0.30,-1.20,1.70,0.30,0.13,2.10,0.10,-0.10,0.40,2.40,-0.80,0.00,-0.20,0.10,0.00]',
  ci_vector = '[2.20,2.00,1.80,2.63,2.43,2.23,2.03,1.83,1.93,2.70,2.50,2.30,2.10,4.00,4.20,3.80,3.60,3.40,3.20,3.00]'
WHERE id = 'c0019000-0000-0000-0000-000000000002';

UPDATE teams SET
  wv_vector = '[0.43,2.10,0.17,1.90,0.80,0.13,0.33,1.70,0.33,-0.30,0.10,0.20,1.80,0.60,-0.23,0.30,0.47,-0.17,0.03,-0.73,-0.60]',
  ci_vector = '[2.90,2.70,2.50,3.57,3.37,3.17,3.87,3.67,3.77,3.10,2.90,2.70,2.50,3.00,3.20,2.80,3.50,3.30,3.10,2.90]'
WHERE id = 'c0019000-0000-0000-0000-000000000003';

-- 4チーム目: プロダクト開発チーム
INSERT INTO teams (id, company_id, name, target_count) VALUES
  ('c0019000-0000-0000-0000-000000000004', 'b0000000-0000-0000-0000-000000000019', 'プロダクト開発チーム', 3)
ON CONFLICT DO NOTHING;

INSERT INTO team_invitations (id, team_id, token, assigned_name, expires_at, used_at) VALUES
  ('c0119000-0000-0000-0000-000000000010', 'c0019000-0000-0000-0000-000000000004', 'care_prod_01', '浅田裕也', now() + interval '30 days', now()),
  ('c0119000-0000-0000-0000-000000000011', 'c0019000-0000-0000-0000-000000000004', 'care_prod_02', '坂本千紗', now() + interval '30 days', now()),
  ('c0119000-0000-0000-0000-000000000012', 'c0019000-0000-0000-0000-000000000004', 'care_prod_03', '片山隆介', now() + interval '30 days', now())
ON CONFLICT DO NOTHING;

INSERT INTO team_members (id, team_id, invitation_id, name, wv_vector, ci_vector, completed_at) VALUES
  ('c0219000-0000-0000-0000-000000000010', 'c0019000-0000-0000-0000-000000000004', 'c0119000-0000-0000-0000-000000000010', '浅田裕也',
   '[1.9,1.7,-0.4,0.7,-1.0,1.8,-0.1,0.3,0.8,1.6,0.5,0.2,-0.3,1.1,-0.5,1.0,-1.2,-0.3,-0.6,0.4,-0.7]',
   '[4.0,3.6,3.3,2.6,2.4,2.1,3.2,3.0,3.1,4.3,4.0,3.7,3.5,3.1,3.3,2.5,2.8,2.6,2.4,2.2]',
   now()),
  ('c0219000-0000-0000-0000-000000000011', 'c0019000-0000-0000-0000-000000000004', 'c0119000-0000-0000-0000-000000000011', '坂本千紗',
   '[2.1,1.5,-0.3,0.5,-1.2,1.6,-0.2,0.2,1.0,1.8,0.4,0.3,-0.4,1.3,-0.6,0.8,-1.4,-0.4,-0.8,0.3,-0.5]',
   '[4.2,3.8,3.5,2.5,2.3,2.0,3.1,2.9,3.0,4.5,4.2,3.9,3.7,3.0,3.2,2.4,2.7,2.5,2.3,2.1]',
   now()),
  ('c0219000-0000-0000-0000-000000000012', 'c0019000-0000-0000-0000-000000000004', 'c0119000-0000-0000-0000-000000000012', '片山隆介',
   '[1.7,1.9,-0.5,0.6,-0.9,2.0,-0.3,0.4,0.6,1.4,0.6,0.1,-0.5,1.0,-0.4,1.2,-1.3,-0.5,-0.7,0.5,-0.8]',
   '[3.8,3.4,3.1,2.7,2.5,2.2,3.3,3.1,3.2,4.1,3.8,3.6,3.4,3.2,3.4,2.6,2.9,2.7,2.5,2.3]',
   now())
ON CONFLICT DO NOTHING;

INSERT INTO work_values_sessions (id, user_id, team_member_id, circular_triads, consistency_coefficient, consistency_level, purpose) VALUES
  ('c0319000-0000-0000-0000-000000000010', NULL, 'c0219000-0000-0000-0000-000000000010', 25, 0.935, 'high', 'team'),
  ('c0319000-0000-0000-0000-000000000011', NULL, 'c0219000-0000-0000-0000-000000000011', 30, 0.922, 'high', 'team'),
  ('c0319000-0000-0000-0000-000000000012', NULL, 'c0219000-0000-0000-0000-000000000012', 23, 0.940, 'high', 'team')
ON CONFLICT DO NOTHING;

UPDATE teams SET
  wv_vector = '[1.90,1.70,-0.40,0.60,-1.03,1.80,-0.20,0.30,0.80,1.60,0.50,0.20,-0.40,1.13,-0.50,1.00,-1.30,-0.40,-0.70,0.40,-0.67]',
  ci_vector = '[4.00,3.60,3.30,2.60,2.40,2.10,3.20,3.00,3.10,4.30,4.00,3.73,3.53,3.10,3.30,2.50,2.80,2.60,2.40,2.20]'
WHERE id = 'c0019000-0000-0000-0000-000000000004';


-- ==== オトノバ (suffix=1a) ====

-- チーム
INSERT INTO teams (id, company_id, name, target_count) VALUES
  ('c001a000-0000-0000-0000-000000000001', 'b0000000-0000-0000-0000-00000000001a', 'サウンドエンジニアチーム', 3),
  ('c001a000-0000-0000-0000-000000000002', 'b0000000-0000-0000-0000-00000000001a', 'アーティストリレーションチーム', 3),
  ('c001a000-0000-0000-0000-000000000003', 'b0000000-0000-0000-0000-00000000001a', 'プロダクト開発チーム', 3)
ON CONFLICT DO NOTHING;

-- 招待
INSERT INTO team_invitations (id, team_id, token, assigned_name, expires_at, used_at) VALUES
  ('c011a000-0000-0000-0000-000000000001', 'c001a000-0000-0000-0000-000000000001', 'otonova_sound_01', '佐々木遼', now() + interval '30 days', now()),
  ('c011a000-0000-0000-0000-000000000002', 'c001a000-0000-0000-0000-000000000001', 'otonova_sound_02', '小川美羽', now() + interval '30 days', now()),
  ('c011a000-0000-0000-0000-000000000003', 'c001a000-0000-0000-0000-000000000001', 'otonova_sound_03', '柴田龍一', now() + interval '30 days', now()),
  ('c011a000-0000-0000-0000-000000000004', 'c001a000-0000-0000-0000-000000000002', 'otonova_ar_01', '中島あかり', now() + interval '30 days', now()),
  ('c011a000-0000-0000-0000-000000000005', 'c001a000-0000-0000-0000-000000000002', 'otonova_ar_02', '坂本蒼太', now() + interval '30 days', now()),
  ('c011a000-0000-0000-0000-000000000006', 'c001a000-0000-0000-0000-000000000002', 'otonova_ar_03', '藤井紗和', now() + interval '30 days', now()),
  ('c011a000-0000-0000-0000-000000000007', 'c001a000-0000-0000-0000-000000000003', 'otonova_prod_01', '遠藤智哉', now() + interval '30 days', now()),
  ('c011a000-0000-0000-0000-000000000008', 'c001a000-0000-0000-0000-000000000003', 'otonova_prod_02', '古川瑠花', now() + interval '30 days', now()),
  ('c011a000-0000-0000-0000-000000000009', 'c001a000-0000-0000-0000-000000000003', 'otonova_prod_03', '高山颯人', now() + interval '30 days', now())
ON CONFLICT DO NOTHING;

-- メンバー
-- サウンドエンジニア: デザイン系(クリエイティブ) creativity(9), ability_utilization(0), independence(10) 高い / authority(4), social_status(16) 低い
-- アーティストリレーション: CS系 co_workers(8), social_service(15), moral_values(11) 高い / authority(4) 低い
-- プロダクト開発: エンジニア系 autonomy(5), creativity(9), ability_utilization(0) 高い
INSERT INTO team_members (id, team_id, invitation_id, name, wv_vector, ci_vector, completed_at) VALUES
  ('c021a000-0000-0000-0000-000000000001', 'c001a000-0000-0000-0000-000000000001', 'c011a000-0000-0000-0000-000000000001', '佐々木遼',
   '[2.0,0.8,-0.5,0.2,-1.3,1.4,0.0,-0.4,0.7,2.4,1.8,0.6,-0.2,0.5,-0.6,0.4,-1.7,-0.3,-0.5,-0.8,-0.6]',
   '[4.0,4.4,4.2,2.0,1.8,1.6,2.4,2.2,2.3,3.8,3.5,3.3,3.1,3.0,3.2,2.4,2.6,2.4,2.2,2.0]',
   now()),
  ('c021a000-0000-0000-0000-000000000002', 'c001a000-0000-0000-0000-000000000001', 'c011a000-0000-0000-0000-000000000002', '小川美羽',
   '[2.2,1.0,-0.3,0.0,-1.5,1.2,-0.1,-0.6,0.5,2.2,2.0,0.4,0.0,0.7,-0.4,0.6,-1.9,-0.5,-0.7,-0.6,-0.8]',
   '[4.2,4.6,4.4,1.9,1.7,1.5,2.3,2.1,2.2,3.6,3.3,3.1,2.9,2.8,3.0,2.2,2.5,2.3,2.1,1.9]',
   now()),
  ('c021a000-0000-0000-0000-000000000003', 'c001a000-0000-0000-0000-000000000001', 'c011a000-0000-0000-0000-000000000003', '柴田龍一',
   '[1.8,0.6,-0.7,0.3,-1.1,1.6,0.1,-0.2,0.9,2.6,1.6,0.8,-0.4,0.3,-0.8,0.2,-1.5,-0.1,-0.3,-1.0,-0.4]',
   '[3.8,4.2,4.0,2.1,1.9,1.7,2.5,2.3,2.4,4.0,3.7,3.5,3.3,3.2,3.4,2.6,2.7,2.5,2.3,2.1]',
   now()),
  ('c021a000-0000-0000-0000-000000000004', 'c001a000-0000-0000-0000-000000000002', 'c011a000-0000-0000-0000-000000000004', '中島あかり',
   '[0.6,0.4,-0.3,0.1,-1.4,0.5,0.4,-0.3,2.1,0.5,0.1,1.6,0.5,0.3,0.4,1.9,-1.0,-0.1,-0.2,0.1,-0.1]',
   '[2.5,2.3,2.1,2.9,2.7,2.5,2.3,2.1,2.2,3.0,2.8,2.6,2.4,3.7,3.9,3.5,3.3,3.1,2.9,2.7]',
   now()),
  ('c021a000-0000-0000-0000-000000000005', 'c001a000-0000-0000-0000-000000000002', 'c011a000-0000-0000-0000-000000000005', '坂本蒼太',
   '[0.8,0.6,-0.1,0.3,-1.2,0.3,0.5,-0.1,1.9,0.3,-0.1,1.4,0.7,0.5,0.6,1.7,-1.2,-0.3,-0.4,0.3,-0.3]',
   '[2.7,2.5,2.3,3.1,2.9,2.7,2.5,2.3,2.4,3.2,3.0,2.8,2.6,3.5,3.7,3.3,3.1,2.9,2.7,2.5]',
   now()),
  ('c021a000-0000-0000-0000-000000000006', 'c001a000-0000-0000-0000-000000000002', 'c011a000-0000-0000-0000-000000000006', '藤井紗和',
   '[0.4,0.2,-0.5,0.0,-1.6,0.7,0.3,-0.5,2.3,0.7,0.3,1.8,0.3,0.1,0.2,2.1,-0.8,0.1,0.0,-0.1,0.1]',
   '[2.3,2.1,1.9,2.7,2.5,2.3,2.1,1.9,2.0,2.8,2.6,2.4,2.2,3.9,4.1,3.7,3.5,3.3,3.1,2.9]',
   now()),
  ('c021a000-0000-0000-0000-000000000007', 'c001a000-0000-0000-0000-000000000003', 'c011a000-0000-0000-0000-000000000007', '遠藤智哉',
   '[2.1,1.8,-0.4,0.6,-1.0,2.0,-0.2,0.3,0.4,1.7,0.6,-0.1,-0.5,1.1,-0.6,0.1,-1.3,-0.5,-0.9,-1.5,-1.7]',
   '[4.1,3.5,3.2,2.5,2.3,2.0,3.1,2.9,3.0,4.4,4.0,3.8,3.6,3.3,3.5,2.7,2.5,2.3,2.1,1.9]',
   now()),
  ('c021a000-0000-0000-0000-000000000008', 'c001a000-0000-0000-0000-000000000003', 'c011a000-0000-0000-0000-000000000008', '古川瑠花',
   '[1.9,1.6,-0.3,0.8,-0.8,1.8,-0.3,0.5,0.6,1.5,0.8,-0.2,-0.3,0.9,-0.4,0.2,-1.1,-0.6,-1.0,-1.3,-1.5]',
   '[3.9,3.3,3.0,2.6,2.4,2.1,3.2,3.0,3.1,4.2,3.8,3.6,3.4,3.4,3.6,2.8,2.6,2.4,2.2,2.0]',
   now()),
  ('c021a000-0000-0000-0000-000000000009', 'c001a000-0000-0000-0000-000000000003', 'c011a000-0000-0000-0000-000000000009', '高山颯人',
   '[2.3,2.0,-0.5,0.4,-1.2,1.6,-0.1,0.1,0.5,1.9,0.4,0.0,-0.7,1.3,-0.8,0.3,-1.6,-0.4,-0.8,-1.7,-2.0]',
   '[4.3,3.7,3.4,2.3,2.1,1.8,2.9,2.7,2.8,4.6,4.2,4.0,3.8,3.1,3.3,2.5,2.3,2.1,1.9,1.7]',
   now())
ON CONFLICT DO NOTHING;

-- セッション
INSERT INTO work_values_sessions (id, user_id, team_member_id, circular_triads, consistency_coefficient, consistency_level, purpose) VALUES
  ('c031a000-0000-0000-0000-000000000001', NULL, 'c021a000-0000-0000-0000-000000000001', 24, 0.938, 'high', 'team'),
  ('c031a000-0000-0000-0000-000000000002', NULL, 'c021a000-0000-0000-0000-000000000002', 29, 0.925, 'high', 'team'),
  ('c031a000-0000-0000-0000-000000000003', NULL, 'c021a000-0000-0000-0000-000000000003', 22, 0.943, 'high', 'team'),
  ('c031a000-0000-0000-0000-000000000004', NULL, 'c021a000-0000-0000-0000-000000000004', 31, 0.919, 'high', 'team'),
  ('c031a000-0000-0000-0000-000000000005', NULL, 'c021a000-0000-0000-0000-000000000005', 27, 0.930, 'high', 'team'),
  ('c031a000-0000-0000-0000-000000000006', NULL, 'c021a000-0000-0000-0000-000000000006', 34, 0.912, 'high', 'team'),
  ('c031a000-0000-0000-0000-000000000007', NULL, 'c021a000-0000-0000-0000-000000000007', 25, 0.935, 'high', 'team'),
  ('c031a000-0000-0000-0000-000000000008', NULL, 'c021a000-0000-0000-0000-000000000008', 30, 0.922, 'high', 'team'),
  ('c031a000-0000-0000-0000-000000000009', NULL, 'c021a000-0000-0000-0000-000000000009', 23, 0.940, 'high', 'team')
ON CONFLICT DO NOTHING;

-- チームベクトル
UPDATE teams SET
  wv_vector = '[2.00,0.80,-0.50,0.17,-1.30,1.40,0.00,-0.40,0.70,2.40,1.80,0.60,-0.20,0.50,-0.60,0.40,-1.70,-0.30,-0.50,-0.80,-0.60]',
  ci_vector = '[4.00,4.40,4.20,2.00,1.80,1.60,2.40,2.20,2.30,3.80,3.50,3.30,3.10,3.00,3.20,2.40,2.60,2.40,2.20,2.00]'
WHERE id = 'c001a000-0000-0000-0000-000000000001';

UPDATE teams SET
  wv_vector = '[0.60,0.40,-0.30,0.13,-1.40,0.50,0.40,-0.30,2.10,0.50,0.10,1.60,0.50,0.30,0.40,1.90,-1.00,-0.10,-0.20,0.10,-0.10]',
  ci_vector = '[2.50,2.30,2.10,2.90,2.70,2.50,2.30,2.10,2.20,3.00,2.80,2.60,2.40,3.70,3.90,3.50,3.30,3.10,2.90,2.70]'
WHERE id = 'c001a000-0000-0000-0000-000000000002';

UPDATE teams SET
  wv_vector = '[2.10,1.80,-0.40,0.60,-1.00,1.80,-0.20,0.30,0.50,1.70,0.60,-0.10,-0.50,1.10,-0.60,0.20,-1.33,-0.50,-0.90,-1.50,-1.73]',
  ci_vector = '[4.10,3.50,3.20,2.47,2.27,1.97,3.07,2.87,2.97,4.40,4.00,3.80,3.60,3.27,3.47,2.67,2.47,2.27,2.07,1.87]'
WHERE id = 'c001a000-0000-0000-0000-000000000003';


-- ==== グリーンファクトリー (suffix=1b) ====

-- チーム
INSERT INTO teams (id, company_id, name, target_count) VALUES
  ('c001b000-0000-0000-0000-000000000001', 'b0000000-0000-0000-0000-00000000001b', '農機開発チーム', 3),
  ('c001b000-0000-0000-0000-000000000002', 'b0000000-0000-0000-0000-00000000001b', 'フィールドエンジニアチーム', 3),
  ('c001b000-0000-0000-0000-000000000003', 'b0000000-0000-0000-0000-00000000001b', '営業チーム', 3)
ON CONFLICT DO NOTHING;

-- 招待
INSERT INTO team_invitations (id, team_id, token, assigned_name, expires_at, used_at) VALUES
  ('c011b000-0000-0000-0000-000000000001', 'c001b000-0000-0000-0000-000000000001', 'greenfactory_dev_01', '和田健太郎', now() + interval '30 days', now()),
  ('c011b000-0000-0000-0000-000000000002', 'c001b000-0000-0000-0000-000000000001', 'greenfactory_dev_02', '黒田優奈', now() + interval '30 days', now()),
  ('c011b000-0000-0000-0000-000000000003', 'c001b000-0000-0000-0000-000000000001', 'greenfactory_dev_03', '丸山大輝', now() + interval '30 days', now()),
  ('c011b000-0000-0000-0000-000000000004', 'c001b000-0000-0000-0000-000000000002', 'greenfactory_field_01', '尾崎翠', now() + interval '30 days', now()),
  ('c011b000-0000-0000-0000-000000000005', 'c001b000-0000-0000-0000-000000000002', 'greenfactory_field_02', '竹内裕也', now() + interval '30 days', now()),
  ('c011b000-0000-0000-0000-000000000006', 'c001b000-0000-0000-0000-000000000002', 'greenfactory_field_03', '島田梨花', now() + interval '30 days', now()),
  ('c011b000-0000-0000-0000-000000000007', 'c001b000-0000-0000-0000-000000000003', 'greenfactory_sales_01', '根本拓馬', now() + interval '30 days', now()),
  ('c011b000-0000-0000-0000-000000000008', 'c001b000-0000-0000-0000-000000000003', 'greenfactory_sales_02', '福田桃子', now() + interval '30 days', now()),
  ('c011b000-0000-0000-0000-000000000009', 'c001b000-0000-0000-0000-000000000003', 'greenfactory_sales_03', '奥村俊介', now() + interval '30 days', now())
ON CONFLICT DO NOTHING;

-- メンバー
-- 農機開発: 研究系 ability_utilization(0), creativity(9), independence(10) 高い / social_status(16), compensation(7) 低い
-- フィールドエンジニア: エンジニア+social_service混合
-- 営業: ビジネス系
INSERT INTO team_members (id, team_id, invitation_id, name, wv_vector, ci_vector, completed_at) VALUES
  ('c021b000-0000-0000-0000-000000000001', 'c001b000-0000-0000-0000-000000000001', 'c011b000-0000-0000-0000-000000000001', '和田健太郎',
   '[2.3,1.5,0.1,0.3,-0.8,1.0,-0.2,-1.1,0.3,1.7,2.1,0.5,-0.3,0.7,0.5,0.4,-1.5,-0.4,-0.6,-0.5,-0.3]',
   '[3.1,2.9,2.7,2.2,2.0,1.8,2.4,2.2,2.3,4.5,4.2,4.0,3.8,3.5,3.7,3.0,2.4,2.2,2.0,1.8]',
   now()),
  ('c021b000-0000-0000-0000-000000000002', 'c001b000-0000-0000-0000-000000000001', 'c011b000-0000-0000-0000-000000000002', '黒田優奈',
   '[2.5,1.7,0.3,0.1,-1.0,1.2,-0.1,-1.3,0.1,1.5,2.3,0.3,-0.5,0.5,0.7,0.2,-1.7,-0.6,-0.8,-0.3,-0.5]',
   '[2.9,2.7,2.5,2.3,2.1,1.9,2.5,2.3,2.4,4.7,4.4,4.2,4.0,3.7,3.9,3.2,2.3,2.1,1.9,1.7]',
   now()),
  ('c021b000-0000-0000-0000-000000000003', 'c001b000-0000-0000-0000-000000000001', 'c011b000-0000-0000-0000-000000000003', '丸山大輝',
   '[2.1,1.3,-0.1,0.4,-0.6,0.8,0.0,-0.9,0.5,1.9,1.9,0.7,-0.1,0.9,0.3,0.6,-1.3,-0.2,-0.4,-0.7,-0.1]',
   '[3.3,3.1,2.9,2.1,1.9,1.7,2.3,2.1,2.2,4.3,4.0,3.8,3.6,3.3,3.5,2.8,2.5,2.3,2.1,1.9]',
   now()),
  ('c021b000-0000-0000-0000-000000000004', 'c001b000-0000-0000-0000-000000000002', 'c011b000-0000-0000-0000-000000000004', '尾崎翠',
   '[1.5,1.2,-0.1,0.4,-0.7,1.3,0.1,0.0,0.9,1.0,0.5,0.4,-0.2,0.6,-0.3,1.3,-0.9,-0.3,-0.5,-0.8,-0.6]',
   '[3.5,3.2,3.0,2.7,2.5,2.3,2.8,2.6,2.7,3.8,3.5,3.3,3.1,3.3,3.5,2.9,2.8,2.6,2.4,2.2]',
   now()),
  ('c021b000-0000-0000-0000-000000000005', 'c001b000-0000-0000-0000-000000000002', 'c011b000-0000-0000-0000-000000000005', '竹内裕也',
   '[1.7,1.4,0.1,0.6,-0.5,1.1,0.2,0.2,0.7,0.8,0.3,0.2,0.0,0.8,-0.1,1.1,-1.1,-0.5,-0.7,-0.6,-0.8]',
   '[3.7,3.4,3.2,2.8,2.6,2.4,2.9,2.7,2.8,3.6,3.3,3.1,2.9,3.1,3.3,2.7,2.6,2.4,2.2,2.0]',
   now()),
  ('c021b000-0000-0000-0000-000000000006', 'c001b000-0000-0000-0000-000000000002', 'c011b000-0000-0000-0000-000000000006', '島田梨花',
   '[1.3,1.0,-0.3,0.2,-0.9,1.5,0.0,-0.2,1.1,1.2,0.7,0.6,-0.4,0.4,-0.5,1.5,-0.7,-0.1,-0.3,-1.0,-0.4]',
   '[3.3,3.0,2.8,2.6,2.4,2.2,2.7,2.5,2.6,4.0,3.7,3.5,3.3,3.5,3.7,3.1,3.0,2.8,2.6,2.4]',
   now()),
  ('c021b000-0000-0000-0000-000000000007', 'c001b000-0000-0000-0000-000000000003', 'c011b000-0000-0000-0000-000000000007', '根本拓馬',
   '[0.5,2.0,0.2,1.8,0.8,0.1,0.3,1.6,0.4,-0.3,0.1,0.2,1.7,0.6,-0.2,0.3,0.5,-0.2,0.0,-0.7,-0.6]',
   '[2.8,2.6,2.4,3.5,3.3,3.1,3.8,3.6,3.7,3.1,2.9,2.7,2.5,2.9,3.1,2.7,3.4,3.2,3.0,2.8]',
   now()),
  ('c021b000-0000-0000-0000-000000000008', 'c001b000-0000-0000-0000-000000000003', 'c011b000-0000-0000-0000-000000000008', '福田桃子',
   '[0.7,2.2,0.0,2.0,0.6,0.3,0.5,1.4,0.6,-0.1,0.0,0.4,1.5,0.4,-0.1,0.5,0.3,0.0,0.2,-0.5,-0.4]',
   '[3.0,2.8,2.6,3.4,3.2,3.0,3.7,3.5,3.6,3.3,3.1,2.9,2.7,3.0,3.2,2.8,3.5,3.3,3.1,2.9]',
   now()),
  ('c021b000-0000-0000-0000-000000000009', 'c001b000-0000-0000-0000-000000000003', 'c011b000-0000-0000-0000-000000000009', '奥村俊介',
   '[0.3,1.8,0.3,2.1,1.0,-0.1,0.2,1.8,0.2,-0.5,0.2,0.0,1.9,0.8,-0.4,0.1,0.6,-0.3,-0.1,-0.9,-0.8]',
   '[2.6,2.4,2.2,3.6,3.4,3.2,3.9,3.7,3.8,2.9,2.7,2.5,2.3,2.8,3.0,2.6,3.3,3.1,2.9,2.7]',
   now())
ON CONFLICT DO NOTHING;

-- セッション
INSERT INTO work_values_sessions (id, user_id, team_member_id, circular_triads, consistency_coefficient, consistency_level, purpose) VALUES
  ('c031b000-0000-0000-0000-000000000001', NULL, 'c021b000-0000-0000-0000-000000000001', 26, 0.932, 'high', 'team'),
  ('c031b000-0000-0000-0000-000000000002', NULL, 'c021b000-0000-0000-0000-000000000002', 23, 0.940, 'high', 'team'),
  ('c031b000-0000-0000-0000-000000000003', NULL, 'c021b000-0000-0000-0000-000000000003', 30, 0.922, 'high', 'team'),
  ('c031b000-0000-0000-0000-000000000004', NULL, 'c021b000-0000-0000-0000-000000000004', 28, 0.927, 'high', 'team'),
  ('c031b000-0000-0000-0000-000000000005', NULL, 'c021b000-0000-0000-0000-000000000005', 25, 0.935, 'high', 'team'),
  ('c031b000-0000-0000-0000-000000000006', NULL, 'c021b000-0000-0000-0000-000000000006', 32, 0.917, 'high', 'team'),
  ('c031b000-0000-0000-0000-000000000007', NULL, 'c021b000-0000-0000-0000-000000000007', 24, 0.938, 'high', 'team'),
  ('c031b000-0000-0000-0000-000000000008', NULL, 'c021b000-0000-0000-0000-000000000008', 29, 0.925, 'high', 'team'),
  ('c031b000-0000-0000-0000-000000000009', NULL, 'c021b000-0000-0000-0000-000000000009', 27, 0.930, 'high', 'team')
ON CONFLICT DO NOTHING;

-- チームベクトル
UPDATE teams SET
  wv_vector = '[2.30,1.50,0.10,0.27,-0.80,1.00,-0.10,-1.10,0.30,1.70,2.10,0.50,-0.30,0.70,0.50,0.40,-1.50,-0.40,-0.60,-0.50,-0.30]',
  ci_vector = '[3.10,2.90,2.70,2.20,2.00,1.80,2.40,2.20,2.30,4.50,4.20,4.00,3.80,3.50,3.70,3.00,2.40,2.20,2.00,1.80]'
WHERE id = 'c001b000-0000-0000-0000-000000000001';

UPDATE teams SET
  wv_vector = '[1.50,1.20,-0.10,0.40,-0.70,1.30,0.10,0.00,0.90,1.00,0.50,0.40,-0.20,0.60,-0.30,1.30,-0.90,-0.30,-0.50,-0.80,-0.60]',
  ci_vector = '[3.50,3.20,3.00,2.70,2.50,2.30,2.80,2.60,2.70,3.80,3.50,3.30,3.10,3.30,3.50,2.90,2.80,2.60,2.40,2.20]'
WHERE id = 'c001b000-0000-0000-0000-000000000002';

UPDATE teams SET
  wv_vector = '[0.50,2.00,0.17,1.97,0.80,0.10,0.33,1.60,0.40,-0.30,0.10,0.20,1.70,0.60,-0.23,0.30,0.47,-0.17,0.03,-0.70,-0.60]',
  ci_vector = '[2.80,2.60,2.40,3.50,3.30,3.10,3.80,3.60,3.70,3.10,2.90,2.70,2.50,2.90,3.10,2.70,3.40,3.20,3.00,2.80]'
WHERE id = 'c001b000-0000-0000-0000-000000000003';

-- 4チーム目: 栽培管理AIチーム
INSERT INTO teams (id, company_id, name, target_count) VALUES
  ('c001b000-0000-0000-0000-000000000004', 'b0000000-0000-0000-0000-00000000001b', '栽培管理AIチーム', 3)
ON CONFLICT DO NOTHING;

INSERT INTO team_invitations (id, team_id, token, assigned_name, expires_at, used_at) VALUES
  ('c011b000-0000-0000-0000-000000000010', 'c001b000-0000-0000-0000-000000000004', 'greenfact_ai_01', '沢田拓也', now() + interval '30 days', now()),
  ('c011b000-0000-0000-0000-000000000011', 'c001b000-0000-0000-0000-000000000004', 'greenfact_ai_02', '中西彩', now() + interval '30 days', now()),
  ('c011b000-0000-0000-0000-000000000012', 'c001b000-0000-0000-0000-000000000004', 'greenfact_ai_03', '望月健一', now() + interval '30 days', now())
ON CONFLICT DO NOTHING;

INSERT INTO team_members (id, team_id, invitation_id, name, wv_vector, ci_vector, completed_at) VALUES
  ('c021b000-0000-0000-0000-000000000010', 'c001b000-0000-0000-0000-000000000004', 'c011b000-0000-0000-0000-000000000010', '沢田拓也',
   '[2.1,1.8,-0.3,0.5,-1.0,1.9,-0.2,0.3,0.4,1.6,0.9,-0.1,-0.4,1.3,-0.6,0.2,-1.3,-0.4,-0.7,0.8,-0.5]',
   '[4.3,3.7,3.4,2.4,2.2,1.9,3.1,2.9,3.0,4.5,4.2,3.9,3.7,3.2,3.4,2.5,2.3,2.1,1.9,1.8]',
   now()),
  ('c021b000-0000-0000-0000-000000000011', 'c001b000-0000-0000-0000-000000000004', 'c011b000-0000-0000-0000-000000000011', '中西彩',
   '[1.8,2.0,-0.5,0.6,-1.2,1.7,-0.1,0.2,0.6,1.8,0.7,0.0,-0.5,1.1,-0.8,0.3,-1.5,-0.5,-0.9,0.6,-0.4]',
   '[4.1,3.5,3.2,2.5,2.3,2.0,3.0,2.8,2.9,4.6,4.3,4.1,3.9,3.1,3.3,2.4,2.2,2.0,1.8,1.7]',
   now()),
  ('c021b000-0000-0000-0000-000000000012', 'c001b000-0000-0000-0000-000000000004', 'c011b000-0000-0000-0000-000000000012', '望月健一',
   '[2.3,1.6,-0.2,0.4,-1.1,2.1,-0.3,0.4,0.3,1.5,1.0,-0.2,-0.3,1.4,-0.5,0.1,-1.4,-0.3,-0.6,0.9,-0.6]',
   '[4.4,3.8,3.5,2.3,2.1,1.8,3.2,3.0,3.1,4.4,4.1,3.8,3.6,3.3,3.5,2.6,2.4,2.2,2.0,1.9]',
   now())
ON CONFLICT DO NOTHING;

INSERT INTO work_values_sessions (id, user_id, team_member_id, circular_triads, consistency_coefficient, consistency_level, purpose) VALUES
  ('c031b000-0000-0000-0000-000000000010', NULL, 'c021b000-0000-0000-0000-000000000010', 24, 0.938, 'high', 'team'),
  ('c031b000-0000-0000-0000-000000000011', NULL, 'c021b000-0000-0000-0000-000000000011', 28, 0.927, 'high', 'team'),
  ('c031b000-0000-0000-0000-000000000012', NULL, 'c021b000-0000-0000-0000-000000000012', 22, 0.943, 'high', 'team')
ON CONFLICT DO NOTHING;

UPDATE teams SET
  wv_vector = '[2.07,1.80,-0.33,0.50,-1.10,1.90,-0.20,0.30,0.43,1.63,0.87,-0.10,-0.40,1.27,-0.63,0.20,-1.40,-0.40,-0.73,0.77,-0.50]',
  ci_vector = '[4.27,3.67,3.37,2.40,2.20,1.90,3.10,2.90,3.00,4.50,4.20,3.93,3.73,3.20,3.40,2.50,2.30,2.10,1.90,1.80]'
WHERE id = 'c001b000-0000-0000-0000-000000000004';


-- ==== レジリア (suffix=1c) ====

-- チーム
INSERT INTO teams (id, company_id, name, target_count) VALUES
  ('c001c000-0000-0000-0000-000000000001', 'b0000000-0000-0000-0000-00000000001c', '防災AIチーム', 3),
  ('c001c000-0000-0000-0000-000000000002', 'b0000000-0000-0000-0000-00000000001c', 'ハードウェア開発チーム', 3),
  ('c001c000-0000-0000-0000-000000000003', 'b0000000-0000-0000-0000-00000000001c', '自治体連携チーム', 3)
ON CONFLICT DO NOTHING;

-- 招待
INSERT INTO team_invitations (id, team_id, token, assigned_name, expires_at, used_at) VALUES
  ('c011c000-0000-0000-0000-000000000001', 'c001c000-0000-0000-0000-000000000001', 'resilia_ai_01', '田村晃太', now() + interval '30 days', now()),
  ('c011c000-0000-0000-0000-000000000002', 'c001c000-0000-0000-0000-000000000001', 'resilia_ai_02', '江口菜月', now() + interval '30 days', now()),
  ('c011c000-0000-0000-0000-000000000003', 'c001c000-0000-0000-0000-000000000001', 'resilia_ai_03', '栗原康介', now() + interval '30 days', now()),
  ('c011c000-0000-0000-0000-000000000004', 'c001c000-0000-0000-0000-000000000002', 'resilia_hw_01', '今井亮太', now() + interval '30 days', now()),
  ('c011c000-0000-0000-0000-000000000005', 'c001c000-0000-0000-0000-000000000002', 'resilia_hw_02', '本田紗季', now() + interval '30 days', now()),
  ('c011c000-0000-0000-0000-000000000006', 'c001c000-0000-0000-0000-000000000002', 'resilia_hw_03', '水野啓吾', now() + interval '30 days', now()),
  ('c011c000-0000-0000-0000-000000000007', 'c001c000-0000-0000-0000-000000000003', 'resilia_gov_01', '近藤美佳', now() + interval '30 days', now()),
  ('c011c000-0000-0000-0000-000000000008', 'c001c000-0000-0000-0000-000000000003', 'resilia_gov_02', '工藤誠', now() + interval '30 days', now()),
  ('c011c000-0000-0000-0000-000000000009', 'c001c000-0000-0000-0000-000000000003', 'resilia_gov_03', '沢田ひかり', now() + interval '30 days', now())
ON CONFLICT DO NOTHING;

-- メンバー
-- 防災AI: エンジニア系+social_service
-- ハードウェア開発: 研究系
-- 自治体連携: CS+ビジネス混合 social_service, co_workers 高い
INSERT INTO team_members (id, team_id, invitation_id, name, wv_vector, ci_vector, completed_at) VALUES
  ('c021c000-0000-0000-0000-000000000001', 'c001c000-0000-0000-0000-000000000001', 'c011c000-0000-0000-0000-000000000001', '田村晃太',
   '[1.9,1.6,-0.3,0.5,-0.9,1.8,-0.2,0.1,0.5,1.5,0.6,0.3,-0.4,0.9,-0.5,1.1,-1.3,-0.4,-0.7,-1.3,-1.5]',
   '[3.9,3.5,3.2,2.5,2.3,2.0,3.0,2.8,2.9,4.3,3.9,3.7,3.5,3.2,3.4,2.6,2.7,2.5,2.3,2.1]',
   now()),
  ('c021c000-0000-0000-0000-000000000002', 'c001c000-0000-0000-0000-000000000001', 'c011c000-0000-0000-0000-000000000002', '江口菜月',
   '[2.1,1.8,-0.5,0.3,-1.1,2.0,-0.1,0.0,0.7,1.7,0.4,0.5,-0.6,1.1,-0.7,1.3,-1.5,-0.3,-0.6,-1.5,-1.7]',
   '[4.1,3.7,3.4,2.4,2.2,1.9,2.9,2.7,2.8,4.5,4.1,3.9,3.7,3.4,3.6,2.8,2.8,2.6,2.4,2.2]',
   now()),
  ('c021c000-0000-0000-0000-000000000003', 'c001c000-0000-0000-0000-000000000001', 'c011c000-0000-0000-0000-000000000003', '栗原康介',
   '[1.7,1.4,-0.1,0.7,-0.7,1.6,-0.3,0.3,0.3,1.3,0.8,0.1,-0.2,0.7,-0.3,0.9,-1.1,-0.5,-0.8,-1.1,-1.3]',
   '[3.7,3.3,3.0,2.6,2.4,2.1,3.1,2.9,3.0,4.1,3.7,3.5,3.3,3.0,3.2,2.4,2.6,2.4,2.2,2.0]',
   now()),
  ('c021c000-0000-0000-0000-000000000004', 'c001c000-0000-0000-0000-000000000002', 'c011c000-0000-0000-0000-000000000004', '今井亮太',
   '[2.4,1.5,0.2,0.2,-0.8,1.0,-0.1,-1.2,0.2,1.8,2.1,0.5,-0.3,0.7,0.5,0.2,-1.5,-0.4,-0.6,-0.4,-0.3]',
   '[3.0,2.8,2.6,2.3,2.1,1.9,2.5,2.3,2.4,4.6,4.3,4.1,3.9,3.6,3.8,3.0,2.4,2.2,2.0,1.8]',
   now()),
  ('c021c000-0000-0000-0000-000000000005', 'c001c000-0000-0000-0000-000000000002', 'c011c000-0000-0000-0000-000000000005', '本田紗季',
   '[2.2,1.3,0.0,0.4,-0.6,0.8,0.0,-1.4,0.4,2.0,1.9,0.7,-0.5,0.9,0.3,0.4,-1.3,-0.3,-0.5,-0.6,-0.1]',
   '[3.2,3.0,2.8,2.2,2.0,1.8,2.4,2.2,2.3,4.4,4.1,3.9,3.7,3.4,3.6,2.8,2.3,2.1,1.9,1.7]',
   now()),
  ('c021c000-0000-0000-0000-000000000006', 'c001c000-0000-0000-0000-000000000002', 'c011c000-0000-0000-0000-000000000006', '水野啓吾',
   '[2.6,1.7,0.1,0.1,-1.0,1.2,-0.2,-1.0,0.0,1.6,2.3,0.3,-0.1,0.5,0.7,0.0,-1.7,-0.5,-0.7,-0.2,-0.5]',
   '[2.8,2.6,2.4,2.4,2.2,2.0,2.6,2.4,2.5,4.8,4.5,4.3,4.1,3.8,4.0,3.2,2.5,2.3,2.1,1.9]',
   now()),
  ('c021c000-0000-0000-0000-000000000007', 'c001c000-0000-0000-0000-000000000003', 'c011c000-0000-0000-0000-000000000007', '近藤美佳',
   '[0.6,0.5,-0.2,0.2,-1.3,0.4,0.4,-0.3,1.8,0.4,0.1,1.5,0.5,0.3,0.4,2.0,-0.9,-0.1,-0.2,0.1,-0.1]',
   '[2.5,2.3,2.1,2.9,2.7,2.5,2.3,2.1,2.2,3.0,2.8,2.6,2.4,3.7,3.9,3.5,3.3,3.1,2.9,2.7]',
   now()),
  ('c021c000-0000-0000-0000-000000000008', 'c001c000-0000-0000-0000-000000000003', 'c011c000-0000-0000-0000-000000000008', '工藤誠',
   '[0.4,0.7,0.0,0.4,-1.1,0.2,0.5,-0.1,1.6,0.2,0.0,1.3,0.7,0.5,0.6,1.8,-1.1,-0.3,-0.4,0.3,-0.3]',
   '[2.7,2.5,2.3,3.1,2.9,2.7,2.5,2.3,2.4,3.2,3.0,2.8,2.6,3.5,3.7,3.3,3.1,2.9,2.7,2.5]',
   now()),
  ('c021c000-0000-0000-0000-000000000009', 'c001c000-0000-0000-0000-000000000003', 'c011c000-0000-0000-0000-000000000009', '沢田ひかり',
   '[0.8,0.3,-0.4,0.0,-1.5,0.6,0.3,-0.5,2.0,0.6,0.3,1.7,0.3,0.1,0.2,2.2,-0.7,0.1,0.0,-0.1,0.1]',
   '[2.3,2.1,1.9,2.7,2.5,2.3,2.1,1.9,2.0,2.8,2.6,2.4,2.2,3.9,4.1,3.7,3.5,3.3,3.1,2.9]',
   now())
ON CONFLICT DO NOTHING;

-- セッション
INSERT INTO work_values_sessions (id, user_id, team_member_id, circular_triads, consistency_coefficient, consistency_level, purpose) VALUES
  ('c031c000-0000-0000-0000-000000000001', NULL, 'c021c000-0000-0000-0000-000000000001', 25, 0.935, 'high', 'team'),
  ('c031c000-0000-0000-0000-000000000002', NULL, 'c021c000-0000-0000-0000-000000000002', 22, 0.943, 'high', 'team'),
  ('c031c000-0000-0000-0000-000000000003', NULL, 'c021c000-0000-0000-0000-000000000003', 30, 0.922, 'high', 'team'),
  ('c031c000-0000-0000-0000-000000000004', NULL, 'c021c000-0000-0000-0000-000000000004', 27, 0.930, 'high', 'team'),
  ('c031c000-0000-0000-0000-000000000005', NULL, 'c021c000-0000-0000-0000-000000000005', 24, 0.938, 'high', 'team'),
  ('c031c000-0000-0000-0000-000000000006', NULL, 'c021c000-0000-0000-0000-000000000006', 31, 0.919, 'high', 'team'),
  ('c031c000-0000-0000-0000-000000000007', NULL, 'c021c000-0000-0000-0000-000000000007', 33, 0.914, 'high', 'team'),
  ('c031c000-0000-0000-0000-000000000008', NULL, 'c021c000-0000-0000-0000-000000000008', 28, 0.927, 'high', 'team'),
  ('c031c000-0000-0000-0000-000000000009', NULL, 'c021c000-0000-0000-0000-000000000009', 26, 0.932, 'high', 'team')
ON CONFLICT DO NOTHING;

-- チームベクトル
UPDATE teams SET
  wv_vector = '[1.90,1.60,-0.30,0.50,-0.90,1.80,-0.20,0.13,0.50,1.50,0.60,0.30,-0.40,0.90,-0.50,1.10,-1.30,-0.40,-0.70,-1.30,-1.50]',
  ci_vector = '[3.90,3.50,3.20,2.50,2.30,2.00,3.00,2.80,2.90,4.30,3.90,3.70,3.50,3.20,3.40,2.60,2.70,2.50,2.30,2.10]'
WHERE id = 'c001c000-0000-0000-0000-000000000001';

UPDATE teams SET
  wv_vector = '[2.40,1.50,0.10,0.23,-0.80,1.00,-0.10,-1.20,0.20,1.80,2.10,0.50,-0.30,0.70,0.50,0.20,-1.50,-0.40,-0.60,-0.40,-0.30]',
  ci_vector = '[3.00,2.80,2.60,2.30,2.10,1.90,2.50,2.30,2.40,4.60,4.30,4.10,3.90,3.60,3.80,3.00,2.40,2.20,2.00,1.80]'
WHERE id = 'c001c000-0000-0000-0000-000000000002';

UPDATE teams SET
  wv_vector = '[0.60,0.50,-0.20,0.20,-1.30,0.40,0.40,-0.30,1.80,0.40,0.13,1.50,0.50,0.30,0.40,2.00,-0.90,-0.10,-0.20,0.10,-0.10]',
  ci_vector = '[2.50,2.30,2.10,2.90,2.70,2.50,2.30,2.10,2.20,3.00,2.80,2.60,2.40,3.70,3.90,3.50,3.30,3.10,2.90,2.70]'
WHERE id = 'c001c000-0000-0000-0000-000000000003';


-- ==== まちしるべ (suffix=1d) ====

-- チーム
INSERT INTO teams (id, company_id, name, target_count) VALUES
  ('c001d000-0000-0000-0000-000000000001', 'b0000000-0000-0000-0000-00000000001d', 'まちづくりプランナーチーム', 3),
  ('c001d000-0000-0000-0000-000000000002', 'b0000000-0000-0000-0000-00000000001d', 'エンジニアチーム', 3),
  ('c001d000-0000-0000-0000-000000000003', 'b0000000-0000-0000-0000-00000000001d', 'コミュニティマネージャーチーム', 3)
ON CONFLICT DO NOTHING;

-- 招待
INSERT INTO team_invitations (id, team_id, token, assigned_name, expires_at, used_at) VALUES
  ('c011d000-0000-0000-0000-000000000001', 'c001d000-0000-0000-0000-000000000001', 'machishirube_plan_01', '中西拓斗', now() + interval '30 days', now()),
  ('c011d000-0000-0000-0000-000000000002', 'c001d000-0000-0000-0000-000000000001', 'machishirube_plan_02', '石原彩音', now() + interval '30 days', now()),
  ('c011d000-0000-0000-0000-000000000003', 'c001d000-0000-0000-0000-000000000001', 'machishirube_plan_03', '吉村雅人', now() + interval '30 days', now()),
  ('c011d000-0000-0000-0000-000000000004', 'c001d000-0000-0000-0000-000000000002', 'machishirube_eng_01', '北村悠斗', now() + interval '30 days', now()),
  ('c011d000-0000-0000-0000-000000000005', 'c001d000-0000-0000-0000-000000000002', 'machishirube_eng_02', '松井咲良', now() + interval '30 days', now()),
  ('c011d000-0000-0000-0000-000000000006', 'c001d000-0000-0000-0000-000000000002', 'machishirube_eng_03', '荒木大智', now() + interval '30 days', now()),
  ('c011d000-0000-0000-0000-000000000007', 'c001d000-0000-0000-0000-000000000003', 'machishirube_cm_01', '川上みなみ', now() + interval '30 days', now()),
  ('c011d000-0000-0000-0000-000000000008', 'c001d000-0000-0000-0000-000000000003', 'machishirube_cm_02', '野村慶太', now() + interval '30 days', now()),
  ('c011d000-0000-0000-0000-000000000009', 'c001d000-0000-0000-0000-000000000003', 'machishirube_cm_03', '岩崎千晶', now() + interval '30 days', now())
ON CONFLICT DO NOTHING;

-- メンバー
-- まちづくりプランナー: social_service(15), creativity(9), moral_values(11) 高い / authority(4), social_status(16) 低い
-- エンジニア: autonomy(5), creativity(9), ability_utilization(0) 高い / authority(4), social_status(16) 低い
-- コミュニティマネージャー: CS系 co_workers(8), social_service(15), moral_values(11) 高い
INSERT INTO team_members (id, team_id, invitation_id, name, wv_vector, ci_vector, completed_at) VALUES
  ('c021d000-0000-0000-0000-000000000001', 'c001d000-0000-0000-0000-000000000001', 'c011d000-0000-0000-0000-000000000001', '中西拓斗',
   '[1.0,0.6,-0.3,0.1,-1.3,0.8,0.2,-0.5,1.2,1.5,0.3,1.4,0.2,0.4,-0.2,2.1,-1.5,-0.2,-0.4,-0.3,-0.2]',
   '[3.2,3.5,3.3,2.4,2.2,2.0,2.5,2.3,2.4,3.6,3.3,3.1,2.9,3.4,3.6,3.2,2.8,2.6,2.4,2.2]',
   now()),
  ('c021d000-0000-0000-0000-000000000002', 'c001d000-0000-0000-0000-000000000001', 'c011d000-0000-0000-0000-000000000002', '石原彩音',
   '[0.8,0.4,-0.5,0.2,-1.5,1.0,0.1,-0.7,1.4,1.7,0.1,1.6,0.0,0.2,-0.4,2.3,-1.7,-0.4,-0.6,-0.1,-0.4]',
   '[3.4,3.7,3.5,2.3,2.1,1.9,2.4,2.2,2.3,3.4,3.1,2.9,2.7,3.2,3.4,3.0,2.7,2.5,2.3,2.1]',
   now()),
  ('c021d000-0000-0000-0000-000000000003', 'c001d000-0000-0000-0000-000000000001', 'c011d000-0000-0000-0000-000000000003', '吉村雅人',
   '[1.2,0.8,-0.1,0.0,-1.1,0.6,0.3,-0.3,1.0,1.3,0.5,1.2,0.4,0.6,-0.1,1.9,-1.3,-0.1,-0.3,-0.5,0.0]',
   '[3.0,3.3,3.1,2.5,2.3,2.1,2.6,2.4,2.5,3.8,3.5,3.3,3.1,3.6,3.8,3.4,2.9,2.7,2.5,2.3]',
   now()),
  ('c021d000-0000-0000-0000-000000000004', 'c001d000-0000-0000-0000-000000000002', 'c011d000-0000-0000-0000-000000000004', '北村悠斗',
   '[2.0,1.7,-0.3,0.7,-1.0,1.9,-0.2,0.4,0.4,1.6,0.7,-0.1,-0.4,1.0,-0.6,0.2,-1.3,-0.5,-0.9,-1.5,-1.7]',
   '[4.1,3.5,3.2,2.6,2.4,2.1,3.2,3.0,3.1,4.3,3.9,3.7,3.5,3.3,3.5,2.7,2.5,2.3,2.1,2.0]',
   now()),
  ('c021d000-0000-0000-0000-000000000005', 'c001d000-0000-0000-0000-000000000002', 'c011d000-0000-0000-0000-000000000005', '松井咲良',
   '[2.2,1.9,-0.5,0.5,-1.2,1.7,-0.1,0.2,0.6,1.8,0.5,0.0,-0.6,1.2,-0.8,0.4,-1.5,-0.4,-0.8,-1.7,-1.9]',
   '[4.3,3.7,3.4,2.4,2.2,1.9,3.0,2.8,2.9,4.5,4.1,3.9,3.7,3.1,3.3,2.5,2.3,2.1,1.9,1.8]',
   now()),
  ('c021d000-0000-0000-0000-000000000006', 'c001d000-0000-0000-0000-000000000002', 'c011d000-0000-0000-0000-000000000006', '荒木大智',
   '[1.8,1.5,-0.4,0.6,-0.8,2.1,-0.3,0.5,0.3,1.4,0.9,-0.2,-0.3,0.8,-0.4,0.0,-1.1,-0.6,-1.0,-1.3,-1.5]',
   '[3.9,3.3,3.0,2.7,2.5,2.2,3.3,3.1,3.2,4.1,3.7,3.5,3.3,3.4,3.6,2.8,2.6,2.4,2.2,2.1]',
   now()),
  ('c021d000-0000-0000-0000-000000000007', 'c001d000-0000-0000-0000-000000000003', 'c011d000-0000-0000-0000-000000000007', '川上みなみ',
   '[0.7,0.3,-0.3,0.0,-1.6,0.5,0.4,-0.4,2.1,0.5,0.1,1.8,0.3,0.1,0.3,2.3,-0.8,0.0,-0.1,0.0,0.0]',
   '[2.3,2.1,1.9,2.7,2.5,2.3,2.1,1.9,2.0,2.8,2.6,2.4,2.2,4.0,4.2,3.8,3.6,3.4,3.2,3.0]',
   now()),
  ('c021d000-0000-0000-0000-000000000008', 'c001d000-0000-0000-0000-000000000003', 'c011d000-0000-0000-0000-000000000008', '野村慶太',
   '[0.5,0.5,-0.1,0.2,-1.4,0.3,0.5,-0.2,1.9,0.3,0.0,1.6,0.5,0.3,0.5,2.1,-1.0,-0.2,-0.3,0.2,-0.2]',
   '[2.5,2.3,2.1,2.9,2.7,2.5,2.3,2.1,2.2,3.0,2.8,2.6,2.4,3.8,4.0,3.6,3.4,3.2,3.0,2.8]',
   now()),
  ('c021d000-0000-0000-0000-000000000009', 'c001d000-0000-0000-0000-000000000003', 'c011d000-0000-0000-0000-000000000009', '岩崎千晶',
   '[0.9,0.1,-0.5,0.1,-1.8,0.7,0.2,-0.6,2.3,0.7,0.3,2.0,0.1,-0.1,0.1,2.5,-0.6,0.2,0.1,-0.2,0.2]',
   '[2.1,1.9,1.7,2.5,2.3,2.1,1.9,1.7,1.8,2.6,2.4,2.2,2.0,4.2,4.4,4.0,3.8,3.6,3.4,3.2]',
   now())
ON CONFLICT DO NOTHING;

-- セッション
INSERT INTO work_values_sessions (id, user_id, team_member_id, circular_triads, consistency_coefficient, consistency_level, purpose) VALUES
  ('c031d000-0000-0000-0000-000000000001', NULL, 'c021d000-0000-0000-0000-000000000001', 28, 0.927, 'high', 'team'),
  ('c031d000-0000-0000-0000-000000000002', NULL, 'c021d000-0000-0000-0000-000000000002', 24, 0.938, 'high', 'team'),
  ('c031d000-0000-0000-0000-000000000003', NULL, 'c021d000-0000-0000-0000-000000000003', 31, 0.919, 'high', 'team'),
  ('c031d000-0000-0000-0000-000000000004', NULL, 'c021d000-0000-0000-0000-000000000004', 23, 0.940, 'high', 'team'),
  ('c031d000-0000-0000-0000-000000000005', NULL, 'c021d000-0000-0000-0000-000000000005', 27, 0.930, 'high', 'team'),
  ('c031d000-0000-0000-0000-000000000006', NULL, 'c021d000-0000-0000-0000-000000000006', 30, 0.922, 'high', 'team'),
  ('c031d000-0000-0000-0000-000000000007', NULL, 'c021d000-0000-0000-0000-000000000007', 33, 0.914, 'high', 'team'),
  ('c031d000-0000-0000-0000-000000000008', NULL, 'c021d000-0000-0000-0000-000000000008', 25, 0.935, 'high', 'team'),
  ('c031d000-0000-0000-0000-000000000009', NULL, 'c021d000-0000-0000-0000-000000000009', 22, 0.943, 'high', 'team')
ON CONFLICT DO NOTHING;

-- チームベクトル
UPDATE teams SET
  wv_vector = '[1.00,0.60,-0.30,0.10,-1.30,0.80,0.20,-0.50,1.20,1.50,0.30,1.40,0.20,0.40,-0.23,2.10,-1.50,-0.23,-0.43,-0.30,-0.20]',
  ci_vector = '[3.20,3.50,3.30,2.40,2.20,2.00,2.50,2.30,2.40,3.60,3.30,3.10,2.90,3.40,3.60,3.20,2.80,2.60,2.40,2.20]'
WHERE id = 'c001d000-0000-0000-0000-000000000001';

UPDATE teams SET
  wv_vector = '[2.00,1.70,-0.40,0.60,-1.00,1.90,-0.20,0.37,0.43,1.60,0.70,-0.10,-0.43,1.00,-0.60,0.20,-1.30,-0.50,-0.90,-1.50,-1.70]',
  ci_vector = '[4.10,3.50,3.20,2.57,2.37,2.07,3.17,2.97,3.07,4.30,3.90,3.70,3.50,3.27,3.47,2.67,2.47,2.27,2.07,1.97]'
WHERE id = 'c001d000-0000-0000-0000-000000000002';

UPDATE teams SET
  wv_vector = '[0.70,0.30,-0.30,0.10,-1.60,0.50,0.37,-0.40,2.10,0.50,0.13,1.80,0.30,0.10,0.30,2.30,-0.80,0.00,-0.10,0.00,0.00]',
  ci_vector = '[2.30,2.10,1.90,2.70,2.50,2.30,2.10,1.90,2.00,2.80,2.60,2.40,2.20,4.00,4.20,3.80,3.60,3.40,3.20,3.00]'
WHERE id = 'c001d000-0000-0000-0000-000000000003';



-- ============================================================
-- 8. 求人（inselfy社 6件）
-- ============================================================

-- 8-1. バックエンドエンジニア（Go）
INSERT INTO job_postings (
  id, company_id, team_id, created_by, status, title, job_category, employment_type, hiring_count,
  description, appeal_points, challenges, team_description, skills_gained,
  content_blocks, tags,
  required_qualifications, preferred_qualifications,
  work_location, work_location_change_scope, job_description_change_scope,
  contract_type, probation_period, work_hours, break_time, holidays,
  salary_min, salary_max, salary_detail, insurance, smoking_policy,
  benefits, remote_policy, selection_process, published_at
) VALUES (
  'B0000000-0000-0000-0000-000000000001',
  'afd20f1c-b6a8-4809-bc8f-b3f41263b511',
  'A0000000-0000-0000-0000-000000000001',
  'c08e3a7a-4faf-4b7a-9ff4-8c8d2d8162c5',
  'open',
  'バックエンドエンジニア｜Go / PostgreSQL / AWS でプロダクト基盤を設計',
  'エンジニア',
  '正社員',
  '1〜2名',
  'inselfyの価値観マッチングエンジンを支えるAPI基盤の設計・開発をリードしていただきます。Bradley-Terryモデルによるスコアリング、pgvectorを活用したベクトル検索、リアルタイム推薦アルゴリズムなど、データと密接に結びついたバックエンド開発が中心です。',
  '独自の価値観診断アルゴリズムとマッチングエンジンの開発に携われます。少人数チームのため、技術選定からアーキテクチャ設計まで裁量を持って取り組める環境です。フルリモート・フルフレックスで、自律的に働ける文化を大切にしています。',
  '急成長フェーズのプロダクトで、スケーラビリティとパフォーマンスの両立が求められます。統計モデルの実装やベクトル検索の最適化など、一般的なCRUD開発とは異なる技術的チャレンジがあります。',
  '現在エンジニア5名のチームで、全員がフルスタック志向を持ちながらもバックエンドに強みを持つメンバーが揃っています。コードレビューを重視し、技術的な議論を日常的に行うカルチャーです。',
  'Go言語での大規模API設計スキル、統計モデルの実装経験、ベクトルデータベースの運用知識、AWSインフラの設計・構築スキルが身につきます。',
  '[]'::jsonb,
  '["Go","PostgreSQL","AWS","pgvector","API設計","マッチングアルゴリズム"]'::jsonb,
  'Go言語でのWebアプリケーション開発経験3年以上。RDBMSを用いたバックエンド開発の実務経験。',
  'PostgreSQLの運用・チューニング経験。AWSでのインフラ構築経験。統計学やデータサイエンスへの興味。OSS活動やテックブログでの発信経験。',
  '東京都渋谷区（フルリモート勤務可）',
  '当面なし',
  '当面なし',
  '無期',
  '入社後3ヶ月（条件変更なし）',
  'フレックスタイム制（コアタイムなし）標準労働時間8時間',
  '60分',
  '完全週休2日制（土日祝）、年末年始休暇、有給休暇（入社半年後10日付与）、慶弔休暇、産前産後休暇、育児休暇',
  600, 1000,
  '月給50万円〜83万円（固定残業代45時間分を含む）。経験・能力を考慮の上決定。',
  '健康保険、厚生年金、雇用保険、労災保険',
  '屋内原則禁煙（喫煙専用室あり）',
  E'リモートワーク手当月3万円\n書籍購入費全額補助\nカンファレンス参加費補助\n副業OK',
  'フルリモート',
  '書類選考 → 技術面接（コーディングテスト含む） → 最終面接 → 内定',
  now()
) ON CONFLICT DO NOTHING;

-- 8-2. フロントエンドエンジニア（React / TypeScript）
INSERT INTO job_postings (
  id, company_id, team_id, created_by, status, title, job_category, employment_type, hiring_count,
  description, appeal_points, challenges, team_description, skills_gained,
  content_blocks, tags,
  required_qualifications, preferred_qualifications,
  work_location, work_location_change_scope, job_description_change_scope,
  contract_type, probation_period, work_hours, break_time, holidays,
  salary_min, salary_max, salary_detail, insurance, smoking_policy,
  benefits, remote_policy, selection_process, published_at
) VALUES (
  'B0000000-0000-0000-0000-000000000002',
  'afd20f1c-b6a8-4809-bc8f-b3f41263b511',
  'A0000000-0000-0000-0000-000000000001',
  'c08e3a7a-4faf-4b7a-9ff4-8c8d2d8162c5',
  'open',
  'フロントエンドエンジニア｜React / TypeScript で価値観診断UIを開発',
  'エンジニア',
  '正社員',
  '1名',
  '価値観診断のインタラクティブUI、リアルタイムスコアリングのビジュアライゼーション、レーダーチャートやマッチング結果の表示など、データドリブンなフロントエンド開発を担当していただきます。ユーザー体験に直結する部分を、パフォーマンスとアクセシビリティを両立させながら実装します。',
  'Bradley-Terryモデルのリアルタイム推定をブラウザ上で実行するなど、一般的なSPAとは異なる技術的挑戦があります。デザイナーと密に連携し、プロトタイプから本実装まで一気通貫で担当できます。',
  'アダプティブ診断UIでは50〜70問の質問をリアルタイムに最適化して出題するため、状態管理とパフォーマンスの設計が重要です。また、候補者向け・企業向けの2つのプロダクトを並行開発するため、コンポーネント設計の一貫性が求められます。',
  'エンジニアチームはバックエンド寄りのメンバーが多いため、フロントエンドの技術的リーダーシップを発揮していただける方を歓迎します。デザインチームとの距離が近く、UIの意思決定に関われる環境です。',
  'React / TypeScriptでの大規模SPA開発スキル、データビジュアライゼーションの実装力、アクセシビリティ対応の知見が身につきます。',
  '[]'::jsonb,
  '["React","TypeScript","Vite","データ可視化","SPA","アクセシビリティ"]'::jsonb,
  'React / TypeScriptでのSPA開発経験3年以上。レスポンシブデザインの実装経験。',
  'SVG / Canvasを用いたデータビジュアライゼーションの経験。パフォーマンスチューニングの経験。デザインツール（Figma等）の操作経験。',
  '東京都渋谷区（フルリモート勤務可）',
  '当面なし',
  '当面なし',
  '無期',
  '入社後3ヶ月（条件変更なし）',
  'フレックスタイム制（コアタイムなし）標準労働時間8時間',
  '60分',
  '完全週休2日制（土日祝）、年末年始休暇、有給休暇（入社半年後10日付与）、慶弔休暇、産前産後休暇、育児休暇',
  500, 900,
  '月給42万円〜75万円（固定残業代45時間分を含む）。経験・能力を考慮の上決定。',
  '健康保険、厚生年金、雇用保険、労災保険',
  '屋内原則禁煙（喫煙専用室あり）',
  E'リモートワーク手当月3万円\n書籍購入費全額補助\nカンファレンス参加費補助\n副業OK',
  'フルリモート',
  '書類選考 → 技術面接（ポートフォリオレビュー含む） → 最終面接 → 内定',
  now()
) ON CONFLICT DO NOTHING;

-- 8-3. プロダクトデザイナー（UI/UX）
INSERT INTO job_postings (
  id, company_id, team_id, created_by, status, title, job_category, employment_type, hiring_count,
  description, appeal_points, challenges, team_description, skills_gained,
  content_blocks, tags,
  required_qualifications, preferred_qualifications,
  work_location, work_location_change_scope, job_description_change_scope,
  contract_type, probation_period, work_hours, break_time, holidays,
  salary_min, salary_max, salary_detail, insurance, smoking_policy,
  benefits, remote_policy, selection_process, published_at
) VALUES (
  'B0000000-0000-0000-0000-000000000003',
  'afd20f1c-b6a8-4809-bc8f-b3f41263b511',
  'A0000000-0000-0000-0000-000000000002',
  'c08e3a7a-4faf-4b7a-9ff4-8c8d2d8162c5',
  'open',
  'プロダクトデザイナー｜価値観診断 × AIマッチングのUI/UX設計',
  'デザイナー',
  '正社員',
  '1名',
  '候補者向けの価値観診断フロー、診断結果の可視化、企業とのマッチング体験など、プロダクト全体のUI/UXを設計していただきます。ユーザーリサーチからプロトタイピング、UIデザイン、フロントエンドエンジニアとの実装連携まで一貫して担当します。',
  '「価値観」という抽象的な概念をどう可視化するか、診断体験をいかに楽しくするかなど、UXデザインの本質的なチャレンジに取り組めます。プロダクトの初期フェーズから参画し、デザインシステムをゼロから構築できる機会です。',
  '一対比較の診断UIでは「50〜70問の質問を飽きさせずに完了させる」体験設計が必要です。また、統計データの可視化では正確さとわかりやすさの両立が求められます。',
  'デザインチーム3名で、全員がUI設計とユーザーリサーチの両方を担当しています。エンジニアと同じ目線で議論できるチームです。',
  'データドリブンなUXデザインスキル、デザインシステムの設計・運用力、統計データの可視化デザインの知見が身につきます。',
  '[]'::jsonb,
  '["Figma","UI/UXデザイン","デザインシステム","ユーザーリサーチ","プロトタイピング","データ可視化"]'::jsonb,
  'WebサービスのUI/UXデザイン経験3年以上。Figmaを用いたデザイン・プロトタイピングの実務経験。',
  'デザインシステムの構築経験。ユーザーリサーチの企画・実施経験。HTML/CSSの基礎知識。BtoBプロダクトのデザイン経験。',
  '東京都渋谷区（フルリモート勤務可）',
  '当面なし',
  '当面なし',
  '無期',
  '入社後3ヶ月（条件変更なし）',
  'フレックスタイム制（コアタイムなし）標準労働時間8時間',
  '60分',
  '完全週休2日制（土日祝）、年末年始休暇、有給休暇（入社半年後10日付与）、慶弔休暇、産前産後休暇、育児休暇',
  450, 800,
  '月給38万円〜67万円（固定残業代45時間分を含む）。経験・能力を考慮の上決定。',
  '健康保険、厚生年金、雇用保険、労災保険',
  '屋内原則禁煙（喫煙専用室あり）',
  E'リモートワーク手当月3万円\n書籍購入費全額補助\nカンファレンス参加費補助\n副業OK',
  'フルリモート',
  '書類選考 → ポートフォリオレビュー → デザイン課題 → 最終面接 → 内定',
  now()
) ON CONFLICT DO NOTHING;

-- 8-4. コミュニケーションデザイナー
INSERT INTO job_postings (
  id, company_id, team_id, created_by, status, title, job_category, employment_type, hiring_count,
  description, appeal_points, challenges, team_description, skills_gained,
  content_blocks, tags,
  required_qualifications, preferred_qualifications,
  work_location, work_location_change_scope, job_description_change_scope,
  contract_type, probation_period, work_hours, break_time, holidays,
  salary_min, salary_max, salary_detail, insurance, smoking_policy,
  benefits, remote_policy, selection_process, published_at
) VALUES (
  'B0000000-0000-0000-0000-000000000004',
  'afd20f1c-b6a8-4809-bc8f-b3f41263b511',
  'A0000000-0000-0000-0000-000000000002',
  'c08e3a7a-4faf-4b7a-9ff4-8c8d2d8162c5',
  'open',
  'コミュニケーションデザイナー｜ブランド戦略からLP・マーケ素材まで',
  'デザイナー',
  '正社員',
  '1名',
  'inselfyのブランドアイデンティティの策定、LP・広告クリエイティブの制作、SNS素材の制作など、マーケティングに関わるデザイン全般を担当していただきます。プロダクトの価値を適切に伝えるビジュアルコミュニケーションを設計します。',
  'HRテック領域の新しいブランドをゼロから立ち上げるフェーズです。ブランドガイドラインの策定からクリエイティブの量産体制構築まで、一人目のコミュニケーションデザイナーとして大きな裁量を持って取り組めます。',
  '「価値観マッチング」という新しいコンセプトを、採用担当者と求職者の両方にわかりやすく伝える必要があります。BtoBとBtoCの異なるターゲットに向けたクリエイティブを同時に制作するバランス感覚が求められます。',
  'デザインチームに所属しながら、ビジネスチームのマーケティング施策と密に連携して動きます。',
  'BtoB SaaSのブランディング経験、マーケティングクリエイティブの企画・制作スキル、ブランドガイドラインの策定・運用力が身につきます。',
  '[]'::jsonb,
  '["グラフィックデザイン","ブランディング","LP制作","マーケティング","Figma","Illustrator"]'::jsonb,
  'グラフィックデザインの実務経験3年以上。Web媒体のデザイン制作経験。',
  'ブランドガイドラインの策定経験。動画・モーショングラフィックスの制作経験。コピーライティングのスキル。BtoB領域のクリエイティブ制作経験。',
  '東京都渋谷区（フルリモート勤務可）',
  '当面なし',
  '当面なし',
  '無期',
  '入社後3ヶ月（条件変更なし）',
  'フレックスタイム制（コアタイムなし）標準労働時間8時間',
  '60分',
  '完全週休2日制（土日祝）、年末年始休暇、有給休暇（入社半年後10日付与）、慶弔休暇、産前産後休暇、育児休暇',
  400, 700,
  '月給33万円〜58万円（固定残業代45時間分を含む）。経験・能力を考慮の上決定。',
  '健康保険、厚生年金、雇用保険、労災保険',
  '屋内原則禁煙（喫煙専用室あり）',
  E'リモートワーク手当月3万円\n書籍購入費全額補助\nカンファレンス参加費補助\n副業OK',
  'フルリモート',
  '書類選考 → ポートフォリオレビュー → 最終面接 → 内定',
  now()
) ON CONFLICT DO NOTHING;

-- 8-5. フィールドセールス
INSERT INTO job_postings (
  id, company_id, team_id, created_by, status, title, job_category, employment_type, hiring_count,
  description, appeal_points, challenges, team_description, skills_gained,
  content_blocks, tags,
  required_qualifications, preferred_qualifications,
  work_location, work_location_change_scope, job_description_change_scope,
  contract_type, probation_period, work_hours, break_time, holidays,
  salary_min, salary_max, salary_detail, insurance, smoking_policy,
  benefits, remote_policy, selection_process, published_at
) VALUES (
  'B0000000-0000-0000-0000-000000000005',
  'afd20f1c-b6a8-4809-bc8f-b3f41263b511',
  'A0000000-0000-0000-0000-000000000003',
  'c08e3a7a-4faf-4b7a-9ff4-8c8d2d8162c5',
  'open',
  'フィールドセールス｜HR Tech × AIマッチングの法人営業',
  'セールス',
  '正社員',
  '2名',
  '企業の採用担当者に対して、inselfyの価値観マッチングプラットフォームの提案・導入支援を行います。初回商談からクロージング、導入後のオンボーディングまでを一貫して担当し、企業の採用課題を解決に導きます。',
  'HRテック領域の新規プロダクトを市場に広める初期フェーズのセールスです。プロダクトの機能提案だけでなく、価値観ベースの採用という新しいコンセプトを企業に浸透させていく、エバンジェリスト的な役割も担えます。プロダクト改善へのフィードバックが直接反映される距離感です。',
  '「価値観マッチング」は市場に浸透していない概念のため、従来の求人媒体との違いを明確に伝える提案力が求められます。導入企業の成功事例をゼロから作り上げていくフェーズです。',
  'ビジネスチーム4名で、セールスとカスタマーサクセスを兼務しながら動いています。データドリブンな営業手法を志向し、CRM上での行動管理を徹底しています。',
  'HRテック領域の法人営業スキル、新規市場開拓の経験、コンサルティング営業力が身につきます。',
  '[]'::jsonb,
  '["法人営業","HR Tech","SaaS","コンサルティングセールス","採用支援","新規開拓"]'::jsonb,
  '法人向け営業経験3年以上。新規開拓営業の経験。',
  'HR領域（人材紹介・求人媒体・HRテック等）での営業経験。SaaSプロダクトの営業経験。商談からクロージングまでの一連のセールスプロセスを自走できる方。',
  '東京都渋谷区（リモート併用可）',
  '当面なし',
  '当面なし',
  '無期',
  '入社後3ヶ月（条件変更なし）',
  'フレックスタイム制（コアタイム11:00〜16:00）標準労働時間8時間',
  '60分',
  '完全週休2日制（土日祝）、年末年始休暇、有給休暇（入社半年後10日付与）、慶弔休暇、産前産後休暇、育児休暇',
  450, 800,
  '月給38万円〜67万円（固定残業代45時間分を含む）。インセンティブ制度あり。経験・能力を考慮の上決定。',
  '健康保険、厚生年金、雇用保険、労災保険',
  '屋内原則禁煙（喫煙専用室あり）',
  E'リモートワーク手当月3万円\n書籍購入費全額補助\n交通費支給\n副業OK',
  'リモート併用（週2〜3日出社）',
  '書類選考 → 一次面接 → 最終面接 → 内定',
  now()
) ON CONFLICT DO NOTHING;

-- 8-6. カスタマーサクセス
INSERT INTO job_postings (
  id, company_id, team_id, created_by, status, title, job_category, employment_type, hiring_count,
  description, appeal_points, challenges, team_description, skills_gained,
  content_blocks, tags,
  required_qualifications, preferred_qualifications,
  work_location, work_location_change_scope, job_description_change_scope,
  contract_type, probation_period, work_hours, break_time, holidays,
  salary_min, salary_max, salary_detail, insurance, smoking_policy,
  benefits, remote_policy, selection_process, published_at
) VALUES (
  'B0000000-0000-0000-0000-000000000006',
  'afd20f1c-b6a8-4809-bc8f-b3f41263b511',
  'A0000000-0000-0000-0000-000000000003',
  'c08e3a7a-4faf-4b7a-9ff4-8c8d2d8162c5',
  'open',
  'カスタマーサクセス｜導入企業の採用成功を伴走支援',
  'カスタマーサクセス',
  '正社員',
  '1名',
  '導入企業の採用成功に向けて、オンボーディングから活用促進、チーム診断の運用支援、マッチング精度の改善提案まで一貫して伴走します。企業の採用課題を深く理解し、inselfyの活用方法を最適化することで、契約継続率と顧客満足度の向上を目指します。',
  'プロダクトの初期導入フェーズから関わるため、カスタマーサクセスの仕組みそのものをゼロから構築できます。導入企業の声をプロダクトに直接フィードバックする役割も担い、サービス全体の進化に貢献できるポジションです。',
  '価値観マッチングという新しい概念を企業の採用フローに組み込んでもらうため、導入企業の人事担当者に対する丁寧な説明と運用サポートが不可欠です。定量的な成果指標の設計も求められます。',
  'ビジネスチームに所属し、セールスメンバーと連携しながら顧客対応を行います。エンジニア・デザインチームとの距離も近く、プロダクト改善の議論に参加する機会が豊富です。',
  'SaaSのカスタマーサクセス設計力、HR領域の業務知識、データを活用した顧客支援スキルが身につきます。',
  '[]'::jsonb,
  '["カスタマーサクセス","SaaS","HR Tech","オンボーディング","採用支援","データ分析"]'::jsonb,
  'カスタマーサクセスまたはカスタマーサポートの経験2年以上。顧客折衝の経験。',
  'SaaSプロダクトのカスタマーサクセス経験。HR領域（人材紹介・求人媒体・HRテック等）での業務経験。データ分析の基礎スキル。',
  '東京都渋谷区（リモート併用可）',
  '当面なし',
  '当面なし',
  '無期',
  '入社後3ヶ月（条件変更なし）',
  'フレックスタイム制（コアタイム11:00〜16:00）標準労働時間8時間',
  '60分',
  '完全週休2日制（土日祝）、年末年始休暇、有給休暇（入社半年後10日付与）、慶弔休暇、産前産後休暇、育児休暇',
  400, 700,
  '月給33万円〜58万円（固定残業代45時間分を含む）。経験・能力を考慮の上決定。',
  '健康保険、厚生年金、雇用保険、労災保険',
  '屋内原則禁煙（喫煙専用室あり）',
  E'リモートワーク手当月3万円\n書籍購入費全額補助\n交通費支給\n副業OK',
  'リモート併用（週2〜3日出社）',
  '書類選考 → 一次面接 → 最終面接 → 内定',
  now()
) ON CONFLICT DO NOTHING;

-- サムネイル・content_blocks を全求人に設定（カスタムモード）
UPDATE job_postings jp SET
  thumbnail_urls = '[{"url":"/api/uploads/job-images/seed_placeholder_1.svg","filename":"placeholder1.svg"},{"url":"/api/uploads/job-images/seed_placeholder_2.svg","filename":"placeholder2.svg"},{"url":"/api/uploads/job-images/seed_placeholder_3.svg","filename":"placeholder3.svg"}]'::jsonb,
  template = 'standard',
  content_blocks = jsonb_build_array(
    jsonb_build_object('id', gen_random_uuid()::text, 'type', 'preset', 'key', 'description', 'title', '仕事内容', 'body', jp.description, 'icon', 'BriefcaseBusiness', 'color', '#3D8B6E', 'width', '100%'),
    jsonb_build_object('id', gen_random_uuid()::text, 'type', 'preset', 'key', 'appeal_points', 'title', 'この仕事の魅力', 'body', jp.appeal_points, 'icon', 'Sparkles', 'color', '#3D8B6E', 'width', '60', 'group_id', g.g1),
    jsonb_build_object('id', gen_random_uuid()::text, 'type', 'preset', 'key', 'team_description', 'title', 'チームについて', 'body', jp.team_description, 'icon', 'Users', 'color', '#3D8B6E', 'width', '40', 'group_id', g.g1),
    jsonb_build_object('id', gen_random_uuid()::text, 'type', 'preset', 'key', 'challenges', 'title', 'チャレンジ', 'body', jp.challenges, 'icon', 'AlertTriangle', 'color', '#E0944A', 'width', '100%'),
    jsonb_build_object('id', gen_random_uuid()::text, 'type', 'custom', 'key', '', 'title', '開発環境・技術スタック', 'body', E'言語: Go, TypeScript\nDB: PostgreSQL + pgvector\nインフラ: AWS (ECS, RDS, CloudFront)\nCI/CD: GitHub Actions\nコミュニケーション: Slack, Linear, Notion\nデザイン: Figma', 'icon', 'Code', 'color', '#3498db', 'width', '50', 'group_id', g.g2),
    jsonb_build_object('id', gen_random_uuid()::text, 'type', 'preset', 'key', 'skills_gained', 'title', '身につくスキル', 'body', jp.skills_gained, 'icon', 'Star', 'color', '#3D8B6E', 'width', '50', 'group_id', g.g2),
    jsonb_build_object('id', gen_random_uuid()::text, 'type', 'custom', 'key', '', 'title', '選考プロセス', 'body', E'カジュアル面談（任意） → 書類選考 → 一次面接（技術 or ポートフォリオ） → 最終面接（代表） → 内定\n\n選考期間は通常2〜3週間です。オンライン完結も可能です。ご希望に応じてオフィス見学も実施しています。', 'icon', 'ClipboardList', 'color', '#9b59b6', 'width', '100%')
  )
FROM (SELECT gen_random_uuid()::text AS g1, gen_random_uuid()::text AS g2) g
WHERE jp.company_id = 'afd20f1c-b6a8-4809-bc8f-b3f41263b511'
  AND (jp.content_blocks = '[]'::jsonb OR jp.content_blocks IS NULL OR jp.template IS NULL OR jp.template = '');

-- ============================================================
-- 9. 新規29社の求人（各4件 = 116件）
-- ============================================================

-- seed_jobs_1.sql: 10社 × 4件 = 40件の求人データ
-- Usage: psql -h localhost -U user -d inselfy -f /tmp/seed_jobs_1.sql


-- ============================================================
-- 企業01: クラウドソル株式会社（SaaS）
-- teams: プロダクト開発=c0001..1, カスタマーサクセス=c0001..2, セールス=c0001..3
-- ============================================================

-- 01-1. エンジニア
INSERT INTO job_postings (
  id, company_id, team_id, created_by, status, title, job_category, employment_type, hiring_count,
  description, appeal_points, challenges, team_description, skills_gained,
  content_blocks, tags,
  required_qualifications, preferred_qualifications,
  work_location, work_location_change_scope, job_description_change_scope,
  contract_type, probation_period, work_hours, break_time, holidays,
  salary_min, salary_max, salary_detail, insurance, smoking_policy,
  benefits, remote_policy, selection_process, published_at
) VALUES (
  'd0010000-0000-0000-0000-000000000001',
  'b0000000-0000-0000-0000-000000000001',
  'c0001000-0000-0000-0000-000000000001',
  'b1000000-0000-0000-0000-000000000001',
  'open',
  'バックエンドエンジニア｜中小企業3,000社を支えるSaaS基盤を進化させる',
  'エンジニア',
  '正社員',
  '2〜3名',
  'クラウドソルの中核プロダクトであるバックオフィスSaaSのAPI基盤開発を担当していただきます。会計・労務・経費精算という3つのドメインが交差するデータモデルの設計、マイクロサービス間の連携基盤の構築、大量トランザクション処理のパフォーマンス最適化が主なミッションです。3,000社以上の導入企業が日常的に利用するシステムのため、高い可用性と信頼性が求められます。既存のモノリスからマイクロサービスへの段階的な移行プロジェクトにも参画いただきます。',
  'ARR30億円を突破し急成長中のプロダクトの基盤を担う責任あるポジションです。会計・労務・経費精算という実務に直結する領域のため、自分が書いたコードが数千社の業務効率を直接改善している実感を得られます。四半期ごとのハッカソンでは新機能のプロトタイプを自由に提案でき、実際にプロダクトに採用された事例も多数あります。技術選定やアーキテクチャ設計の議論にも積極的に参加できる風通しの良い環境です。',
  'モノリスからマイクロサービスへの移行を進めながら、同時に新機能の開発速度を落とさないというバランスが求められます。3,000社以上が利用するシステムのため、無停止デプロイやデータマイグレーションの設計には特に慎重さが必要です。また、会計や労務といった専門領域のビジネスロジックを正確に理解し、法改正への迅速な対応も求められます。',
  'エンジニア15名が在籍するプロダクト開発チームです。バックエンド、フロントエンド、インフラの専門性を持つメンバーがクロスファンクショナルに協力しています。',
  'マイクロサービスアーキテクチャの設計・運用スキル、大規模SaaSのパフォーマンスチューニング力、ドメイン駆動設計の実践力が身につきます。',
  '[]'::jsonb,
  '["Go","TypeScript","PostgreSQL","AWS","マイクロサービス","SaaS"]'::jsonb,
  'バックエンド開発経験3年以上。Go、Java、Python等の静的型付け言語での開発経験。RDBMSを用いたアプリケーション開発経験。',
  'マイクロサービスアーキテクチャの設計・運用経験。AWSを用いたインフラ構築経験。SaaSプロダクトの開発経験。会計・労務ドメインの知識。',
  '東京都港区（リモート併用可）',
  '当面なし',
  '当面なし',
  '無期',
  '入社後3ヶ月（条件変更なし）',
  'フレックスタイム制（コアタイム11:00-15:00）標準労働時間8時間',
  '60分',
  '完全週休2日制（土日祝）、年末年始休暇、有給休暇（入社半年後10日付与）、慶弔休暇、産前産後休暇、育児休暇',
  550, 900,
  '月給46万円〜75万円（固定残業代40時間分を含む）。経験・能力を考慮の上決定。',
  '健康保険、厚生年金、雇用保険、労災保険',
  '屋内原則禁煙（喫煙専用室あり）',
  E'ストックオプション制度\n書籍・学習費用月1万円補助\n健康診断オプション全額負担\n副業OK（届出制）\nリモートワーク可（週2出社推奨）',
  'リモート併用（週2出社推奨）',
  '書類選考 → 技術面接（コーディングテスト含む） → チームフィット面接 → 最終面接 → 内定',
  now()
) ON CONFLICT DO NOTHING;

-- 01-2. セールス
INSERT INTO job_postings (
  id, company_id, team_id, created_by, status, title, job_category, employment_type, hiring_count,
  description, appeal_points, challenges, team_description, skills_gained,
  content_blocks, tags,
  required_qualifications, preferred_qualifications,
  work_location, work_location_change_scope, job_description_change_scope,
  contract_type, probation_period, work_hours, break_time, holidays,
  salary_min, salary_max, salary_detail, insurance, smoking_policy,
  benefits, remote_policy, selection_process, published_at
) VALUES (
  'd0010000-0000-0000-0000-000000000002',
  'b0000000-0000-0000-0000-000000000001',
  'c0001000-0000-0000-0000-000000000003',
  'b1000000-0000-0000-0000-000000000001',
  'open',
  'フィールドセールス｜ARR30億円SaaSの次なる成長を牽引する法人営業',
  'セールス',
  '正社員',
  '2名',
  '中小企業の経営者・管理部門責任者に対して、クラウドソルのバックオフィスSaaSの導入提案を行います。インサイドセールスチームがアポイントを獲得した見込み顧客に対し、課題のヒアリングから提案、クロージングまでを一貫して担当します。導入後のオンボーディングフェーズではカスタマーサクセスチームと連携し、スムーズな移行を支援します。月間10〜15件の商談を担当し、導入企業の業務改善に直接貢献するポジションです。',
  'ARR30億円を突破し、さらなる成長を目指すフェーズで参画できます。プロダクトの完成度が高いため提案がしやすく、導入後の顧客満足度も高い環境です。プロダクトチームとの距離が近く、顧客の声を直接フィードバックして機能改善につなげることができます。成果に応じたインセンティブ制度が整っており、頑張りが報酬に直結する仕組みです。',
  '中小企業のバックオフィス業務は会社ごとに運用が異なるため、画一的な提案では刺さりません。顧客の現状業務を深く理解し、クラウドソルがどのように課題を解決できるかをカスタマイズして提案する力が求められます。また、競合SaaSとの差別化ポイントを明確に伝えるプレゼンテーション力も重要です。',
  'セールスチーム8名で、フィールドセールスとインサイドセールスに分かれて活動しています。SalesforceでのCRM管理を徹底し、データドリブンな営業手法を実践しています。',
  'SaaS法人営業の提案スキル、バックオフィス業務の幅広い知識、コンサルティング営業力が身につきます。',
  '[]'::jsonb,
  '["法人営業","SaaS","バックオフィス","コンサルティングセールス","Salesforce","中小企業"]'::jsonb,
  '法人向けBtoB営業経験2年以上。商談からクロージングまでの営業プロセスを自走できる方。',
  'SaaSプロダクトの営業経験。バックオフィス領域（会計・労務・経費等）の知識。CRMツール（Salesforce等）の利用経験。',
  '東京都港区',
  '当面なし',
  '当面なし',
  '無期',
  '入社後3ヶ月（条件変更なし）',
  'フレックスタイム制（コアタイム10:00-16:00）標準労働時間8時間',
  '60分',
  '完全週休2日制（土日祝）、年末年始休暇、有給休暇（入社半年後10日付与）、慶弔休暇、産前産後休暇、育児休暇',
  450, 800,
  '月給38万円〜67万円（固定残業代40時間分を含む）。インセンティブ制度あり。経験・能力を考慮の上決定。',
  '健康保険、厚生年金、雇用保険、労災保険',
  '屋内原則禁煙（喫煙専用室あり）',
  E'ストックオプション制度\n書籍・学習費用月1万円補助\n交通費全額支給\n副業OK（届出制）',
  '出社（週1リモート可）',
  '書類選考 → 一次面接 → ロールプレイ面接 → 最終面接 → 内定',
  now()
) ON CONFLICT DO NOTHING;

-- 01-3. PM
INSERT INTO job_postings (
  id, company_id, team_id, created_by, status, title, job_category, employment_type, hiring_count,
  description, appeal_points, challenges, team_description, skills_gained,
  content_blocks, tags,
  required_qualifications, preferred_qualifications,
  work_location, work_location_change_scope, job_description_change_scope,
  contract_type, probation_period, work_hours, break_time, holidays,
  salary_min, salary_max, salary_detail, insurance, smoking_policy,
  benefits, remote_policy, selection_process, published_at
) VALUES (
  'd0010000-0000-0000-0000-000000000003',
  'b0000000-0000-0000-0000-000000000001',
  'c0001000-0000-0000-0000-000000000001',
  'b1000000-0000-0000-0000-000000000001',
  'open',
  'プロダクトマネージャー｜3,000社が使うバックオフィスSaaSの進化を設計する',
  'PM',
  '正社員',
  '1名',
  'クラウドソルのバックオフィスSaaSのプロダクト戦略立案から機能設計、リリースまでを統括していただきます。顧客インタビューやデータ分析を通じて課題を特定し、ロードマップを策定します。エンジニア・デザイナーと密に連携しながら仕様を詰め、開発チームのスプリント計画に落とし込みます。また、法改正対応や競合動向の調査も継続的に行い、プロダクトの競争力を維持・強化する役割を担います。',
  '3,000社以上が利用するプロダクトのPMとして、自分の意思決定が数千社の業務に影響を与える規模感を体験できます。プロダクト主導の組織であり、PMが大きな裁量を持って意思決定できる環境です。ユーザーインタビューにエンジニアも参加する文化があり、チーム全体でプロダクトの方向性を議論できます。四半期ハッカソンではPMも自らプロトタイプを作って提案することが奨励されています。',
  '会計・労務・経費精算という3つの異なるドメインを横断的に理解し、優先順位を判断する力が求められます。法改正への対応は期限が厳格で、通常の機能開発と並行して進める必要があります。また、中小企業の多様な業務フローに対応しつつ、プロダクトの複雑化を防ぐシンプルさも維持しなければなりません。',
  'PM3名がそれぞれ会計・労務・経費のドメインを担当しています。週次でPM間のロードマップ共有会を実施し、ドメイン横断の整合性を保っています。',
  'マルチドメインSaaSのプロダクトマネジメント力、法規制対応の知見、データドリブンな意思決定スキルが身につきます。',
  '[]'::jsonb,
  '["プロダクトマネジメント","SaaS","バックオフィス","ロードマップ策定","ユーザーリサーチ","Agile"]'::jsonb,
  'プロダクトマネジメント経験2年以上。BtoB SaaSプロダクトでの企画・開発経験。',
  'バックオフィス領域（会計・労務・経費等）のドメイン知識。SQLを用いたデータ分析の経験。スクラム開発の実践経験。',
  '東京都港区（リモート併用可）',
  '当面なし',
  '当面なし',
  '無期',
  '入社後3ヶ月（条件変更なし）',
  'フレックスタイム制（コアタイム11:00-15:00）標準労働時間8時間',
  '60分',
  '完全週休2日制（土日祝）、年末年始休暇、有給休暇（入社半年後10日付与）、慶弔休暇、産前産後休暇、育児休暇',
  600, 950,
  '月給50万円〜79万円（固定残業代40時間分を含む）。経験・能力を考慮の上決定。',
  '健康保険、厚生年金、雇用保険、労災保険',
  '屋内原則禁煙（喫煙専用室あり）',
  E'ストックオプション制度\n書籍・学習費用月1万円補助\n健康診断オプション全額負担\n副業OK（届出制）\nリモートワーク可（週2出社推奨）',
  'リモート併用（週2出社推奨）',
  '書類選考 → 一次面接 → ケース面接 → 最終面接 → 内定',
  now()
) ON CONFLICT DO NOTHING;

-- 01-4. カスタマーサクセス（SaaS特有）
INSERT INTO job_postings (
  id, company_id, team_id, created_by, status, title, job_category, employment_type, hiring_count,
  description, appeal_points, challenges, team_description, skills_gained,
  content_blocks, tags,
  required_qualifications, preferred_qualifications,
  work_location, work_location_change_scope, job_description_change_scope,
  contract_type, probation_period, work_hours, break_time, holidays,
  salary_min, salary_max, salary_detail, insurance, smoking_policy,
  benefits, remote_policy, selection_process, published_at
) VALUES (
  'd0010000-0000-0000-0000-000000000004',
  'b0000000-0000-0000-0000-000000000001',
  'c0001000-0000-0000-0000-000000000002',
  'b1000000-0000-0000-0000-000000000001',
  'open',
  'カスタマーサクセス｜導入3,000社の業務改善を加速させるパートナー',
  'カスタマーサクセス',
  '正社員',
  '2名',
  '導入企業のオンボーディングから活用促進、契約更新までを一貫して担当します。新規導入企業に対しては、既存の業務フローをヒアリングし、クラウドソルへの移行計画を策定して伴走します。稼働後は利用データを分析し、活用率の低い機能の利用促進や新機能の案内を通じて顧客の業務効率をさらに改善します。チャーン予兆の早期発見と対策も重要なミッションです。1人あたり約50社を担当し、定期的なレビューミーティングを実施します。',
  'バックオフィスSaaSという実務に密着したプロダクトのため、自分の支援が顧客の業務改善に直結する手応えを感じられます。「導入企業の管理工数を平均40%削減」という成果を支える立場として、大きなやりがいがあります。プロダクトチームとの距離が近く、顧客の声を機能改善に直接反映させられます。カスタマーサクセスの仕組みづくりにも関われるフェーズです。',
  '中小企業のバックオフィス業務は標準化されていないことが多く、企業ごとの運用に合わせた個別の支援が必要です。会計・労務・経費精算のドメイン知識を幅広く身につけながら、担当50社の状況を的確に把握し、優先順位をつけて対応する力が求められます。',
  'カスタマーサクセスチーム6名で、エンタープライズ担当とSMB担当に分かれて活動しています。週次のチーム定例でチャーンリスクの共有と対策を議論しています。',
  'SaaSカスタマーサクセスの体系的なスキル、バックオフィス業務の深い知識、データを活用した顧客支援力が身につきます。',
  '[]'::jsonb,
  '["カスタマーサクセス","SaaS","バックオフィス","オンボーディング","データ分析","顧客折衝"]'::jsonb,
  'カスタマーサクセスまたはカスタマーサポート経験2年以上。法人顧客との折衝経験。',
  'SaaSプロダクトのカスタマーサクセス経験。バックオフィス業務（会計・労務・経費等）の知識。Excelやスプレッドシートでのデータ分析経験。',
  '東京都港区（リモート併用可）',
  '当面なし',
  '当面なし',
  '無期',
  '入社後3ヶ月（条件変更なし）',
  'フレックスタイム制（コアタイム11:00-15:00）標準労働時間8時間',
  '60分',
  '完全週休2日制（土日祝）、年末年始休暇、有給休暇（入社半年後10日付与）、慶弔休暇、産前産後休暇、育児休暇',
  400, 700,
  '月給33万円〜58万円（固定残業代40時間分を含む）。経験・能力を考慮の上決定。',
  '健康保険、厚生年金、雇用保険、労災保険',
  '屋内原則禁煙（喫煙専用室あり）',
  E'ストックオプション制度\n書籍・学習費用月1万円補助\n健康診断オプション全額負担\n副業OK（届出制）\nリモートワーク可（週2出社推奨）',
  'リモート併用（週2出社推奨）',
  '書類選考 → 一次面接 → ケーススタディ面接 → 最終面接 → 内定',
  now()
) ON CONFLICT DO NOTHING;

-- ============================================================
-- 企業02: 株式会社グリーンフィールド（農業テック）
-- teams: IoTエンジニア=c0002..1, フィールドオペレーション=c0002..2, 事業開発=c0002..3
-- ============================================================

-- 02-1. エンジニア
INSERT INTO job_postings (
  id, company_id, team_id, created_by, status, title, job_category, employment_type, hiring_count,
  description, appeal_points, challenges, team_description, skills_gained,
  content_blocks, tags,
  required_qualifications, preferred_qualifications,
  work_location, work_location_change_scope, job_description_change_scope,
  contract_type, probation_period, work_hours, break_time, holidays,
  salary_min, salary_max, salary_detail, insurance, smoking_policy,
  benefits, remote_policy, selection_process, published_at
) VALUES (
  'd0020000-0000-0000-0000-000000000001',
  'b0000000-0000-0000-0000-000000000002',
  'c0002000-0000-0000-0000-000000000001',
  'b1000000-0000-0000-0000-000000000002',
  'open',
  'IoTエンジニア｜センサーデータで農業の未来を変えるプラットフォーム開発',
  'エンジニア',
  '正社員',
  '1〜2名',
  '農場に設置されたIoTセンサーから収集される土壌水分・気温・湿度・日照量などのデータを処理するバックエンドシステムの開発を担当します。数千台のセンサーからリアルタイムに送られるデータのストリーミング処理、時系列データベースへの格納、異常検知アルゴリズムの実装が主な業務です。また、農家向けダッシュボードに表示するデータAPIの設計・開発も担当します。将来的にはドローンや自動走行トラクターとの連携も視野に入れたシステム拡張を計画しています。',
  '農業という日本の基幹産業をテクノロジーで変革するという大きなミッションに携われます。IoTデバイスからクラウド、フロントエンドまでフルスタックな技術領域に触れられる環境です。北海道の広大な農場で実際にセンサーを設置するフィールドワークにも参加でき、自分が作ったシステムが農作物の品質向上に直結する実感を得られます。まだ30名規模の組織のため、技術選定から携われます。',
  '農場という過酷な環境で安定稼働するIoTシステムの設計が求められます。通信が不安定な環境でのデータ欠損対策、電力制約のあるエッジデバイスでの処理最適化など、一般的なWebサービスとは異なる技術課題があります。また、農業という未知のドメインを学びながら、農家にとって本当に有用な機能を開発する姿勢が必要です。',
  'IoTエンジニアチーム5名で、ハードウェアエンジニア2名とソフトウェアエンジニア3名が協力して開発しています。農業の専門家であるフィールドオペレーションチームとの連携が密です。',
  'IoTシステムの設計・運用スキル、ストリーミングデータ処理の知見、エッジコンピューティングの経験が身につきます。',
  '[]'::jsonb,
  '["IoT","Python","AWS IoT","時系列DB","センサーデータ","エッジコンピューティング"]'::jsonb,
  'ソフトウェア開発経験3年以上。Python、Go等でのバックエンド開発経験。クラウドサービス（AWS、GCP等）の利用経験。',
  'IoTシステムの開発・運用経験。ストリーミングデータ処理（Kafka、Kinesis等）の経験。組み込みシステムの知識。農業や一次産業への関心。',
  '北海道札幌市（リモート併用可、月1回の農場訪問あり）',
  '当面なし',
  '当面なし',
  '無期',
  '入社後3ヶ月（条件変更なし）',
  'フレックスタイム制（コアタイムなし）標準労働時間8時間',
  '60分',
  '完全週休2日制（土日祝）、年末年始休暇、有給休暇（入社半年後10日付与）、慶弔休暇、産前産後休暇、育児休暇',
  450, 750,
  '月給38万円〜63万円（固定残業代30時間分を含む）。経験・能力を考慮の上決定。',
  '健康保険、厚生年金、雇用保険、労災保険',
  '屋内原則禁煙',
  E'リモートワーク手当月2万円\n農場訪問時の交通費・宿泊費全額支給\n書籍購入費補助\n農産物の社員割引購入制度\n副業OK',
  'リモート併用（月1回農場訪問）',
  '書類選考 → 技術面接 → 農場見学（任意） → 最終面接 → 内定',
  now()
) ON CONFLICT DO NOTHING;

-- 02-2. セールス
INSERT INTO job_postings (
  id, company_id, team_id, created_by, status, title, job_category, employment_type, hiring_count,
  description, appeal_points, challenges, team_description, skills_gained,
  content_blocks, tags,
  required_qualifications, preferred_qualifications,
  work_location, work_location_change_scope, job_description_change_scope,
  contract_type, probation_period, work_hours, break_time, holidays,
  salary_min, salary_max, salary_detail, insurance, smoking_policy,
  benefits, remote_policy, selection_process, published_at
) VALUES (
  'd0020000-0000-0000-0000-000000000002',
  'b0000000-0000-0000-0000-000000000002',
  'c0002000-0000-0000-0000-000000000003',
  'b1000000-0000-0000-0000-000000000002',
  'open',
  '事業開発｜農業テックの新市場を切り拓くビジネス開発',
  'セールス',
  '正社員',
  '1名',
  'グリーンフィールドのスマート農業プラットフォームを全国の農業法人やJAに導入するための事業開発を担当します。北海道の実証実験で得られた成果をベースに、本州・九州の大規模農業法人への展開戦略を策定・実行します。農業法人への直接営業に加え、JAや農業機械メーカーとのパートナーシップ構築、自治体のスマート農業推進事業への参画提案なども重要なミッションです。営業活動の約4割は現地訪問を伴うフィールドワークとなります。',
  '日本の農業を根本から変えるソリューションを全国に広げていく、社会的意義の大きいポジションです。農業法人の経営者と直接対話し、テクノロジーによる経営改善を提案する仕事は他では得られない経験です。北海道での成功事例が既にあるため、提案の説得力があります。事業開発の初期フェーズから参画できるため、市場開拓の手法やパートナーシップ戦略を自ら設計できる裁量があります。',
  '農業は地域性が強く、作物や気候条件によって課題が異なります。北海道の大規模畑作で成功したソリューションをそのまま他地域に適用できるわけではなく、地域特性に合わせたカスタマイズ提案が必要です。また、農業法人の意思決定プロセスは一般企業と異なることが多く、信頼関係構築に時間がかかるケースもあります。',
  '事業開発チーム3名で、北海道・関東・九州をそれぞれ担当しています。全員が農業への情熱を持ち、農家の課題解決を第一に考えるメンバーです。',
  '農業テックの市場開拓スキル、パートナーシップ構築力、地方自治体との協業経験が身につきます。',
  '[]'::jsonb,
  '["事業開発","農業テック","パートナーシップ","スマート農業","法人営業","地方創生"]'::jsonb,
  '法人向け営業経験3年以上。新規市場開拓の経験。出張が多い業務に対応できる方。',
  '農業関連業界での業務経験。自治体やJAとの折衝経験。IoTやテクノロジー製品の営業経験。',
  '北海道札幌市（出張多め：月5〜8日程度）',
  '当面なし',
  '当面なし',
  '無期',
  '入社後3ヶ月（条件変更なし）',
  'フレックスタイム制（コアタイムなし）標準労働時間8時間',
  '60分',
  '完全週休2日制（土日祝）、年末年始休暇、有給休暇（入社半年後10日付与）、慶弔休暇、産前産後休暇、育児休暇',
  450, 750,
  '月給38万円〜63万円（固定残業代30時間分を含む）。経験・能力を考慮の上決定。',
  '健康保険、厚生年金、雇用保険、労災保険',
  '屋内原則禁煙',
  E'出張手当\n交通費全額支給\n農産物の社員割引購入制度\n書籍購入費補助\n副業OK',
  'リモート併用（出張・現地訪問あり）',
  '書類選考 → 一次面接 → 事業計画ディスカッション → 最終面接 → 内定',
  now()
) ON CONFLICT DO NOTHING;

-- 02-3. 企画
INSERT INTO job_postings (
  id, company_id, team_id, created_by, status, title, job_category, employment_type, hiring_count,
  description, appeal_points, challenges, team_description, skills_gained,
  content_blocks, tags,
  required_qualifications, preferred_qualifications,
  work_location, work_location_change_scope, job_description_change_scope,
  contract_type, probation_period, work_hours, break_time, holidays,
  salary_min, salary_max, salary_detail, insurance, smoking_policy,
  benefits, remote_policy, selection_process, published_at
) VALUES (
  'd0020000-0000-0000-0000-000000000003',
  'b0000000-0000-0000-0000-000000000002',
  'c0002000-0000-0000-0000-000000000001',
  'b1000000-0000-0000-0000-000000000002',
  'open',
  'プロダクト企画｜農家の声を起点にスマート農業の未来を描く',
  '企画',
  '正社員',
  '1名',
  'グリーンフィールドのスマート農業プラットフォームのプロダクト企画を担当します。農家へのヒアリングやフィールド観察を通じて課題を発見し、新機能やサービスの企画立案を行います。収集した農業データの分析から新たな価値提案を創出し、ロードマップの策定とプライオリティ付けを主導します。農業の現場とテクノロジーチームの橋渡し役として、ユーザーストーリーの作成や仕様策定も担当します。',
  '農業という日本の基幹産業の課題をテクノロジーで解決する企画に携われます。実際に農場を訪問し、農家と直接対話しながらプロダクトを作り上げていく体験は、オフィスワークだけでは得られない刺激があります。スタートアップならではのスピード感で、企画したものがすぐにプロダクトに反映される環境です。農林水産省のスマート農業実証プロジェクトにも参画しており、政策レベルの議論にも関われます。',
  '農業は季節や天候に大きく左右されるため、一般的なIT製品と異なるプロダクトサイクルへの対応が必要です。また、ITリテラシーが高くないユーザーにも使いやすいUXを設計する配慮が求められます。さらに、地域や作物によって異なるニーズを汎用的なプロダクトに落とし込むための抽象化能力が重要です。',
  'プロダクト企画担当は現在2名で、IoTエンジニアチームと密に連携しています。農学部出身者やJA出身者も在籍し、ドメイン知識が豊富な環境です。',
  '農業テックのプロダクト企画スキル、フィールドリサーチの手法、データ分析に基づく意思決定力が身につきます。',
  '[]'::jsonb,
  '["プロダクト企画","農業テック","ユーザーリサーチ","データ分析","UX設計","スマート農業"]'::jsonb,
  'IT製品やサービスの企画経験2年以上。ユーザーリサーチの実施経験。',
  'プロダクトマネジメントの経験。農業やフードテック領域への関心。データ分析の基礎スキル。',
  '北海道札幌市（リモート併用可、月2回程度の農場訪問あり）',
  '当面なし',
  '当面なし',
  '無期',
  '入社後3ヶ月（条件変更なし）',
  'フレックスタイム制（コアタイムなし）標準労働時間8時間',
  '60分',
  '完全週休2日制（土日祝）、年末年始休暇、有給休暇（入社半年後10日付与）、慶弔休暇、産前産後休暇、育児休暇',
  400, 700,
  '月給33万円〜58万円（固定残業代30時間分を含む）。経験・能力を考慮の上決定。',
  '健康保険、厚生年金、雇用保険、労災保険',
  '屋内原則禁煙',
  E'リモートワーク手当月2万円\n農場訪問時の交通費・宿泊費全額支給\n書籍購入費補助\n農産物の社員割引購入制度\n副業OK',
  'リモート併用（月2回農場訪問）',
  '書類選考 → 一次面接 → 企画課題 → 最終面接 → 内定',
  now()
) ON CONFLICT DO NOTHING;

-- 02-4. フィールドオペレーション（農業テック特有）
INSERT INTO job_postings (
  id, company_id, team_id, created_by, status, title, job_category, employment_type, hiring_count,
  description, appeal_points, challenges, team_description, skills_gained,
  content_blocks, tags,
  required_qualifications, preferred_qualifications,
  work_location, work_location_change_scope, job_description_change_scope,
  contract_type, probation_period, work_hours, break_time, holidays,
  salary_min, salary_max, salary_detail, insurance, smoking_policy,
  benefits, remote_policy, selection_process, published_at
) VALUES (
  'd0020000-0000-0000-0000-000000000004',
  'b0000000-0000-0000-0000-000000000002',
  'c0002000-0000-0000-0000-000000000002',
  'b1000000-0000-0000-0000-000000000002',
  'open',
  'フィールドオペレーション｜農場とテクノロジーをつなぐ現場の司令塔',
  'その他',
  '正社員',
  '1名',
  '農場でのIoTセンサーの設置・メンテナンス、農家へのシステム導入支援、運用トレーニングを担当します。新規導入農場では現地調査を行い、センサーの最適な設置場所を選定し、通信環境の構築からデータ収集の動作確認までを一貫して担当します。また、収集データの初期分析を行い、農家に対して栽培改善のアドバイスを提供します。トラブル発生時には一次対応として現場駆けつけや遠隔サポートを行い、必要に応じてエンジニアチームにエスカレーションします。',
  'テクノロジーと農業の最前線で働くユニークなポジションです。農家から直接感謝の声をいただける仕事であり、自分の活動が食の安全や農業の効率化に直結する実感を得られます。北海道の雄大な自然の中で働く機会が多く、オフィスワークとフィールドワークのバランスが取れた働き方ができます。農業IoTの実践的な知見は今後の成長市場で大きな強みになります。',
  '北海道の農場は広大で、センサー設置やメンテナンスには体力と忍耐が必要です。冬季は厳しい寒さの中での作業もあります。また、農家によってITリテラシーが異なるため、わかりやすい説明と丁寧なサポートが求められます。トラブル対応では、ハードウェアとソフトウェアの両方の知識が必要になる場面もあります。',
  'フィールドオペレーションチーム4名で、2名が北海道内、2名が本州を担当しています。全員が農業への強い関心を持ち、農家との信頼関係を大切にしているメンバーです。',
  '農業IoTの現場運用スキル、農家との信頼関係構築力、IoTハードウェアのトラブルシューティング能力が身につきます。',
  '[]'::jsonb,
  '["フィールドオペレーション","IoT","農業テック","センサー","テクニカルサポート","導入支援"]'::jsonb,
  'IT製品の導入支援またはテクニカルサポート経験2年以上。普通自動車免許。出張・屋外作業に対応できる方。',
  '農業関連の業務経験。IoTデバイスの設置・メンテナンス経験。電気工事士等の資格。北海道在住の方歓迎。',
  '北海道札幌市（フィールドワーク中心：週3〜4日は農場訪問）',
  '当面なし',
  '当面なし',
  '無期',
  '入社後3ヶ月（条件変更なし）',
  'フレックスタイム制（コアタイムなし）標準労働時間8時間',
  '60分',
  '完全週休2日制（土日祝）、年末年始休暇、有給休暇（入社半年後10日付与）、慶弔休暇、産前産後休暇、育児休暇',
  350, 550,
  '月給29万円〜46万円（固定残業代20時間分を含む）。経験・能力を考慮の上決定。',
  '健康保険、厚生年金、雇用保険、労災保険',
  '屋内原則禁煙',
  E'社用車貸与\n農場訪問時の交通費・宿泊費全額支給\n防寒具・作業着支給\n農産物の社員割引購入制度\n副業OK',
  '出社・フィールドワーク中心',
  '書類選考 → 一次面接 → 農場同行体験（半日） → 最終面接 → 内定',
  now()
) ON CONFLICT DO NOTHING;

-- ============================================================
-- 企業03: メディカルブリッジ（ヘルステック）
-- teams: データサイエンス=c0003..1, 医療連携=c0003..2, プロダクトマネジメント=c0003..3
-- ============================================================

-- 03-1. エンジニア
INSERT INTO job_postings (
  id, company_id, team_id, created_by, status, title, job_category, employment_type, hiring_count,
  description, appeal_points, challenges, team_description, skills_gained,
  content_blocks, tags,
  required_qualifications, preferred_qualifications,
  work_location, work_location_change_scope, job_description_change_scope,
  contract_type, probation_period, work_hours, break_time, holidays,
  salary_min, salary_max, salary_detail, insurance, smoking_policy,
  benefits, remote_policy, selection_process, published_at
) VALUES (
  'd0030000-0000-0000-0000-000000000001',
  'b0000000-0000-0000-0000-000000000003',
  'c0003000-0000-0000-0000-000000000001',
  'b1000000-0000-0000-0000-000000000003',
  'open',
  'データサイエンティスト｜医療データ×AIで予防医療の未来を切り拓く',
  'エンジニア',
  '正社員',
  '1〜2名',
  '健康診断データ、電子カルテデータ、ウェアラブルデバイスデータを組み合わせた予測モデルの構築を担当します。生活習慣病の発症リスク予測、最適な健康介入プログラムの推薦、治療効果の分析など、医療領域のデータサイエンス全般に携わります。臨床医や疫学研究者と協力しながらモデルの設計・検証を行い、エビデンスに基づいた予防医療サービスの実現を目指します。分析結果はプロダクトのレコメンデーション機能に組み込まれ、数十万人のユーザーの健康管理に活用されます。',
  '医療という社会的意義の高い領域で、データサイエンスの最先端を実践できるポジションです。大学病院や研究機関との共同研究プロジェクトにも参画でき、学術的な成果を出す機会もあります。自分が構築したモデルが数十万人の健康管理に活用されるスケール感と、医療の質向上に貢献できるやりがいがあります。',
  '医療データは個人情報保護の規制が厳しく、データの取り扱いには細心の注意が必要です。また、モデルの予測精度だけでなく、解釈可能性や公平性も重要な評価指標となります。臨床的な妥当性を担保するため、医療専門家とのコミュニケーション能力も求められます。',
  'データサイエンスチーム6名で、統計学・機械学習・バイオインフォマティクスの専門家が揃っています。週次のジャーナルクラブで最新論文を共有する学術的な雰囲気のチームです。',
  '医療データ分析のスキル、予測モデル構築力、医療ドメインの知識、研究開発の実践経験が身につきます。',
  '[]'::jsonb,
  '["Python","機械学習","医療データ","統計分析","予防医療","TensorFlow"]'::jsonb,
  'データサイエンスまたは機械学習の実務経験3年以上。Python、R等の分析言語での開発経験。統計学の基礎知識。',
  '医療データの分析経験。バイオインフォマティクスの知識。修士号以上（統計、情報科学、疫学等）。論文執筆・発表の経験。',
  '東京都千代田区（リモート併用可）',
  '当面なし',
  '当面なし',
  '無期',
  '入社後3ヶ月（条件変更なし）',
  'フレックスタイム制（コアタイム10:00-15:00）標準労働時間8時間',
  '60分',
  '完全週休2日制（土日祝）、年末年始休暇、有給休暇（入社半年後10日付与）、慶弔休暇、産前産後休暇、育児休暇',
  600, 1000,
  '月給50万円〜83万円（固定残業代30時間分を含む）。経験・能力を考慮の上決定。',
  '健康保険、厚生年金、雇用保険、労災保険',
  '屋内原則禁煙（喫煙専用室あり）',
  E'学会・カンファレンス参加費全額補助\n論文投稿費用補助\n書籍購入費月2万円補助\n健康診断フルコース無料\nリモートワーク手当月3万円',
  'リモート併用（週2出社推奨）',
  '書類選考 → 技術面接（ケーススタディ含む） → 論文・ポートフォリオレビュー → 最終面接 → 内定',
  now()
) ON CONFLICT DO NOTHING;

-- 03-2. セールス
INSERT INTO job_postings (
  id, company_id, team_id, created_by, status, title, job_category, employment_type, hiring_count,
  description, appeal_points, challenges, team_description, skills_gained,
  content_blocks, tags,
  required_qualifications, preferred_qualifications,
  work_location, work_location_change_scope, job_description_change_scope,
  contract_type, probation_period, work_hours, break_time, holidays,
  salary_min, salary_max, salary_detail, insurance, smoking_policy,
  benefits, remote_policy, selection_process, published_at
) VALUES (
  'd0030000-0000-0000-0000-000000000002',
  'b0000000-0000-0000-0000-000000000003',
  'c0003000-0000-0000-0000-000000000002',
  'b1000000-0000-0000-0000-000000000003',
  'open',
  '医療連携セールス｜病院・健保組合へのヘルステックソリューション提案',
  'セールス',
  '正社員',
  '1名',
  '病院、クリニック、健康保険組合、企業の健康管理部門に対して、メディカルブリッジの予防医療プラットフォームの導入提案を行います。医療機関向けには電子カルテ連携やデータ分析ダッシュボードを、健保組合向けにはレセプトデータ分析と保健指導支援ツールを提案します。導入先の医療従事者やデータサイエンスチームと連携し、カスタマイズ要件の整理も担当します。商談サイクルは3〜6ヶ月と長めですが、1件あたりの契約規模が大きいエンタープライズ営業です。',
  'ヘルステックは急成長中の市場であり、予防医療への注目は年々高まっています。病院や健保組合の経営課題を解決するソリューション営業のため、商談の中で医療業界の深い知識が自然と身につきます。契約単価が高く、成果が大きなインパクトにつながるやりがいのあるポジションです。医療分野の人脈が広がることも大きな魅力です。',
  '医療機関の意思決定プロセスは複雑で、院長だけでなく看護部長やシステム管理者など多くのステークホルダーの合意が必要です。個人情報保護やセキュリティ要件も厳しく、技術チームと連携した提案力が求められます。医療用語や制度の理解も不可欠です。',
  '医療連携チーム5名で、病院担当と健保・企業担当に分かれて活動しています。元MR出身者や医療システム営業経験者が多く、医療ドメインの知見が豊富なチームです。',
  '医療業界向けエンタープライズ営業のスキル、医療制度の知識、ヘルステック市場の専門性が身につきます。',
  '[]'::jsonb,
  '["医療営業","ヘルステック","エンタープライズ","病院","健保組合","ソリューション営業"]'::jsonb,
  '法人向け営業経験3年以上。エンタープライズ営業（商談サイクル3ヶ月以上）の経験。',
  '医療機器・医薬品・医療ITの営業経験（MR含む）。病院や健保組合との取引経験。ヘルスケア領域の知識。',
  '東京都千代田区（顧客訪問あり）',
  '当面なし',
  '当面なし',
  '無期',
  '入社後3ヶ月（条件変更なし）',
  'フレックスタイム制（コアタイム10:00-16:00）標準労働時間8時間',
  '60分',
  '完全週休2日制（土日祝）、年末年始休暇、有給休暇（入社半年後10日付与）、慶弔休暇、産前産後休暇、育児休暇',
  500, 850,
  '月給42万円〜71万円（固定残業代30時間分を含む）。インセンティブ制度あり。経験・能力を考慮の上決定。',
  '健康保険、厚生年金、雇用保険、労災保険',
  '屋内原則禁煙（喫煙専用室あり）',
  E'健康診断フルコース無料\n交通費全額支給\n書籍購入費補助\n学会参加費補助\n副業OK（届出制）',
  '出社（リモート週1可）',
  '書類選考 → 一次面接 → ケーススタディ面接 → 最終面接 → 内定',
  now()
) ON CONFLICT DO NOTHING;

-- 03-3. PM
INSERT INTO job_postings (
  id, company_id, team_id, created_by, status, title, job_category, employment_type, hiring_count,
  description, appeal_points, challenges, team_description, skills_gained,
  content_blocks, tags,
  required_qualifications, preferred_qualifications,
  work_location, work_location_change_scope, job_description_change_scope,
  contract_type, probation_period, work_hours, break_time, holidays,
  salary_min, salary_max, salary_detail, insurance, smoking_policy,
  benefits, remote_policy, selection_process, published_at
) VALUES (
  'd0030000-0000-0000-0000-000000000003',
  'b0000000-0000-0000-0000-000000000003',
  'c0003000-0000-0000-0000-000000000003',
  'b1000000-0000-0000-0000-000000000003',
  'open',
  'プロダクトマネージャー｜医療×テクノロジーで予防医療の体験を再設計する',
  'PM',
  '正社員',
  '1名',
  'メディカルブリッジの予防医療プラットフォームのプロダクト戦略立案から実行までを統括します。ユーザー（個人・医療従事者・健保組合担当者）それぞれの体験を設計し、プロダクトロードマップを策定します。医療データの活用方針やAI機能の企画をデータサイエンスチームと共に推進し、医療規制への対応方針も決定します。ステークホルダーが多い医療領域で、ビジネス・テクノロジー・医療の3つの視点を統合するポジションです。',
  '予防医療という社会的意義の高い領域で、プロダクトの方向性を自ら決定できるポジションです。大学病院の医師や疫学研究者と直接議論しながらプロダクトを作る経験は、他のIT企業では得られません。数十万人のユーザーの健康行動を変えるプロダクトを設計するスケール感と責任感は大きなやりがいです。',
  '医療は人の命に関わる領域のため、プロダクトの品質基準が非常に高く設定されています。医療機器規制やプライバシー保護の観点から、リリースまでのプロセスが一般的なIT製品より複雑です。また、医療従事者・一般ユーザー・保険者という異なるペルソナの要望を整合させる調整力が必要です。',
  'PM3名で、BtoCプロダクト担当とBtoBプロダクト担当に分かれています。医師資格を持つメンバーが1名在籍し、臨床的な観点からのアドバイスを受けられます。',
  'ヘルステックのプロダクトマネジメント力、医療規制の知見、マルチステークホルダー調整力が身につきます。',
  '[]'::jsonb,
  '["プロダクトマネジメント","ヘルステック","予防医療","医療データ","ロードマップ策定","規制対応"]'::jsonb,
  'プロダクトマネジメント経験3年以上。BtoB SaaSまたはBtoCサービスでの企画・開発経験。',
  '医療・ヘルスケア領域のプロダクト経験。データ分析やAIプロダクトの企画経験。医療系資格や医療業界での業務経験。',
  '東京都千代田区（リモート併用可）',
  '当面なし',
  '当面なし',
  '無期',
  '入社後3ヶ月（条件変更なし）',
  'フレックスタイム制（コアタイム10:00-15:00）標準労働時間8時間',
  '60分',
  '完全週休2日制（土日祝）、年末年始休暇、有給休暇（入社半年後10日付与）、慶弔休暇、産前産後休暇、育児休暇',
  650, 1050,
  '月給54万円〜88万円（固定残業代30時間分を含む）。経験・能力を考慮の上決定。',
  '健康保険、厚生年金、雇用保険、労災保険',
  '屋内原則禁煙（喫煙専用室あり）',
  E'学会・カンファレンス参加費全額補助\n書籍購入費月2万円補助\n健康診断フルコース無料\nリモートワーク手当月3万円\n副業OK（届出制）',
  'リモート併用（週2出社推奨）',
  '書類選考 → 一次面接 → ケース面接 → 最終面接 → 内定',
  now()
) ON CONFLICT DO NOTHING;

-- 03-4. 医療情報管理（ヘルステック特有）
INSERT INTO job_postings (
  id, company_id, team_id, created_by, status, title, job_category, employment_type, hiring_count,
  description, appeal_points, challenges, team_description, skills_gained,
  content_blocks, tags,
  required_qualifications, preferred_qualifications,
  work_location, work_location_change_scope, job_description_change_scope,
  contract_type, probation_period, work_hours, break_time, holidays,
  salary_min, salary_max, salary_detail, insurance, smoking_policy,
  benefits, remote_policy, selection_process, published_at
) VALUES (
  'd0030000-0000-0000-0000-000000000004',
  'b0000000-0000-0000-0000-000000000003',
  'c0003000-0000-0000-0000-000000000002',
  'b1000000-0000-0000-0000-000000000003',
  'open',
  '医療情報管理スペシャリスト｜データガバナンスで安心安全な医療DXを実現',
  'その他',
  '正社員',
  '1名',
  '医療データの品質管理、セキュリティ対策、プライバシー保護の体制構築を担当します。医療機関から受領するデータの標準化とクレンジング、匿名加工処理の設計・運用、データアクセス権限の管理を主導します。個人情報保護法や次世代医療基盤法への適合性を確認し、社内のデータ取り扱いガイドラインの策定・更新を行います。また、ISMS認証の取得・維持や、医療機関向けのセキュリティ監査対応も担当します。定期的にデータガバナンス委員会を運営し、全社のデータ活用方針を推進します。',
  '医療データの取り扱いは今後ますます重要になる分野であり、専門性の高いキャリアを築けます。法規制とテクノロジーの両方に精通する人材は市場価値が非常に高く、ヘルステック業界で引く手あまたのポジションです。大学病院や厚労省との協議にも参加する機会があり、医療データ活用の最前線を経験できます。',
  '医療データの規制環境は複雑で変化が速いため、常に最新の法規制動向をキャッチアップする必要があります。データサイエンスチームが分析に使いやすい形でデータを整備しつつ、プライバシー保護を厳格に保つバランスが求められます。また、医療機関ごとにデータ形式が異なるため、標準化の設計は一筋縄ではいきません。',
  '医療連携チームの中で、データガバナンス担当として活動します。法務チームやセキュリティエンジニアとも密に連携します。',
  '医療データガバナンスの専門スキル、ISMS運用の実践力、医療規制対応の知見が身につきます。',
  '[]'::jsonb,
  '["医療情報","データガバナンス","個人情報保護","ISMS","セキュリティ","医療DX"]'::jsonb,
  '情報セキュリティまたはデータ管理の実務経験3年以上。個人情報保護法の知識。',
  'ISMS審査員資格または情報セキュリティ関連資格。医療情報技師。医療機関でのシステム運用経験。次世代医療基盤法の知識。',
  '東京都千代田区',
  '当面なし',
  '当面なし',
  '無期',
  '入社後3ヶ月（条件変更なし）',
  'フレックスタイム制（コアタイム10:00-15:00）標準労働時間8時間',
  '60分',
  '完全週休2日制（土日祝）、年末年始休暇、有給休暇（入社半年後10日付与）、慶弔休暇、産前産後休暇、育児休暇',
  500, 800,
  '月給42万円〜67万円（固定残業代30時間分を含む）。経験・能力を考慮の上決定。',
  '健康保険、厚生年金、雇用保険、労災保険',
  '屋内原則禁煙（喫煙専用室あり）',
  E'資格取得支援制度\n学会・カンファレンス参加費補助\n書籍購入費補助\n健康診断フルコース無料\n副業OK（届出制）',
  '出社（リモート週1可）',
  '書類選考 → 一次面接 → セキュリティケーススタディ → 最終面接 → 内定',
  now()
) ON CONFLICT DO NOTHING;

-- ============================================================
-- 企業04: ノヴァクリエイティブ（デザイン）
-- teams: UIデザイン=c0004..1, ブランディング=c0004..2, クリエイティブディレクション=c0004..3
-- ============================================================

-- 04-1. エンジニア
INSERT INTO job_postings (
  id, company_id, team_id, created_by, status, title, job_category, employment_type, hiring_count,
  description, appeal_points, challenges, team_description, skills_gained,
  content_blocks, tags,
  required_qualifications, preferred_qualifications,
  work_location, work_location_change_scope, job_description_change_scope,
  contract_type, probation_period, work_hours, break_time, holidays,
  salary_min, salary_max, salary_detail, insurance, smoking_policy,
  benefits, remote_policy, selection_process, published_at
) VALUES (
  'd0040000-0000-0000-0000-000000000001',
  'b0000000-0000-0000-0000-000000000004',
  'c0004000-0000-0000-0000-000000000001',
  'b1000000-0000-0000-0000-000000000004',
  'open',
  'フロントエンドエンジニア｜デザインファームが生み出すWebプロダクトを形にする',
  'エンジニア',
  '正社員',
  '1〜2名',
  'ノヴァクリエイティブのクライアントプロジェクトおよび自社プロダクトのフロントエンド開発を担当します。デザイナーが作成したFigmaデザインを高品質に実装し、インタラクションやアニメーションを含むリッチなUI体験を実現します。コーポレートサイト、ECサイト、Webアプリケーションなど多様なプロジェクトに携わり、React/Next.jsをメインの技術スタックとして使用します。デザインシステムの構築やアクセシビリティ対応、パフォーマンス最適化も重要なミッションです。',
  'デザインの質に妥協しないデザインファームで、最高水準のUI実装スキルを磨けます。デザイナーとペアで仕事を進めるため、デザインの意図を深く理解した実装ができるようになります。クライアントワークを通じて多様な業界のWebプロダクトに携われるため、引き出しが格段に増えます。自社プロダクトの開発にも参画でき、受託と自社の両方の面白さを味わえます。',
  'デザインファームならではのピクセルパーフェクトな実装品質が求められます。デザイナーのこだわりを技術的に実現するために、CSSの高度なテクニックやアニメーションライブラリの習熟が必要です。また、クライアントごとに異なる要件や技術制約の中で最適解を見つける柔軟性も重要です。',
  'エンジニア4名がUIデザインチームに所属し、デザイナーとペアで活動しています。全員がデザインに対する美意識を持ち、コードの美しさにもこだわるメンバーです。',
  '高品質なUI実装スキル、デザインシステム構築力、多様な業界のWeb開発経験が身につきます。',
  '[]'::jsonb,
  '["React","Next.js","TypeScript","CSS","アニメーション","Figma","アクセシビリティ"]'::jsonb,
  'フロントエンド開発経験3年以上。React/TypeScriptでの開発経験。CSSの高度な知識。',
  'Next.jsでの開発経験。GSAPやFramer Motion等のアニメーションライブラリの使用経験。デザインツール（Figma）の操作経験。ポートフォリオサイトの制作経験。',
  '大阪府大阪市（リモート併用可）',
  '当面なし',
  '当面なし',
  '無期',
  '入社後3ヶ月（条件変更なし）',
  'フレックスタイム制（コアタイム11:00-16:00）標準労働時間8時間',
  '60分',
  '完全週休2日制（土日祝）、年末年始休暇、有給休暇（入社半年後10日付与）、慶弔休暇、産前産後休暇、育児休暇',
  450, 750,
  '月給38万円〜63万円（固定残業代30時間分を含む）。経験・能力を考慮の上決定。',
  '健康保険、厚生年金、雇用保険、労災保険',
  '屋内原則禁煙',
  E'デザインツール・ソフトウェア費用全額負担\n書籍購入費月1万円補助\nカンファレンス参加費補助\n副業OK\nリモートワーク可（週2出社推奨）',
  'リモート併用（週2出社推奨）',
  '書類選考 → ポートフォリオレビュー → 技術面接 → 最終面接 → 内定',
  now()
) ON CONFLICT DO NOTHING;

-- 04-2. セールス
INSERT INTO job_postings (
  id, company_id, team_id, created_by, status, title, job_category, employment_type, hiring_count,
  description, appeal_points, challenges, team_description, skills_gained,
  content_blocks, tags,
  required_qualifications, preferred_qualifications,
  work_location, work_location_change_scope, job_description_change_scope,
  contract_type, probation_period, work_hours, break_time, holidays,
  salary_min, salary_max, salary_detail, insurance, smoking_policy,
  benefits, remote_policy, selection_process, published_at
) VALUES (
  'd0040000-0000-0000-0000-000000000002',
  'b0000000-0000-0000-0000-000000000004',
  'c0004000-0000-0000-0000-000000000003',
  'b1000000-0000-0000-0000-000000000004',
  'open',
  'アカウントディレクター｜デザインの力でクライアントの課題を解決する提案営業',
  'セールス',
  '正社員',
  '1名',
  'クライアント企業に対して、デザインの力で事業課題を解決する提案を行います。ブランディング、UI/UXデザイン、Webサイト制作、デザインシステム構築など、ノヴァクリエイティブが持つ幅広いサービスを組み合わせた提案を策定します。新規クライアントの開拓からリピート案件の獲得まで、クライアントとの長期的な信頼関係構築を通じて売上を拡大していきます。プロジェクト開始後はクリエイティブチームとの橋渡し役として、クライアントの要望と制作物の品質を両立させるディレクションも担当します。',
  'デザインという無形のサービスの価値を企業経営の文脈で説明し、受注につなげるコンサルティング型の営業を経験できます。大手企業のブランド刷新や新規サービスのUI設計など、ビジネスインパクトの大きいプロジェクトに関われます。デザインの知見が自然と身につくため、将来的にはクリエイティブディレクターへのキャリアパスも開けています。',
  'デザインの価値をROIで示すことが求められるため、単なる「見た目の改善」ではなくビジネス成果につながる提案ストーリーを構築する力が必要です。クリエイティブチームの制作プロセスを理解し、適切な納期とコストを設定するプロジェクトマネジメント能力も不可欠です。',
  'クリエイティブディレクションチーム3名がアカウント担当として、それぞれ5〜10社のクライアントを持っています。デザイナーとの距離が近く、提案段階からクリエイティブチームと協力して動きます。',
  'デザインコンサルティング営業のスキル、クリエイティブディレクション力、クライアントリレーション構築力が身につきます。',
  '[]'::jsonb,
  '["アカウント営業","デザインコンサルティング","クリエイティブディレクション","ブランディング","提案営業","プロジェクトマネジメント"]'::jsonb,
  '法人向け営業経験3年以上。デザイン、広告、Web制作いずれかの業界での営業またはディレクション経験。',
  'クリエイティブエージェンシーでの営業経験。ブランディングプロジェクトの提案・進行経験。デザインの基礎知識。',
  '大阪府大阪市',
  '当面なし',
  '当面なし',
  '無期',
  '入社後3ヶ月（条件変更なし）',
  'フレックスタイム制（コアタイム11:00-16:00）標準労働時間8時間',
  '60分',
  '完全週休2日制（土日祝）、年末年始休暇、有給休暇（入社半年後10日付与）、慶弔休暇、産前産後休暇、育児休暇',
  450, 800,
  '月給38万円〜67万円（固定残業代30時間分を含む）。インセンティブ制度あり。経験・能力を考慮の上決定。',
  '健康保険、厚生年金、雇用保険、労災保険',
  '屋内原則禁煙',
  E'デザインツール・ソフトウェア費用全額負担\nカンファレンス参加費補助\n書籍購入費月1万円補助\n副業OK\n交通費全額支給',
  '出社（クライアント訪問あり）',
  '書類選考 → 一次面接 → 提案課題 → 最終面接 → 内定',
  now()
) ON CONFLICT DO NOTHING;

-- 04-3. デザイナー
INSERT INTO job_postings (
  id, company_id, team_id, created_by, status, title, job_category, employment_type, hiring_count,
  description, appeal_points, challenges, team_description, skills_gained,
  content_blocks, tags,
  required_qualifications, preferred_qualifications,
  work_location, work_location_change_scope, job_description_change_scope,
  contract_type, probation_period, work_hours, break_time, holidays,
  salary_min, salary_max, salary_detail, insurance, smoking_policy,
  benefits, remote_policy, selection_process, published_at
) VALUES (
  'd0040000-0000-0000-0000-000000000003',
  'b0000000-0000-0000-0000-000000000004',
  'c0004000-0000-0000-0000-000000000001',
  'b1000000-0000-0000-0000-000000000004',
  'open',
  'UIデザイナー｜多様なクライアントのプロダクトUIを設計するデザインのプロ集団',
  'デザイナー',
  '正社員',
  '2名',
  'クライアント企業のWebサービスやアプリケーションのUI設計を担当します。ユーザーリサーチに基づくペルソナ設定、情報設計、ワイヤーフレーム作成、ビジュアルデザイン、プロトタイピングまでを一貫して手がけます。金融、EC、SaaS、メディアなど多様な業界のクライアントプロジェクトに携わるため、幅広いUIパターンの設計経験が積めます。自社のデザインシステム「Nova DS」の開発・改善にも貢献していただきます。',
  'デザインファームの看板を背負って多様なクライアントのUI設計に携わるため、デザインスキルが飛躍的に成長します。ポートフォリオに大手企業の実績を積み上げられる点は、デザイナーとしてのキャリアにおいて大きなアドバンテージです。社内のデザインレビュー文化が充実しており、シニアデザイナーから直接フィードバックを受けられます。デザインアワードへの応募も推奨しています。',
  'クライアントごとに異なるブランドガイドラインや技術制約の中でベストなUIを設計する柔軟性が必要です。複数プロジェクトを並行して進めることが多く、時間管理とクオリティの両立が求められます。また、クライアントのステークホルダーにデザインの意図を論理的に説明するコミュニケーション力も重要です。',
  'UIデザインチーム8名で、全員がFigmaのヘビーユーザーです。週次のデザインクリティークで互いの作品をレビューし、チーム全体のスキル向上を目指しています。',
  '多様な業界のUI設計スキル、デザインシステムの構築・運用力、クライアントワークのプロフェッショナリズムが身につきます。',
  '[]'::jsonb,
  '["UIデザイン","Figma","デザインシステム","ユーザーリサーチ","プロトタイピング","情報設計"]'::jsonb,
  'UIデザイン経験3年以上。Figmaを用いたWebサービスまたはアプリケーションのデザイン実務経験。ポートフォリオの提出必須。',
  'デザインシステムの構築・運用経験。ユーザーリサーチの実施経験。HTML/CSSの基礎知識。デザインアワードの受賞歴。',
  '大阪府大阪市（リモート併用可）',
  '当面なし',
  '当面なし',
  '無期',
  '入社後3ヶ月（条件変更なし）',
  'フレックスタイム制（コアタイム11:00-16:00）標準労働時間8時間',
  '60分',
  '完全週休2日制（土日祝）、年末年始休暇、有給休暇（入社半年後10日付与）、慶弔休暇、産前産後休暇、育児休暇',
  400, 700,
  '月給33万円〜58万円（固定残業代30時間分を含む）。経験・能力を考慮の上決定。',
  '健康保険、厚生年金、雇用保険、労災保険',
  '屋内原則禁煙',
  E'デザインツール・ソフトウェア費用全額負担\n書籍購入費月1万円補助\nカンファレンス・アワード応募費用補助\n副業OK\nリモートワーク可（週2出社推奨）',
  'リモート併用（週2出社推奨）',
  '書類選考 → ポートフォリオレビュー → デザイン課題 → 最終面接 → 内定',
  now()
) ON CONFLICT DO NOTHING;

-- 04-4. ブランドストラテジスト（デザインファーム特有）
INSERT INTO job_postings (
  id, company_id, team_id, created_by, status, title, job_category, employment_type, hiring_count,
  description, appeal_points, challenges, team_description, skills_gained,
  content_blocks, tags,
  required_qualifications, preferred_qualifications,
  work_location, work_location_change_scope, job_description_change_scope,
  contract_type, probation_period, work_hours, break_time, holidays,
  salary_min, salary_max, salary_detail, insurance, smoking_policy,
  benefits, remote_policy, selection_process, published_at
) VALUES (
  'd0040000-0000-0000-0000-000000000004',
  'b0000000-0000-0000-0000-000000000004',
  'c0004000-0000-0000-0000-000000000002',
  'b1000000-0000-0000-0000-000000000004',
  'open',
  'ブランドストラテジスト｜企業の本質を見抜きブランドに命を吹き込む',
  'その他',
  '正社員',
  '1名',
  'クライアント企業のブランド戦略の策定を担当します。企業のビジョン・ミッション・バリューの言語化から、ブランドアーキテクチャの設計、ブランドガイドラインの策定、ネーミング・タグライン開発まで、ブランディングの上流工程を一手に担います。市場調査、競合分析、ステークホルダーインタビューを通じてブランドのポジショニングを定義し、VI（ビジュアルアイデンティティ）デザインチームと連携してブランドの世界観を具現化します。',
  '企業の本質を見抜き、言葉とデザインで表現するという知的刺激に満ちた仕事です。スタートアップのブランド立ち上げから老舗企業のリブランディングまで、多様なプロジェクトに携われます。戦略からビジュアルまでを一貫して手がけるノヴァクリエイティブだからこそ、ブランド戦略が実際にデザインとして形になる過程を最初から最後まで見届けられます。大阪を拠点にしながら全国の企業と仕事ができる環境です。',
  'ブランド戦略は抽象的な概念を扱うため、クライアントの経営層と対等に議論できる知識と表現力が必要です。定性的な調査結果を論理的に構造化し、説得力のある戦略に落とし込む能力が求められます。また、デザインチームが戦略を正しく解釈してビジュアルに変換できるよう、的確なブリーフィングを行うコミュニケーション力も不可欠です。',
  'ブランディングチーム5名で、戦略担当とVI担当が密に連携しています。コピーライターも在籍し、言葉とビジュアルの両面からブランドを作り上げるチームです。',
  'ブランド戦略の策定スキル、市場調査・競合分析力、クライアントの経営層との折衝経験が身につきます。',
  '[]'::jsonb,
  '["ブランド戦略","ブランディング","市場調査","VI設計","コピーライティング","ストラテジー"]'::jsonb,
  'ブランディング、マーケティング、広告いずれかの領域で3年以上の実務経験。クライアントへの戦略提案経験。',
  'ブランドコンサルティングファームでの経験。VIデザインの知識。コピーライティングのスキル。MBA等のビジネス学位。',
  '大阪府大阪市',
  '当面なし',
  '当面なし',
  '無期',
  '入社後3ヶ月（条件変更なし）',
  'フレックスタイム制（コアタイム11:00-16:00）標準労働時間8時間',
  '60分',
  '完全週休2日制（土日祝）、年末年始休暇、有給休暇（入社半年後10日付与）、慶弔休暇、産前産後休暇、育児休暇',
  500, 850,
  '月給42万円〜71万円（固定残業代30時間分を含む）。経験・能力を考慮の上決定。',
  '健康保険、厚生年金、雇用保険、労災保険',
  '屋内原則禁煙',
  E'デザインツール・ソフトウェア費用全額負担\n書籍購入費月1万円補助\nカンファレンス・セミナー参加費補助\n副業OK\n交通費全額支給',
  '出社（クライアント訪問あり）',
  '書類選考 → ポートフォリオ・実績レビュー → 戦略課題プレゼンテーション → 最終面接 → 内定',
  now()
) ON CONFLICT DO NOTHING;

-- ============================================================
-- 企業05: フィンクロス（フィンテック）
-- teams: バックエンドエンジニア=c0005..1, コンプライアンス=c0005..2, ビジネス開発=c0005..3
-- ============================================================

-- 05-1. エンジニア
INSERT INTO job_postings (
  id, company_id, team_id, created_by, status, title, job_category, employment_type, hiring_count,
  description, appeal_points, challenges, team_description, skills_gained,
  content_blocks, tags,
  required_qualifications, preferred_qualifications,
  work_location, work_location_change_scope, job_description_change_scope,
  contract_type, probation_period, work_hours, break_time, holidays,
  salary_min, salary_max, salary_detail, insurance, smoking_policy,
  benefits, remote_policy, selection_process, published_at
) VALUES (
  'd0050000-0000-0000-0000-000000000001',
  'b0000000-0000-0000-0000-000000000005',
  'c0005000-0000-0000-0000-000000000001',
  'b1000000-0000-0000-0000-000000000005',
  'open',
  'バックエンドエンジニア｜決済基盤を支えるセキュアなシステム設計',
  'エンジニア',
  '正社員',
  '2名',
  'フィンクロスのBtoB決済プラットフォームのバックエンド開発を担当します。決済処理のコアロジック実装、銀行APIとの連携、トランザクション管理、不正検知システムの構築が主な業務です。金融グレードの可用性（99.99%）とセキュリティ要件を満たすシステム設計が求められます。PCI DSS準拠のインフラ上で、Go言語を用いたマイクロサービスアーキテクチャで開発を進めています。月間数億円規模の決済を処理するシステムの信頼性を担保する重要なポジションです。',
  '金融機関レベルのセキュリティとパフォーマンスが求められるシステム開発に携わることで、エンジニアとしてのスキルが飛躍的に向上します。決済という社会インフラを支える責任感と、自分が設計したシステムで数億円のお金が動くスケール感は大きなやりがいです。フィンテック領域の専門性は市場価値が非常に高く、キャリアの幅が大きく広がります。',
  '金融システム特有の厳格なセキュリティ要件とコンプライアンス対応が常に求められます。障害が直接的な金銭的損害につながるため、テストやコードレビューの基準が一般的なWebサービスより格段に高いです。また、銀行ごとに異なるAPI仕様への対応や、資金決済法の改正への迅速な対応も必要です。',
  'バックエンドエンジニアチーム8名で、決済コア、連携API、不正検知の3つのサブチームに分かれています。元銀行システムエンジニアやセキュリティスペシャリストも在籍しています。',
  '金融システムの設計・開発スキル、セキュアコーディングの実践力、高可用性システムの構築・運用経験が身につきます。',
  '[]'::jsonb,
  '["Go","PostgreSQL","AWS","決済システム","セキュリティ","マイクロサービス","PCI DSS"]'::jsonb,
  'バックエンド開発経験3年以上。Go、Java等でのシステム開発経験。RDBMSの設計・運用経験。',
  '金融システムの開発経験。PCI DSS準拠環境での開発経験。セキュリティに関する資格（情報処理安全確保支援士等）。API設計の経験。',
  '東京都中央区（リモート併用可）',
  '当面なし',
  '当面なし',
  '無期',
  '入社後3ヶ月（条件変更なし）',
  'フレックスタイム制（コアタイム10:00-15:00）標準労働時間8時間',
  '60分',
  '完全週休2日制（土日祝）、年末年始休暇、有給休暇（入社半年後10日付与）、慶弔休暇、産前産後休暇、育児休暇',
  600, 1100,
  '月給50万円〜92万円（固定残業代40時間分を含む）。経験・能力を考慮の上決定。',
  '健康保険、厚生年金、雇用保険、労災保険',
  '屋内原則禁煙（喫煙専用室あり）',
  E'ストックオプション制度\n資格取得支援（受験費用全額負担）\n書籍購入費月2万円補助\nリモートワーク手当月3万円\n副業OK（届出制）',
  'リモート併用（週2出社推奨）',
  '書類選考 → 技術面接（セキュリティ設計ディスカッション含む） → コーディングテスト → 最終面接 → 内定',
  now()
) ON CONFLICT DO NOTHING;

-- 05-2. セールス
INSERT INTO job_postings (
  id, company_id, team_id, created_by, status, title, job_category, employment_type, hiring_count,
  description, appeal_points, challenges, team_description, skills_gained,
  content_blocks, tags,
  required_qualifications, preferred_qualifications,
  work_location, work_location_change_scope, job_description_change_scope,
  contract_type, probation_period, work_hours, break_time, holidays,
  salary_min, salary_max, salary_detail, insurance, smoking_policy,
  benefits, remote_policy, selection_process, published_at
) VALUES (
  'd0050000-0000-0000-0000-000000000002',
  'b0000000-0000-0000-0000-000000000005',
  'c0005000-0000-0000-0000-000000000003',
  'b1000000-0000-0000-0000-000000000005',
  'open',
  'ビジネス開発｜フィンテックの新しい決済体験を企業に届ける',
  'セールス',
  '正社員',
  '1名',
  'EC事業者、SaaS企業、プラットフォーム事業者に対して、フィンクロスの決済APIプラットフォームの導入提案を行います。クライアントのビジネスモデルを理解し、最適な決済フローの設計を提案します。API連携の技術的な要件整理をエンジニアと協力して行い、導入プロジェクトの進行管理も担当します。パートナー企業（会計ソフトベンダー、EC構築ツール等）とのアライアンス構築も重要なミッションです。',
  'フィンテック業界は急成長中であり、決済APIという事業の根幹に関わるサービスの営業は、クライアントのCTOやCFOとの深い議論が求められるハイレベルな仕事です。技術とビジネスの両方の視点で提案できるようになるため、今後のキャリアの幅が大きく広がります。1件の導入が年間数千万円の継続収益につながるため、成果のインパクトが大きいポジションです。',
  '決済APIはクライアントのシステムに深く組み込まれるため、導入の意思決定には技術部門の承認が不可欠です。技術的な仕様を理解した上で、ビジネスメリットを経営層に訴求する二面的な提案が求められます。また、金融規制に関する知識も必要です。',
  'ビジネス開発チーム5名で、業界別（EC、SaaS、プラットフォーム）にアカウントを分担しています。エンジニアチームとの合同ミーティングを週次で実施し、技術動向を共有しています。',
  'フィンテック営業のスキル、API・テクニカルセールスの知見、金融規制の理解が身につきます。',
  '[]'::jsonb,
  '["ビジネス開発","フィンテック","API","決済","パートナーシップ","テクニカルセールス"]'::jsonb,
  '法人向けBtoB営業経験3年以上。IT・SaaS領域での営業経験。',
  'フィンテックまたは金融業界での営業経験。APIプロダクトの営業・導入支援経験。アライアンス構築の経験。',
  '東京都中央区',
  '当面なし',
  '当面なし',
  '無期',
  '入社後3ヶ月（条件変更なし）',
  'フレックスタイム制（コアタイム10:00-16:00）標準労働時間8時間',
  '60分',
  '完全週休2日制（土日祝）、年末年始休暇、有給休暇（入社半年後10日付与）、慶弔休暇、産前産後休暇、育児休暇',
  550, 950,
  '月給46万円〜79万円（固定残業代40時間分を含む）。インセンティブ制度あり。経験・能力を考慮の上決定。',
  '健康保険、厚生年金、雇用保険、労災保険',
  '屋内原則禁煙（喫煙専用室あり）',
  E'ストックオプション制度\n書籍購入費月1万円補助\n交通費全額支給\n副業OK（届出制）',
  '出社（リモート週1可）',
  '書類選考 → 一次面接 → ケーススタディ面接 → 最終面接 → 内定',
  now()
) ON CONFLICT DO NOTHING;

-- 05-3. PM
INSERT INTO job_postings (
  id, company_id, team_id, created_by, status, title, job_category, employment_type, hiring_count,
  description, appeal_points, challenges, team_description, skills_gained,
  content_blocks, tags,
  required_qualifications, preferred_qualifications,
  work_location, work_location_change_scope, job_description_change_scope,
  contract_type, probation_period, work_hours, break_time, holidays,
  salary_min, salary_max, salary_detail, insurance, smoking_policy,
  benefits, remote_policy, selection_process, published_at
) VALUES (
  'd0050000-0000-0000-0000-000000000003',
  'b0000000-0000-0000-0000-000000000005',
  'c0005000-0000-0000-0000-000000000001',
  'b1000000-0000-0000-0000-000000000005',
  'open',
  'プロダクトマネージャー｜次世代の決済インフラを構想し実現する',
  'PM',
  '正社員',
  '1名',
  'フィンクロスの決済プラットフォームのプロダクト戦略を策定し、実行を主導します。API仕様の設計方針決定、新決済手段への対応企画、開発者向けドキュメント・SDKの改善、ダッシュボード機能の企画を担当します。加盟店の利用データを分析して新機能の優先度を決定し、エンジニアチームと協力してスプリント計画に落とし込みます。金融庁や決済業界団体の動向をウォッチし、規制変更への先手対応も主導します。',
  '決済APIというデベロッパー向けプロダクトのPMは、技術とビジネスの両面で深い理解が求められるやりがいのあるポジションです。自分の決定がECサイトやSaaSサービスの決済体験を変え、間接的に数百万人のエンドユーザーに影響を与えるスケール感があります。フィンテック領域のPM経験は市場で非常に希少で、キャリアの大きな武器になります。',
  '決済は「止まらないこと」が最優先のため、新機能の追加と安定性の維持のバランスが常に課題です。また、資金決済法やPCI DSSなどの規制対応をプロダクトロードマップに組み込む調整力が必要です。デベロッパー向けプロダクトのため、API設計の美しさやドキュメントの品質にも責任を持ちます。',
  'PM2名で、決済コアとマーチャント向け機能をそれぞれ担当しています。CTOと直接議論しながらプロダクトの方向性を決定できるポジションです。',
  'フィンテックプロダクトのマネジメント力、API設計の知見、金融規制の理解、デベロッパーリレーションの経験が身につきます。',
  '[]'::jsonb,
  '["プロダクトマネジメント","フィンテック","API設計","決済","規制対応","デベロッパーリレーション"]'::jsonb,
  'プロダクトマネジメント経験3年以上。テクノロジープロダクト（SaaS、API等）の企画経験。',
  'フィンテックまたは金融業界でのPM経験。API設計やSDK開発の知識。資金決済法やPCI DSSの知識。',
  '東京都中央区（リモート併用可）',
  '当面なし',
  '当面なし',
  '無期',
  '入社後3ヶ月（条件変更なし）',
  'フレックスタイム制（コアタイム10:00-15:00）標準労働時間8時間',
  '60分',
  '完全週休2日制（土日祝）、年末年始休暇、有給休暇（入社半年後10日付与）、慶弔休暇、産前産後休暇、育児休暇',
  700, 1100,
  '月給58万円〜92万円（固定残業代40時間分を含む）。経験・能力を考慮の上決定。',
  '健康保険、厚生年金、雇用保険、労災保険',
  '屋内原則禁煙（喫煙専用室あり）',
  E'ストックオプション制度\n書籍購入費月2万円補助\nカンファレンス参加費全額補助\nリモートワーク手当月3万円\n副業OK（届出制）',
  'リモート併用（週2出社推奨）',
  '書類選考 → 一次面接 → プロダクト戦略ディスカッション → 最終面接 → 内定',
  now()
) ON CONFLICT DO NOTHING;

-- 05-4. コンプライアンス（フィンテック特有）
INSERT INTO job_postings (
  id, company_id, team_id, created_by, status, title, job_category, employment_type, hiring_count,
  description, appeal_points, challenges, team_description, skills_gained,
  content_blocks, tags,
  required_qualifications, preferred_qualifications,
  work_location, work_location_change_scope, job_description_change_scope,
  contract_type, probation_period, work_hours, break_time, holidays,
  salary_min, salary_max, salary_detail, insurance, smoking_policy,
  benefits, remote_policy, selection_process, published_at
) VALUES (
  'd0050000-0000-0000-0000-000000000004',
  'b0000000-0000-0000-0000-000000000005',
  'c0005000-0000-0000-0000-000000000002',
  'b1000000-0000-0000-0000-000000000005',
  'open',
  'コンプライアンスオフィサー｜成長するフィンテックの規制対応を統括',
  'その他',
  '正社員',
  '1名',
  '資金決済法をはじめとする金融規制への対応体制の構築・運用を統括します。金融庁への各種届出・報告の対応、AML/CFT（マネーロンダリング・テロ資金供与対策）体制の整備、加盟店審査プロセスの運用を主導します。新規サービスのローンチ前には法的リスクの評価を行い、プロダクトチームにフィードバックします。外部の法律事務所や監査法人と連携しながら、社内のコンプライアンス研修の企画・実施も担当します。',
  'フィンテック企業のコンプライアンスは、金融とテクノロジーの両方の知識が求められる専門性の高い領域です。急成長するスタートアップの中で規制対応の仕組みをゼロから作り上げる経験は、キャリアの大きな資産になります。経営層との距離が近く、事業戦略の意思決定にコンプライアンスの観点から直接関与できるポジションです。',
  '金融規制は頻繁に改正されるため、常に最新動向をキャッチアップする必要があります。事業の成長スピードと規制対応のバランスを取ることが求められ、プロダクトチームに対して「何ができないか」だけでなく「どうすればできるか」を提案する建設的な姿勢が重要です。',
  'コンプライアンスチーム3名で、法務・コンプライアンス・内部監査を担当しています。外部のリーガルアドバイザーとも密に連携しています。',
  'フィンテックの規制対応スキル、AML/CFTの専門知識、金融庁対応の実務経験が身につきます。',
  '[]'::jsonb,
  '["コンプライアンス","金融規制","AML","資金決済法","内部統制","リスク管理"]'::jsonb,
  '金融業界でのコンプライアンスまたは法務経験3年以上。資金決済法、犯罪収益移転防止法の知識。',
  'フィンテック企業でのコンプライアンス経験。金融庁対応の経験。弁護士資格または公認不正検査士等の資格。',
  '東京都中央区',
  '当面なし',
  '当面なし',
  '無期',
  '入社後3ヶ月（条件変更なし）',
  '9:00〜18:00（標準労働時間8時間）',
  '60分',
  '完全週休2日制（土日祝）、年末年始休暇、有給休暇（入社半年後10日付与）、慶弔休暇、産前産後休暇、育児休暇',
  600, 1000,
  '月給50万円〜83万円。経験・能力を考慮の上決定。',
  '健康保険、厚生年金、雇用保険、労災保険',
  '屋内原則禁煙（喫煙専用室あり）',
  E'資格取得支援（受験費用全額負担）\n書籍購入費月2万円補助\nセミナー参加費補助\n副業OK（届出制）\n交通費全額支給',
  '出社',
  '書類選考 → 一次面接 → 規制対応ケーススタディ → 最終面接 → 内定',
  now()
) ON CONFLICT DO NOTHING;

-- ============================================================
-- 企業06: 構造計画テクノロジーズ（建設テック）
-- teams: 構造解析エンジニア=c0006..1, BIM開発=c0006..2, 営業企画=c0006..3
-- ============================================================

-- 06-1. エンジニア
INSERT INTO job_postings (
  id, company_id, team_id, created_by, status, title, job_category, employment_type, hiring_count,
  description, appeal_points, challenges, team_description, skills_gained,
  content_blocks, tags,
  required_qualifications, preferred_qualifications,
  work_location, work_location_change_scope, job_description_change_scope,
  contract_type, probation_period, work_hours, break_time, holidays,
  salary_min, salary_max, salary_detail, insurance, smoking_policy,
  benefits, remote_policy, selection_process, published_at
) VALUES (
  'd0060000-0000-0000-0000-000000000001',
  'b0000000-0000-0000-0000-000000000006',
  'c0006000-0000-0000-0000-000000000002',
  'b1000000-0000-0000-0000-000000000006',
  'open',
  'BIMエンジニア｜3Dモデリング×プログラミングで建設のDXを推進',
  'エンジニア',
  '正社員',
  '2名',
  'BIM（Building Information Modeling）ソフトウェアの開発を担当します。RevitやIFC形式の3Dモデルデータを読み込み、構造解析や施工シミュレーションと連携するプラグイン・APIの開発が主な業務です。3Dビューワーの機能改善、属性情報の管理機能、設計変更の自動反映ロジックの実装も担当します。建設業界のデジタルツイン実現に向けて、リアルタイム3D可視化技術やクラウドコラボレーション機能の開発にも取り組んでいます。',
  '建設業界のDXは国を挙げて推進されている成長領域であり、BIMの専門知識を持つエンジニアは需要が急増しています。3Dモデリングとプログラミングの両方のスキルを活かせるユニークなポジションで、建築・土木の大規模プロジェクトに自分の技術が活用される実感を得られます。構造力学の知識も自然と身につく環境で、一般的なWeb開発とは異なる技術的深みがあります。',
  '建設業界特有のデータ形式（IFC、gbXML等）への対応や、大規模3Dモデルのパフォーマンス最適化が技術的な課題です。また、建築・構造の専門用語やワークフローを理解しながら開発を進める必要があります。レガシーな業界のDXを推進するため、ユーザーの既存業務との整合性を保つ配慮も重要です。',
  'BIM開発チーム6名で、フロントエンド（3Dビューワー）とバックエンド（データ処理）の2チーム体制で開発しています。建築学科出身のメンバーも在籍しています。',
  'BIMソフトウェアの開発スキル、3Dグラフィックスプログラミング力、建設業界のドメイン知識が身につきます。',
  '[]'::jsonb,
  '["BIM","3Dモデリング","C#","TypeScript","Revit API","建設DX","IFC"]'::jsonb,
  'ソフトウェア開発経験3年以上。C#、Python、TypeScript等での開発経験。',
  'BIMソフトウェア（Revit、ArchiCAD等）のプラグイン開発経験。3Dグラフィックス（Three.js、WebGL等）の知識。建築・土木の基礎知識。',
  '東京都港区（リモート併用可）',
  '当面なし',
  '当面なし',
  '無期',
  '入社後3ヶ月（条件変更なし）',
  'フレックスタイム制（コアタイム10:00-16:00）標準労働時間8時間',
  '60分',
  '完全週休2日制（土日祝）、年末年始休暇、有給休暇（入社半年後10日付与）、慶弔休暇、産前産後休暇、育児休暇',
  500, 850,
  '月給42万円〜71万円（固定残業代30時間分を含む）。経験・能力を考慮の上決定。',
  '健康保険、厚生年金、雇用保険、労災保険',
  '屋内原則禁煙（喫煙専用室あり）',
  E'資格取得支援（一級建築士等の受験費用補助）\n書籍購入費月1万円補助\n技術カンファレンス参加費補助\nリモートワーク可（週2出社推奨）\n副業OK（届出制）',
  'リモート併用（週2出社推奨）',
  '書類選考 → 技術面接 → コーディングテスト → 最終面接 → 内定',
  now()
) ON CONFLICT DO NOTHING;

-- 06-2. セールス
INSERT INTO job_postings (
  id, company_id, team_id, created_by, status, title, job_category, employment_type, hiring_count,
  description, appeal_points, challenges, team_description, skills_gained,
  content_blocks, tags,
  required_qualifications, preferred_qualifications,
  work_location, work_location_change_scope, job_description_change_scope,
  contract_type, probation_period, work_hours, break_time, holidays,
  salary_min, salary_max, salary_detail, insurance, smoking_policy,
  benefits, remote_policy, selection_process, published_at
) VALUES (
  'd0060000-0000-0000-0000-000000000002',
  'b0000000-0000-0000-0000-000000000006',
  'c0006000-0000-0000-0000-000000000003',
  'b1000000-0000-0000-0000-000000000006',
  'open',
  '営業企画｜建設テックソリューションの市場戦略を設計・実行する',
  'セールス',
  '正社員',
  '1名',
  'ゼネコン、設計事務所、デベロッパーに対する構造計画テクノロジーズの製品導入戦略の策定・実行を担当します。市場分析に基づくターゲット選定、販売チャネルの構築、展示会やセミナーの企画運営、リードナーチャリング施策の実行が主な業務です。直販チームとパートナー代理店への営業支援も行い、売上目標の達成に向けた営業組織全体の生産性向上を主導します。建設業界のDX動向を常にウォッチし、新製品の市場投入戦略も策定します。',
  '建設テック市場は国土交通省のBIM義務化方針を追い風に急拡大しています。業界のDXを先導するポジションで、大手ゼネコンの経営層と直接対話する機会が豊富です。テクノロジーと建設という2つの専門性を掛け合わせた希少なキャリアを築けます。営業戦略の立案から実行まで一気通貫で担当できるため、マーケティングと営業の両方のスキルが身につきます。',
  '建設業界は意思決定に時間がかかり、商談サイクルが6ヶ月以上に及ぶことも珍しくありません。技術的に複雑な製品を、ITに詳しくない建設の現場担当者にもわかりやすく伝える提案力が必要です。また、展示会や業界セミナーでの登壇も求められます。',
  '営業企画チーム4名で、マーケティングと営業推進を兼務しています。ゼネコン出身者やCADメーカー出身者が在籍し、建設業界の知見が豊富です。',
  '建設テックの市場戦略立案力、業界特化型マーケティングスキル、大手法人への提案営業力が身につきます。',
  '[]'::jsonb,
  '["営業企画","建設テック","BIM","マーケティング","法人営業","展示会運営"]'::jsonb,
  '法人向け営業またはマーケティング経験3年以上。戦略策定から実行までの経験。',
  '建設業界での営業経験。テクノロジー製品の営業・マーケティング経験。展示会やセミナーの企画運営経験。',
  '東京都港区（顧客訪問あり）',
  '当面なし',
  '当面なし',
  '無期',
  '入社後3ヶ月（条件変更なし）',
  'フレックスタイム制（コアタイム10:00-16:00）標準労働時間8時間',
  '60分',
  '完全週休2日制（土日祝）、年末年始休暇、有給休暇（入社半年後10日付与）、慶弔休暇、産前産後休暇、育児休暇',
  500, 800,
  '月給42万円〜67万円（固定残業代30時間分を含む）。経験・能力を考慮の上決定。',
  '健康保険、厚生年金、雇用保険、労災保険',
  '屋内原則禁煙（喫煙専用室あり）',
  E'資格取得支援\n書籍購入費補助\n展示会・セミナー参加費全額負担\n交通費全額支給\n副業OK（届出制）',
  '出社（顧客訪問あり）',
  '書類選考 → 一次面接 → 営業戦略プレゼンテーション → 最終面接 → 内定',
  now()
) ON CONFLICT DO NOTHING;

-- 06-3. デザイナー
INSERT INTO job_postings (
  id, company_id, team_id, created_by, status, title, job_category, employment_type, hiring_count,
  description, appeal_points, challenges, team_description, skills_gained,
  content_blocks, tags,
  required_qualifications, preferred_qualifications,
  work_location, work_location_change_scope, job_description_change_scope,
  contract_type, probation_period, work_hours, break_time, holidays,
  salary_min, salary_max, salary_detail, insurance, smoking_policy,
  benefits, remote_policy, selection_process, published_at
) VALUES (
  'd0060000-0000-0000-0000-000000000003',
  'b0000000-0000-0000-0000-000000000006',
  'c0006000-0000-0000-0000-000000000002',
  'b1000000-0000-0000-0000-000000000006',
  'open',
  'UI/UXデザイナー｜建設のプロが使う専門ツールの体験を再設計する',
  'デザイナー',
  '正社員',
  '1名',
  '構造解析ソフトやBIMツールのUI/UX設計を担当します。構造設計者や施工管理者が日常的に使うプロフェッショナルツールのインターフェースを、使いやすさと機能性を両立させて再設計します。3Dモデルの操作UI、解析パラメータの入力フォーム、解析結果の可視化ダッシュボードなど、専門性の高いUIの設計が中心です。ユーザーインタビューやフィールド観察を通じて、建設現場の実態に即したUXを追求します。',
  'プロフェッショナルツールのUX設計は、一般的なWebサービスとは異なる奥深さがあります。建築や構造力学の専門知識を活かしたUIを設計できるようになり、デザイナーとしての希少価値が高まります。自分がデザインしたツールが実際の建物の安全性に寄与するという、社会的意義の大きい仕事です。ユーザーが専門家のため、フィードバックが具体的で改善サイクルが明確です。',
  '構造力学やBIMのワークフローを理解した上でUI設計を行う必要があり、ドメイン知識の習得が不可欠です。ユーザーは建設のプロフェッショナルのため、見た目の美しさだけでなく業務効率への貢献が厳しく評価されます。また、大量のデータや複雑なパラメータをわかりやすく表示する情報設計力が求められます。',
  'BIM開発チームに所属し、エンジニアと密に連携してUI実装まで一気通貫で関わります。デザイナーは現在2名で、3Dビューワーと管理画面を分担しています。',
  'プロフェッショナルツールのUX設計スキル、3DインターフェースのUIデザイン力、建設ドメインの知識が身につきます。',
  '[]'::jsonb,
  '["UIデザイン","UXデザイン","Figma","3D UI","プロフェッショナルツール","建設テック"]'::jsonb,
  'UI/UXデザイン経験3年以上。Figmaを用いたデザイン経験。Webアプリケーションまたはデスクトップアプリケーションのデザイン経験。',
  'プロフェッショナルツール（CAD、解析ソフト等）のUX設計経験。建築・土木の基礎知識。3Dビジュアライゼーションのデザイン経験。',
  '東京都港区（リモート併用可）',
  '当面なし',
  '当面なし',
  '無期',
  '入社後3ヶ月（条件変更なし）',
  'フレックスタイム制（コアタイム10:00-16:00）標準労働時間8時間',
  '60分',
  '完全週休2日制（土日祝）、年末年始休暇、有給休暇（入社半年後10日付与）、慶弔休暇、産前産後休暇、育児休暇',
  450, 750,
  '月給38万円〜63万円（固定残業代30時間分を含む）。経験・能力を考慮の上決定。',
  '健康保険、厚生年金、雇用保険、労災保険',
  '屋内原則禁煙（喫煙専用室あり）',
  E'デザインツール費用全額負担\n資格取得支援\n書籍購入費月1万円補助\nリモートワーク可（週2出社推奨）\n副業OK（届出制）',
  'リモート併用（週2出社推奨）',
  '書類選考 → ポートフォリオレビュー → デザイン課題 → 最終面接 → 内定',
  now()
) ON CONFLICT DO NOTHING;

-- 06-4. 構造解析エンジニア（建設テック特有）
INSERT INTO job_postings (
  id, company_id, team_id, created_by, status, title, job_category, employment_type, hiring_count,
  description, appeal_points, challenges, team_description, skills_gained,
  content_blocks, tags,
  required_qualifications, preferred_qualifications,
  work_location, work_location_change_scope, job_description_change_scope,
  contract_type, probation_period, work_hours, break_time, holidays,
  salary_min, salary_max, salary_detail, insurance, smoking_policy,
  benefits, remote_policy, selection_process, published_at
) VALUES (
  'd0060000-0000-0000-0000-000000000004',
  'b0000000-0000-0000-0000-000000000006',
  'c0006000-0000-0000-0000-000000000001',
  'b1000000-0000-0000-0000-000000000006',
  'open',
  '構造解析エンジニア｜建物の安全を守る解析アルゴリズムを開発',
  'その他',
  '正社員',
  '1〜2名',
  '建物の構造解析アルゴリズムの研究開発を担当します。有限要素法（FEM）による線形・非線形構造解析、耐震設計支援、最適化設計のアルゴリズム開発が主な業務です。大規模構造物の地震応答解析、座屈解析、振動解析など、高度な数値計算プログラムの設計・実装を行います。研究成果は自社製品に組み込まれ、全国の構造設計事務所やゼネコンで使用されます。学会発表や論文投稿も推奨しており、アカデミックな活動と実務を両立できます。',
  '構造力学とプログラミングの両方のスキルを活かせる、非常にユニークなポジションです。自分が開発したアルゴリズムが実際の建物の耐震設計に使われるという社会的責任と誇りがあります。学会活動も推奨されており、研究者としてのキャリアと企業での実務キャリアを両立できます。建設テックの中でも最もコアな技術領域を担当するポジションです。',
  '構造力学の深い理論的理解と、それを効率的に実装するプログラミングスキルの両方が求められます。大規模行列計算のパフォーマンス最適化や、数値計算の精度検証は技術的に難易度が高い課題です。建築基準法の改正や新しい設計基準への対応も迅速に行う必要があります。',
  '構造解析エンジニアチーム5名で、全員が構造力学の専門家です。博士号を持つメンバーが3名在籍し、技術的な議論が活発なアカデミックな雰囲気のチームです。',
  'FEMの実装スキル、高性能数値計算の知見、構造力学の深い専門性、学術研究の経験が身につきます。',
  '[]'::jsonb,
  '["構造解析","FEM","C++","Python","耐震設計","数値計算","構造力学"]'::jsonb,
  '構造力学または計算力学の専門知識（大学院修了レベル）。C++、Fortran、Python等での数値計算プログラムの開発経験。',
  '博士号（構造工学、計算力学等）。有限要素法の実装経験。一級建築士または技術士の資格。学会発表・論文投稿の実績。',
  '東京都港区',
  '当面なし',
  '当面なし',
  '無期',
  '入社後3ヶ月（条件変更なし）',
  'フレックスタイム制（コアタイム10:00-16:00）標準労働時間8時間',
  '60分',
  '完全週休2日制（土日祝）、年末年始休暇、有給休暇（入社半年後10日付与）、慶弔休暇、産前産後休暇、育児休暇',
  550, 950,
  '月給46万円〜79万円（固定残業代30時間分を含む）。経験・能力を考慮の上決定。',
  '健康保険、厚生年金、雇用保険、労災保険',
  '屋内原則禁煙（喫煙専用室あり）',
  E'学会参加費・論文投稿費全額補助\n資格取得支援（一級建築士等）\n書籍購入費月2万円補助\n学位取得支援制度\n副業OK（届出制）',
  '出社（リモート週1可）',
  '書類選考 → 技術面接（専門知識ディスカッション） → コーディングテスト → 最終面接 → 内定',
  now()
) ON CONFLICT DO NOTHING;

-- ============================================================
-- 企業07: マナビコネクト（EdTech）
-- teams: カリキュラム開発=c0007..1, フロントエンド=c0007..2, マーケティング=c0007..3
-- ============================================================

-- 07-1. エンジニア
INSERT INTO job_postings (
  id, company_id, team_id, created_by, status, title, job_category, employment_type, hiring_count,
  description, appeal_points, challenges, team_description, skills_gained,
  content_blocks, tags,
  required_qualifications, preferred_qualifications,
  work_location, work_location_change_scope, job_description_change_scope,
  contract_type, probation_period, work_hours, break_time, holidays,
  salary_min, salary_max, salary_detail, insurance, smoking_policy,
  benefits, remote_policy, selection_process, published_at
) VALUES (
  'd0070000-0000-0000-0000-000000000001',
  'b0000000-0000-0000-0000-000000000007',
  'c0007000-0000-0000-0000-000000000002',
  'b1000000-0000-0000-0000-000000000007',
  'open',
  'フロントエンドエンジニア｜学習体験を革新するインタラクティブUI開発',
  'エンジニア',
  '正社員',
  '1〜2名',
  'マナビコネクトのオンライン学習プラットフォームのフロントエンド開発を担当します。動画講義のプレイヤーUI、インタラクティブなクイズ・演習機能、学習進捗ダッシュボード、ライブ授業のリアルタイムインタラクション機能の実装が主な業務です。React/TypeScriptをメインの技術スタックとし、WebRTCを用いたリアルタイム通信やCanvas APIを活用したホワイトボード機能の開発にも取り組みます。アダプティブラーニングのフロントエンド実装として、学習者の理解度に応じてコンテンツを動的に変更する仕組みも構築します。',
  '教育という社会的意義の高い領域で、テクノロジーを活用して学習体験を根本から変えるプロダクト開発に携われます。動画プレイヤー、リアルタイム通信、Canvas描画など多様な技術領域に触れられるため、フロントエンドエンジニアとしてのスキルが幅広く向上します。京都という歴史と文化の街で、大学や教育機関との連携プロジェクトにも参加できます。',
  'リアルタイム通信やアダプティブラーニングの実装は、一般的なSPAの開発とは異なる技術的課題があります。数百人が同時参加するライブ授業のパフォーマンス最適化や、多様なデバイス・ブラウザでの安定動作の担保が求められます。教育現場のフィードバックを素早くプロダクトに反映するアジリティも重要です。',
  'フロントエンドチーム5名で、学習者向けUIとインストラクター向けUIを担当するメンバーに分かれています。教育への情熱を持つメンバーが揃っています。',
  'リアルタイム通信技術、アダプティブUI設計、動画プレイヤーの実装スキル、EdTechのドメイン知識が身につきます。',
  '[]'::jsonb,
  '["React","TypeScript","WebRTC","Canvas API","EdTech","リアルタイム通信"]'::jsonb,
  'フロントエンド開発経験3年以上。React/TypeScriptでの開発経験。',
  'WebRTCを用いたリアルタイム通信の実装経験。動画プレイヤーの開発経験。Canvas APIやWebGLの使用経験。教育業界での開発経験。',
  '京都府京都市（リモート併用可）',
  '当面なし',
  '当面なし',
  '無期',
  '入社後3ヶ月（条件変更なし）',
  'フレックスタイム制（コアタイム10:00-15:00）標準労働時間8時間',
  '60分',
  '完全週休2日制（土日祝）、年末年始休暇、有給休暇（入社半年後10日付与）、慶弔休暇、産前産後休暇、育児休暇',
  450, 750,
  '月給38万円〜63万円（固定残業代30時間分を含む）。経験・能力を考慮の上決定。',
  '健康保険、厚生年金、雇用保険、労災保険',
  '屋内原則禁煙',
  E'リモートワーク手当月2万円\n書籍・オンライン学習費用月1万円補助\n自社プラットフォームの全コース無料受講\nカンファレンス参加費補助\n副業OK',
  'リモート併用（週2出社推奨）',
  '書類選考 → 技術面接（ポートフォリオレビュー含む） → コーディングテスト → 最終面接 → 内定',
  now()
) ON CONFLICT DO NOTHING;

-- 07-2. マーケティング
INSERT INTO job_postings (
  id, company_id, team_id, created_by, status, title, job_category, employment_type, hiring_count,
  description, appeal_points, challenges, team_description, skills_gained,
  content_blocks, tags,
  required_qualifications, preferred_qualifications,
  work_location, work_location_change_scope, job_description_change_scope,
  contract_type, probation_period, work_hours, break_time, holidays,
  salary_min, salary_max, salary_detail, insurance, smoking_policy,
  benefits, remote_policy, selection_process, published_at
) VALUES (
  'd0070000-0000-0000-0000-000000000002',
  'b0000000-0000-0000-0000-000000000007',
  'c0007000-0000-0000-0000-000000000003',
  'b1000000-0000-0000-0000-000000000007',
  'open',
  'マーケティング｜教育の未来を届けるグロースマーケティング',
  'マーケティング',
  '正社員',
  '1名',
  'マナビコネクトの学習プラットフォームのユーザー獲得とエンゲージメント向上を担当します。SEO/SEM、SNSマーケティング、コンテンツマーケティング、メールマーケティングを組み合わせた統合的な集客戦略を策定・実行します。学習者のファネル分析に基づくコンバージョン最適化、LTV向上施策の企画、パートナー教育機関との共同プロモーションも重要なミッションです。GA4やMixpanelを用いたデータ分析に基づく意思決定を重視しています。',
  '教育プラットフォームのマーケティングは、ユーザーの学習意欲や成長実感に寄り添う独特のアプローチが求められるため、一般的なSaaSマーケティングとは異なる面白さがあります。「学びたい」という純粋な動機を持つユーザーに価値を届ける仕事は、やりがいに溢れています。京都の大学や専門学校との連携プロモーションなど、地域に根ざしたマーケティング活動も経験できます。',
  'BtoCとBtoB（法人研修）の両方のマーケティングを並行して進める必要があります。教育サービスは受講開始までのリードタイムが長く、コンテンツの品質がリテンションに直結するため、短期的なグロースハックだけでは成果が出ません。学習者の成功体験をマーケティングコンテンツに変換する力が求められます。',
  'マーケティングチーム4名で、デジタルマーケティングとコンテンツ制作を担当しています。元教育系メディアの編集者が在籍し、教育コンテンツの企画力に強みがあります。',
  'EdTechのグロースマーケティングスキル、データドリブンマーケティング力、教育コンテンツマーケティングの知見が身につきます。',
  '[]'::jsonb,
  '["マーケティング","SEO","コンテンツマーケティング","グロースハック","GA4","EdTech"]'::jsonb,
  'デジタルマーケティング経験3年以上。SEO/SEMの実務経験。GA4等のアナリティクスツールの使用経験。',
  'EdTechまたはBtoCサービスのマーケティング経験。コンテンツマーケティングの企画・実施経験。SNSマーケティングの成功実績。',
  '京都府京都市（リモート併用可）',
  '当面なし',
  '当面なし',
  '無期',
  '入社後3ヶ月（条件変更なし）',
  'フレックスタイム制（コアタイム10:00-15:00）標準労働時間8時間',
  '60分',
  '完全週休2日制（土日祝）、年末年始休暇、有給休暇（入社半年後10日付与）、慶弔休暇、産前産後休暇、育児休暇',
  400, 700,
  '月給33万円〜58万円（固定残業代30時間分を含む）。経験・能力を考慮の上決定。',
  '健康保険、厚生年金、雇用保険、労災保険',
  '屋内原則禁煙',
  E'リモートワーク手当月2万円\n書籍・オンライン学習費用月1万円補助\n自社プラットフォームの全コース無料受講\nカンファレンス参加費補助\n副業OK',
  'リモート併用（週2出社推奨）',
  '書類選考 → 一次面接 → マーケティング課題 → 最終面接 → 内定',
  now()
) ON CONFLICT DO NOTHING;

-- 07-3. 企画
INSERT INTO job_postings (
  id, company_id, team_id, created_by, status, title, job_category, employment_type, hiring_count,
  description, appeal_points, challenges, team_description, skills_gained,
  content_blocks, tags,
  required_qualifications, preferred_qualifications,
  work_location, work_location_change_scope, job_description_change_scope,
  contract_type, probation_period, work_hours, break_time, holidays,
  salary_min, salary_max, salary_detail, insurance, smoking_policy,
  benefits, remote_policy, selection_process, published_at
) VALUES (
  'd0070000-0000-0000-0000-000000000003',
  'b0000000-0000-0000-0000-000000000007',
  'c0007000-0000-0000-0000-000000000001',
  'b1000000-0000-0000-0000-000000000007',
  'open',
  '学習設計ディレクター｜テクノロジーと教育学の融合で最高の学びを創る',
  '企画',
  '正社員',
  '1名',
  'オンライン学習コースのカリキュラム設計とコンテンツディレクションを担当します。学習科学やインストラクショナルデザインの知見に基づき、効果的な学習体験を設計します。講師陣との協力による教材コンテンツの企画・制作進行、アダプティブラーニングの問題設計、学習効果の測定・分析も重要なミッションです。プログラミング、データサイエンス、ビジネススキルなど多様なカテゴリのコースを担当し、学習者の目標達成率向上を追求します。',
  '教育学の知見をテクノロジーと融合させて、従来の教育では実現できなかった学習体験を創り出す仕事です。大学教授や業界のトップランナーと直接協力してコンテンツを制作するため、幅広い分野の最先端の知見に触れられます。京都の大学や研究機関と連携した共同プロジェクトにも参画でき、教育の未来を形作る実感があります。',
  '専門性の異なる講師陣のコンテンツを、統一的な品質基準と学習設計フレームワークに沿って仕上げるディレクション力が必要です。オンライン学習特有の離脱率の高さに対処するため、エンゲージメントを維持する工夫を常に考えなければなりません。テクノロジーの制約の中で最適な学習体験を設計するバランス感覚も重要です。',
  'カリキュラム開発チーム6名で、プログラミング・ビジネス・クリエイティブのカテゴリ別に担当しています。元教員や教育学研究者が在籍しています。',
  'インストラクショナルデザインのスキル、教育コンテンツのディレクション力、学習効果測定の手法が身につきます。',
  '[]'::jsonb,
  '["インストラクショナルデザイン","カリキュラム設計","EdTech","コンテンツ企画","学習科学","教材開発"]'::jsonb,
  '教育コンテンツの企画・制作経験2年以上。または教育機関での教員・講師経験3年以上。',
  'インストラクショナルデザインの知識（修士号あれば尚可）。オンライン学習プラットフォームでの業務経験。プロジェクトマネジメント経験。',
  '京都府京都市（リモート併用可）',
  '当面なし',
  '当面なし',
  '無期',
  '入社後3ヶ月（条件変更なし）',
  'フレックスタイム制（コアタイム10:00-15:00）標準労働時間8時間',
  '60分',
  '完全週休2日制（土日祝）、年末年始休暇、有給休暇（入社半年後10日付与）、慶弔休暇、産前産後休暇、育児休暇',
  400, 700,
  '月給33万円〜58万円（固定残業代30時間分を含む）。経験・能力を考慮の上決定。',
  '健康保険、厚生年金、雇用保険、労災保険',
  '屋内原則禁煙',
  E'リモートワーク手当月2万円\n書籍・オンライン学習費用月1万円補助\n自社プラットフォームの全コース無料受講\nカンファレンス参加費補助\n副業OK',
  'リモート併用（週2出社推奨）',
  '書類選考 → 一次面接 → カリキュラム設計課題 → 最終面接 → 内定',
  now()
) ON CONFLICT DO NOTHING;

-- 07-4. カリキュラムアドバイザー（EdTech特有）
INSERT INTO job_postings (
  id, company_id, team_id, created_by, status, title, job_category, employment_type, hiring_count,
  description, appeal_points, challenges, team_description, skills_gained,
  content_blocks, tags,
  required_qualifications, preferred_qualifications,
  work_location, work_location_change_scope, job_description_change_scope,
  contract_type, probation_period, work_hours, break_time, holidays,
  salary_min, salary_max, salary_detail, insurance, smoking_policy,
  benefits, remote_policy, selection_process, published_at
) VALUES (
  'd0070000-0000-0000-0000-000000000004',
  'b0000000-0000-0000-0000-000000000007',
  'c0007000-0000-0000-0000-000000000001',
  'b1000000-0000-0000-0000-000000000007',
  'open',
  'カリキュラムアドバイザー｜法人研修の学習設計コンサルティング',
  'その他',
  '正社員',
  '1名',
  '法人クライアントの研修ニーズを分析し、マナビコネクトのプラットフォームを活用した最適な学習プログラムを設計・提案します。企業の人事部門・研修担当者とのヒアリングを通じて育成課題を特定し、既存コースの組み合わせやカスタムコースの開発提案を行います。導入後は受講率や学習成果のデータを分析して改善提案を行い、契約更新に向けたリテンション活動も担当します。セミナーやウェビナーの企画・登壇を通じた新規リード獲得にも貢献します。',
  '教育と人材育成の両方の知識を活かして、企業の成長に直接貢献できるポジションです。研修設計のコンサルティングを通じて多様な業界の人材育成課題に触れられるため、人材開発の専門性が大幅に向上します。自社のプラットフォームに蓄積される学習データを活用した、エビデンスに基づく研修提案ができる点が他社にはない強みです。京都の企業コミュニティとの接点も広がります。',
  '法人研修は企業ごとに求められる内容が異なるため、標準的なカリキュラムをそのまま提案するだけでは不十分です。業界特性や企業文化を理解した上でカスタマイズする力が求められます。また、研修効果の定量的な証明は難易度が高く、データに基づく説得力のある報告書作成能力が重要です。',
  'カリキュラム開発チームに所属しながら、法人クライアント対応を専門に担当します。セールスチームと密に連携し、提案段階から参画します。',
  '法人研修のコンサルティングスキル、学習効果測定の手法、人材育成のドメイン知識が身につきます。',
  '[]'::jsonb,
  '["研修設計","コンサルティング","人材育成","EdTech","学習分析","法人対応"]'::jsonb,
  '法人向け研修の企画・運営経験、または人事部門での人材育成経験3年以上。',
  'EdTechプラットフォームでの業務経験。インストラクショナルデザインの知識。データ分析の基礎スキル。キャリアコンサルタント等の資格。',
  '京都府京都市（顧客訪問あり）',
  '当面なし',
  '当面なし',
  '無期',
  '入社後3ヶ月（条件変更なし）',
  'フレックスタイム制（コアタイム10:00-15:00）標準労働時間8時間',
  '60分',
  '完全週休2日制（土日祝）、年末年始休暇、有給休暇（入社半年後10日付与）、慶弔休暇、産前産後休暇、育児休暇',
  400, 650,
  '月給33万円〜54万円（固定残業代30時間分を含む）。経験・能力を考慮の上決定。',
  '健康保険、厚生年金、雇用保険、労災保険',
  '屋内原則禁煙',
  E'自社プラットフォームの全コース無料受講\n書籍・オンライン学習費用月1万円補助\n交通費全額支給\n資格取得支援\n副業OK',
  '出社（顧客訪問あり）',
  '書類選考 → 一次面接 → 研修設計課題プレゼンテーション → 最終面接 → 内定',
  now()
) ON CONFLICT DO NOTHING;

-- ============================================================
-- 企業08: ハコブロジテック（物流）
-- teams: ルート最適化エンジニア=c0008..1, 倉庫管理オペレーション=c0008..2, アカウントマネジメント=c0008..3
-- ============================================================

-- 08-1. エンジニア
INSERT INTO job_postings (
  id, company_id, team_id, created_by, status, title, job_category, employment_type, hiring_count,
  description, appeal_points, challenges, team_description, skills_gained,
  content_blocks, tags,
  required_qualifications, preferred_qualifications,
  work_location, work_location_change_scope, job_description_change_scope,
  contract_type, probation_period, work_hours, break_time, holidays,
  salary_min, salary_max, salary_detail, insurance, smoking_policy,
  benefits, remote_policy, selection_process, published_at
) VALUES (
  'd0080000-0000-0000-0000-000000000001',
  'b0000000-0000-0000-0000-000000000008',
  'c0008000-0000-0000-0000-000000000001',
  'b1000000-0000-0000-0000-000000000008',
  'open',
  'アルゴリズムエンジニア｜配送ルート最適化で物流の2024年問題を解決',
  'エンジニア',
  '正社員',
  '1〜2名',
  '配送ルートの最適化アルゴリズムの研究開発を担当します。車両巡回問題（VRP）の解法実装、リアルタイムの交通情報を考慮した動的ルーティング、配送時間枠制約の最適化が主な業務です。数百台のトラックと数千件の配送先を対象とした大規模最適化問題に取り組みます。Pythonでのプロトタイピングから、Go/Rustでの本番実装、APIとしての公開まで一貫して担当します。機械学習を用いた配送時間予測モデルの構築にも取り組んでいます。',
  '物流の2024年問題（ドライバーの残業規制強化）により、配送効率化のニーズは急増しています。組合せ最適化という数学的に深い問題を、実社会のインパクトに直結する形で解くことができる、知的刺激とやりがいの両方を満たすポジションです。自分のアルゴリズムが日々の配送オペレーションを改善し、ドライバーの労働環境向上に貢献する実感を得られます。',
  '現実の配送問題は教科書的なVRPよりもはるかに複雑で、時間窓制約、車両容量制約、交通規制、ドライバーのスキルレベルなど多数の制約を同時に満たす必要があります。また、計算時間の制約の中で実用的な品質の解を出す工夫が求められます。配送現場からのフィードバックを受けて、アルゴリズムを継続的に改善するサイクルも重要です。',
  'ルート最適化エンジニアチーム4名で、アルゴリズム研究と本番システム開発を分担しています。数理最適化やオペレーションズリサーチの専門家が揃っています。',
  '組合せ最適化の実装スキル、大規模数理計画法の知見、物流ドメインの知識が身につきます。',
  '[]'::jsonb,
  '["Python","Go","最適化","VRP","機械学習","物流テック","オペレーションズリサーチ"]'::jsonb,
  '数理最適化またはオペレーションズリサーチの実務経験、もしくは関連分野の修士号以上。Python、Go等での開発経験。',
  '配送ルート最適化やVRPの実装経験。機械学習の実務経験。大規模データ処理の経験。物流業界での業務経験。',
  '大阪府大阪市（リモート併用可）',
  '当面なし',
  '当面なし',
  '無期',
  '入社後3ヶ月（条件変更なし）',
  'フレックスタイム制（コアタイムなし）標準労働時間8時間',
  '60分',
  '完全週休2日制（土日祝）、年末年始休暇、有給休暇（入社半年後10日付与）、慶弔休暇、産前産後休暇、育児休暇',
  550, 900,
  '月給46万円〜75万円（固定残業代30時間分を含む）。経験・能力を考慮の上決定。',
  '健康保険、厚生年金、雇用保険、労災保険',
  '屋内原則禁煙',
  E'学会参加費・論文投稿費全額補助\n書籍購入費月2万円補助\nリモートワーク手当月2万円\n物流現場見学ツアー\n副業OK',
  'リモート併用（週1出社推奨）',
  '書類選考 → 技術面接（アルゴリズム設計ディスカッション） → コーディングテスト → 最終面接 → 内定',
  now()
) ON CONFLICT DO NOTHING;

-- 08-2. セールス
INSERT INTO job_postings (
  id, company_id, team_id, created_by, status, title, job_category, employment_type, hiring_count,
  description, appeal_points, challenges, team_description, skills_gained,
  content_blocks, tags,
  required_qualifications, preferred_qualifications,
  work_location, work_location_change_scope, job_description_change_scope,
  contract_type, probation_period, work_hours, break_time, holidays,
  salary_min, salary_max, salary_detail, insurance, smoking_policy,
  benefits, remote_policy, selection_process, published_at
) VALUES (
  'd0080000-0000-0000-0000-000000000002',
  'b0000000-0000-0000-0000-000000000008',
  'c0008000-0000-0000-0000-000000000003',
  'b1000000-0000-0000-0000-000000000008',
  'open',
  'アカウントマネージャー｜物流企業の配送効率化を実現するソリューション営業',
  'セールス',
  '正社員',
  '2名',
  '物流企業、EC事業者、小売チェーンに対して、ハコブロジテックの配送最適化プラットフォームの導入提案を行います。顧客の配送オペレーションを詳細にヒアリングし、現状の課題（配送コスト、ドライバー不足、時間枠遵守率等）を定量化した上で、最適化による改善シミュレーションを提示します。導入後は定期的な効果検証レポートを作成し、活用促進と追加提案を通じてアカウントを成長させます。年間契約更新率の維持と拡大がKPIです。',
  '物流の2024年問題を背景に、配送最適化ソリューションへの需要は急速に高まっています。「ドライバーの残業時間が20%削減されました」「配送コストが15%減りました」など、定量的な成果が見える営業のため、大きな手応えを感じられます。物流という社会インフラを支える仕事であり、顧客からの感謝の声が直接届くポジションです。',
  '物流企業の現場は24時間365日稼働しているため、導入プロジェクトのスケジュール調整には配慮が必要です。ITリテラシーが必ずしも高くない現場担当者にも理解してもらえる平易な説明力が求められます。また、配送最適化の効果を正確に測定し、説得力のあるROI計算を提示する分析力も重要です。',
  'アカウントマネジメントチーム6名で、業界別（物流、EC、小売）にアカウントを分担しています。全員が物流現場の見学を経験しており、現場の課題を肌で感じているメンバーです。',
  '物流ソリューション営業のスキル、データに基づくROI提案力、物流業界の深い知識が身につきます。',
  '[]'::jsonb,
  '["法人営業","物流","SaaS","ソリューション営業","アカウントマネジメント","配送最適化"]'::jsonb,
  '法人向けBtoB営業経験3年以上。ソリューション営業の経験。',
  '物流業界での営業経験。SaaSプロダクトの営業経験。データ分析に基づく提案の経験。',
  '大阪府大阪市（顧客訪問あり）',
  '当面なし',
  '当面なし',
  '無期',
  '入社後3ヶ月（条件変更なし）',
  'フレックスタイム制（コアタイム10:00-16:00）標準労働時間8時間',
  '60分',
  '完全週休2日制（土日祝）、年末年始休暇、有給休暇（入社半年後10日付与）、慶弔休暇、産前産後休暇、育児休暇',
  450, 750,
  '月給38万円〜63万円（固定残業代30時間分を含む）。インセンティブ制度あり。経験・能力を考慮の上決定。',
  '健康保険、厚生年金、雇用保険、労災保険',
  '屋内原則禁煙',
  E'交通費全額支給\n物流現場見学ツアー\n書籍購入費補助\n副業OK（届出制）',
  '出社（顧客訪問あり）',
  '書類選考 → 一次面接 → ケーススタディ面接 → 最終面接 → 内定',
  now()
) ON CONFLICT DO NOTHING;

-- 08-3. PM
INSERT INTO job_postings (
  id, company_id, team_id, created_by, status, title, job_category, employment_type, hiring_count,
  description, appeal_points, challenges, team_description, skills_gained,
  content_blocks, tags,
  required_qualifications, preferred_qualifications,
  work_location, work_location_change_scope, job_description_change_scope,
  contract_type, probation_period, work_hours, break_time, holidays,
  salary_min, salary_max, salary_detail, insurance, smoking_policy,
  benefits, remote_policy, selection_process, published_at
) VALUES (
  'd0080000-0000-0000-0000-000000000003',
  'b0000000-0000-0000-0000-000000000008',
  'c0008000-0000-0000-0000-000000000001',
  'b1000000-0000-0000-0000-000000000008',
  'open',
  'プロダクトマネージャー｜物流オペレーションの未来をテクノロジーで再定義する',
  'PM',
  '正社員',
  '1名',
  'ハコブロジテックの配送最適化プラットフォームのプロダクト戦略を統括します。物流企業やEC事業者のオペレーション課題を分析し、プロダクトロードマップを策定します。配送管理ダッシュボード、ドライバーアプリ、倉庫管理機能など複数のプロダクトラインの優先順位決定と機能設計を担当します。アルゴリズムエンジニアと連携して最適化機能の要件定義を行い、現場のオペレーターが直感的に使えるUXを実現します。',
  '物流DXは社会的な注目度が高く、国の政策としても推進されている領域です。配送最適化のアルゴリズムとユーザー体験の両方を設計するPMは、テクノロジーとオペレーションの橋渡し役として非常にやりがいのあるポジションです。自分の判断が数千台のトラックの運行効率と数万人のドライバーの働き方に影響を与えるスケール感があります。',
  '物流オペレーションは「現場主義」の側面が強く、オフィスでの企画だけでは見えない課題が多数あります。定期的な物流現場の視察と、現場の声を的確にプロダクトに反映する力が必要です。また、アルゴリズムの技術的制約と現場のオペレーション要件の間でトレードオフの判断を下す力も求められます。',
  'PM2名で、SaaS機能とアルゴリズム機能をそれぞれ担当しています。CTOと共に月次のプロダクトボードで戦略議論を行います。',
  '物流テックのプロダクトマネジメント力、オペレーション設計の知見、アルゴリズムプロダクトの企画力が身につきます。',
  '[]'::jsonb,
  '["プロダクトマネジメント","物流テック","配送最適化","UX設計","ロードマップ策定","オペレーション改善"]'::jsonb,
  'プロダクトマネジメント経験3年以上。BtoB SaaSプロダクトでの企画・開発経験。',
  '物流業界でのプロダクト経験。オペレーション改善の経験。データ分析やアルゴリズムプロダクトの企画経験。',
  '大阪府大阪市（リモート併用可、物流現場訪問あり）',
  '当面なし',
  '当面なし',
  '無期',
  '入社後3ヶ月（条件変更なし）',
  'フレックスタイム制（コアタイムなし）標準労働時間8時間',
  '60分',
  '完全週休2日制（土日祝）、年末年始休暇、有給休暇（入社半年後10日付与）、慶弔休暇、産前産後休暇、育児休暇',
  600, 950,
  '月給50万円〜79万円（固定残業代30時間分を含む）。経験・能力を考慮の上決定。',
  '健康保険、厚生年金、雇用保険、労災保険',
  '屋内原則禁煙',
  E'リモートワーク手当月2万円\n物流現場見学ツアー\n書籍購入費月1万円補助\nカンファレンス参加費補助\n副業OK',
  'リモート併用（週1出社推奨）',
  '書類選考 → 一次面接 → プロダクト戦略ディスカッション → 物流現場見学 → 最終面接 → 内定',
  now()
) ON CONFLICT DO NOTHING;

-- 08-4. 倉庫オペレーション設計（物流特有）
INSERT INTO job_postings (
  id, company_id, team_id, created_by, status, title, job_category, employment_type, hiring_count,
  description, appeal_points, challenges, team_description, skills_gained,
  content_blocks, tags,
  required_qualifications, preferred_qualifications,
  work_location, work_location_change_scope, job_description_change_scope,
  contract_type, probation_period, work_hours, break_time, holidays,
  salary_min, salary_max, salary_detail, insurance, smoking_policy,
  benefits, remote_policy, selection_process, published_at
) VALUES (
  'd0080000-0000-0000-0000-000000000004',
  'b0000000-0000-0000-0000-000000000008',
  'c0008000-0000-0000-0000-000000000002',
  'b1000000-0000-0000-0000-000000000008',
  'open',
  '倉庫オペレーション設計｜テクノロジーで倉庫業務の生産性を飛躍的に改善',
  'その他',
  '正社員',
  '1名',
  '物流倉庫のオペレーション分析・改善設計を担当します。顧客企業の倉庫を訪問し、入荷・保管・ピッキング・梱包・出荷の各工程を分析して、ハコブロジテックのWMS（倉庫管理システム）の導入と運用改善を主導します。ロケーション配置の最適化、作業動線の改善、在庫管理ルールの再設計を通じて、倉庫全体のスループットを向上させます。AGV（自動搬送ロボット）やハンディターミナルの導入支援も行い、テクノロジーを活用した倉庫のスマート化を推進します。',
  '物流の現場を直接見て、手を動かして改善する仕事のため、成果が目に見える形で表れます。「ピッキング時間が30%短縮されました」という具体的な成果は大きなやりがいです。倉庫オペレーションの専門家は物流業界で非常に需要が高く、希少なキャリアを築けます。テクノロジーと現場オペレーションの両方に精通する人材として、市場価値が高いポジションです。',
  '倉庫ごとに取り扱う商品や業務フローが異なるため、画一的な改善策では通用しません。現場の作業者の声を丁寧に聞きながら、実現可能な改善案を提案するコミュニケーション力が求められます。また、倉庫は繁忙期と閑散期の差が大きいため、季節変動を考慮した柔軟なオペレーション設計も必要です。',
  '倉庫管理オペレーションチーム4名で、関西・関東エリアを分担しています。元物流センター長や元コンサルタントが在籍し、現場力とロジカルシンキングを兼ね備えたメンバーです。',
  '倉庫オペレーション設計のスキル、WMS導入の知見、物流現場の改善コンサルティング力が身につきます。',
  '[]'::jsonb,
  '["倉庫管理","WMS","オペレーション改善","物流","ロジスティクス","現場改善"]'::jsonb,
  '物流倉庫での業務経験3年以上、またはオペレーション改善コンサルティングの経験。普通自動車免許。',
  '3PLでの倉庫管理経験。WMSの導入・運用経験。IE（インダストリアルエンジニアリング）の知識。フォークリフト免許。',
  '大阪府大阪市（倉庫訪問中心：週2〜3日は現場）',
  '当面なし',
  '当面なし',
  '無期',
  '入社後3ヶ月（条件変更なし）',
  'フレックスタイム制（コアタイムなし）標準労働時間8時間',
  '60分',
  '完全週休2日制（土日祝）、年末年始休暇、有給休暇（入社半年後10日付与）、慶弔休暇、産前産後休暇、育児休暇',
  400, 650,
  '月給33万円〜54万円（固定残業代20時間分を含む）。経験・能力を考慮の上決定。',
  '健康保険、厚生年金、雇用保険、労災保険',
  '屋内原則禁煙',
  E'社用車貸与\n安全靴・作業着支給\n交通費全額支給\n資格取得支援\n副業OK（届出制）',
  '出社・現場訪問中心',
  '書類選考 → 一次面接 → 倉庫見学＆ケーススタディ → 最終面接 → 内定',
  now()
) ON CONFLICT DO NOTHING;

-- ============================================================
-- 企業09: グリーンフラックス（エネルギー）
-- teams: 電力システムエンジニア=c0009..1, サステナビリティ推進=c0009..2, 法人営業=c0009..3
-- ============================================================

-- 09-1. エンジニア
INSERT INTO job_postings (
  id, company_id, team_id, created_by, status, title, job_category, employment_type, hiring_count,
  description, appeal_points, challenges, team_description, skills_gained,
  content_blocks, tags,
  required_qualifications, preferred_qualifications,
  work_location, work_location_change_scope, job_description_change_scope,
  contract_type, probation_period, work_hours, break_time, holidays,
  salary_min, salary_max, salary_detail, insurance, smoking_policy,
  benefits, remote_policy, selection_process, published_at
) VALUES (
  'd0090000-0000-0000-0000-000000000001',
  'b0000000-0000-0000-0000-000000000009',
  'c0009000-0000-0000-0000-000000000001',
  'b1000000-0000-0000-0000-000000000009',
  'open',
  '電力システムエンジニア｜再生可能エネルギーの電力マネジメントシステム開発',
  'エンジニア',
  '正社員',
  '2名',
  '再生可能エネルギー（太陽光・風力）の発電予測、電力需給バランスの最適化、蓄電池の充放電制御アルゴリズムの開発を担当します。気象データとIoTセンサーデータをリアルタイムに分析し、電力の需給マッチングを自動化するプラットフォームを構築します。Pythonでの予測モデル開発、Go言語でのバックエンドAPI構築、AWSでのクラウドインフラ設計が主な技術スタックです。JEPX（日本卸電力取引所）のAPIと連携した電力取引の自動化機能の開発にも取り組んでいます。',
  'カーボンニュートラルの実現に向けて、再生可能エネルギーの効率的な活用は世界的な課題です。この課題の最前線で、テクノロジーを武器に解決策を生み出すポジションです。電力システムとソフトウェアエンジニアリングの両方の知識が身につく、市場で非常に希少な人材になれます。自分の仕事がCO2削減に直接貢献しているという社会的意義の大きさは、他のIT企業では得られない魅力です。',
  '電力システムは物理法則に支配されるため、一般的なソフトウェアとは異なる制約があります。再生可能エネルギーの出力は天候に左右されるため、予測精度の向上が常に課題です。また、電力市場の規制や取引ルールの理解が必要で、エンジニアリングと事業の両方の観点でシステムを設計する力が求められます。',
  '電力システムエンジニアチーム5名で、予測モデル開発と制御システム開発を分担しています。電気工学出身者とソフトウェアエンジニアがペアで開発する体制です。',
  '電力システムのソフトウェア開発スキル、予測モデル構築力、エネルギードメインの専門知識が身につきます。',
  '[]'::jsonb,
  '["Python","Go","AWS","電力システム","再生可能エネルギー","IoT","予測モデル"]'::jsonb,
  'ソフトウェア開発経験3年以上。Python、Go等でのバックエンド開発経験。データ分析の基礎スキル。',
  '電力システムまたはエネルギー業界での開発経験。時系列データの予測モデル構築経験。IoTシステムの開発経験。電気主任技術者等の資格。',
  '福岡県福岡市（リモート併用可）',
  '当面なし',
  '当面なし',
  '無期',
  '入社後3ヶ月（条件変更なし）',
  'フレックスタイム制（コアタイムなし）標準労働時間8時間',
  '60分',
  '完全週休2日制（土日祝）、年末年始休暇、有給休暇（入社半年後10日付与）、慶弔休暇、産前産後休暇、育児休暇',
  500, 850,
  '月給42万円〜71万円（固定残業代30時間分を含む）。経験・能力を考慮の上決定。',
  '健康保険、厚生年金、雇用保険、労災保険',
  '屋内原則禁煙',
  E'リモートワーク手当月2万円\n資格取得支援（電気主任技術者等）\n書籍購入費月1万円補助\nカンファレンス参加費補助\n副業OK',
  'リモート併用（週1出社推奨）',
  '書類選考 → 技術面接 → コーディングテスト → 最終面接 → 内定',
  now()
) ON CONFLICT DO NOTHING;

-- 09-2. セールス
INSERT INTO job_postings (
  id, company_id, team_id, created_by, status, title, job_category, employment_type, hiring_count,
  description, appeal_points, challenges, team_description, skills_gained,
  content_blocks, tags,
  required_qualifications, preferred_qualifications,
  work_location, work_location_change_scope, job_description_change_scope,
  contract_type, probation_period, work_hours, break_time, holidays,
  salary_min, salary_max, salary_detail, insurance, smoking_policy,
  benefits, remote_policy, selection_process, published_at
) VALUES (
  'd0090000-0000-0000-0000-000000000002',
  'b0000000-0000-0000-0000-000000000009',
  'c0009000-0000-0000-0000-000000000003',
  'b1000000-0000-0000-0000-000000000009',
  'open',
  '法人営業｜再エネ × テクノロジーで企業の脱炭素を加速する',
  'セールス',
  '正社員',
  '1〜2名',
  '製造業、商業施設、自治体に対して、グリーンフラックスの再生可能エネルギーマネジメントサービスの導入提案を行います。顧客の電力使用状況を分析し、太陽光発電の導入効果シミュレーション、電力コスト削減プランの策定、CO2排出量削減のロードマップ作成を通じて、脱炭素経営を支援します。PPA（電力購入契約）やオンサイト太陽光の提案、RE100対応のコンサルティングも重要な業務です。',
  '脱炭素は企業経営のトップアジェンダとなっており、経営層との商談機会が多いポジションです。「電力コストを年間20%削減しました」「CO2排出量を30%カットしました」など、環境と経済の両面で成果を出せるソリューション営業です。エネルギー政策や環境規制の最新動向に詳しくなれるため、サステナビリティ領域の専門家として市場価値が高まります。福岡から九州・中国・四国エリアを担当します。',
  'エネルギー業界は規制が複雑で、電力市場の仕組みや各種補助金制度の理解が不可欠です。顧客の意思決定には設備投資の回収期間やROIの明確な提示が必要で、技術とファイナンスの両面の提案力が求められます。自治体案件では入札プロセスへの対応も必要です。',
  '法人営業チーム5名で、九州を拠点に西日本エリアを担当しています。元電力会社出身者や環境コンサルタント出身者が在籍しています。',
  'エネルギー業界の法人営業スキル、脱炭素コンサルティング力、PPA等の電力契約の知識が身につきます。',
  '[]'::jsonb,
  '["法人営業","再生可能エネルギー","脱炭素","PPA","サステナビリティ","エネルギーマネジメント"]'::jsonb,
  '法人向けBtoB営業経験3年以上。提案営業の経験。普通自動車免許。',
  'エネルギー業界での営業経験。環境・サステナビリティ領域の知識。自治体との取引経験。設備投資の提案営業経験。',
  '福岡県福岡市（顧客訪問あり：九州全域、出張あり）',
  '当面なし',
  '当面なし',
  '無期',
  '入社後3ヶ月（条件変更なし）',
  'フレックスタイム制（コアタイム10:00-16:00）標準労働時間8時間',
  '60分',
  '完全週休2日制（土日祝）、年末年始休暇、有給休暇（入社半年後10日付与）、慶弔休暇、産前産後休暇、育児休暇',
  400, 700,
  '月給33万円〜58万円（固定残業代30時間分を含む）。インセンティブ制度あり。経験・能力を考慮の上決定。',
  '健康保険、厚生年金、雇用保険、労災保険',
  '屋内原則禁煙',
  E'社用車貸与\n交通費全額支給\n資格取得支援\n書籍購入費補助\n副業OK（届出制）',
  '出社（顧客訪問中心）',
  '書類選考 → 一次面接 → 提案プレゼンテーション → 最終面接 → 内定',
  now()
) ON CONFLICT DO NOTHING;

-- 09-3. 企画
INSERT INTO job_postings (
  id, company_id, team_id, created_by, status, title, job_category, employment_type, hiring_count,
  description, appeal_points, challenges, team_description, skills_gained,
  content_blocks, tags,
  required_qualifications, preferred_qualifications,
  work_location, work_location_change_scope, job_description_change_scope,
  contract_type, probation_period, work_hours, break_time, holidays,
  salary_min, salary_max, salary_detail, insurance, smoking_policy,
  benefits, remote_policy, selection_process, published_at
) VALUES (
  'd0090000-0000-0000-0000-000000000003',
  'b0000000-0000-0000-0000-000000000009',
  'c0009000-0000-0000-0000-000000000002',
  'b1000000-0000-0000-0000-000000000009',
  'open',
  'サステナビリティ推進｜企業のESG経営とカーボンニュートラル戦略を支援',
  '企画',
  '正社員',
  '1名',
  '企業のESG経営推進とカーボンニュートラル戦略の策定支援を担当します。GHGプロトコルに基づくScope1/2/3の排出量算定、TCFD/TNFDに基づく情報開示支援、SBT（Science Based Targets）の設定支援が主な業務です。顧客企業の脱炭素ロードマップを策定し、具体的な施策（再エネ導入、省エネ、オフセット等）の実行計画まで伴走します。また、自社のサステナビリティレポートの作成や、環境関連の政策提言活動にも参画します。',
  'ESGやサステナビリティは今後のビジネスにおいて不可避のテーマであり、この領域の専門家は引く手あまたです。グリーンフラックスは実際の再エネ事業を運営しているため、机上の戦略だけでなく実効性のある脱炭素支援ができる点が他のコンサルとの違いです。企業のCFOやCSO（最高サステナビリティ責任者）と直接対話する機会が多く、経営層との折衝経験が積めます。',
  'サステナビリティの規制環境は国際的な動向と日本独自の制度が交錯しており、常に最新情報をキャッチアップする必要があります。排出量算定は膨大なデータ収集が必要で、クライアントの社内データ整備の支援から始めるケースも多いです。また、脱炭素を経営にとってコストではなく価値として位置づける提案ストーリーの構築力も重要です。',
  'サステナビリティ推進チーム3名で、コンサルティングとレポーティングを担当しています。元環境省出身者や元Big4コンサルタントが在籍しています。',
  'ESG/サステナビリティの専門知識、GHG算定スキル、TCFD/TNFD開示支援の実務経験が身につきます。',
  '[]'::jsonb,
  '["ESG","サステナビリティ","GHG算定","TCFD","カーボンニュートラル","脱炭素経営"]'::jsonb,
  '環境コンサルティング、サステナビリティ推進、またはESG関連業務の経験2年以上。',
  'GHGプロトコルに基づく排出量算定の実務経験。TCFD/TNFD開示支援の経験。SBT設定支援の経験。環境関連の資格（環境計量士等）。',
  '福岡県福岡市（リモート併用可、出張あり）',
  '当面なし',
  '当面なし',
  '無期',
  '入社後3ヶ月（条件変更なし）',
  'フレックスタイム制（コアタイムなし）標準労働時間8時間',
  '60分',
  '完全週休2日制（土日祝）、年末年始休暇、有給休暇（入社半年後10日付与）、慶弔休暇、産前産後休暇、育児休暇',
  450, 750,
  '月給38万円〜63万円（固定残業代30時間分を含む）。経験・能力を考慮の上決定。',
  '健康保険、厚生年金、雇用保険、労災保険',
  '屋内原則禁煙',
  E'リモートワーク手当月2万円\n学会・セミナー参加費補助\n資格取得支援\n書籍購入費補助\n副業OK',
  'リモート併用（出張あり）',
  '書類選考 → 一次面接 → ケーススタディ → 最終面接 → 内定',
  now()
) ON CONFLICT DO NOTHING;

-- 09-4. 発電設備管理（エネルギー業界特有）
INSERT INTO job_postings (
  id, company_id, team_id, created_by, status, title, job_category, employment_type, hiring_count,
  description, appeal_points, challenges, team_description, skills_gained,
  content_blocks, tags,
  required_qualifications, preferred_qualifications,
  work_location, work_location_change_scope, job_description_change_scope,
  contract_type, probation_period, work_hours, break_time, holidays,
  salary_min, salary_max, salary_detail, insurance, smoking_policy,
  benefits, remote_policy, selection_process, published_at
) VALUES (
  'd0090000-0000-0000-0000-000000000004',
  'b0000000-0000-0000-0000-000000000009',
  'c0009000-0000-0000-0000-000000000001',
  'b1000000-0000-0000-0000-000000000009',
  'open',
  '発電設備管理エンジニア｜太陽光発電所のO&Mをテクノロジーで高度化',
  'その他',
  '正社員',
  '1名',
  '九州エリアに展開するグリーンフラックスの太陽光発電所群のO&M（運転保守管理）を担当します。遠隔監視システムによる発電量モニタリング、異常検知時の原因分析と対応指示、定期点検の計画策定・実施を主導します。パネルの経年劣化分析やPCS（パワーコンディショナー）の効率最適化など、発電効率の最大化に向けた技術的な改善活動も行います。また、ドローンを活用したパネル点検の導入や、AI画像解析による異常検知システムの運用改善にも取り組んでいます。',
  '再生可能エネルギーの実設備を管理する現場力と、IoTやAIを活用した先進的な保守管理手法の両方を経験できるポジションです。九州は日照条件に恵まれ、日本有数の太陽光発電の集積地であるため、多様な発電所を管理する経験が積めます。テクノロジーを活用したO&Mの効率化は業界全体のトレンドであり、先駆的な取り組みに参画できます。',
  '太陽光発電所は自然環境の中に設置されているため、気象条件や周辺環境の変化に対応する柔軟性が必要です。数十ヶ所の発電所を効率的に管理するため、遠隔監視と現地対応のバランスが重要です。電気設備に関する法定点検の確実な実施と、安全管理の徹底も欠かせません。',
  '電力システムエンジニアチームに所属し、O&M専任として活動します。電気工事士の資格を持つメンバーが2名在籍しています。',
  '太陽光発電所のO&Mスキル、遠隔監視システムの運用力、発電効率最適化の知見が身につきます。',
  '[]'::jsonb,
  '["太陽光発電","O&M","IoT","発電設備管理","遠隔監視","再生可能エネルギー"]'::jsonb,
  '電気設備の保守管理経験2年以上、または太陽光発電所の運用管理経験。第二種電気工事士以上。普通自動車免許。',
  '太陽光発電所のO&M経験。第三種電気主任技術者。IoTシステムの運用経験。ドローン操縦の資格。',
  '福岡県福岡市（現場訪問あり：九州全域の発電所を巡回）',
  '当面なし',
  '当面なし',
  '無期',
  '入社後3ヶ月（条件変更なし）',
  '9:00〜18:00（標準労働時間8時間）',
  '60分',
  '完全週休2日制（土日祝）、年末年始休暇、有給休暇（入社半年後10日付与）、慶弔休暇、産前産後休暇、育児休暇',
  380, 600,
  '月給32万円〜50万円（固定残業代20時間分を含む）。経験・能力を考慮の上決定。',
  '健康保険、厚生年金、雇用保険、労災保険',
  '屋内原則禁煙',
  E'社用車貸与\n安全装備・作業着支給\n資格取得支援（受験費用全額負担）\n交通費全額支給\n副業OK（届出制）',
  '出社・現場訪問中心',
  '書類選考 → 一次面接 → 現場見学（発電所） → 最終面接 → 内定',
  now()
) ON CONFLICT DO NOTHING;

-- ============================================================
-- 企業0a: タレントブリッジ（HR）
-- teams: プロダクトエンジニア=c000a..1, キャリアアドバイザー=c000a..2, パートナーセールス=c000a..3
-- ============================================================

-- 0a-1. エンジニア
INSERT INTO job_postings (
  id, company_id, team_id, created_by, status, title, job_category, employment_type, hiring_count,
  description, appeal_points, challenges, team_description, skills_gained,
  content_blocks, tags,
  required_qualifications, preferred_qualifications,
  work_location, work_location_change_scope, job_description_change_scope,
  contract_type, probation_period, work_hours, break_time, holidays,
  salary_min, salary_max, salary_detail, insurance, smoking_policy,
  benefits, remote_policy, selection_process, published_at
) VALUES (
  'd00a0000-0000-0000-0000-000000000001',
  'b0000000-0000-0000-0000-00000000000a',
  'c000a000-0000-0000-0000-000000000001',
  'b1000000-0000-0000-0000-00000000000a',
  'open',
  'プロダクトエンジニア｜AIマッチングで採用のミスマッチをゼロにする',
  'エンジニア',
  '正社員',
  '1〜2名',
  'タレントブリッジの採用マッチングプラットフォームのフルスタック開発を担当します。求職者のスキルセットと企業の要件をAIで自動マッチングするレコメンデーションエンジンの開発、求人管理システムの機能拡張、応募者追跡システム（ATS）のAPI開発が主な業務です。React/TypeScriptでのフロントエンド開発とGo言語でのバックエンド開発の両方を担当するフルスタックポジションです。自然言語処理を活用した職務経歴書の自動解析機能の開発にも取り組んでいます。',
  'HR Tech市場は日本でも急成長中であり、採用のミスマッチ解消は企業と求職者の両方にとって大きな課題です。AIマッチングの精度向上という技術的に面白いテーマに取り組みながら、人のキャリアに直接貢献できるプロダクトを開発する充実感があります。フルスタックで開発できるため、技術の幅が広がります。名古屋を拠点に東海地方の企業に強い販路を持つ独自のポジションです。',
  'AIマッチングの精度は、求職者のスキルの定量化と企業の要件の構造化にかかっており、自然言語からの情報抽出の難しさがあります。また、採用という高い精度が求められる領域で、ミスマッチの少ないレコメンデーションを実現する技術的課題は容易ではありません。ユーザー（求職者・企業人事）双方のフィードバックを素早くプロダクトに反映するアジリティも重要です。',
  'プロダクトエンジニアチーム4名で、全員がフルスタック志向のメンバーです。AIと開発の両方に興味があるメンバーが多く、技術的な議論が活発です。',
  'フルスタック開発スキル、AIマッチングの実装力、HR Techドメインの知識が身につきます。',
  '[]'::jsonb,
  '["React","TypeScript","Go","AI","NLP","HR Tech","マッチングアルゴリズム"]'::jsonb,
  'Web開発経験3年以上。フロントエンド（React等）またはバックエンド（Go、Python等）の開発経験。',
  'フルスタック開発の経験。機械学習や自然言語処理の実務経験。HR Tech業界での開発経験。レコメンデーションシステムの開発経験。',
  '愛知県名古屋市（リモート併用可）',
  '当面なし',
  '当面なし',
  '無期',
  '入社後3ヶ月（条件変更なし）',
  'フレックスタイム制（コアタイム10:00-15:00）標準労働時間8時間',
  '60分',
  '完全週休2日制（土日祝）、年末年始休暇、有給休暇（入社半年後10日付与）、慶弔休暇、産前産後休暇、育児休暇',
  450, 800,
  '月給38万円〜67万円（固定残業代30時間分を含む）。経験・能力を考慮の上決定。',
  '健康保険、厚生年金、雇用保険、労災保険',
  '屋内原則禁煙（喫煙専用室あり）',
  E'リモートワーク手当月2万円\n書籍購入費月1万円補助\nカンファレンス参加費補助\n副業OK\n資格取得支援',
  'リモート併用（週2出社推奨）',
  '書類選考 → 技術面接（コーディングテスト含む） → プロダクト面接 → 最終面接 → 内定',
  now()
) ON CONFLICT DO NOTHING;

-- 0a-2. セールス
INSERT INTO job_postings (
  id, company_id, team_id, created_by, status, title, job_category, employment_type, hiring_count,
  description, appeal_points, challenges, team_description, skills_gained,
  content_blocks, tags,
  required_qualifications, preferred_qualifications,
  work_location, work_location_change_scope, job_description_change_scope,
  contract_type, probation_period, work_hours, break_time, holidays,
  salary_min, salary_max, salary_detail, insurance, smoking_policy,
  benefits, remote_policy, selection_process, published_at
) VALUES (
  'd00a0000-0000-0000-0000-000000000002',
  'b0000000-0000-0000-0000-00000000000a',
  'c000a000-0000-0000-0000-000000000003',
  'b1000000-0000-0000-0000-00000000000a',
  'open',
  'パートナーセールス｜人材紹介会社とのアライアンスで東海エリアの採用を変える',
  'セールス',
  '正社員',
  '1名',
  '東海エリアの人材紹介会社、派遣会社、RPO企業に対して、タレントブリッジのマッチングプラットフォームのパートナー導入を推進します。パートナー企業の既存業務フローにプラットフォームを組み込む提案を行い、共同で採用企業へのサービス提供体制を構築します。パートナー企業のKPI（マッチング率、成約率等）のモニタリングと改善支援、新規パートナーの開拓、パートナー向けイベントの企画運営も担当します。',
  'パートナーセールスは1件の提携が数十件の案件につながるレバレッジの効く営業モデルです。東海地方は製造業を中心に採用ニーズが旺盛なエリアであり、大きな市場機会があります。人材業界のキーパーソンとの人脈が広がり、HR領域の専門家としてのキャリアを築けます。パートナーとの共同事業を設計するビジネスデベロップメントの側面もあり、単純な営業にとどまらないやりがいがあります。',
  'パートナー企業はそれぞれ独自のビジネスモデルや業務フローを持っているため、画一的な提案では通用しません。パートナーのビジネスを深く理解し、Win-Winの関係を構築する力が求められます。また、パートナー経由のクレームやトラブル対応では、自社とパートナーの間に立って調整する場面もあります。',
  'パートナーセールスチーム3名で、東海エリアを中心に活動しています。元人材紹介会社出身者が在籍し、業界のネットワークが豊富です。',
  'パートナーセールスの構築スキル、人材業界の深い知識、アライアンスマネジメント力が身につきます。',
  '[]'::jsonb,
  '["パートナーセールス","HR Tech","アライアンス","人材紹介","法人営業","東海エリア"]'::jsonb,
  '法人向けBtoB営業経験2年以上。パートナーセールスまたはアライアンス構築の経験。',
  '人材業界（人材紹介、派遣、RPO等）での営業経験。IT/SaaSプロダクトの営業経験。東海エリアの人材市場の知識。',
  '愛知県名古屋市（パートナー訪問あり）',
  '当面なし',
  '当面なし',
  '無期',
  '入社後3ヶ月（条件変更なし）',
  'フレックスタイム制（コアタイム10:00-16:00）標準労働時間8時間',
  '60分',
  '完全週休2日制（土日祝）、年末年始休暇、有給休暇（入社半年後10日付与）、慶弔休暇、産前産後休暇、育児休暇',
  400, 700,
  '月給33万円〜58万円（固定残業代30時間分を含む）。インセンティブ制度あり。経験・能力を考慮の上決定。',
  '健康保険、厚生年金、雇用保険、労災保険',
  '屋内原則禁煙（喫煙専用室あり）',
  E'交通費全額支給\n書籍購入費補助\n資格取得支援\n副業OK（届出制）',
  '出社（パートナー訪問あり）',
  '書類選考 → 一次面接 → パートナー戦略ディスカッション → 最終面接 → 内定',
  now()
) ON CONFLICT DO NOTHING;

-- 0a-3. PM
INSERT INTO job_postings (
  id, company_id, team_id, created_by, status, title, job_category, employment_type, hiring_count,
  description, appeal_points, challenges, team_description, skills_gained,
  content_blocks, tags,
  required_qualifications, preferred_qualifications,
  work_location, work_location_change_scope, job_description_change_scope,
  contract_type, probation_period, work_hours, break_time, holidays,
  salary_min, salary_max, salary_detail, insurance, smoking_policy,
  benefits, remote_policy, selection_process, published_at
) VALUES (
  'd00a0000-0000-0000-0000-000000000003',
  'b0000000-0000-0000-0000-00000000000a',
  'c000a000-0000-0000-0000-000000000001',
  'b1000000-0000-0000-0000-00000000000a',
  'open',
  'プロダクトマネージャー｜採用マッチングの精度と体験を同時に進化させる',
  'PM',
  '正社員',
  '1名',
  'タレントブリッジの採用マッチングプラットフォームのプロダクト戦略を統括します。求職者向けプロダクト（プロフィール登録、マッチング結果表示、応募管理）と企業向けプロダクト（求人管理、スカウト機能、選考管理）の両方のロードマップを策定します。AIマッチングの精度指標をデータサイエンティストと共にモニタリングし、改善施策を企画します。また、パートナー向けAPI・管理画面の機能設計も担当し、マルチステークホルダーのニーズを調整するポジションです。',
  '求職者、企業、パートナーという3者のステークホルダーの体験を同時に最適化するという、複雑で知的刺激に満ちたPM業務です。AIマッチングの精度向上とユーザー体験の改善を両輪で進められるポジションは希少です。名古屋発のHR Techとして東海エリアの採用市場を変革する手応えを感じられます。',
  '3者のステークホルダーの利害が相反する場面があり、優先順位の判断に高いバランス感覚が求められます。AIのマッチング精度はブラックボックスになりがちで、ユーザーに信頼されるための透明性の設計も重要な課題です。また、人材業界の慣習やビジネスモデルを理解した上でプロダクトを設計する必要があります。',
  'PM2名で、求職者向けと企業向けのプロダクトをそれぞれ担当しています。CEOと直接議論しながらプロダクトの方向性を決定できます。',
  'マルチステークホルダーPMのスキル、AIプロダクトの企画力、HR Techのドメイン知識が身につきます。',
  '[]'::jsonb,
  '["プロダクトマネジメント","HR Tech","AIマッチング","ロードマップ策定","ステークホルダー調整","データ分析"]'::jsonb,
  'プロダクトマネジメント経験2年以上。BtoB SaaSまたはマーケットプレイスのプロダクト経験。',
  'HR Tech業界でのPM経験。AIプロダクトの企画経験。マルチサイドプラットフォームの設計経験。',
  '愛知県名古屋市（リモート併用可）',
  '当面なし',
  '当面なし',
  '無期',
  '入社後3ヶ月（条件変更なし）',
  'フレックスタイム制（コアタイム10:00-15:00）標準労働時間8時間',
  '60分',
  '完全週休2日制（土日祝）、年末年始休暇、有給休暇（入社半年後10日付与）、慶弔休暇、産前産後休暇、育児休暇',
  550, 900,
  '月給46万円〜75万円（固定残業代30時間分を含む）。経験・能力を考慮の上決定。',
  '健康保険、厚生年金、雇用保険、労災保険',
  '屋内原則禁煙（喫煙専用室あり）',
  E'リモートワーク手当月2万円\n書籍購入費月1万円補助\nカンファレンス参加費補助\n副業OK\n資格取得支援',
  'リモート併用（週2出社推奨）',
  '書類選考 → 一次面接 → プロダクト戦略ケース面接 → 最終面接 → 内定',
  now()
) ON CONFLICT DO NOTHING;

-- 0a-4. キャリアアドバイザー（HR業界特有）
INSERT INTO job_postings (
  id, company_id, team_id, created_by, status, title, job_category, employment_type, hiring_count,
  description, appeal_points, challenges, team_description, skills_gained,
  content_blocks, tags,
  required_qualifications, preferred_qualifications,
  work_location, work_location_change_scope, job_description_change_scope,
  contract_type, probation_period, work_hours, break_time, holidays,
  salary_min, salary_max, salary_detail, insurance, smoking_policy,
  benefits, remote_policy, selection_process, published_at
) VALUES (
  'd00a0000-0000-0000-0000-000000000004',
  'b0000000-0000-0000-0000-00000000000a',
  'c000a000-0000-0000-0000-000000000002',
  'b1000000-0000-0000-0000-00000000000a',
  'open',
  'キャリアアドバイザー｜AIマッチングの力を活かした次世代のキャリア支援',
  'その他',
  '正社員',
  '2名',
  '求職者に対するキャリアカウンセリングと転職支援を担当します。AIマッチングシステムが提案した候補企業を基に、求職者の価値観やキャリアビジョンを深く理解した上で最適な求人を紹介します。面接対策、職務経歴書の添削、年収交渉のサポートまで一貫して担当し、入社後のフォローアップも行います。また、AIマッチングの精度向上に向けたフィードバックをプロダクトチームに提供する役割も担います。1人あたり月30〜40名の求職者を担当します。',
  'AIマッチング技術を活用した次世代のキャリア支援に携われます。従来の人材紹介はアドバイザーの経験と勘に依存しがちでしたが、タレントブリッジではAIが候補企業を提案するため、より幅広い選択肢を求職者に提示できます。テクノロジーと人間の強みを組み合わせた新しいキャリア支援モデルを実践する最前線のポジションです。東海エリアの製造業を中心に、質の高い求人案件が豊富です。',
  'AIの提案を鵜呑みにするのではなく、求職者との対話を通じて人間にしかわからないニュアンスを加味した判断が求められます。月30〜40名の求職者を並行して支援するため、時間管理と優先順位付けのスキルが不可欠です。また、求職者と企業の双方の期待値を調整する交渉力も重要です。',
  'キャリアアドバイザーチーム8名で、業界別（IT、製造、サービス等）にチームを組んでいます。全員がキャリアコンサルタント資格の取得を目指しています。',
  '次世代型キャリアアドバイジングのスキル、採用市場の知識、カウンセリング力が身につきます。',
  '[]'::jsonb,
  '["キャリアアドバイザー","人材紹介","キャリアカウンセリング","転職支援","HR Tech","AIマッチング"]'::jsonb,
  '人材紹介会社でのキャリアアドバイザー経験2年以上、または法人向け人材サービスの営業経験3年以上。',
  'キャリアコンサルタント資格。東海エリアの製造業の採用市場の知識。IT業界の知識。',
  '愛知県名古屋市（リモート併用可）',
  '当面なし',
  '当面なし',
  '無期',
  '入社後3ヶ月（条件変更なし）',
  'フレックスタイム制（コアタイム10:00-16:00）標準労働時間8時間',
  '60分',
  '完全週休2日制（土日祝）、年末年始休暇、有給休暇（入社半年後10日付与）、慶弔休暇、産前産後休暇、育児休暇',
  350, 600,
  '月給29万円〜50万円（固定残業代30時間分を含む）。インセンティブ制度あり。経験・能力を考慮の上決定。',
  '健康保険、厚生年金、雇用保険、労災保険',
  '屋内原則禁煙（喫煙専用室あり）',
  E'キャリアコンサルタント資格取得支援（受験費用全額負担）\n書籍購入費補助\n交通費全額支給\n副業OK（届出制）',
  'リモート併用（週3出社推奨）',
  '書類選考 → 一次面接 → ロールプレイ面接（キャリアカウンセリング） → 最終面接 → 内定',
  now()
) ON CONFLICT DO NOTHING;


-- seed_jobs_2.sql: 10社 × 4件 = 40件の求人データ
-- Usage: psql -h localhost -U user -d inselfy -f backend/scripts/seed_jobs_2.sql


-- ============================================================
-- コマースクラフト（EC・小売テック / 横浜市）
-- ============================================================

-- 0b-1: バックエンドエンジニア
INSERT INTO job_postings (
  id, company_id, team_id, created_by, status, title, job_category, employment_type, hiring_count,
  description, appeal_points, challenges, team_description, skills_gained,
  content_blocks, tags,
  required_qualifications, preferred_qualifications,
  work_location, work_location_change_scope, job_description_change_scope,
  contract_type, probation_period, work_hours, break_time, holidays,
  salary_min, salary_max, salary_detail, insurance, smoking_policy,
  benefits, remote_policy, selection_process, published_at
) VALUES (
  'd00b0000-0000-0000-0000-000000000001',
  'b0000000-0000-0000-0000-00000000000b',
  'c000b000-0000-0000-0000-000000000001',
  'b1000000-0000-0000-0000-00000000000b',
  'open',
  'バックエンドエンジニア｜毎秒数千件のEC決済を支えるAPI基盤を設計',
  'エンジニア',
  '正社員',
  '1〜2名',
  'コマースクラフトが運営するマルチテナント型ECプラットフォームのバックエンドAPI開発をリードしていただきます。商品検索、在庫管理、決済処理、配送連携など、ECに不可欠な機能群をマイクロサービスアーキテクチャで構築しています。特にブラックフライデーやセール期間中のトラフィックスパイクに耐えうるスケーラブルなシステム設計が求められるポジションです。リアルタイム在庫同期やレコメンデーションエンジンとの連携など、データ量の多い処理を高速に捌く技術力を発揮していただけます。',
  '年間流通額100億円規模のECプラットフォームを少人数精鋭チームで開発しています。技術選定からアーキテクチャ設計まで裁量が大きく、エンジニア主導でプロダクトの技術基盤を進化させられる環境です。パフォーマンスチューニングやキャッシュ戦略など、大規模トラフィックならではの技術課題に日常的に取り組めます。Go言語とKubernetesを中心としたモダンな技術スタックを採用しており、技術的負債の返済にもチームとして積極的に投資しています。',
  'マルチテナント環境でのデータ分離と共有のバランス設計が大きなチャレンジです。また、決済・在庫という失敗が許されない領域でのトランザクション設計には高い正確性が要求されます。EC特有のドメイン知識を身につけながら、システムの信頼性とスケーラビリティを両立させる技術的判断を日々求められる環境です。外部APIとの連携も多く、障害対応やリトライ戦略の設計など実践的なスキルが鍛えられます。',
  'バックエンドチーム6名で構成され、全員がGoでの開発経験を持っています。週次の技術共有会とペアプログラミングを推奨するカルチャーです。',
  'Go言語での大規模API設計スキル、マイクロサービスアーキテクチャの設計・運用経験、決済システムのドメイン知識、Kubernetesの運用スキルが身につきます。',
  '[]'::jsonb,
  '["Go","Kubernetes","PostgreSQL","Redis","マイクロサービス","EC","決済"]'::jsonb,
  'Go言語でのWebアプリケーション開発経験3年以上。RDBMSを用いたバックエンド開発の実務経験。',
  'ECサイトやマーケットプレイスの開発経験。Kubernetesの運用経験。決済システムの開発経験。パフォーマンスチューニングの実務経験。',
  '神奈川県横浜市（リモート併用可）',
  '当面なし',
  '当面なし',
  '無期',
  '入社後3ヶ月（条件変更なし）',
  'フレックスタイム制（コアタイム11:00〜15:00）標準労働時間8時間',
  '60分',
  '完全週休2日制（土日祝）、年末年始休暇、有給休暇（入社半年後10日付与）、慶弔休暇、産前産後休暇、育児休暇',
  550, 950,
  '月給46万円〜79万円（固定残業代40時間分を含む）。経験・能力を考慮の上決定。',
  '健康保険、厚生年金、雇用保険、労災保険',
  '屋内原則禁煙（喫煙専用室あり）',
  E'リモートワーク手当月2万円\n書籍購入費補助（年5万円）\n社員割引制度\n副業OK',
  'リモート併用（週2日出社）',
  '書類選考 → 技術面接（コーディングテスト含む） → 最終面接 → 内定',
  now()
) ON CONFLICT DO NOTHING;

-- 0b-2: データアナリスト
INSERT INTO job_postings (
  id, company_id, team_id, created_by, status, title, job_category, employment_type, hiring_count,
  description, appeal_points, challenges, team_description, skills_gained,
  content_blocks, tags,
  required_qualifications, preferred_qualifications,
  work_location, work_location_change_scope, job_description_change_scope,
  contract_type, probation_period, work_hours, break_time, holidays,
  salary_min, salary_max, salary_detail, insurance, smoking_policy,
  benefits, remote_policy, selection_process, published_at
) VALUES (
  'd00b0000-0000-0000-0000-000000000002',
  'b0000000-0000-0000-0000-00000000000b',
  'c000b000-0000-0000-0000-000000000002',
  'b1000000-0000-0000-0000-00000000000b',
  'open',
  'データアナリスト｜購買データ分析でEC売上を最大化',
  'その他',
  '正社員',
  '1名',
  '数百万件の購買データ・行動ログを分析し、マーチャント向けの売上改善提案やプラットフォーム全体の成長施策を立案していただきます。ABテストの設計・実行、レコメンデーションアルゴリズムの効果検証、離脱率分析によるUX改善提案など、データを起点としたビジネス意思決定を支えるポジションです。BIダッシュボードの構築・運用も担当し、経営陣やマーチャントがリアルタイムにデータを活用できる環境を整備します。分析結果をわかりやすく可視化し、非エンジニアのステークホルダーにも伝わるレポーティングスキルが求められます。',
  'EC領域ならではの膨大な購買データを扱えるポジションです。分析結果がマーチャントの売上やプラットフォームのKPIに直結するため、ビジネスインパクトを実感しやすい環境です。データ基盤の設計段階から関与でき、分析しやすいデータパイプラインを自ら構築できる裁量があります。エンジニアチームとの距離が近く、分析結果をすぐにプロダクト改善に反映できるスピード感も魅力です。',
  'マルチテナント型のデータ分析では、テナント横断の傾向分析と個別テナントへのカスタマイズされた分析の両方が求められます。データの品質管理やプライバシーへの配慮も重要なテーマです。リアルタイムデータとバッチデータの使い分け、大規模データセットのクエリパフォーマンス最適化など、技術的なチャレンジも豊富にあります。',
  'ビジネス企画チーム3名の中でデータ分析を専任で担当していただきます。エンジニアチームと密に連携しながら、データドリブンな意思決定文化を社内に根付かせる役割です。',
  'EC領域のデータ分析スキル、BIダッシュボードの構築・運用力、ABテストの設計・統計解析スキル、ビジネスインテリジェンスの知見が身につきます。',
  '[]'::jsonb,
  '["データ分析","SQL","Python","BigQuery","Looker","EC","ABテスト"]'::jsonb,
  'データ分析の実務経験3年以上。SQLを用いたデータ抽出・加工の経験。BIツールを用いたダッシュボード構築の経験。',
  'EC・小売業界でのデータ分析経験。Python / Rを用いた統計分析の経験。BigQuery等のクラウドDWHの利用経験。機械学習モデルの構築経験。',
  '神奈川県横浜市（リモート併用可）',
  '当面なし',
  '当面なし',
  '無期',
  '入社後3ヶ月（条件変更なし）',
  'フレックスタイム制（コアタイム11:00〜15:00）標準労働時間8時間',
  '60分',
  '完全週休2日制（土日祝）、年末年始休暇、有給休暇（入社半年後10日付与）、慶弔休暇、産前産後休暇、育児休暇',
  500, 850,
  '月給42万円〜71万円（固定残業代40時間分を含む）。経験・能力を考慮の上決定。',
  '健康保険、厚生年金、雇用保険、労災保険',
  '屋内原則禁煙（喫煙専用室あり）',
  E'リモートワーク手当月2万円\n書籍購入費補助（年5万円）\n社員割引制度\n副業OK',
  'リモート併用（週2日出社）',
  '書類選考 → 分析課題 → 面接（2回） → 内定',
  now()
) ON CONFLICT DO NOTHING;

-- 0b-3: プロダクトマネージャー
INSERT INTO job_postings (
  id, company_id, team_id, created_by, status, title, job_category, employment_type, hiring_count,
  description, appeal_points, challenges, team_description, skills_gained,
  content_blocks, tags,
  required_qualifications, preferred_qualifications,
  work_location, work_location_change_scope, job_description_change_scope,
  contract_type, probation_period, work_hours, break_time, holidays,
  salary_min, salary_max, salary_detail, insurance, smoking_policy,
  benefits, remote_policy, selection_process, published_at
) VALUES (
  'd00b0000-0000-0000-0000-000000000003',
  'b0000000-0000-0000-0000-00000000000b',
  'c000b000-0000-0000-0000-000000000002',
  'b1000000-0000-0000-0000-00000000000b',
  'open',
  'プロダクトマネージャー｜ECプラットフォームの成長戦略を牽引',
  'PM',
  '正社員',
  '1名',
  'コマースクラフトのECプラットフォーム全体のプロダクト戦略策定と実行をリードしていただきます。マーチャント向け管理画面、購入者向けストアフロント、物流連携機能など複数のプロダクトラインを横断的に管理し、ロードマップの策定、要件定義、開発チームとの連携、リリース後の効果測定まで一貫して担当します。マーチャントへのヒアリングや購買データの分析を通じて顧客課題を特定し、プロダクトの進化をデータドリブンに推進する役割です。',
  'ECプラットフォームのPMとして、マーチャントと購入者の両面からプロダクト価値を設計できるポジションです。年間流通額100億円規模のプラットフォームで、施策の効果が数字として見えやすい環境です。経営陣との距離が近く、プロダクトビジョンの議論に直接参加できます。技術的な知見を活かしてエンジニアと対等に議論できるPMを目指す方に最適です。',
  'マルチステークホルダー環境での優先順位付けが最大のチャレンジです。マーチャントの要望、購入者のUX向上、プラットフォームの収益性という三者の利害を調整しながら、限られたリソースで最大の価値を生み出す判断を求められます。EC市場の競争環境は激しく、競合分析と差別化戦略の立案も重要な業務です。',
  'プロダクトチーム3名で、PM1名・デザイナー1名・ビジネスアナリスト1名の構成です。エンジニアチームと同じフロアで密に連携しています。',
  'ECプラットフォームのプロダクトマネジメントスキル、データドリブンな意思決定力、マルチステークホルダー環境での合意形成スキルが身につきます。',
  '[]'::jsonb,
  '["PM","ECプラットフォーム","ロードマップ策定","データ分析","要件定義","マーチャント支援"]'::jsonb,
  'プロダクトマネジメントの実務経験3年以上。Webサービスの企画・要件定義の経験。データに基づく意思決定の経験。',
  'EC・マーケットプレイス領域でのPM経験。SQLを用いたデータ分析の経験。エンジニアとの協業経験。BtoB SaaSのPM経験。',
  '神奈川県横浜市（リモート併用可）',
  '当面なし',
  '当面なし',
  '無期',
  '入社後3ヶ月（条件変更なし）',
  'フレックスタイム制（コアタイム11:00〜15:00）標準労働時間8時間',
  '60分',
  '完全週休2日制（土日祝）、年末年始休暇、有給休暇（入社半年後10日付与）、慶弔休暇、産前産後休暇、育児休暇',
  600, 1000,
  '月給50万円〜83万円（固定残業代40時間分を含む）。経験・能力を考慮の上決定。',
  '健康保険、厚生年金、雇用保険、労災保険',
  '屋内原則禁煙（喫煙専用室あり）',
  E'リモートワーク手当月2万円\n書籍購入費補助（年5万円）\n社員割引制度\n副業OK',
  'リモート併用（週2日出社）',
  '書類選考 → 一次面接 → ケース面接 → 最終面接 → 内定',
  now()
) ON CONFLICT DO NOTHING;

-- 0b-4: カスタマーサクセス
INSERT INTO job_postings (
  id, company_id, team_id, created_by, status, title, job_category, employment_type, hiring_count,
  description, appeal_points, challenges, team_description, skills_gained,
  content_blocks, tags,
  required_qualifications, preferred_qualifications,
  work_location, work_location_change_scope, job_description_change_scope,
  contract_type, probation_period, work_hours, break_time, holidays,
  salary_min, salary_max, salary_detail, insurance, smoking_policy,
  benefits, remote_policy, selection_process, published_at
) VALUES (
  'd00b0000-0000-0000-0000-000000000004',
  'b0000000-0000-0000-0000-00000000000b',
  'c000b000-0000-0000-0000-000000000003',
  'b1000000-0000-0000-0000-00000000000b',
  'open',
  'カスタマーサクセス｜マーチャントの売上成長を伴走支援',
  'カスタマーサクセス',
  '正社員',
  '2名',
  'ECプラットフォームに出店するマーチャントの売上成長を支援するカスタマーサクセスポジションです。オンボーディングから始まり、ストアデザインの最適化提案、商品ページの改善アドバイス、プロモーション施策の企画支援、売上データの定期レポーティングまで、マーチャントのEC事業成功に向けて包括的に伴走します。月次のビジネスレビューを通じてマーチャントの課題を継続的に把握し、プラットフォーム機能の活用度を最大化するのがミッションです。',
  'マーチャントの売上という明確な成果指標があり、自分の支援がビジネスに直結する実感を得やすいポジションです。EC運営のノウハウを幅広く身につけられるだけでなく、プロダクトチームへのフィードバックを通じてプラットフォーム自体の進化にも貢献できます。多様な業種のマーチャントと関わるため、各業界のビジネスモデルや課題を深く理解できる点も魅力です。',
  '多様な業種・規模のマーチャントに対して、それぞれの状況に合わせたカスタマイズされた支援を提供する必要があります。EC初心者のマーチャントにはプラットフォームの基本的な使い方から、上級者にはデータ活用やマーケティング戦略まで幅広い知見が求められます。チャーン予兆の早期発見と対策立案も重要な業務です。',
  'カスタマーサクセスチーム4名で、マーチャントの規模別に担当を分けています。セールスチームとの連携も密に行い、新規マーチャントの獲得から既存の活性化まで一体で取り組んでいます。',
  'EC運営の包括的な知識、カスタマーサクセスの設計・実行力、データ分析に基づく提案スキル、多業種の業務知識が身につきます。',
  '[]'::jsonb,
  '["カスタマーサクセス","EC","マーチャント支援","データ分析","オンボーディング","売上改善"]'::jsonb,
  'カスタマーサクセスまたはコンサルティングの実務経験2年以上。顧客折衝の経験。',
  'EC業界での業務経験。BIツールやExcelを用いたデータ分析の経験。SaaSプロダクトのカスタマーサクセス経験。マーケティングの基礎知識。',
  '神奈川県横浜市（リモート併用可）',
  '当面なし',
  '当面なし',
  '無期',
  '入社後3ヶ月（条件変更なし）',
  'フレックスタイム制（コアタイム11:00〜15:00）標準労働時間8時間',
  '60分',
  '完全週休2日制（土日祝）、年末年始休暇、有給休暇（入社半年後10日付与）、慶弔休暇、産前産後休暇、育児休暇',
  400, 700,
  '月給33万円〜58万円（固定残業代40時間分を含む）。経験・能力を考慮の上決定。',
  '健康保険、厚生年金、雇用保険、労災保険',
  '屋内原則禁煙（喫煙専用室あり）',
  E'リモートワーク手当月2万円\n書籍購入費補助（年5万円）\n社員割引制度\n副業OK',
  'リモート併用（週2日出社）',
  '書類選考 → 一次面接 → 最終面接 → 内定',
  now()
) ON CONFLICT DO NOTHING;

-- ============================================================
-- プレイグラウンドワークス（ゲーム・エンタメ / 仙台市）
-- ============================================================

-- 0c-1: ゲームサーバーエンジニア
INSERT INTO job_postings (
  id, company_id, team_id, created_by, status, title, job_category, employment_type, hiring_count,
  description, appeal_points, challenges, team_description, skills_gained,
  content_blocks, tags,
  required_qualifications, preferred_qualifications,
  work_location, work_location_change_scope, job_description_change_scope,
  contract_type, probation_period, work_hours, break_time, holidays,
  salary_min, salary_max, salary_detail, insurance, smoking_policy,
  benefits, remote_policy, selection_process, published_at
) VALUES (
  'd00c0000-0000-0000-0000-000000000001',
  'b0000000-0000-0000-0000-00000000000c',
  'c000c000-0000-0000-0000-000000000001',
  'b1000000-0000-0000-0000-00000000000c',
  'open',
  'ゲームサーバーエンジニア｜同時接続10万人を支えるリアルタイム基盤',
  'エンジニア',
  '正社員',
  '2名',
  'プレイグラウンドワークスが開発するオンラインマルチプレイヤーゲームのサーバーサイド開発を担当していただきます。リアルタイム通信基盤の設計・実装、マッチメイキングシステムの最適化、ゲーム内経済システムのバランス調整ロジック、ランキング・リーダーボードの高速集計処理など、ゲーム特有の技術課題に取り組みます。WebSocketとgRPCを活用したリアルタイム通信アーキテクチャの設計から、大規模イベント時のオートスケーリング戦略まで幅広く担当します。',
  'ゲーム開発ならではの低レイテンシ・高スループット要件に日常的に取り組めるポジションです。仙台を拠点に全国からリモートで参加するエンジニアと共に、妥協なく技術を追求するカルチャーがあります。自社タイトルの開発のため、企画段階からサーバーアーキテクチャの提案ができ、技術的な制約をゲームデザインにフィードバックする双方向のコミュニケーションが活発です。定期的なゲームジャムやハッカソンで新技術の実験もできます。',
  '同時接続数万人のリアルタイム通信では、ミリ秒単位のレイテンシ管理が求められます。イベント期間中のトラフィック急増への対応や、チート対策のためのサーバーサイドバリデーション、ゲーム内経済の不正検知など、ゲーム特有の技術的チャレンジが豊富です。また、ゲームの面白さとサーバーパフォーマンスのトレードオフを判断する場面も多くあります。',
  'サーバーチーム8名で、Go / Rust / C++のスキルセットを持つメンバーが揃っています。ゲーム業界経験者とWeb業界出身者がバランスよく在籍し、知見の共有が活発です。',
  'リアルタイム通信システムの設計スキル、大規模分散システムの運用経験、ゲーム開発特有のドメイン知識、パフォーマンスチューニングのスキルが身につきます。',
  '[]'::jsonb,
  '["Go","gRPC","WebSocket","Redis","Kubernetes","ゲーム開発","リアルタイム通信"]'::jsonb,
  'サーバーサイド開発経験3年以上（Go / Rust / C++いずれか）。リアルタイム通信の実装経験またはゲームサーバーの開発経験。',
  'オンラインゲームのサーバー開発経験。Kubernetes / Docker環境での運用経験。大規模トラフィックの対応経験。負荷テスト・パフォーマンスチューニングの経験。',
  '宮城県仙台市（フルリモート勤務可）',
  '当面なし',
  '当面なし',
  '無期',
  '入社後3ヶ月（条件変更なし）',
  'フレックスタイム制（コアタイムなし）標準労働時間8時間',
  '60分',
  '完全週休2日制（土日祝）、年末年始休暇、有給休暇（入社半年後10日付与）、慶弔休暇、産前産後休暇、育児休暇',
  500, 900,
  '月給42万円〜75万円（固定残業代45時間分を含む）。経験・能力を考慮の上決定。',
  '健康保険、厚生年金、雇用保険、労災保険',
  '屋内原則禁煙（喫煙専用室あり）',
  E'フルリモート手当月3万円\nゲーム購入費補助（月5,000円）\nカンファレンス参加費補助\n副業OK',
  'フルリモート',
  '書類選考 → 技術面接（システム設計課題） → 最終面接 → 内定',
  now()
) ON CONFLICT DO NOTHING;

-- 0c-2: UIデザイナー
INSERT INTO job_postings (
  id, company_id, team_id, created_by, status, title, job_category, employment_type, hiring_count,
  description, appeal_points, challenges, team_description, skills_gained,
  content_blocks, tags,
  required_qualifications, preferred_qualifications,
  work_location, work_location_change_scope, job_description_change_scope,
  contract_type, probation_period, work_hours, break_time, holidays,
  salary_min, salary_max, salary_detail, insurance, smoking_policy,
  benefits, remote_policy, selection_process, published_at
) VALUES (
  'd00c0000-0000-0000-0000-000000000002',
  'b0000000-0000-0000-0000-00000000000c',
  'c000c000-0000-0000-0000-000000000002',
  'b1000000-0000-0000-0000-00000000000c',
  'open',
  'UIデザイナー｜ゲーム内UIからプロモーションまでビジュアル全般を担当',
  'デザイナー',
  '正社員',
  '1名',
  'ゲーム内UI（HUD、メニュー、ガチャ演出、リザルト画面など）のデザインとプロモーション素材（ストアページ、SNS素材、イベントバナー）の制作を担当していただきます。ゲームの世界観を損なわずに操作性を追求するUI設計と、プレイヤーの期待を高めるビジュアル表現の両方が求められるポジションです。UnityのUIフレームワークを用いた実装にも携わり、デザインから実装まで一貫して担当できます。アニメーション演出の設計やエフェクトのタイミング調整など、ゲームならではのインタラクションデザインに取り組めます。',
  'ゲームUIは「遊びの一部」であり、操作性だけでなくプレイヤーの感情に働きかけるデザインが求められます。自分がデザインしたUIを通じてプレイヤーが熱狂する瞬間を直接見られるのは、ゲーム業界ならではの醍醐味です。自社タイトルのため企画段階からUI設計に関与でき、プランナーやエンジニアとの協業が活発な環境です。仙台のオフィスはクリエイティブな空間づくりにこだわっており、集中とリラックスのバランスが取れた働き方ができます。',
  'ゲーム内UIではリアルタイムに変化する情報を限られた画面領域に整理して表示する必要があり、レスポンシブとはまた異なるデザインの制約があります。多言語対応やアクセシビリティへの配慮も求められます。また、ゲームの世界観を統一しつつ、各画面の機能性を両立させるバランス感覚が重要です。',
  'デザインチーム5名（UIデザイナー2名、コンセプトアーティスト2名、モーションデザイナー1名）で構成されています。チーム内でのレビュー文化が定着しており、お互いの作品をブラッシュアップする風土があります。',
  'ゲームUI設計のスキル、UnityでのUI実装力、アニメーション演出のデザインスキル、プロモーションクリエイティブの制作力が身につきます。',
  '[]'::jsonb,
  '["UIデザイン","Unity","ゲームUI","Figma","Photoshop","アニメーション","プロモーション"]'::jsonb,
  'UIデザインの実務経験3年以上。ゲームまたはエンターテインメント領域でのデザイン経験。Figma / Photoshopの実務スキル。',
  'Unity UIの実装経験。モーションデザイン / アニメーション制作の経験。コンシューマゲームまたはモバイルゲームのUI制作経験。',
  '宮城県仙台市（リモート併用可）',
  '当面なし',
  '当面なし',
  '無期',
  '入社後3ヶ月（条件変更なし）',
  'フレックスタイム制（コアタイムなし）標準労働時間8時間',
  '60分',
  '完全週休2日制（土日祝）、年末年始休暇、有給休暇（入社半年後10日付与）、慶弔休暇、産前産後休暇、育児休暇',
  400, 750,
  '月給33万円〜63万円（固定残業代45時間分を含む）。経験・能力を考慮の上決定。',
  '健康保険、厚生年金、雇用保険、労災保険',
  '屋内原則禁煙（喫煙専用室あり）',
  E'フルリモート手当月3万円\nゲーム購入費補助（月5,000円）\nカンファレンス参加費補助\n副業OK',
  'リモート併用（週1日出社）',
  '書類選考 → ポートフォリオレビュー → デザイン課題 → 最終面接 → 内定',
  now()
) ON CONFLICT DO NOTHING;

-- 0c-3: マーケティング
INSERT INTO job_postings (
  id, company_id, team_id, created_by, status, title, job_category, employment_type, hiring_count,
  description, appeal_points, challenges, team_description, skills_gained,
  content_blocks, tags,
  required_qualifications, preferred_qualifications,
  work_location, work_location_change_scope, job_description_change_scope,
  contract_type, probation_period, work_hours, break_time, holidays,
  salary_min, salary_max, salary_detail, insurance, smoking_policy,
  benefits, remote_policy, selection_process, published_at
) VALUES (
  'd00c0000-0000-0000-0000-000000000003',
  'b0000000-0000-0000-0000-00000000000c',
  'c000c000-0000-0000-0000-000000000003',
  'b1000000-0000-0000-0000-00000000000c',
  'open',
  'マーケティングマネージャー｜自社ゲームタイトルのグロース戦略を設計',
  'マーケティング',
  '正社員',
  '1名',
  '自社開発のゲームタイトルに関するマーケティング戦略の立案・実行を統括していただきます。新規ユーザー獲得のためのデジタル広告運用、SNS・コミュニティマネジメント、ゲームメディアとのPR連携、ゲームイベントの企画・運営、インフルエンサーマーケティングなど多岐にわたる施策を横断的に推進します。KPI設計からクリエイティブ制作のディレクション、効果測定・改善まで一貫して担当し、タイトルの認知拡大とDAU最大化を実現するポジションです。',
  '自社タイトルのマーケティングを一気通貫で担当できるため、戦略の全体像を描いて実行する醍醐味があります。ゲーム開発チームとの距離が非常に近く、ゲームの魅力を最も深く理解した上でマーケティング施策を打てる環境です。グローバル展開も視野に入れており、海外市場向けのマーケティング経験を積む機会もあります。仙台のゲーム開発コミュニティとの繋がりも強く、地域のイベント企画にも関われます。',
  'ゲーム市場は競争が激しく、限られた予算で最大のインパクトを出すクリエイティブな施策立案が求められます。プレイヤーコミュニティのマネジメントでは、ポジティブな声もネガティブなフィードバックも含めて適切に対応するコミュニケーション力が必要です。また、ゲームのアップデートサイクルに合わせた施策のタイミング設計も重要なスキルです。',
  'マーケティングチーム3名で、デジタル広告・SNS・PRをそれぞれ専任で担当しています。全員がゲーム好きで、プレイヤー目線を大切にした施策立案を心がけています。',
  'ゲームマーケティングの戦略立案・実行スキル、コミュニティマネジメントの知見、デジタル広告の運用最適化スキル、インフルエンサーマーケティングの経験が身につきます。',
  '[]'::jsonb,
  '["ゲームマーケティング","SNS運用","デジタル広告","コミュニティ","PR","インフルエンサー"]'::jsonb,
  'マーケティングの実務経験3年以上。デジタル広告の運用経験。SNSアカウントの運用経験。',
  'ゲーム・エンタメ業界でのマーケティング経験。コミュニティマネジメントの経験。インフルエンサーマーケティングの経験。英語でのコミュニケーション力。',
  '宮城県仙台市（リモート併用可）',
  '当面なし',
  '当面なし',
  '無期',
  '入社後3ヶ月（条件変更なし）',
  'フレックスタイム制（コアタイムなし）標準労働時間8時間',
  '60分',
  '完全週休2日制（土日祝）、年末年始休暇、有給休暇（入社半年後10日付与）、慶弔休暇、産前産後休暇、育児休暇',
  450, 800,
  '月給38万円〜67万円（固定残業代45時間分を含む）。経験・能力を考慮の上決定。',
  '健康保険、厚生年金、雇用保険、労災保険',
  '屋内原則禁煙（喫煙専用室あり）',
  E'フルリモート手当月3万円\nゲーム購入費補助（月5,000円）\nカンファレンス参加費補助\n副業OK',
  'リモート併用（週1日出社）',
  '書類選考 → 一次面接 → 最終面接 → 内定',
  now()
) ON CONFLICT DO NOTHING;

-- 0c-4: 企画（ゲームプランナー）
INSERT INTO job_postings (
  id, company_id, team_id, created_by, status, title, job_category, employment_type, hiring_count,
  description, appeal_points, challenges, team_description, skills_gained,
  content_blocks, tags,
  required_qualifications, preferred_qualifications,
  work_location, work_location_change_scope, job_description_change_scope,
  contract_type, probation_period, work_hours, break_time, holidays,
  salary_min, salary_max, salary_detail, insurance, smoking_policy,
  benefits, remote_policy, selection_process, published_at
) VALUES (
  'd00c0000-0000-0000-0000-000000000004',
  'b0000000-0000-0000-0000-00000000000c',
  'c000c000-0000-0000-0000-000000000002',
  'b1000000-0000-0000-0000-00000000000c',
  'open',
  'ゲームプランナー｜ライブ運営の企画でプレイヤーを熱狂させる',
  '企画',
  '正社員',
  '1名',
  'オンラインマルチプレイヤーゲームのライブ運営に関する企画業務全般を担当していただきます。シーズンイベントの企画・設計、ゲーム内経済のバランス調整、新キャラクター・新マップの仕様策定、チュートリアルやオンボーディングフローの改善、KPI分析に基づく施策立案など、ゲームの継続的な進化を支える中核ポジションです。プレイヤーの行動データを分析し、離脱要因の特定や課金ポイントの最適化にも取り組みます。企画書の作成からエンジニア・デザイナーへの仕様伝達、リリース後の効果検証まで一貫して担当します。',
  '自社タイトルのライブ運営を企画段階から手がけられるため、アイデアがダイレクトにプレイヤーの体験に反映されるやりがいがあります。データドリブンな企画文化が根付いており、勘ではなくデータに基づいた仮説検証サイクルで企画を磨けます。エンジニアやデザイナーとワンチームで動くため、実現可能性を踏まえた企画力が鍛えられます。月1回のゲームジャムでは、本業とは別にプロトタイプを自由に作れる時間もあります。',
  'ライブ運営では「鮮度」と「計画性」の両立が求められます。プレイヤーの期待を超えるイベントを定期的に届けながら、長期的なコンテンツロードマップとの整合性を保つバランス感覚が必要です。ゲーム内経済のバランス調整は慎重さが求められ、プレイヤーコミュニティの反応を常に注視しながら施策を打つ判断力も重要です。',
  '企画チーム4名で、レベルデザイン・ナラティブ・ライブ運営・システム企画の各領域を分担しています。全員がヘビーゲーマーで、自社タイトルを日常的にプレイしています。',
  'ゲーム企画のスキル全般、ライブ運営の設計・実行力、データ分析に基づく仮説検証スキル、ゲームバランス調整の知見が身につきます。',
  '[]'::jsonb,
  '["ゲーム企画","ライブ運営","レベルデザイン","データ分析","バランス調整","KPI"]'::jsonb,
  'ゲームプランナーとしての実務経験2年以上。企画書の作成とチームへの仕様伝達の経験。',
  'オンラインゲームのライブ運営経験。データ分析ツール（SQL / Excelなど）の活用経験。ゲーム内経済のバランス調整経験。コンシューマまたはモバイルゲームの開発経験。',
  '宮城県仙台市（リモート併用可）',
  '当面なし',
  '当面なし',
  '無期',
  '入社後3ヶ月（条件変更なし）',
  'フレックスタイム制（コアタイムなし）標準労働時間8時間',
  '60分',
  '完全週休2日制（土日祝）、年末年始休暇、有給休暇（入社半年後10日付与）、慶弔休暇、産前産後休暇、育児休暇',
  400, 700,
  '月給33万円〜58万円（固定残業代45時間分を含む）。経験・能力を考慮の上決定。',
  '健康保険、厚生年金、雇用保険、労災保険',
  '屋内原則禁煙（喫煙専用室あり）',
  E'フルリモート手当月3万円\nゲーム購入費補助（月5,000円）\nカンファレンス参加費補助\n副業OK',
  'リモート併用（週1日出社）',
  '書類選考 → 企画課題 → 面接（2回） → 内定',
  now()
) ON CONFLICT DO NOTHING;

-- ============================================================
-- 東和精機ソリューションズ（製造業 / 浜松市）
-- ============================================================

-- 0d-1: 組込みエンジニア
INSERT INTO job_postings (
  id, company_id, team_id, created_by, status, title, job_category, employment_type, hiring_count,
  description, appeal_points, challenges, team_description, skills_gained,
  content_blocks, tags,
  required_qualifications, preferred_qualifications,
  work_location, work_location_change_scope, job_description_change_scope,
  contract_type, probation_period, work_hours, break_time, holidays,
  salary_min, salary_max, salary_detail, insurance, smoking_policy,
  benefits, remote_policy, selection_process, published_at
) VALUES (
  'd00d0000-0000-0000-0000-000000000001',
  'b0000000-0000-0000-0000-00000000000d',
  'c000d000-0000-0000-0000-000000000001',
  'b1000000-0000-0000-0000-00000000000d',
  'open',
  '組込みエンジニア｜産業用ロボットの制御ソフトウェア開発',
  'エンジニア',
  '正社員',
  '2名',
  '東和精機ソリューションズが製造する産業用ロボットアームの組込みソフトウェア開発を担当していただきます。モーター制御アルゴリズムの実装、センサーデータのリアルタイム処理、安全制御システムの設計、通信プロトコル（EtherCAT / PROFINET）の実装など、ハードウェアと密接に連携したソフトウェア開発に取り組みます。C / C++を中心に、RTOS上でのリアルタイムプログラミングが主な業務です。機能安全規格（ISO 13849 / IEC 62443）に準拠した開発プロセスに沿って、安全性と性能を両立するソフトウェアを設計します。',
  '自社開発の産業用ロボットは国内トップクラスの精度を誇り、世界中の工場で稼働しています。ソフトウェアの改善が製品の競争力に直結するため、技術的な挑戦がビジネス成果につながる実感を得やすい環境です。ハードウェアエンジニアとの協業が日常的にあり、ソフトとハードの両面からものづくりの本質に触れられます。浜松の本社には実機を用いたテスト環境が充実しており、自分が書いたコードでロボットが動く瞬間を体感できます。',
  '産業用ロボットの制御ソフトウェアでは、マイクロ秒単位のリアルタイム性が求められ、一般的なWebアプリケーションとは異なるパフォーマンス最適化のアプローチが必要です。安全規格への適合は品質の根幹であり、機能安全の考え方を深く理解する必要があります。また、既存のレガシーコードベースのモダナイゼーションも重要なテーマで、テストの自動化やCI環境の整備にも取り組んでいます。',
  '組込みソフトウェアチーム12名で、ロボット制御・ビジョンシステム・通信基盤の3グループに分かれて開発しています。メカ・エレキのエンジニアとも同じフロアで密に連携する体制です。',
  'リアルタイムOSでの開発スキル、モーター制御・ロボティクスの知識、機能安全規格への理解、産業用通信プロトコルの実装力が身につきます。',
  '[]'::jsonb,
  '["C","C++","RTOS","組込み","ロボティクス","EtherCAT","機能安全"]'::jsonb,
  'C / C++での組込みソフトウェア開発経験3年以上。RTOSでの開発経験。',
  '産業用ロボットまたはモーター制御の開発経験。機能安全規格（ISO 13849 / IEC 62443）の知識。EtherCAT / PROFINETの実装経験。制御工学の基礎知識。',
  '静岡県浜松市',
  '当面なし',
  '当面なし',
  '無期',
  '入社後6ヶ月（条件変更なし）',
  '8:30〜17:30（実働8時間）',
  '60分',
  '完全週休2日制（土日）、祝日、GW、夏季休暇、年末年始休暇、有給休暇、慶弔休暇',
  500, 850,
  '月給35万円〜60万円。賞与年2回（計4.5ヶ月分）。経験・能力を考慮の上決定。',
  '健康保険、厚生年金、雇用保険、労災保険',
  '屋内原則禁煙（喫煙専用室あり）',
  E'社宅制度（転居を伴う場合）\n退職金制度\n財形貯蓄\n社員食堂あり\n資格取得支援制度',
  '原則出社',
  '書類選考 → 適性検査 → 技術面接 → 最終面接 → 内定',
  now()
) ON CONFLICT DO NOTHING;

-- 0d-2: 生産技術エンジニア
INSERT INTO job_postings (
  id, company_id, team_id, created_by, status, title, job_category, employment_type, hiring_count,
  description, appeal_points, challenges, team_description, skills_gained,
  content_blocks, tags,
  required_qualifications, preferred_qualifications,
  work_location, work_location_change_scope, job_description_change_scope,
  contract_type, probation_period, work_hours, break_time, holidays,
  salary_min, salary_max, salary_detail, insurance, smoking_policy,
  benefits, remote_policy, selection_process, published_at
) VALUES (
  'd00d0000-0000-0000-0000-000000000002',
  'b0000000-0000-0000-0000-00000000000d',
  'c000d000-0000-0000-0000-000000000002',
  'b1000000-0000-0000-0000-00000000000d',
  'open',
  '生産技術エンジニア｜IoT×製造ラインの最適化でスマートファクトリーを実現',
  'エンジニア',
  '正社員',
  '1名',
  '東和精機ソリューションズの自社工場における生産ラインの設計・改善・自動化推進を担当していただきます。既存製造プロセスの分析と改善提案、新製品立ち上げ時の生産ライン構築、IoTセンサーを活用した設備稼働監視システムの導入、予知保全システムの構築など、スマートファクトリー化を推進するポジションです。PLCプログラミングによる自動化制御、生産データの可視化ダッシュボード構築、品質管理プロセスの改善にも携わります。製造現場とIT技術をつなぐ橋渡し役として、生産効率の向上とコスト削減を同時に実現する役割です。',
  '創業50年の製造ノウハウとIoT・データ分析の先端技術を融合するスマートファクトリープロジェクトの中核メンバーとして活躍できます。自社工場が目の前にあるため、改善施策の効果を即座に検証できるスピード感があります。製造業のDXは業界全体のトレンドであり、ここで培った経験は製造業界全般で高い市場価値を持ちます。経営陣もスマートファクトリー化に積極投資しており、予算面での制約が少ない環境です。',
  '既存の製造ラインへのIoTシステム導入では、稼働中の設備を止めずに改善を進める必要があり、慎重な計画と実行力が求められます。製造現場のベテラン作業者とのコミュニケーションも重要で、技術だけでなく現場の声を丁寧に聞く姿勢が求められます。また、PLCの既存プログラムの解析やレガシーシステムとの統合といった泥臭い作業も多く、忍耐力と問題解決能力が試されます。',
  '生産技術チーム8名で、ライン設計・自動化推進・品質管理の3グループで活動しています。製造現場との連携が密で、毎朝の現場巡回と週次の改善報告会が定着しています。',
  'PLCプログラミングスキル、IoTシステムの設計・導入スキル、生産ラインの最適化手法、データに基づく品質管理スキルが身につきます。',
  '[]'::jsonb,
  '["生産技術","IoT","PLC","スマートファクトリー","品質管理","自動化","製造業DX"]'::jsonb,
  '生産技術または製造技術の実務経験3年以上。PLCプログラミングの経験。',
  'IoTシステムの導入経験。データ分析（Python / SQL）のスキル。製造業での品質管理（QC手法）の知識。プロジェクトマネジメントの経験。',
  '静岡県浜松市',
  '当面なし',
  '当面なし',
  '無期',
  '入社後6ヶ月（条件変更なし）',
  '8:30〜17:30（実働8時間）',
  '60分',
  '完全週休2日制（土日）、祝日、GW、夏季休暇、年末年始休暇、有給休暇、慶弔休暇',
  450, 750,
  '月給32万円〜53万円。賞与年2回（計4.5ヶ月分）。経験・能力を考慮の上決定。',
  '健康保険、厚生年金、雇用保険、労災保険',
  '屋内原則禁煙（喫煙専用室あり）',
  E'社宅制度（転居を伴う場合）\n退職金制度\n財形貯蓄\n社員食堂あり\n資格取得支援制度',
  '原則出社',
  '書類選考 → 適性検査 → 面接（2回） → 工場見学 → 内定',
  now()
) ON CONFLICT DO NOTHING;

-- 0d-3: 社内SE
INSERT INTO job_postings (
  id, company_id, team_id, created_by, status, title, job_category, employment_type, hiring_count,
  description, appeal_points, challenges, team_description, skills_gained,
  content_blocks, tags,
  required_qualifications, preferred_qualifications,
  work_location, work_location_change_scope, job_description_change_scope,
  contract_type, probation_period, work_hours, break_time, holidays,
  salary_min, salary_max, salary_detail, insurance, smoking_policy,
  benefits, remote_policy, selection_process, published_at
) VALUES (
  'd00d0000-0000-0000-0000-000000000003',
  'b0000000-0000-0000-0000-00000000000d',
  'c000d000-0000-0000-0000-000000000001',
  'b1000000-0000-0000-0000-00000000000d',
  'open',
  '社内SE｜基幹システム刷新で製造業のDXを推進',
  'エンジニア',
  '正社員',
  '1名',
  '東和精機ソリューションズの基幹システム（ERP / MES / PLM）の運用・保守および次期基幹システムの刷新プロジェクトを担当していただきます。現行のオンプレミスシステムからクラウドへの移行計画の策定、業務要件の整理と外部ベンダーへの発注管理、社内各部門からの要望のヒアリングと優先順位付けなどが主な業務です。全社的なIT戦略の立案にも参画し、セキュリティポリシーの整備やネットワークインフラの管理も行います。製造業の現場を深く理解した上でIT活用の最適解を提案する、社内のITパートナー的な存在です。',
  '創業50年の安定した経営基盤の上で、基幹システムの刷新という大規模プロジェクトを主導できるチャンスです。製造業のバリューチェーン全体をITの観点で俯瞰できるため、業務知識とIT知識の両方を深められます。経営陣のIT投資への理解が高く、最新のクラウドサービスやSaaSの導入に積極的です。社内SE1人目の採用であり、IT部門の立ち上げを自ら主導できるやりがいがあります。',
  '製造・営業・経理など各部門のシステムが個別最適化されており、データの統合と業務プロセスの標準化が大きなテーマです。レガシーシステムからの移行では、業務を止めずに段階的に進める計画力が求められます。また、ITリテラシーの異なる社員への丁寧なサポートとトレーニングも重要な業務です。',
  '現在は総務部がIT関連業務を兼任しており、専任の社内SE第一号として採用します。経営企画室と連携しながら、全社のIT戦略を推進するポジションです。',
  '基幹システムの導入・運用スキル、製造業の業務プロセス知識、プロジェクトマネジメント力、ベンダーマネジメントのスキルが身につきます。',
  '[]'::jsonb,
  '["社内SE","ERP","クラウド移行","製造業DX","プロジェクトマネジメント","セキュリティ"]'::jsonb,
  '社内SEまたはSIerでのシステム開発・運用経験3年以上。基幹システム（ERP / MES等）の導入または運用経験。',
  '製造業でのIT部門経験。クラウドサービス（AWS / Azure / GCP）の利用経験。プロジェクトマネジメントの実務経験。情報セキュリティの知識。',
  '静岡県浜松市',
  '当面なし',
  '当面なし',
  '無期',
  '入社後6ヶ月（条件変更なし）',
  '8:30〜17:30（実働8時間）',
  '60分',
  '完全週休2日制（土日）、祝日、GW、夏季休暇、年末年始休暇、有給休暇、慶弔休暇',
  450, 750,
  '月給32万円〜53万円。賞与年2回（計4.5ヶ月分）。経験・能力を考慮の上決定。',
  '健康保険、厚生年金、雇用保険、労災保険',
  '屋内原則禁煙（喫煙専用室あり）',
  E'社宅制度（転居を伴う場合）\n退職金制度\n財形貯蓄\n社員食堂あり\n資格取得支援制度',
  '原則出社（週1日在宅勤務可）',
  '書類選考 → 適性検査 → 面接（2回） → 内定',
  now()
) ON CONFLICT DO NOTHING;

-- 0d-4: 人事
INSERT INTO job_postings (
  id, company_id, team_id, created_by, status, title, job_category, employment_type, hiring_count,
  description, appeal_points, challenges, team_description, skills_gained,
  content_blocks, tags,
  required_qualifications, preferred_qualifications,
  work_location, work_location_change_scope, job_description_change_scope,
  contract_type, probation_period, work_hours, break_time, holidays,
  salary_min, salary_max, salary_detail, insurance, smoking_policy,
  benefits, remote_policy, selection_process, published_at
) VALUES (
  'd00d0000-0000-0000-0000-000000000004',
  'b0000000-0000-0000-0000-00000000000d',
  'c000d000-0000-0000-0000-000000000003',
  'b1000000-0000-0000-0000-00000000000d',
  'open',
  '人事｜エンジニア採用強化とタレントマネジメントの仕組み構築',
  '人事',
  '正社員',
  '1名',
  '東和精機ソリューションズの人事部門で、中途採用の企画・運用を中心に、人事制度の設計・運用、研修体系の構築、タレントマネジメントの推進を担当していただきます。特に組込みエンジニアやIoT人材の採用が急務であり、技術者採用のチャネル開拓から選考プロセスの最適化、候補者体験の向上まで一貫して取り組みます。製造業の堅実なブランドイメージを活かしつつ、テクノロジー企業としての新しい採用ブランディングも推進するポジションです。人事データの分析による課題特定や、従業員エンゲージメント施策の企画も担当範囲に含まれます。',
  '製造業のDXを支える人材戦略を立案・実行できるポジションです。エンジニア採用の強化は経営課題であり、経営陣と直接議論しながら採用戦略を練る機会があります。創業50年の安定した事業基盤がありながらも、スマートファクトリー化に伴い組織が大きく変革するフェーズにあり、人事として組織づくりの醍醐味を味わえます。社員200名規模のため一人ひとりの顔が見え、施策の効果を実感しやすい環境です。',
  'エンジニア採用市場は競争が激しく、製造業の人事として技術者にとっての魅力をどう発信するかが大きなチャレンジです。既存の年功序列的な人事制度と成果主義のバランスをどう取るかも重要なテーマです。また、浜松という地方都市での人材確保にはリモートワーク制度の整備や移住支援の仕組みづくりなど、地域特性を踏まえた施策が必要です。',
  '人事総務部6名のうち、採用担当2名・労務担当2名・総務担当2名の構成です。今回は採用担当として参画いただきます。',
  'エンジニア採用のノウハウ、人事制度設計のスキル、製造業の組織開発経験、タレントマネジメントの知見が身につきます。',
  '[]'::jsonb,
  '["人事","採用","エンジニア採用","タレントマネジメント","人事制度","研修"]'::jsonb,
  '人事業務の実務経験3年以上。中途採用の企画・運用の経験。',
  'エンジニア採用の経験。人事制度の設計・運用経験。製造業での人事経験。タレントマネジメントシステムの導入経験。',
  '静岡県浜松市',
  '当面なし',
  '当面なし',
  '無期',
  '入社後6ヶ月（条件変更なし）',
  '8:30〜17:30（実働8時間）',
  '60分',
  '完全週休2日制（土日）、祝日、GW、夏季休暇、年末年始休暇、有給休暇、慶弔休暇',
  400, 650,
  '月給28万円〜46万円。賞与年2回（計4.5ヶ月分）。経験・能力を考慮の上決定。',
  '健康保険、厚生年金、雇用保険、労災保険',
  '屋内原則禁煙（喫煙専用室あり）',
  E'社宅制度（転居を伴う場合）\n退職金制度\n財形貯蓄\n社員食堂あり\n資格取得支援制度',
  '原則出社（週1日在宅勤務可）',
  '書類選考 → 面接（2回） → 内定',
  now()
) ON CONFLICT DO NOTHING;

-- ============================================================
-- トラベルネクスト（旅行・観光 / 京都市）
-- ============================================================

-- 0e-1: フルスタックエンジニア
INSERT INTO job_postings (
  id, company_id, team_id, created_by, status, title, job_category, employment_type, hiring_count,
  description, appeal_points, challenges, team_description, skills_gained,
  content_blocks, tags,
  required_qualifications, preferred_qualifications,
  work_location, work_location_change_scope, job_description_change_scope,
  contract_type, probation_period, work_hours, break_time, holidays,
  salary_min, salary_max, salary_detail, insurance, smoking_policy,
  benefits, remote_policy, selection_process, published_at
) VALUES (
  'd00e0000-0000-0000-0000-000000000001',
  'b0000000-0000-0000-0000-00000000000e',
  'c000e000-0000-0000-0000-000000000001',
  'b1000000-0000-0000-0000-00000000000e',
  'open',
  'フルスタックエンジニア｜旅行者と地域をつなぐプラットフォームを開発',
  'エンジニア',
  '正社員',
  '2名',
  'トラベルネクストが開発する体験型観光プラットフォームのフルスタック開発を担当していただきます。旅行者向けの体験検索・予約フロー、地域の事業者向けの管理画面、AIを活用した旅程提案機能、口コミ・レビューシステム、多言語対応など、プラットフォームの幅広い機能を横断的に開発します。Next.js / TypeScript でのフロントエンド開発と Go / PostgreSQL でのバックエンドAPI開発の両方を担当し、新機能の設計から実装、リリースまで一貫して手がけます。外部API（宿泊施設、交通機関、決済など）との連携開発も重要な業務です。',
  '京都という日本有数の観光地を拠点に、テクノロジーで観光体験を変革するプロダクトに関われます。インバウンド需要の回復により市場が急成長しており、自分たちの開発したプロダクトが外国人旅行者の体験を豊かにする瞬間を間近で感じられます。少人数チームのため技術選定からアーキテクチャ設計まで裁量が大きく、フルスタックに成長できる環境です。京都の町家をリノベーションしたオフィスで働く体験も魅力の一つです。',
  '多言語・多通貨対応や、季節によって大きく変動するトラフィックへの対応が技術的なチャレンジです。また、宿泊施設や交通機関など外部システムとの連携では、各社のAPIの仕様差を吸収する設計力が求められます。旅行ドメインならではの複雑な料金体系（早割、グループ割、シーズン料金など）のモデリングも重要なテーマです。',
  'エンジニアチーム5名で、全員がフルスタック志向を持っています。リモートと出社のハイブリッドワークで、週2回のペアプログラミングセッションを実施しています。',
  'フルスタック開発スキル、多言語・多通貨対応の設計力、外部API連携の実装経験、旅行ドメインの業務知識が身につきます。',
  '[]'::jsonb,
  '["TypeScript","Next.js","Go","PostgreSQL","多言語対応","API連携","旅行テック"]'::jsonb,
  'Webアプリケーション開発経験3年以上。フロントエンド・バックエンドの両方の開発経験。',
  '多言語サイトの開発経験。決済システムの連携開発経験。Go / TypeScriptでの開発経験。旅行・観光業界での開発経験。',
  '京都府京都市（リモート併用可）',
  '当面なし',
  '当面なし',
  '無期',
  '入社後3ヶ月（条件変更なし）',
  'フレックスタイム制（コアタイム10:00〜15:00）標準労働時間8時間',
  '60分',
  '完全週休2日制（土日祝）、年末年始休暇、有給休暇（入社半年後10日付与）、慶弔休暇、産前産後休暇、育児休暇',
  500, 850,
  '月給42万円〜71万円（固定残業代40時間分を含む）。経験・能力を考慮の上決定。',
  '健康保険、厚生年金、雇用保険、労災保険',
  '屋内原則禁煙（喫煙専用室あり）',
  E'リモートワーク手当月2万円\n旅行体験手当（年10万円）\n書籍購入費補助\n副業OK',
  'リモート併用（週2日出社）',
  '書類選考 → 技術面接 → 最終面接 → 内定',
  now()
) ON CONFLICT DO NOTHING;

-- 0e-2: デザイナー
INSERT INTO job_postings (
  id, company_id, team_id, created_by, status, title, job_category, employment_type, hiring_count,
  description, appeal_points, challenges, team_description, skills_gained,
  content_blocks, tags,
  required_qualifications, preferred_qualifications,
  work_location, work_location_change_scope, job_description_change_scope,
  contract_type, probation_period, work_hours, break_time, holidays,
  salary_min, salary_max, salary_detail, insurance, smoking_policy,
  benefits, remote_policy, selection_process, published_at
) VALUES (
  'd00e0000-0000-0000-0000-000000000002',
  'b0000000-0000-0000-0000-00000000000e',
  'c000e000-0000-0000-0000-000000000002',
  'b1000000-0000-0000-0000-00000000000e',
  'open',
  'プロダクトデザイナー｜旅行体験をデザインの力で最高の思い出に',
  'デザイナー',
  '正社員',
  '1名',
  '体験型観光プラットフォームのUI/UXデザインを担当していただきます。旅行者が体験を検索・比較・予約するまでのフロー設計、AI旅程提案のインタラクションデザイン、口コミ投稿・閲覧のUX改善、多言語対応のデザイン最適化など、プロダクト全体のユーザー体験を設計します。京都の文化や美意識をデジタルプロダクトに落とし込むビジュアルデザインも重要な業務です。ユーザーリサーチの企画・実施からプロトタイピング、UIデザイン、エンジニアとの実装連携まで一貫して担当します。旅行者の感動体験を起点としたデザインアプローチを大切にしています。',
  '旅行という感情的な体験をテクノロジーで拡張するデザインに取り組めるポジションです。京都の美意識や伝統文化をプロダクトデザインに活かすユニークなチャレンジがあります。実際に京都の観光体験に参加してユーザーリサーチを行う機会が豊富にあり、現場でのインサイトをデザインに反映できる環境です。海外旅行者のユーザーテストも定期的に実施しており、グローバルなデザイン経験を積めます。',
  '多言語対応では、日本語・英語・中国語・韓国語で文字数やレイアウトが大きく異なるため、柔軟なUI設計が求められます。また、旅行中のユーザーはスマートフォンでの利用が大半であり、モバイルファーストのデザインが前提です。地域の事業者は必ずしもITリテラシーが高くないため、管理画面のUXにも特別な配慮が必要です。',
  'デザインチーム3名で、プロダクトデザイン・ブランドデザイン・リサーチを分担しています。エンジニアチームとの週次デザインレビューで品質を担保しています。',
  '多言語対応のUIデザインスキル、旅行ドメインのUXデザイン力、ユーザーリサーチの企画・実施スキル、モバイルファーストのデザイン力が身につきます。',
  '[]'::jsonb,
  '["UIデザイン","UXリサーチ","Figma","多言語デザイン","モバイルファースト","旅行テック"]'::jsonb,
  'WebサービスのUI/UXデザイン経験3年以上。Figmaでのデザイン実務経験。ユーザーリサーチの経験。',
  '多言語サイトのデザイン経験。旅行・観光業界でのデザイン経験。モーションデザインの経験。フロントエンドの基礎知識。',
  '京都府京都市（リモート併用可）',
  '当面なし',
  '当面なし',
  '無期',
  '入社後3ヶ月（条件変更なし）',
  'フレックスタイム制（コアタイム10:00〜15:00）標準労働時間8時間',
  '60分',
  '完全週休2日制（土日祝）、年末年始休暇、有給休暇（入社半年後10日付与）、慶弔休暇、産前産後休暇、育児休暇',
  450, 750,
  '月給38万円〜63万円（固定残業代40時間分を含む）。経験・能力を考慮の上決定。',
  '健康保険、厚生年金、雇用保険、労災保険',
  '屋内原則禁煙（喫煙専用室あり）',
  E'リモートワーク手当月2万円\n旅行体験手当（年10万円）\n書籍購入費補助\n副業OK',
  'リモート併用（週2日出社）',
  '書類選考 → ポートフォリオレビュー → デザイン課題 → 最終面接 → 内定',
  now()
) ON CONFLICT DO NOTHING;

-- 0e-3: セールス
INSERT INTO job_postings (
  id, company_id, team_id, created_by, status, title, job_category, employment_type, hiring_count,
  description, appeal_points, challenges, team_description, skills_gained,
  content_blocks, tags,
  required_qualifications, preferred_qualifications,
  work_location, work_location_change_scope, job_description_change_scope,
  contract_type, probation_period, work_hours, break_time, holidays,
  salary_min, salary_max, salary_detail, insurance, smoking_policy,
  benefits, remote_policy, selection_process, published_at
) VALUES (
  'd00e0000-0000-0000-0000-000000000003',
  'b0000000-0000-0000-0000-00000000000e',
  'c000e000-0000-0000-0000-000000000003',
  'b1000000-0000-0000-0000-00000000000e',
  'open',
  '法人セールス｜地域の観光事業者とプラットフォームをつなぐ架け橋',
  'セールス',
  '正社員',
  '2名',
  '体験型観光プラットフォームへの掲載事業者の新規開拓と既存事業者のフォローアップを担当していただきます。旅館・ホテル、体験アクティビティ事業者、地域の飲食店、交通事業者など多様な観光関連事業者に対して、プラットフォームの価値提案と導入支援を行います。地域の観光協会や自治体との連携による地域全体での導入推進も重要な業務です。事業者のデジタル化支援として、写真撮影のアドバイスや掲載コンテンツの改善提案、予約管理のサポートまで幅広く伴走します。京都を中心に関西エリアのエリア拡大を推進するポジションです。',
  '京都という世界有数の観光地でのセールス活動は、歴史ある事業者との出会いに満ちています。テクノロジーの力で地域の魅力を世界に届ける仕事は社会的意義が大きく、やりがいを感じやすいポジションです。事業者の売上向上というわかりやすい成果指標があり、自分の提案がビジネスに直結する実感があります。観光業界のDX支援は成長市場であり、この分野でのキャリアは今後さらに価値が高まります。',
  '観光事業者にはITリテラシーに幅があるため、事業者ごとに提案のアプローチを変える柔軟性が求められます。特に老舗旅館などは伝統を大切にする文化があり、デジタルツールの導入には丁寧な説明と信頼構築が不可欠です。また、繁忙期と閑散期の差が大きい観光業界の特性を理解した上で、適切なタイミングでの提案が重要です。',
  'ビジネスチーム5名で、セールス3名・カスタマーサクセス2名の構成です。全員が旅行好きで、実際に事業者の体験プログラムに参加する文化があります。',
  '観光業界のセールスノウハウ、地域事業者との関係構築スキル、BtoB SaaSの営業力、地域経済に関する知見が身につきます。',
  '[]'::jsonb,
  '["法人営業","観光業界","SaaS","新規開拓","事業者支援","インバウンド"]'::jsonb,
  '法人向け営業経験2年以上。新規開拓営業の経験。',
  '旅行・観光業界での営業経験。SaaSプロダクトの営業経験。地域活性化に関わる業務経験。英語でのコミュニケーション力。',
  '京都府京都市（外勤あり）',
  '当面なし',
  '当面なし',
  '無期',
  '入社後3ヶ月（条件変更なし）',
  'フレックスタイム制（コアタイム10:00〜15:00）標準労働時間8時間',
  '60分',
  '完全週休2日制（土日祝）、年末年始休暇、有給休暇（入社半年後10日付与）、慶弔休暇、産前産後休暇、育児休暇',
  400, 700,
  '月給33万円〜58万円（固定残業代40時間分を含む）。インセンティブ制度あり。経験・能力を考慮の上決定。',
  '健康保険、厚生年金、雇用保険、労災保険',
  '屋内原則禁煙（喫煙専用室あり）',
  E'リモートワーク手当月2万円\n旅行体験手当（年10万円）\n交通費全額支給\n副業OK',
  'リモート併用（外勤中心）',
  '書類選考 → 一次面接 → 最終面接 → 内定',
  now()
) ON CONFLICT DO NOTHING;

-- 0e-4: マーケティング
INSERT INTO job_postings (
  id, company_id, team_id, created_by, status, title, job_category, employment_type, hiring_count,
  description, appeal_points, challenges, team_description, skills_gained,
  content_blocks, tags,
  required_qualifications, preferred_qualifications,
  work_location, work_location_change_scope, job_description_change_scope,
  contract_type, probation_period, work_hours, break_time, holidays,
  salary_min, salary_max, salary_detail, insurance, smoking_policy,
  benefits, remote_policy, selection_process, published_at
) VALUES (
  'd00e0000-0000-0000-0000-000000000004',
  'b0000000-0000-0000-0000-00000000000e',
  'c000e000-0000-0000-0000-000000000003',
  'b1000000-0000-0000-0000-00000000000e',
  'open',
  'コンテンツマーケター｜日本の旅行体験を世界に発信するメディア戦略',
  'マーケティング',
  '正社員',
  '1名',
  'インバウンド旅行者をターゲットとしたコンテンツマーケティング全般を担当していただきます。SEO記事の企画・執筆・編集、SNS（Instagram / YouTube / TikTok）の運用戦略策定と実行、メールマーケティングのシナリオ設計、オウンドメディアの編集長的なポジションで、日本の観光体験の魅力を多言語で世界に発信します。取材を通じて地域の事業者との関係構築も行い、コンテンツ制作とビジネス開発の両面で活躍いただきます。Google AnalyticsやSNS分析ツールを活用したデータドリブンなコンテンツ改善にも取り組みます。',
  '京都をはじめとする日本の観光地を取材し、その魅力をコンテンツとして発信する仕事です。実際に体験を取材して記事や動画を制作する機会が豊富にあり、クリエイティブな表現力を存分に発揮できます。多言語コンテンツの企画・制作を通じてグローバルなマーケティング経験を積めます。インバウンド市場の成長に伴い、自分が発信したコンテンツを通じて外国人旅行者の日本体験が豊かになる手応えを感じられます。',
  '多言語コンテンツの品質管理が大きなチャレンジです。英語・中国語・韓国語のコンテンツは翻訳ではなく、各言語圏の旅行者の関心に合わせた独自の切り口が求められます。また、SEOとSNSでは求められるコンテンツの性質が異なるため、チャネルごとに最適化した戦略立案が必要です。限られた制作リソースの中でコンテンツの量と質を両立させる工夫も求められます。',
  'マーケティングチーム3名で、コンテンツ制作・広告運用・PR広報を分担しています。ライター・カメラマンの外部パートナーとも連携しています。',
  '多言語コンテンツマーケティングのスキル、SEO・SNS運用の実践力、観光業界のマーケティング知見、編集・ディレクションのスキルが身につきます。',
  '[]'::jsonb,
  '["コンテンツマーケティング","SEO","SNS運用","多言語","インバウンド","観光","メディア"]'::jsonb,
  'コンテンツマーケティングの実務経験3年以上。SEO施策の企画・実行経験。記事の企画・執筆・編集の経験。',
  '旅行・観光業界でのマーケティング経験。多言語コンテンツの制作経験。動画コンテンツの企画・制作経験。英語ビジネスレベル。',
  '京都府京都市（リモート併用可）',
  '当面なし',
  '当面なし',
  '無期',
  '入社後3ヶ月（条件変更なし）',
  'フレックスタイム制（コアタイム10:00〜15:00）標準労働時間8時間',
  '60分',
  '完全週休2日制（土日祝）、年末年始休暇、有給休暇（入社半年後10日付与）、慶弔休暇、産前産後休暇、育児休暇',
  400, 700,
  '月給33万円〜58万円（固定残業代40時間分を含む）。経験・能力を考慮の上決定。',
  '健康保険、厚生年金、雇用保険、労災保険',
  '屋内原則禁煙（喫煙専用室あり）',
  E'リモートワーク手当月2万円\n旅行体験手当（年10万円）\n書籍購入費補助\n副業OK',
  'リモート併用（週2日出社）',
  '書類選考 → ポートフォリオ・実績提出 → 面接（2回） → 内定',
  now()
) ON CONFLICT DO NOTHING;

-- ============================================================
-- サイバーフォートレス（セキュリティ / 千代田区）
-- ============================================================

-- 0f-1: セキュリティエンジニア
INSERT INTO job_postings (
  id, company_id, team_id, created_by, status, title, job_category, employment_type, hiring_count,
  description, appeal_points, challenges, team_description, skills_gained,
  content_blocks, tags,
  required_qualifications, preferred_qualifications,
  work_location, work_location_change_scope, job_description_change_scope,
  contract_type, probation_period, work_hours, break_time, holidays,
  salary_min, salary_max, salary_detail, insurance, smoking_policy,
  benefits, remote_policy, selection_process, published_at
) VALUES (
  'd00f0000-0000-0000-0000-000000000001',
  'b0000000-0000-0000-0000-00000000000f',
  'c000f000-0000-0000-0000-000000000001',
  'b1000000-0000-0000-0000-00000000000f',
  'open',
  'セキュリティエンジニア｜脆弱性診断とペネトレーションテストで企業を守る',
  'エンジニア',
  '正社員',
  '2名',
  'クライアント企業のWebアプリケーション・ネットワーク・クラウド環境に対する脆弱性診断およびペネトレーションテストを実施していただきます。診断計画の策定から実施、報告書の作成、改善提案まで一貫して担当します。OWASP Top 10に基づくWebアプリケーション診断、AWS / Azure / GCPのクラウドセキュリティ評価、社内ネットワークへの侵入テスト、ソーシャルエンジニアリング評価など、幅広い診断メニューに対応します。最新の攻撃手法の調査・研究も業務の一環であり、CTFや技術カンファレンスへの参加を積極的に推奨しています。',
  '国内大手企業を中心に年間200件以上の診断実績を持つプロフェッショナルチームの一員として、多様な技術環境でのセキュリティ評価経験を積めます。最新の攻撃手法と防御技術を常にキャッチアップする文化があり、CTF参加やセキュリティカンファレンスでの発表も業務時間内で支援しています。診断ツールの自社開発も行っており、攻撃側と防御側の両方の視点を深められる環境です。セキュリティ資格の取得費用は全額会社負担で、OSCP / GPEN等の高難度資格にも挑戦できます。',
  'クライアントごとに技術スタックが異なるため、幅広い技術知識が求められます。限られた診断期間の中で効率的にクリティカルな脆弱性を発見する集中力と、経営層にも伝わるレポートを作成する文章力の両方が必要です。また、セキュリティ業界は攻撃手法の進化が速いため、常に学び続ける姿勢が不可欠です。ゼロデイ脆弱性の発見と責任ある開示のプロセスも経験できます。',
  'セキュリティ診断チーム10名で、Web / ネットワーク / クラウドの専門領域ごとにチームを分けながらも、案件に応じて横断的に対応する柔軟な体制です。全員がCTFプレイヤーです。',
  'ペネトレーションテストの実践スキル、脆弱性診断の方法論、セキュリティレポートの作成力、最新の攻撃技術の知識が身につきます。',
  '[]'::jsonb,
  '["セキュリティ","ペネトレーションテスト","脆弱性診断","OWASP","CTF","クラウドセキュリティ"]'::jsonb,
  'セキュリティ診断またはペネトレーションテストの実務経験2年以上。Webアプリケーションのセキュリティに関する知識。',
  'OSCP / GPEN / CEH等のセキュリティ資格。CTFでの入賞実績。バグバウンティプログラムでの報告実績。プログラミング（Python / Go等）のスキル。',
  '東京都千代田区（リモート併用可）',
  '当面なし',
  '当面なし',
  '無期',
  '入社後3ヶ月（条件変更なし）',
  'フレックスタイム制（コアタイムなし）標準労働時間8時間',
  '60分',
  '完全週休2日制（土日祝）、年末年始休暇、有給休暇（入社半年後10日付与）、慶弔休暇、産前産後休暇、育児休暇',
  550, 1000,
  '月給46万円〜83万円（固定残業代45時間分を含む）。経験・能力を考慮の上決定。',
  '健康保険、厚生年金、雇用保険、労災保険',
  '屋内原則禁煙（喫煙専用室あり）',
  E'セキュリティ資格取得費全額補助\nCTF・カンファレンス参加費補助\n書籍購入費全額補助\n副業OK',
  'リモート併用（週1〜2日出社）',
  '書類選考 → 技術面接（CTF形式の課題含む） → 最終面接 → 内定',
  now()
) ON CONFLICT DO NOTHING;

-- 0f-2: セキュリティコンサルタント
INSERT INTO job_postings (
  id, company_id, team_id, created_by, status, title, job_category, employment_type, hiring_count,
  description, appeal_points, challenges, team_description, skills_gained,
  content_blocks, tags,
  required_qualifications, preferred_qualifications,
  work_location, work_location_change_scope, job_description_change_scope,
  contract_type, probation_period, work_hours, break_time, holidays,
  salary_min, salary_max, salary_detail, insurance, smoking_policy,
  benefits, remote_policy, selection_process, published_at
) VALUES (
  'd00f0000-0000-0000-0000-000000000002',
  'b0000000-0000-0000-0000-00000000000f',
  'c000f000-0000-0000-0000-000000000002',
  'b1000000-0000-0000-0000-00000000000f',
  'open',
  'セキュリティコンサルタント｜企業のセキュリティ戦略を設計・実行',
  'その他',
  '正社員',
  '1名',
  'クライアント企業のセキュリティ戦略策定から実装支援までを担当するコンサルティングポジションです。情報セキュリティマネジメントシステム（ISMS）の構築支援、セキュリティポリシーの策定、インシデントレスポンス計画の設計、セキュリティ教育プログラムの開発、コンプライアンス対応（GDPR / 個人情報保護法 / PCI DSS等）の支援など、組織のセキュリティ体制全体をコンサルティングします。経営層へのセキュリティリスク報告やセキュリティ投資のROI算出など、ビジネス視点でのセキュリティ推進も重要な業務です。',
  '金融機関、医療機関、大手製造業など多様な業界のクライアントを担当するため、業界横断のセキュリティ知見を短期間で蓄積できます。技術的な診断チームと密に連携するため、技術とマネジメントの両面からセキュリティを理解できる稀有な環境です。クライアントの経営層と直接対話する機会が多く、ビジネスとセキュリティの橋渡し役として成長できます。セキュリティ業界のトップクラスの人材と日常的に知見を交換できるネットワークも魅力です。',
  'セキュリティの専門知識を非技術者にもわかりやすく伝えるコミュニケーション力が不可欠です。クライアントのビジネス目標とセキュリティ要件のバランスを取る提案力、規制環境の変化に素早く対応する情報収集力も求められます。複数のプロジェクトを同時に推進するマルチタスク能力と、クライアントの信頼を勝ち取る人間力も重要です。',
  'コンサルティングチーム6名で、各メンバーが専門領域を持ちつつ案件に応じて柔軟にチームを組成しています。診断チームとの定期的なナレッジ共有会を実施しています。',
  'セキュリティコンサルティングのスキル、ISMS構築の実践力、経営層へのリスクコミュニケーション力、コンプライアンス対応の知見が身につきます。',
  '[]'::jsonb,
  '["セキュリティコンサル","ISMS","GDPR","PCI DSS","リスクマネジメント","コンプライアンス"]'::jsonb,
  'セキュリティコンサルティングまたはIT監査の実務経験3年以上。ISMS / ISO27001の知識。',
  'CISSP / CISM等のセキュリティマネジメント資格。金融・医療等の規制業種でのコンサルティング経験。GDPR / PCI DSS対応の実績。プロジェクトマネジメントの経験。',
  '東京都千代田区（リモート併用可）',
  '当面なし',
  '当面なし',
  '無期',
  '入社後3ヶ月（条件変更なし）',
  'フレックスタイム制（コアタイムなし）標準労働時間8時間',
  '60分',
  '完全週休2日制（土日祝）、年末年始休暇、有給休暇（入社半年後10日付与）、慶弔休暇、産前産後休暇、育児休暇',
  600, 1100,
  '月給50万円〜92万円（固定残業代45時間分を含む）。経験・能力を考慮の上決定。',
  '健康保険、厚生年金、雇用保険、労災保険',
  '屋内原則禁煙（喫煙専用室あり）',
  E'セキュリティ資格取得費全額補助\nカンファレンス参加費補助\n書籍購入費全額補助\n副業OK',
  'リモート併用（週1〜2日出社）',
  '書類選考 → ケース面接 → 最終面接 → 内定',
  now()
) ON CONFLICT DO NOTHING;

-- 0f-3: SOCアナリスト
INSERT INTO job_postings (
  id, company_id, team_id, created_by, status, title, job_category, employment_type, hiring_count,
  description, appeal_points, challenges, team_description, skills_gained,
  content_blocks, tags,
  required_qualifications, preferred_qualifications,
  work_location, work_location_change_scope, job_description_change_scope,
  contract_type, probation_period, work_hours, break_time, holidays,
  salary_min, salary_max, salary_detail, insurance, smoking_policy,
  benefits, remote_policy, selection_process, published_at
) VALUES (
  'd00f0000-0000-0000-0000-000000000003',
  'b0000000-0000-0000-0000-00000000000f',
  'c000f000-0000-0000-0000-000000000001',
  'b1000000-0000-0000-0000-00000000000f',
  'open',
  'SOCアナリスト｜24時間体制のセキュリティ監視でサイバー攻撃を検知・対処',
  'エンジニア',
  '正社員',
  '2名',
  'クライアント企業のネットワーク・エンドポイント・クラウド環境を24時間体制で監視し、サイバー攻撃の検知・分析・対応を行うSOC（Security Operations Center）アナリストのポジションです。SIEM / EDR / NDRからのアラートのトリアージ、インシデントの初動対応、マルウェア解析、脅威インテリジェンスに基づく先行的な防御策の提案などが主な業務です。また、検知ルールの作成・チューニング、SOC運用プロセスの改善、インシデント対応手順書の整備にも取り組みます。日勤帯と夜勤帯のローテーション体制で、チームで連携しながらクライアントの環境を守り続けます。',
  'リアルなサイバー攻撃と日常的に対峙するため、教科書では学べない実践的なスキルが身につくポジションです。国内大手企業の環境を監視するため、APTグループによる標的型攻撃からランサムウェア、フィッシングまで多様な脅威に対応する経験を積めます。脅威インテリジェンスチームとの連携により、最新の攻撃動向をいち早くキャッチアップできる環境です。SOCの自動化やAIを活用した検知精度向上にも取り組んでおり、先端技術の活用にも積極的です。',
  'アラートの大量発生時に優先順位を素早く判断するトリアージ能力が求められます。また、正常な通信と攻撃通信を区別する深い技術知識と、クライアントの業務環境を理解した上での分析力が不可欠です。シフト勤務のため生活リズムの管理も重要なテーマです。緊張感のある環境で冷静に対処する判断力と、チーム内での正確な引き継ぎコミュニケーションも求められます。',
  'SOCチーム15名で、日勤・夜勤のローテーションを組んでいます。Tier 1（アラート対応）からTier 3（高度分析）まで段階的にスキルアップできる育成体制があります。',
  'セキュリティ監視の実践スキル、インシデントレスポンスの対応力、SIEM / EDRの運用スキル、マルウェア解析の基礎知識が身につきます。',
  '[]'::jsonb,
  '["SOC","SIEM","EDR","インシデント対応","脅威インテリジェンス","マルウェア解析"]'::jsonb,
  'ITインフラまたはセキュリティの実務経験2年以上。ネットワークの基礎知識（TCP/IP, DNS, HTTP等）。',
  'SOC / CSIRTでの勤務経験。SIEM（Splunk / QRadar等）の運用経験。セキュリティ関連資格（CompTIA Security+ / CEH等）。ログ分析の経験。',
  '東京都千代田区',
  '当面なし',
  '当面なし',
  '無期',
  '入社後3ヶ月（条件変更なし）',
  'シフト制（日勤9:00〜18:00 / 夜勤21:00〜6:00）実働8時間',
  '60分',
  '4週8休（シフトによる）、有給休暇（入社半年後10日付与）、慶弔休暇、産前産後休暇、育児休暇',
  450, 800,
  '月給38万円〜67万円（深夜手当別途支給）。経験・能力を考慮の上決定。',
  '健康保険、厚生年金、雇用保険、労災保険',
  '屋内原則禁煙（喫煙専用室あり）',
  E'セキュリティ資格取得費全額補助\nカンファレンス参加費補助\n書籍購入費全額補助\n深夜勤務手当',
  '原則出社（SOC勤務）',
  '書類選考 → 技術面接 → 最終面接 → 内定',
  now()
) ON CONFLICT DO NOTHING;

-- 0f-4: セールス
INSERT INTO job_postings (
  id, company_id, team_id, created_by, status, title, job_category, employment_type, hiring_count,
  description, appeal_points, challenges, team_description, skills_gained,
  content_blocks, tags,
  required_qualifications, preferred_qualifications,
  work_location, work_location_change_scope, job_description_change_scope,
  contract_type, probation_period, work_hours, break_time, holidays,
  salary_min, salary_max, salary_detail, insurance, smoking_policy,
  benefits, remote_policy, selection_process, published_at
) VALUES (
  'd00f0000-0000-0000-0000-000000000004',
  'b0000000-0000-0000-0000-00000000000f',
  'c000f000-0000-0000-0000-000000000003',
  'b1000000-0000-0000-0000-00000000000f',
  'open',
  'セキュリティセールス｜企業の経営課題としてのセキュリティを提案',
  'セールス',
  '正社員',
  '1名',
  'サイバーフォートレスのセキュリティサービス（脆弱性診断、SOC監視、コンサルティング、インシデント対応支援）の法人営業を担当していただきます。新規クライアントの開拓から既存クライアントのアカウントマネジメントまでを一貫して行います。クライアントのIT部門・経営層に対して、セキュリティリスクを経営課題として可視化し、最適なサービスの組み合わせを提案するコンサルティング営業です。技術チームと連携して提案書を作成し、PoC（概念実証）の調整、契約交渉、導入後のフォローアップまで幅広く担当します。',
  'セキュリティ市場は年率10%以上で成長しており、営業としてのキャリアパスが非常に広いポジションです。技術力の高いエンジニアチームをバックに、自信を持って提案できる環境があります。クライアントの経営層と直接対話する機会が多く、ビジネスパーソンとして大きく成長できます。セキュリティの専門知識は入社後に身につけられる研修制度が整っており、IT営業の経験があれば業界未経験でも活躍できます。',
  'セキュリティサービスは「事故が起きなければ価値が見えにくい」という特性があり、ROIを明確に示す提案力が求められます。また、クライアントの技術環境を理解した上で最適なサービスを提案するために、技術的な基礎知識の習得が不可欠です。競合も多い市場のため、サイバーフォートレスの技術力と実績を差別化要因として効果的に訴求する営業戦略の立案も重要です。',
  'セールスチーム5名で、アカウント規模別に担当を分けています。技術チームとの連携が密で、提案段階からエンジニアが同席する体制です。',
  'セキュリティ業界のセールスノウハウ、経営層へのコンサルティング営業スキル、IT業界のビジネス知識が身につきます。',
  '[]'::jsonb,
  '["法人営業","セキュリティ","コンサルティング営業","SaaS","IT業界","アカウントマネジメント"]'::jsonb,
  'IT業界での法人営業経験3年以上。新規開拓とアカウントマネジメントの両方の経験。',
  'セキュリティ業界での営業経験。大手企業への提案営業経験。技術的なバックグラウンド。CRM（Salesforce等）の活用経験。',
  '東京都千代田区（リモート併用可）',
  '当面なし',
  '当面なし',
  '無期',
  '入社後3ヶ月（条件変更なし）',
  'フレックスタイム制（コアタイムなし）標準労働時間8時間',
  '60分',
  '完全週休2日制（土日祝）、年末年始休暇、有給休暇（入社半年後10日付与）、慶弔休暇、産前産後休暇、育児休暇',
  500, 900,
  '月給42万円〜75万円（固定残業代45時間分を含む）。インセンティブ制度あり。経験・能力を考慮の上決定。',
  '健康保険、厚生年金、雇用保険、労災保険',
  '屋内原則禁煙（喫煙専用室あり）',
  E'セキュリティ資格取得費補助\n書籍購入費全額補助\n交通費全額支給\n副業OK',
  'リモート併用（週2日出社）',
  '書類選考 → 一次面接 → 最終面接 → 内定',
  now()
) ON CONFLICT DO NOTHING;

-- ============================================================
-- フードクラフト（フードテック / 福岡市）
-- ============================================================

-- 10-1: バックエンドエンジニア
INSERT INTO job_postings (
  id, company_id, team_id, created_by, status, title, job_category, employment_type, hiring_count,
  description, appeal_points, challenges, team_description, skills_gained,
  content_blocks, tags,
  required_qualifications, preferred_qualifications,
  work_location, work_location_change_scope, job_description_change_scope,
  contract_type, probation_period, work_hours, break_time, holidays,
  salary_min, salary_max, salary_detail, insurance, smoking_policy,
  benefits, remote_policy, selection_process, published_at
) VALUES (
  'd0100000-0000-0000-0000-000000000001',
  'b0000000-0000-0000-0000-000000000010',
  'c0010000-0000-0000-0000-000000000001',
  'b1000000-0000-0000-0000-000000000010',
  'open',
  'バックエンドエンジニア｜食品流通をDXするサプライチェーンAPIを設計',
  'エンジニア',
  '正社員',
  '1〜2名',
  'フードクラフトが開発する食品サプライチェーン管理プラットフォームのバックエンドAPI開発を担当していただきます。生産者から飲食店・小売店までの食品流通をデジタル化するシステムで、在庫管理、受発注処理、配送ルート最適化、食品トレーサビリティ、賞味期限管理などの機能を開発します。IoTセンサーとの連携による温度・湿度の監視データ処理や、需要予測AIとの連携APIの設計も重要な業務です。食品ロス削減という社会課題の解決にテクノロジーで直接貢献できるポジションです。',
  'フードテック市場は急成長しており、特に食品サプライチェーンのDXは社会的な注目度が高い分野です。福岡は食の都としてのブランド力があり、地元の生産者や飲食店との距離が近いため、ユーザーの声を直接聞きながら開発できます。少人数チームのため技術選定からアーキテクチャ設計まで裁量が大きく、エンジニアとしての成長機会が豊富です。食品ロス削減という明確な社会的ミッションがあり、仕事の意義を実感しやすい環境です。',
  '食品流通は温度管理や賞味期限管理など、一般的な物流システムよりも厳格な制約条件があり、システムの信頼性が強く求められます。多数の取引先との受発注データの正確な同期処理、配送ルートのリアルタイム最適化、需要予測の精度向上など、技術的に奥深いチャレンジが多くあります。また、ITリテラシーの異なる事業者が利用するため、APIの堅牢さと使いやすさの両立も重要です。',
  'エンジニアチーム4名で、バックエンド2名・フロントエンド1名・インフラ1名の構成です。全員がフードテックへの情熱を持ち、プロダクトの成長に向けて日々議論しています。',
  'サプライチェーン管理システムの設計スキル、IoTデータ処理の実装力、食品業界のドメイン知識、需要予測との連携開発の経験が身につきます。',
  '[]'::jsonb,
  '["Go","PostgreSQL","AWS","IoT","サプライチェーン","フードテック","API設計"]'::jsonb,
  'バックエンド開発経験3年以上（Go / Python / Java等）。RDBMSを用いた開発の実務経験。',
  '物流・サプライチェーン関連のシステム開発経験。IoTシステムとの連携開発経験。AWSでのインフラ構築経験。食品業界のドメイン知識。',
  '福岡県福岡市（リモート併用可）',
  '当面なし',
  '当面なし',
  '無期',
  '入社後3ヶ月（条件変更なし）',
  'フレックスタイム制（コアタイム10:00〜15:00）標準労働時間8時間',
  '60分',
  '完全週休2日制（土日祝）、年末年始休暇、有給休暇（入社半年後10日付与）、慶弔休暇、産前産後休暇、育児休暇',
  500, 850,
  '月給42万円〜71万円（固定残業代40時間分を含む）。経験・能力を考慮の上決定。',
  '健康保険、厚生年金、雇用保険、労災保険',
  '屋内原則禁煙（喫煙専用室あり）',
  E'リモートワーク手当月2万円\n食事補助（提携飲食店で社割）\n書籍購入費補助\n副業OK',
  'リモート併用（週2日出社）',
  '書類選考 → 技術面接 → 最終面接 → 内定',
  now()
) ON CONFLICT DO NOTHING;

-- 10-2: デザイナー
INSERT INTO job_postings (
  id, company_id, team_id, created_by, status, title, job_category, employment_type, hiring_count,
  description, appeal_points, challenges, team_description, skills_gained,
  content_blocks, tags,
  required_qualifications, preferred_qualifications,
  work_location, work_location_change_scope, job_description_change_scope,
  contract_type, probation_period, work_hours, break_time, holidays,
  salary_min, salary_max, salary_detail, insurance, smoking_policy,
  benefits, remote_policy, selection_process, published_at
) VALUES (
  'd0100000-0000-0000-0000-000000000002',
  'b0000000-0000-0000-0000-000000000010',
  'c0010000-0000-0000-0000-000000000002',
  'b1000000-0000-0000-0000-000000000010',
  'open',
  'プロダクトデザイナー｜食の流通を変えるUXをゼロから設計',
  'デザイナー',
  '正社員',
  '1名',
  '食品サプライチェーン管理プラットフォームのUI/UXデザインを担当していただきます。生産者が直感的に使える出荷管理画面、飲食店オーナーが効率的に発注できるモバイルUI、配送ステータスのリアルタイム可視化、食品トレーサビリティの消費者向け表示など、多様なユーザーに向けたインターフェースを設計します。ユーザーリサーチのために実際に農家や飲食店を訪問し、現場の課題を肌で感じながらデザインに落とし込む機会が豊富にあります。BtoBのプロダクトでありながら、最終的には消費者の食体験を豊かにするデザインを目指しています。',
  'フードテック領域でプロダクトデザインをゼロから手がけられる貴重なポジションです。デザインシステムの構築からユーザーリサーチ、プロトタイピングまで一貫して担当できます。実際に生産者の畑や飲食店の厨房を訪問してリサーチを行うなど、デスクワークだけでは得られないインサイトを得る機会が豊富です。福岡のフードシーンは全国屈指の多様性があり、食に関わるデザインのインスピレーションに溢れた環境です。',
  'ITリテラシーが大きく異なるユーザー（農家のベテラン、飲食店オーナー、配送ドライバーなど）全員が迷わず使えるUIを設計することが最大のチャレンジです。また、食品流通特有の複雑なデータ（ロット番号、温度履歴、賞味期限など）をわかりやすく可視化するスキルも求められます。限られたリソースの中でデザインの質と開発スピードを両立させる工夫も必要です。',
  '現在エンジニアチームにデザイン兼務のメンバーがいますが、専任デザイナー第一号として採用します。プロダクトの見た目と使い勝手を根本から変える影響力のあるポジションです。',
  'BtoB SaaSのプロダクトデザインスキル、フィールドリサーチの企画・実施力、デザインシステムの構築スキル、食品業界のUX知識が身につきます。',
  '[]'::jsonb,
  '["UIデザイン","UXリサーチ","Figma","デザインシステム","フードテック","BtoB"]'::jsonb,
  'WebサービスのUI/UXデザイン経験3年以上。Figmaでのデザイン実務経験。',
  'BtoB SaaSのデザイン経験。ユーザーリサーチの企画・実施経験。デザインシステムの構築経験。フロントエンドの基礎知識。',
  '福岡県福岡市（リモート併用可）',
  '当面なし',
  '当面なし',
  '無期',
  '入社後3ヶ月（条件変更なし）',
  'フレックスタイム制（コアタイム10:00〜15:00）標準労働時間8時間',
  '60分',
  '完全週休2日制（土日祝）、年末年始休暇、有給休暇（入社半年後10日付与）、慶弔休暇、産前産後休暇、育児休暇',
  400, 700,
  '月給33万円〜58万円（固定残業代40時間分を含む）。経験・能力を考慮の上決定。',
  '健康保険、厚生年金、雇用保険、労災保険',
  '屋内原則禁煙（喫煙専用室あり）',
  E'リモートワーク手当月2万円\n食事補助（提携飲食店で社割）\n書籍購入費補助\n副業OK',
  'リモート併用（週2日出社）',
  '書類選考 → ポートフォリオレビュー → デザイン課題 → 最終面接 → 内定',
  now()
) ON CONFLICT DO NOTHING;

-- 10-3: セールス
INSERT INTO job_postings (
  id, company_id, team_id, created_by, status, title, job_category, employment_type, hiring_count,
  description, appeal_points, challenges, team_description, skills_gained,
  content_blocks, tags,
  required_qualifications, preferred_qualifications,
  work_location, work_location_change_scope, job_description_change_scope,
  contract_type, probation_period, work_hours, break_time, holidays,
  salary_min, salary_max, salary_detail, insurance, smoking_policy,
  benefits, remote_policy, selection_process, published_at
) VALUES (
  'd0100000-0000-0000-0000-000000000003',
  'b0000000-0000-0000-0000-000000000010',
  'c0010000-0000-0000-0000-000000000003',
  'b1000000-0000-0000-0000-000000000010',
  'open',
  'フィールドセールス｜食品流通の課題をテクノロジーで解決する提案営業',
  'セールス',
  '正社員',
  '2名',
  '食品卸売業者、飲食チェーン、食品メーカーに対して、食品サプライチェーン管理プラットフォームの提案営業を行います。食品流通の現場を深く理解し、在庫管理の効率化、受発注のデジタル化、食品ロス削減、トレーサビリティの確保など、クライアントの課題に合わせたソリューションを提案します。初回商談からクロージング、導入支援までを一貫して担当し、導入後のアップセル・クロスセルも推進します。九州エリアを中心に、食品流通のDXを推進するエバンジェリスト的な役割も期待しています。',
  'フードテック市場は急拡大しており、食品流通のDXは業界全体の喫緊の課題です。自分の提案がクライアントの食品ロス削減やコスト改善に直結するため、社会的意義の大きな営業活動ができます。福岡は農業・漁業の生産地と消費地が近接しており、食品流通のサプライチェーンを短距離で体感できる恵まれた環境です。プロダクトの初期フェーズのため、セールスの仕組みづくりからトップラインの成長を牽引できるポジションです。',
  '食品業界はデジタル化が遅れている領域が多く、既存の紙やFAXベースのオペレーションからの切り替えを提案する際には、丁寧な説明と段階的な導入プランが求められます。クライアントの業種（生産者、卸、飲食、小売）ごとに課題が異なるため、幅広い業界知識が必要です。また、食品特有の規制（HACCP等）への理解も重要です。',
  'ビジネスチーム4名で、セールスとカスタマーサクセスを兼務しながら活動しています。全員が「食」への強い関心を持ち、週末には食べ歩きリサーチを楽しむメンバーが揃っています。',
  '食品業界のセールスノウハウ、BtoB SaaSの営業力、サプライチェーンの業務知識、DX提案のコンサルティングスキルが身につきます。',
  '[]'::jsonb,
  '["法人営業","フードテック","SaaS","サプライチェーン","食品流通","新規開拓"]'::jsonb,
  '法人向け営業経験2年以上。新規開拓営業の経験。',
  '食品・飲食業界での営業経験。SaaSプロダクトの営業経験。物流・サプライチェーン関連の知識。コンサルティング営業の経験。',
  '福岡県福岡市（外勤あり）',
  '当面なし',
  '当面なし',
  '無期',
  '入社後3ヶ月（条件変更なし）',
  'フレックスタイム制（コアタイム10:00〜15:00）標準労働時間8時間',
  '60分',
  '完全週休2日制（土日祝）、年末年始休暇、有給休暇（入社半年後10日付与）、慶弔休暇、産前産後休暇、育児休暇',
  400, 700,
  '月給33万円〜58万円（固定残業代40時間分を含む）。インセンティブ制度あり。経験・能力を考慮の上決定。',
  '健康保険、厚生年金、雇用保険、労災保険',
  '屋内原則禁煙（喫煙専用室あり）',
  E'リモートワーク手当月2万円\n食事補助（提携飲食店で社割）\n交通費全額支給\n副業OK',
  'リモート併用（外勤中心）',
  '書類選考 → 一次面接 → 最終面接 → 内定',
  now()
) ON CONFLICT DO NOTHING;

-- 10-4: 企画
INSERT INTO job_postings (
  id, company_id, team_id, created_by, status, title, job_category, employment_type, hiring_count,
  description, appeal_points, challenges, team_description, skills_gained,
  content_blocks, tags,
  required_qualifications, preferred_qualifications,
  work_location, work_location_change_scope, job_description_change_scope,
  contract_type, probation_period, work_hours, break_time, holidays,
  salary_min, salary_max, salary_detail, insurance, smoking_policy,
  benefits, remote_policy, selection_process, published_at
) VALUES (
  'd0100000-0000-0000-0000-000000000004',
  'b0000000-0000-0000-0000-000000000010',
  'c0010000-0000-0000-0000-000000000002',
  'b1000000-0000-0000-0000-000000000010',
  'open',
  '事業企画｜フードテックの新規事業開発とアライアンス推進',
  '企画',
  '正社員',
  '1名',
  'フードクラフトの事業拡大に向けた新規事業企画とアライアンス戦略の策定・実行を担当していただきます。食品サプライチェーン領域での新たなサービス企画（需要予測AI、フードシェアリング、農業テックとの連携など）の市場調査・事業計画策定、食品メーカーや物流企業とのアライアンス交渉、自治体や農協との連携による地域展開の推進などが主な業務です。経営陣と連携して中長期の事業戦略を策定し、プロダクトチームと協力して新機能のビジネス要件を定義する役割も担います。食品業界のトレンドリサーチと競合分析を通じて、次の成長機会を常に探索するポジションです。',
  'フードテック市場は急成長中で、新規事業の機会が豊富にある環境です。経営陣との距離が近く、事業の方向性に関する意思決定に直接関与できます。食品業界のさまざまなプレイヤー（生産者、メーカー、物流、小売、飲食）と関わるため、業界全体のエコシステムを俯瞰する視座が得られます。福岡は食品関連のスタートアップが集積しており、コラボレーションの機会が多い環境です。行政との連携プロジェクトも複数進行中で、社会的インパクトの大きな仕事に携われます。',
  '新規事業企画は不確実性が高く、仮説検証を素早く繰り返す機動力が求められます。食品業界は多くの規制があるため、法規制を理解した上での事業設計が不可欠です。また、異業種のパートナーとのアライアンス交渉では、双方にとってのメリットを明確に提示する交渉力が試されます。限られた経営リソースの中で優先順位を判断する力も重要です。',
  '経営企画室2名で、CEOと直接連携しながら活動しています。必要に応じてプロダクトチーム・ビジネスチームとプロジェクトを組成する柔軟な体制です。',
  '新規事業企画のスキル、アライアンス交渉力、食品業界のビジネス知識、事業計画策定の実践力が身につきます。',
  '[]'::jsonb,
  '["事業企画","新規事業","アライアンス","フードテック","市場調査","事業計画"]'::jsonb,
  '事業企画または経営企画の実務経験3年以上。市場調査・事業計画策定の経験。',
  '食品業界での業務経験。スタートアップでの事業開発経験。アライアンス交渉の経験。コンサルティングファームでの勤務経験。',
  '福岡県福岡市（リモート併用可）',
  '当面なし',
  '当面なし',
  '無期',
  '入社後3ヶ月（条件変更なし）',
  'フレックスタイム制（コアタイム10:00〜15:00）標準労働時間8時間',
  '60分',
  '完全週休2日制（土日祝）、年末年始休暇、有給休暇（入社半年後10日付与）、慶弔休暇、産前産後休暇、育児休暇',
  500, 850,
  '月給42万円〜71万円（固定残業代40時間分を含む）。経験・能力を考慮の上決定。',
  '健康保険、厚生年金、雇用保険、労災保険',
  '屋内原則禁煙（喫煙専用室あり）',
  E'リモートワーク手当月2万円\n食事補助（提携飲食店で社割）\n書籍購入費補助\n副業OK',
  'リモート併用（週2日出社）',
  '書類選考 → 一次面接 → ケース面接 → 最終面接 → 内定',
  now()
) ON CONFLICT DO NOTHING;

-- ============================================================
-- モビリティワークス（モビリティ / 名古屋市）
-- ============================================================

-- 11-1: ソフトウェアエンジニア
INSERT INTO job_postings (
  id, company_id, team_id, created_by, status, title, job_category, employment_type, hiring_count,
  description, appeal_points, challenges, team_description, skills_gained,
  content_blocks, tags,
  required_qualifications, preferred_qualifications,
  work_location, work_location_change_scope, job_description_change_scope,
  contract_type, probation_period, work_hours, break_time, holidays,
  salary_min, salary_max, salary_detail, insurance, smoking_policy,
  benefits, remote_policy, selection_process, published_at
) VALUES (
  'd0110000-0000-0000-0000-000000000001',
  'b0000000-0000-0000-0000-000000000011',
  'c0011000-0000-0000-0000-000000000001',
  'b1000000-0000-0000-0000-000000000011',
  'open',
  'ソフトウェアエンジニア｜自動運転車両の経路計画アルゴリズムを開発',
  'エンジニア',
  '正社員',
  '2名',
  'モビリティワークスが開発する自動運転シャトルバスの経路計画・制御ソフトウェアの開発を担当していただきます。リアルタイムの交通状況に基づく動的経路計画アルゴリズムの実装、センサーフュージョンによる障害物検出・回避ロジックの改善、V2X（Vehicle-to-Everything）通信との連携、シミュレーション環境でのテスト自動化などが主な業務です。C++とPythonを中心に、ROS2フレームワーク上で開発を行います。実車両でのフィールドテストにも参加し、アルゴリズムの実環境での検証と改善を繰り返すサイクルで開発を進めます。',
  '自動運転技術の社会実装に直接貢献できるポジションです。名古屋市との協定に基づく公道での実証実験を定期的に行っており、自分が書いたコードで車両が動く体験は他では得難いものです。自動車産業の集積地である名古屋を拠点にしているため、OEMやTier1サプライヤーとの技術交流の機会も豊富です。学術機関との共同研究プロジェクトもあり、最先端の研究成果をプロダクトに活かせる環境です。',
  '自動運転の経路計画では安全性が最優先であり、あらゆるエッジケースに対応する堅牢なアルゴリズム設計が求められます。実環境は天候・時間帯・交通量によって大きく変化するため、シミュレーションと実車両テストのギャップを埋める技術的工夫が必要です。また、法規制の変化への対応や、保険・責任の観点からの安全性証明も重要なテーマです。',
  '自動運転ソフトウェアチーム8名で、経路計画・知覚・制御・シミュレーションの4領域を担当しています。自動車メーカー出身者とソフトウェア企業出身者がバランスよく在籍しています。',
  '自動運転ソフトウェアの開発スキル、ROS2の実践力、経路計画アルゴリズムの知識、安全性検証の手法が身につきます。',
  '[]'::jsonb,
  '["C++","Python","ROS2","自動運転","経路計画","センサーフュージョン","ADAS"]'::jsonb,
  'C++でのソフトウェア開発経験3年以上。ロボティクスまたは自動運転関連の開発経験。',
  'ROS / ROS2での開発経験。画像処理 / 点群処理の経験。数理最適化やアルゴリズム設計の知識。自動車業界での開発経験。修士以上の学位（ロボティクス / 情報工学 / 制御工学等）。',
  '愛知県名古屋市（フィールドテスト時は市内各所）',
  '当面なし',
  '当面なし',
  '無期',
  '入社後3ヶ月（条件変更なし）',
  'フレックスタイム制（コアタイム10:00〜15:00）標準労働時間8時間',
  '60分',
  '完全週休2日制（土日祝）、年末年始休暇、有給休暇（入社半年後10日付与）、慶弔休暇、産前産後休暇、育児休暇',
  600, 1000,
  '月給50万円〜83万円（固定残業代40時間分を含む）。経験・能力を考慮の上決定。',
  '健康保険、厚生年金、雇用保険、労災保険',
  '屋内原則禁煙（喫煙専用室あり）',
  E'リモートワーク手当月2万円\nカンファレンス・学会参加費補助\n書籍購入費全額補助\n引越し支援金',
  'リモート併用（週3日出社・テスト日は出社必須）',
  '書類選考 → 技術面接（コーディング課題含む） → 最終面接 → 内定',
  now()
) ON CONFLICT DO NOTHING;

-- 11-2: PM
INSERT INTO job_postings (
  id, company_id, team_id, created_by, status, title, job_category, employment_type, hiring_count,
  description, appeal_points, challenges, team_description, skills_gained,
  content_blocks, tags,
  required_qualifications, preferred_qualifications,
  work_location, work_location_change_scope, job_description_change_scope,
  contract_type, probation_period, work_hours, break_time, holidays,
  salary_min, salary_max, salary_detail, insurance, smoking_policy,
  benefits, remote_policy, selection_process, published_at
) VALUES (
  'd0110000-0000-0000-0000-000000000002',
  'b0000000-0000-0000-0000-000000000011',
  'c0011000-0000-0000-0000-000000000002',
  'b1000000-0000-0000-0000-000000000011',
  'open',
  'プロジェクトマネージャー｜自治体連携の自動運転実証プロジェクトを推進',
  'PM',
  '正社員',
  '1名',
  '自動運転シャトルバスの社会実装に向けた実証プロジェクトのマネジメントを担当していただきます。名古屋市をはじめとする自治体との協議・交渉、プロジェクト計画の策定と進捗管理、エンジニアチーム・ハードウェアチーム・オペレーションチームの横断的な調整、実証実験の運営管理、安全審査対応、報告書の作成などが主な業務です。国土交通省の規制動向のモニタリングと対応策の立案、保険会社との連携による事故リスク管理も重要な業務です。複数のステークホルダーの利害を調整しながら、プロジェクトを成功に導くリーダーシップが求められます。',
  '自動運転の社会実装という、日本のモビリティの未来を切り拓くプロジェクトのPMを務められる稀有なポジションです。自治体の首長や国土交通省の担当者と直接やり取りする機会があり、政策形成にも影響を与えられます。名古屋市の中心部で実証実験を行うため、自分が関わったプロジェクトが街の風景を変える瞬間を間近で体験できます。モビリティ業界のキーパーソンとのネットワーク構築も大きな財産になります。',
  '自動運転のプロジェクトマネジメントでは、技術・法規制・安全性・社会受容性という多面的な課題を同時に扱う必要があります。自治体との協働では行政特有の意思決定プロセスへの理解が不可欠であり、民間のスピード感との両立が求められます。天候や交通状況に左右される実証実験のスケジュール管理には柔軟な対応力が必要です。',
  'プロジェクトマネジメント室3名で、各プロジェクトのPMを担当しています。経営陣・エンジニアチーム・オペレーションチームと横断的に連携する体制です。',
  '自動運転プロジェクトのマネジメントスキル、官公庁との折衝力、モビリティ業界のビジネス知識、安全管理の知見が身につきます。',
  '[]'::jsonb,
  '["PM","自動運転","自治体連携","プロジェクトマネジメント","モビリティ","実証実験"]'::jsonb,
  'プロジェクトマネジメントの実務経験5年以上。複数チームの横断的な調整経験。ステークホルダーマネジメントの経験。',
  '自動車・モビリティ業界での業務経験。官公庁・自治体との折衝経験。PMP等のPM資格。安全管理・リスクマネジメントの経験。',
  '愛知県名古屋市',
  '当面なし',
  '当面なし',
  '無期',
  '入社後3ヶ月（条件変更なし）',
  'フレックスタイム制（コアタイム10:00〜15:00）標準労働時間8時間',
  '60分',
  '完全週休2日制（土日祝）、年末年始休暇、有給休暇（入社半年後10日付与）、慶弔休暇、産前産後休暇、育児休暇',
  600, 1000,
  '月給50万円〜83万円（固定残業代40時間分を含む）。経験・能力を考慮の上決定。',
  '健康保険、厚生年金、雇用保険、労災保険',
  '屋内原則禁煙（喫煙専用室あり）',
  E'リモートワーク手当月2万円\nカンファレンス参加費補助\n書籍購入費補助\n引越し支援金',
  'リモート併用（週3日出社）',
  '書類選考 → 一次面接 → ケース面接 → 最終面接 → 内定',
  now()
) ON CONFLICT DO NOTHING;

-- 11-3: マーケティング
INSERT INTO job_postings (
  id, company_id, team_id, created_by, status, title, job_category, employment_type, hiring_count,
  description, appeal_points, challenges, team_description, skills_gained,
  content_blocks, tags,
  required_qualifications, preferred_qualifications,
  work_location, work_location_change_scope, job_description_change_scope,
  contract_type, probation_period, work_hours, break_time, holidays,
  salary_min, salary_max, salary_detail, insurance, smoking_policy,
  benefits, remote_policy, selection_process, published_at
) VALUES (
  'd0110000-0000-0000-0000-000000000003',
  'b0000000-0000-0000-0000-000000000011',
  'c0011000-0000-0000-0000-000000000003',
  'b1000000-0000-0000-0000-000000000011',
  'open',
  'マーケティング・PR｜自動運転の社会実装を世の中に届ける広報戦略',
  'マーケティング',
  '正社員',
  '1名',
  '自動運転シャトルバスの社会実装に向けた広報・マーケティング戦略の立案と実行を担当していただきます。メディアリレーション（テレビ・新聞・Webメディア）の構築と運営、プレスリリースの作成・配信、実証実験時のメディア対応、SNS運用、コーポレートサイトのコンテンツ企画、投資家向けIR資料の作成支援、採用広報の企画など幅広い業務を統括します。自動運転技術への社会的な理解と信頼を醸成するためのコミュニケーション戦略が重要なミッションです。',
  '自動運転という社会的関注度の高いテーマで広報・マーケティングに携われるポジションです。テレビや全国紙からの取材依頼も多く、メディアリレーションの実践力を大きく伸ばせます。自治体連携の実証実験では市民向けの説明会やイベントの企画も行い、テクノロジーの社会実装における広報の役割を肌で学べます。スタートアップのため、マーケティングの仕組みをゼロから構築できる醍醐味があります。',
  '自動運転は安全性への懸念が社会的に根強いため、技術の安全性と利便性を正確かつわかりやすく伝えるコミュニケーション力が求められます。事故やインシデント発生時のクライシスコミュニケーション計画の策定も重要な業務です。また、BtoG（対行政）とBtoC（対市民）の異なるターゲットに向けた適切なメッセージングの使い分けも必要です。',
  '広報・マーケティング担当は現在1名で、今回2人目の採用です。経営陣直下で動くポジションで、会社の顔としての役割を担います。',
  'テクノロジー企業の広報スキル、メディアリレーションの実践力、クライシスコミュニケーションの知見、モビリティ業界の知識が身につきます。',
  '[]'::jsonb,
  '["PR","広報","メディアリレーション","マーケティング","モビリティ","自動運転"]'::jsonb,
  '広報またはPRの実務経験3年以上。プレスリリースの作成経験。メディア対応の経験。',
  'テクノロジー企業での広報経験。クライシスコミュニケーションの経験。SNS運用の経験。英語でのメディア対応力。',
  '愛知県名古屋市（リモート併用可）',
  '当面なし',
  '当面なし',
  '無期',
  '入社後3ヶ月（条件変更なし）',
  'フレックスタイム制（コアタイム10:00〜15:00）標準労働時間8時間',
  '60分',
  '完全週休2日制（土日祝）、年末年始休暇、有給休暇（入社半年後10日付与）、慶弔休暇、産前産後休暇、育児休暇',
  450, 750,
  '月給38万円〜63万円（固定残業代40時間分を含む）。経験・能力を考慮の上決定。',
  '健康保険、厚生年金、雇用保険、労災保険',
  '屋内原則禁煙（喫煙専用室あり）',
  E'リモートワーク手当月2万円\nカンファレンス参加費補助\n書籍購入費補助\n引越し支援金',
  'リモート併用（週2日出社）',
  '書類選考 → 一次面接 → 最終面接 → 内定',
  now()
) ON CONFLICT DO NOTHING;

-- 11-4: カスタマーサクセス（MaaS）
INSERT INTO job_postings (
  id, company_id, team_id, created_by, status, title, job_category, employment_type, hiring_count,
  description, appeal_points, challenges, team_description, skills_gained,
  content_blocks, tags,
  required_qualifications, preferred_qualifications,
  work_location, work_location_change_scope, job_description_change_scope,
  contract_type, probation_period, work_hours, break_time, holidays,
  salary_min, salary_max, salary_detail, insurance, smoking_policy,
  benefits, remote_policy, selection_process, published_at
) VALUES (
  'd0110000-0000-0000-0000-000000000004',
  'b0000000-0000-0000-0000-000000000011',
  'c0011000-0000-0000-0000-000000000003',
  'b1000000-0000-0000-0000-000000000011',
  'open',
  'カスタマーサクセス｜自治体のMaaS導入を伴走支援し交通課題を解決',
  'カスタマーサクセス',
  '正社員',
  '1名',
  '自動運転シャトルバスを導入する自治体や交通事業者に対するカスタマーサクセスを担当していただきます。導入前の現地調査とルート設計支援、オペレーター向けのトレーニングプログラムの設計・実施、運行開始後の利用データ分析と改善提案、住民向けの説明会・体験イベントの企画運営、定期的なビジネスレビューの実施などが主な業務です。自治体の交通政策担当者と連携し、地域の交通課題解決に向けた中長期の活用戦略を提案する役割も担います。利用者アンケートの設計・分析を通じて、サービスの継続的な改善を推進します。',
  '自治体のMaaS導入支援は日本の地域交通の未来を左右する重要な仕事です。高齢者の移動手段確保や観光地の交通渋滞緩和など、社会課題の解決に直接貢献できるやりがいがあります。自治体の首長や交通政策担当者と直接対話する機会が多く、政策レベルでの議論に参加できます。導入地域を訪問する出張も多く、各地域の特色ある課題に触れながら見聞を広められます。',
  '自治体ごとに交通事情や住民ニーズが異なるため、画一的なアプローチではなく地域に寄り添ったカスタマイズが必要です。高齢者を含む幅広い年齢層の住民に対して、自動運転技術の安全性と利便性を丁寧に説明する力が求められます。また、運行データの分析に基づく改善提案では、データサイエンスの基礎的なスキルも活かせます。自治体の予算サイクルに合わせた長期的な関係構築も重要です。',
  'オペレーションチーム5名で、フィールドオペレーション2名・カスタマーサクセス2名・安全管理1名の構成です。実証実験の現場経験が豊富なメンバーが揃っています。',
  'MaaS導入支援のスキル、自治体との折衝力、交通データ分析のスキル、地域課題解決の実践経験が身につきます。',
  '[]'::jsonb,
  '["カスタマーサクセス","MaaS","自動運転","自治体連携","交通","データ分析"]'::jsonb,
  'カスタマーサクセスまたはコンサルティングの実務経験3年以上。ステークホルダーとの折衝経験。',
  '交通・モビリティ業界での業務経験。自治体との協業経験。データ分析（Excel / SQL等）のスキル。プレゼンテーションスキル。',
  '愛知県名古屋市（出張あり）',
  '当面なし',
  '当面なし',
  '無期',
  '入社後3ヶ月（条件変更なし）',
  'フレックスタイム制（コアタイム10:00〜15:00）標準労働時間8時間',
  '60分',
  '完全週休2日制（土日祝）、年末年始休暇、有給休暇（入社半年後10日付与）、慶弔休暇、産前産後休暇、育児休暇',
  450, 750,
  '月給38万円〜63万円（固定残業代40時間分を含む）。経験・能力を考慮の上決定。',
  '健康保険、厚生年金、雇用保険、労災保険',
  '屋内原則禁煙（喫煙専用室あり）',
  E'リモートワーク手当月2万円\n出張手当\n書籍購入費補助\n引越し支援金',
  'リモート併用（週2日出社・出張あり）',
  '書類選考 → 一次面接 → 最終面接 → 内定',
  now()
) ON CONFLICT DO NOTHING;

-- ============================================================
-- メディアブリッジ（メディア / 大阪市）
-- ============================================================

-- 12-1: フロントエンドエンジニア
INSERT INTO job_postings (
  id, company_id, team_id, created_by, status, title, job_category, employment_type, hiring_count,
  description, appeal_points, challenges, team_description, skills_gained,
  content_blocks, tags,
  required_qualifications, preferred_qualifications,
  work_location, work_location_change_scope, job_description_change_scope,
  contract_type, probation_period, work_hours, break_time, holidays,
  salary_min, salary_max, salary_detail, insurance, smoking_policy,
  benefits, remote_policy, selection_process, published_at
) VALUES (
  'd0120000-0000-0000-0000-000000000001',
  'b0000000-0000-0000-0000-000000000012',
  'c0012000-0000-0000-0000-000000000001',
  'b1000000-0000-0000-0000-000000000012',
  'open',
  'フロントエンドエンジニア｜月間1000万PVのメディアを支えるWeb開発',
  'エンジニア',
  '正社員',
  '1〜2名',
  'メディアブリッジが運営する複数のWebメディア（ニュース、ライフスタイル、テクノロジー）のフロントエンド開発を担当していただきます。Next.jsを用いたSSR / ISRの最適化、Core Web Vitalsの改善、記事ページのリッチなレイアウトシステムの構築、広告表示の最適化、ABテスト基盤の開発などが主な業務です。月間1000万PV規模のトラフィックに耐えうるパフォーマンスと、読者の滞在時間を延ばすUXの両立を追求します。SEOとパフォーマンスの観点からの技術的な最適化にも取り組み、記事コンテンツの到達範囲を最大化するための技術基盤を構築します。',
  'メディア領域のフロントエンド開発は、パフォーマンス最適化とUX改善の効果が数字で明確に見えるため、技術的な改善のインパクトを実感しやすいポジションです。Next.jsのSSR / ISRを大規模に運用する経験は市場価値が高く、Web技術の深い理解を身につけられます。大阪のクリエイティブな文化の中で、編集チームやデザインチームと密に連携しながらメディアの体験を磨き上げる仕事です。複数メディアを横断するため、さまざまなジャンルのコンテンツに触れられる知的好奇心を刺激される環境です。',
  'メディアサイトではCore Web VitalsのスコアがSEOに直結するため、ミリ秒単位のパフォーマンス改善が求められます。広告配信スクリプトとページパフォーマンスのトレードオフの管理も重要な技術課題です。また、記事のリッチなレイアウト（埋め込み、インタラクティブチャート、動画等）を執筆者が自由に構成できるCMSの設計は複雑なエンジニアリングが必要です。',
  'エンジニアチーム6名で、フロントエンド3名・バックエンド2名・インフラ1名の構成です。週次の技術勉強会とコードレビューを重視するカルチャーです。',
  'Next.jsの大規模運用スキル、Webパフォーマンス最適化の深い知見、SEO技術の理解、メディアシステムの設計力が身につきます。',
  '[]'::jsonb,
  '["Next.js","TypeScript","React","Core Web Vitals","SEO","パフォーマンス","メディア"]'::jsonb,
  'React / Next.jsでのフロントエンド開発経験3年以上。Webパフォーマンス最適化の経験。',
  'SSR / ISRの実装経験。Core Web Vitalsの改善実績。SEOの技術的な知識。CMS開発の経験。大規模トラフィックサイトでの開発経験。',
  '大阪府大阪市（リモート併用可）',
  '当面なし',
  '当面なし',
  '無期',
  '入社後3ヶ月（条件変更なし）',
  'フレックスタイム制（コアタイム11:00〜16:00）標準労働時間8時間',
  '60分',
  '完全週休2日制（土日祝）、年末年始休暇、有給休暇（入社半年後10日付与）、慶弔休暇、産前産後休暇、育児休暇',
  500, 850,
  '月給42万円〜71万円（固定残業代40時間分を含む）。経験・能力を考慮の上決定。',
  '健康保険、厚生年金、雇用保険、労災保険',
  '屋内原則禁煙（喫煙専用室あり）',
  E'リモートワーク手当月2万円\n書籍購入費全額補助\nカンファレンス参加費補助\n副業OK',
  'リモート併用（週2日出社）',
  '書類選考 → 技術面接（コーディング課題含む） → 最終面接 → 内定',
  now()
) ON CONFLICT DO NOTHING;

-- 12-2: 編集者
INSERT INTO job_postings (
  id, company_id, team_id, created_by, status, title, job_category, employment_type, hiring_count,
  description, appeal_points, challenges, team_description, skills_gained,
  content_blocks, tags,
  required_qualifications, preferred_qualifications,
  work_location, work_location_change_scope, job_description_change_scope,
  contract_type, probation_period, work_hours, break_time, holidays,
  salary_min, salary_max, salary_detail, insurance, smoking_policy,
  benefits, remote_policy, selection_process, published_at
) VALUES (
  'd0120000-0000-0000-0000-000000000002',
  'b0000000-0000-0000-0000-000000000012',
  'c0012000-0000-0000-0000-000000000002',
  'b1000000-0000-0000-0000-000000000012',
  'open',
  '編集者｜テクノロジーメディアの編集長候補として企画力を発揮',
  'その他',
  '正社員',
  '1名',
  'メディアブリッジが運営するテクノロジーメディアの編集業務全般を担当していただきます。記事企画の立案、ライターへの発注・ディレクション、原稿の編集・校正、取材記事のインタビュー実施、特集企画の設計、SNSでの拡散施策の企画などが主な業務です。月間300万PVのテクノロジーメディアで、AI、Web3、SaaS、スタートアップ、開発者カルチャーなど幅広いテーマを扱います。将来的には編集長として、メディア全体の編集方針策定とチームマネジメントを担っていただくことを期待しています。',
  'テクノロジー業界の第一線で活躍する人々への取材機会が豊富にあり、最先端のトレンドに常に触れられるポジションです。企画から公開までの全プロセスに関われるため、コンテンツ制作の全体像を把握できます。記事のPVやSNSでの反響を通じて、自分の企画力の成果を数字で実感できます。大阪を拠点にしつつ全国のテクノロジーコミュニティとの繋がりを構築でき、編集者としてのネットワークが大きく広がります。',
  'テクノロジー領域は専門性が高く、技術的な正確性を保ちながら一般読者にもわかりやすい記事を制作するバランス感覚が求められます。SNSでバズる記事とSEOで長期的にトラフィックを稼ぐ記事では企画のアプローチが異なり、メディアの成長戦略に合わせた使い分けが必要です。複数のライターを同時にマネジメントしながら品質を担保する能力も重要です。',
  '編集チーム5名（編集者3名、ライター2名）で、外部ライター30名と連携しています。全員がテクノロジーに対する強い関心を持ち、記事の品質にこだわるカルチャーです。',
  'テクノロジーメディアの編集スキル、取材・インタビュースキル、SEOライティングの知見、コンテンツマーケティングの実践力が身につきます。',
  '[]'::jsonb,
  '["編集","メディア","コンテンツ企画","取材","SEO","テクノロジー","ライティング"]'::jsonb,
  'Webメディアの編集経験3年以上。記事の企画・編集・校正の実務経験。テクノロジー分野への強い関心。',
  'テクノロジーメディアでの編集経験。取材・インタビュー記事の制作経験。SEOの知識。SNS運用の経験。編集チームのマネジメント経験。',
  '大阪府大阪市（リモート併用可）',
  '当面なし',
  '当面なし',
  '無期',
  '入社後3ヶ月（条件変更なし）',
  'フレックスタイム制（コアタイム11:00〜16:00）標準労働時間8時間',
  '60分',
  '完全週休2日制（土日祝）、年末年始休暇、有給休暇（入社半年後10日付与）、慶弔休暇、産前産後休暇、育児休暇',
  400, 700,
  '月給33万円〜58万円（固定残業代40時間分を含む）。経験・能力を考慮の上決定。',
  '健康保険、厚生年金、雇用保険、労災保険',
  '屋内原則禁煙（喫煙専用室あり）',
  E'リモートワーク手当月2万円\n書籍購入費全額補助\nカンファレンス・イベント参加費補助\n副業OK',
  'リモート併用（週2日出社）',
  '書類選考 → 編集課題 → 面接（2回） → 内定',
  now()
) ON CONFLICT DO NOTHING;

-- 12-3: セールス（広告営業）
INSERT INTO job_postings (
  id, company_id, team_id, created_by, status, title, job_category, employment_type, hiring_count,
  description, appeal_points, challenges, team_description, skills_gained,
  content_blocks, tags,
  required_qualifications, preferred_qualifications,
  work_location, work_location_change_scope, job_description_change_scope,
  contract_type, probation_period, work_hours, break_time, holidays,
  salary_min, salary_max, salary_detail, insurance, smoking_policy,
  benefits, remote_policy, selection_process, published_at
) VALUES (
  'd0120000-0000-0000-0000-000000000003',
  'b0000000-0000-0000-0000-000000000012',
  'c0012000-0000-0000-0000-000000000003',
  'b1000000-0000-0000-0000-000000000012',
  'open',
  '広告営業｜メディアの収益エンジンとしてスポンサーシップを提案',
  'セールス',
  '正社員',
  '1名',
  'メディアブリッジが運営する複数のWebメディアの広告営業を担当していただきます。純広告、タイアップ記事、スポンサードコンテンツ、イベント協賛など多彩な広告商品の提案営業を行います。広告主の課題ヒアリングから企画立案、社内の編集チームやデザインチームとの連携による広告コンテンツの制作ディレクション、効果測定レポートの作成まで一貫して担当します。新規広告主の開拓と既存クライアントのリピート促進の両方を推進し、メディアの収益基盤を強化するポジションです。プログラマティック広告の運用最適化にも携わります。',
  'テクノロジー、ライフスタイル、ニュースという3つのメディアを横断した広告提案ができるため、広告主の多様なニーズに応えられる幅広い商材を持っています。タイアップ記事の企画では編集チームと協力して質の高いコンテンツを制作でき、単なる広告枠売りではないクリエイティブな営業が可能です。大阪の広告業界は東京に比べてコミュニティが密で、業界内のネットワーク構築がしやすい環境です。',
  'デジタル広告市場は競争が激しく、ディスプレイ広告の単価は下落傾向にあります。そのため、記事広告やイベント協賛などの高付加価値商品の企画・提案力が重要です。広告主のROI期待値と編集部のコンテンツ品質基準の両方を満たすバランス感覚が求められます。また、個人情報保護の強化に伴う広告配信環境の変化にも対応する必要があります。',
  'セールスチーム4名で、業種別に担当を分けています。編集チーム・デザインチームとの連携が密で、広告コンテンツの企画会議には全チームが参加します。',
  'メディア広告営業のスキル、タイアップ記事の企画力、広告効果測定の知見、クライアントリレーションシップの構築力が身につきます。',
  '[]'::jsonb,
  '["広告営業","メディア","タイアップ","スポンサーシップ","デジタル広告","企画営業"]'::jsonb,
  '広告営業またはメディア営業の実務経験3年以上。法人向け提案営業の経験。',
  'Webメディアの広告営業経験。タイアップ記事の企画・ディレクション経験。デジタルマーケティングの知識。テクノロジー業界の知見。',
  '大阪府大阪市（外勤あり）',
  '当面なし',
  '当面なし',
  '無期',
  '入社後3ヶ月（条件変更なし）',
  'フレックスタイム制（コアタイム11:00〜16:00）標準労働時間8時間',
  '60分',
  '完全週休2日制（土日祝）、年末年始休暇、有給休暇（入社半年後10日付与）、慶弔休暇、産前産後休暇、育児休暇',
  400, 750,
  '月給33万円〜63万円（固定残業代40時間分を含む）。インセンティブ制度あり。経験・能力を考慮の上決定。',
  '健康保険、厚生年金、雇用保険、労災保険',
  '屋内原則禁煙（喫煙専用室あり）',
  E'リモートワーク手当月2万円\n書籍購入費全額補助\n交通費全額支給\n副業OK',
  'リモート併用（外勤・出社併用）',
  '書類選考 → 一次面接 → 最終面接 → 内定',
  now()
) ON CONFLICT DO NOTHING;

-- 12-4: デザイナー
INSERT INTO job_postings (
  id, company_id, team_id, created_by, status, title, job_category, employment_type, hiring_count,
  description, appeal_points, challenges, team_description, skills_gained,
  content_blocks, tags,
  required_qualifications, preferred_qualifications,
  work_location, work_location_change_scope, job_description_change_scope,
  contract_type, probation_period, work_hours, break_time, holidays,
  salary_min, salary_max, salary_detail, insurance, smoking_policy,
  benefits, remote_policy, selection_process, published_at
) VALUES (
  'd0120000-0000-0000-0000-000000000004',
  'b0000000-0000-0000-0000-000000000012',
  'c0012000-0000-0000-0000-000000000002',
  'b1000000-0000-0000-0000-000000000012',
  'open',
  'アートディレクター｜メディアのビジュアルアイデンティティを統括',
  'デザイナー',
  '正社員',
  '1名',
  'メディアブリッジが運営する複数のWebメディアのビジュアルデザイン全般を統括していただきます。メディアのブランドアイデンティティの設計・管理、記事サムネイルのデザインルール策定、タイアップ記事のビジュアル制作、SNS配信用のクリエイティブ制作、イベントのキービジュアル制作、アイキャッチ画像のテンプレートシステム構築などが主な業務です。3つのメディアそれぞれの世界観を守りつつ統一感のあるブランド体験を設計し、フロントエンドエンジニアと連携してデザインシステムの構築・運用も担当します。',
  '複数メディアのアートディレクションを一手に担うため、メディアデザインの幅広い経験を短期間で積めるポジションです。記事の内容に合わせたビジュアル表現を日々考える環境は、デザイナーとしての引き出しを大きく広げてくれます。制作したデザインが数百万人の読者の目に触れるスケール感も魅力です。大阪のクリエイティブコミュニティとの繋がりが深く、外部のクリエイターとのコラボレーション機会も豊富です。',
  '日々大量に更新される記事のサムネイルやビジュアルを、品質を保ちながらスピーディーに制作するオペレーション設計が重要です。テンプレート化とカスタムデザインの適切な使い分けが求められます。また、3つのメディアそれぞれの読者層と世界観に合わせたデザインの使い分けも必要です。広告主のブランドガイドラインとメディアのデザインルールの両立も継続的なチャレンジです。',
  'デザインチーム3名で、アートディレクター1名・デザイナー2名の構成を予定しています。現在はデザイナー2名体制で、アートディレクター第一号の採用です。',
  'メディアデザインのアートディレクションスキル、ブランドデザインの管理力、大量制作のオペレーション設計力、デザインシステムの構築スキルが身につきます。',
  '[]'::jsonb,
  '["アートディレクション","グラフィックデザイン","ブランドデザイン","Figma","Photoshop","メディア"]'::jsonb,
  'グラフィックデザインの実務経験5年以上。アートディレクションの経験。Webメディアのデザイン経験。',
  'メディア業界でのデザイン経験。ブランドガイドラインの策定経験。デザインシステムの構築経験。動画・モーショングラフィックスの制作経験。',
  '大阪府大阪市（リモート併用可）',
  '当面なし',
  '当面なし',
  '無期',
  '入社後3ヶ月（条件変更なし）',
  'フレックスタイム制（コアタイム11:00〜16:00）標準労働時間8時間',
  '60分',
  '完全週休2日制（土日祝）、年末年始休暇、有給休暇（入社半年後10日付与）、慶弔休暇、産前産後休暇、育児休暇',
  450, 800,
  '月給38万円〜67万円（固定残業代40時間分を含む）。経験・能力を考慮の上決定。',
  '健康保険、厚生年金、雇用保険、労災保険',
  '屋内原則禁煙（喫煙専用室あり）',
  E'リモートワーク手当月2万円\n書籍購入費全額補助\nカンファレンス参加費補助\n副業OK',
  'リモート併用（週2日出社）',
  '書類選考 → ポートフォリオレビュー → 面接（2回） → 内定',
  now()
) ON CONFLICT DO NOTHING;

-- ============================================================
-- ヴィタリス（スポーツ・ウェルネス / 横浜市）
-- ============================================================

-- 13-1: フルスタックエンジニア
INSERT INTO job_postings (
  id, company_id, team_id, created_by, status, title, job_category, employment_type, hiring_count,
  description, appeal_points, challenges, team_description, skills_gained,
  content_blocks, tags,
  required_qualifications, preferred_qualifications,
  work_location, work_location_change_scope, job_description_change_scope,
  contract_type, probation_period, work_hours, break_time, holidays,
  salary_min, salary_max, salary_detail, insurance, smoking_policy,
  benefits, remote_policy, selection_process, published_at
) VALUES (
  'd0130000-0000-0000-0000-000000000001',
  'b0000000-0000-0000-0000-000000000013',
  'c0013000-0000-0000-0000-000000000001',
  'b1000000-0000-0000-0000-000000000013',
  'open',
  'フルスタックエンジニア｜ウェアラブルデバイス連携のヘルスケアアプリを開発',
  'エンジニア',
  '正社員',
  '2名',
  'ヴィタリスが開発するスポーツ・ウェルネスプラットフォームのフルスタック開発を担当していただきます。ウェアラブルデバイス（Apple Watch / Garmin / Fitbit等）からの生体データ連携、パーソナライズされたトレーニングプログラムの自動生成、栄養管理機能、コミュニティ機能、トレーナー向け管理画面など、プラットフォームの幅広い機能を開発します。React Native でのモバイルアプリ開発と Go / PostgreSQL でのバックエンドAPI開発の両方を担当し、HealthKit / Google Fit等のヘルスケアAPIとの連携実装も行います。',
  'ヘルスケア×テクノロジーの成長市場で、人々の健康に直接貢献するプロダクトを開発できるポジションです。ウェアラブルデバイスのデータを活用したパーソナライゼーションは技術的に面白く、機械学習との連携も進めています。横浜のオフィスにはジムを併設しており、開発したアプリを自ら使いながらドッグフーディングできる環境です。スポーツ好きなメンバーが多く、ランニングクラブやヨガ部などの社内アクティビティも活発です。',
  'ウェアラブルデバイスは機種ごとにAPIの仕様やデータ形式が異なるため、統一的なデータモデルの設計が大きな技術課題です。また、ヘルスケアデータは機微な個人情報であり、厳格なデータ保護とプライバシー管理が求められます。リアルタイムの生体データ処理と長期的なトレンド分析の両方に対応するデータパイプラインの設計も重要なテーマです。',
  'エンジニアチーム5名で、モバイル2名・バックエンド2名・データエンジニア1名の構成です。全員がスポーツやフィットネスに関心が高く、プロダクトのヘビーユーザーです。',
  'ヘルスケアAPI連携の実装スキル、React Nativeでのモバイル開発力、生体データ処理の知識、パーソナライゼーション機能の設計力が身につきます。',
  '[]'::jsonb,
  '["React Native","Go","PostgreSQL","HealthKit","ウェアラブル","ヘルスケア","モバイル"]'::jsonb,
  'Webまたはモバイルアプリケーション開発経験3年以上。フロントエンド・バックエンドの両方の開発経験。',
  'React Native / Flutter等のクロスプラットフォーム開発経験。HealthKit / Google Fit APIの利用経験。ヘルスケア・フィットネス業界での開発経験。データ分析の基礎知識。',
  '神奈川県横浜市（リモート併用可）',
  '当面なし',
  '当面なし',
  '無期',
  '入社後3ヶ月（条件変更なし）',
  'フレックスタイム制（コアタイム10:00〜15:00）標準労働時間8時間',
  '60分',
  '完全週休2日制（土日祝）、年末年始休暇、有給休暇（入社半年後10日付与）、慶弔休暇、産前産後休暇、育児休暇',
  500, 850,
  '月給42万円〜71万円（固定残業代40時間分を含む）。経験・能力を考慮の上決定。',
  '健康保険、厚生年金、雇用保険、労災保険',
  '屋内原則禁煙（喫煙専用室あり）',
  E'リモートワーク手当月2万円\nジム利用無料（社内ジム）\nウェルネス手当（月1万円）\n副業OK',
  'リモート併用（週2日出社）',
  '書類選考 → 技術面接 → 最終面接 → 内定',
  now()
) ON CONFLICT DO NOTHING;

-- 13-2: PM
INSERT INTO job_postings (
  id, company_id, team_id, created_by, status, title, job_category, employment_type, hiring_count,
  description, appeal_points, challenges, team_description, skills_gained,
  content_blocks, tags,
  required_qualifications, preferred_qualifications,
  work_location, work_location_change_scope, job_description_change_scope,
  contract_type, probation_period, work_hours, break_time, holidays,
  salary_min, salary_max, salary_detail, insurance, smoking_policy,
  benefits, remote_policy, selection_process, published_at
) VALUES (
  'd0130000-0000-0000-0000-000000000002',
  'b0000000-0000-0000-0000-000000000013',
  'c0013000-0000-0000-0000-000000000002',
  'b1000000-0000-0000-0000-000000000013',
  'open',
  'プロダクトマネージャー｜データドリブンでウェルネス体験を設計',
  'PM',
  '正社員',
  '1名',
  'スポーツ・ウェルネスプラットフォームのプロダクト戦略策定と実行を担当していただきます。一般ユーザー向けアプリ、トレーナー向け管理ツール、法人向け健康経営サービスという3つのプロダクトラインのロードマップ策定、ユーザーリサーチ、要件定義、開発チームとの連携、KPI設計・効果測定までを一貫して推進します。ウェアラブルデバイスの生体データを活用したパーソナライゼーション戦略の立案や、行動変容理論に基づいたエンゲージメント施策の設計も重要な業務です。スポーツ科学の知見をプロダクトに反映するために、社内のスポーツサイエンティストとの協業も行います。',
  'ウェルネス×テクノロジーという成長市場でPMとしてのキャリアを築けるポジションです。ユーザーの健康状態やフィットネスレベルを可視化し、行動変容を促すプロダクト設計は、PMとして非常にやりがいのあるテーマです。スポーツ科学のエビデンスに基づいたプロダクト開発は他社にはないユニークな強みであり、学際的な知識を活かせます。横浜のオフィスは自然環境に恵まれており、ランニングやウォーキングをしながらアイデアを練る文化があります。',
  'ヘルスケアデータの活用はユーザーのプライバシーに直結するため、データ利活用とプライバシー保護のバランスが常に重要なテーマです。ウェアラブルデバイスのエコシステムは変化が速く、新デバイスへの対応とプロダクト品質の維持を両立させる判断力が求められます。また、一般ユーザー・トレーナー・法人という異なるステークホルダーのニーズを調整するマルチプロダクトのPMスキルも必要です。',
  'プロダクトチーム4名で、PM1名・デザイナー1名・スポーツサイエンティスト1名・リサーチャー1名の構成です。エンジニアチームとワンチームで動いています。',
  'ヘルスケアプロダクトのPMスキル、行動変容デザインの知見、データドリブンな意思決定力、マルチプロダクトのマネジメントスキルが身につきます。',
  '[]'::jsonb,
  '["PM","ヘルスケア","ウェルネス","プロダクトマネジメント","データ分析","行動変容"]'::jsonb,
  'プロダクトマネジメントの実務経験3年以上。データに基づく意思決定の経験。ユーザーリサーチの経験。',
  'ヘルスケア・フィットネス業界での業務経験。モバイルアプリのPM経験。行動変容デザインの知識。SQLを用いたデータ分析の経験。',
  '神奈川県横浜市（リモート併用可）',
  '当面なし',
  '当面なし',
  '無期',
  '入社後3ヶ月（条件変更なし）',
  'フレックスタイム制（コアタイム10:00〜15:00）標準労働時間8時間',
  '60分',
  '完全週休2日制（土日祝）、年末年始休暇、有給休暇（入社半年後10日付与）、慶弔休暇、産前産後休暇、育児休暇',
  550, 900,
  '月給46万円〜75万円（固定残業代40時間分を含む）。経験・能力を考慮の上決定。',
  '健康保険、厚生年金、雇用保険、労災保険',
  '屋内原則禁煙（喫煙専用室あり）',
  E'リモートワーク手当月2万円\nジム利用無料（社内ジム）\nウェルネス手当（月1万円）\n副業OK',
  'リモート併用（週2日出社）',
  '書類選考 → 一次面接 → ケース面接 → 最終面接 → 内定',
  now()
) ON CONFLICT DO NOTHING;

-- 13-3: セールス
INSERT INTO job_postings (
  id, company_id, team_id, created_by, status, title, job_category, employment_type, hiring_count,
  description, appeal_points, challenges, team_description, skills_gained,
  content_blocks, tags,
  required_qualifications, preferred_qualifications,
  work_location, work_location_change_scope, job_description_change_scope,
  contract_type, probation_period, work_hours, break_time, holidays,
  salary_min, salary_max, salary_detail, insurance, smoking_policy,
  benefits, remote_policy, selection_process, published_at
) VALUES (
  'd0130000-0000-0000-0000-000000000003',
  'b0000000-0000-0000-0000-000000000013',
  'c0013000-0000-0000-0000-000000000003',
  'b1000000-0000-0000-0000-000000000013',
  'open',
  '法人セールス｜健康経営サービスで企業の従業員ウェルネスを推進',
  'セールス',
  '正社員',
  '2名',
  '法人向け健康経営サービスの営業を担当していただきます。企業の人事部門・健康管理部門に対して、従業員のウェルネスプログラム（フィットネス、メンタルヘルス、栄養管理）の提案・導入支援を行います。健康経営優良法人の認定取得支援、従業員エンゲージメント向上のためのウェルネスイベントの企画、導入後の利用データ分析に基づく改善提案までを一貫して担当します。経済産業省の健康経営施策と連動した提案や、健康保険組合との連携プログラムの設計も重要な業務です。',
  '健康経営は政府の後押しもあり急成長している市場です。企業の人事・経営層に対して「従業員の健康」という経営課題にアプローチする社会的意義の高い営業活動ができます。ウェルネスプログラムの導入後、従業員の健康指標が改善されるという目に見える成果が得られるため、やりがいを感じやすいポジションです。自社のプロダクトを自ら活用して健康的に働きながら営業活動ができる点も、他の営業職にはない魅力です。',
  '健康経営への投資対効果を定量的に示すことが営業の鍵であり、データに基づいた提案力が求められます。企業の規模や業種によってウェルネスの課題が異なるため、テンプレートではないカスタマイズされた提案が必要です。また、健康保険組合や産業医との連携が求められる場面もあり、ヘルスケア業界の知識を幅広く身につける必要があります。',
  'ビジネスチーム5名で、法人セールス3名・カスタマーサクセス2名の構成です。全員がスポーツやフィットネスを日常的に実践しており、プロダクトの価値を身をもって体験しています。',
  '健康経営の提案営業スキル、法人向けBtoB SaaSの営業力、ヘルスケア業界のビジネス知識、データに基づくコンサルティングスキルが身につきます。',
  '[]'::jsonb,
  '["法人営業","健康経営","ウェルネス","SaaS","BtoB","コンサルティング営業"]'::jsonb,
  '法人向け営業経験3年以上。新規開拓営業の経験。',
  'HR領域またはヘルスケア業界での営業経験。SaaSプロダクトの営業経験。健康経営に関する知識。コンサルティング営業の経験。',
  '神奈川県横浜市（外勤あり）',
  '当面なし',
  '当面なし',
  '無期',
  '入社後3ヶ月（条件変更なし）',
  'フレックスタイム制（コアタイム10:00〜15:00）標準労働時間8時間',
  '60分',
  '完全週休2日制（土日祝）、年末年始休暇、有給休暇（入社半年後10日付与）、慶弔休暇、産前産後休暇、育児休暇',
  450, 800,
  '月給38万円〜67万円（固定残業代40時間分を含む）。インセンティブ制度あり。経験・能力を考慮の上決定。',
  '健康保険、厚生年金、雇用保険、労災保険',
  '屋内原則禁煙（喫煙専用室あり）',
  E'リモートワーク手当月2万円\nジム利用無料（社内ジム）\nウェルネス手当（月1万円）\n交通費全額支給',
  'リモート併用（外勤中心）',
  '書類選考 → 一次面接 → 最終面接 → 内定',
  now()
) ON CONFLICT DO NOTHING;

-- 13-4: デザイナー
INSERT INTO job_postings (
  id, company_id, team_id, created_by, status, title, job_category, employment_type, hiring_count,
  description, appeal_points, challenges, team_description, skills_gained,
  content_blocks, tags,
  required_qualifications, preferred_qualifications,
  work_location, work_location_change_scope, job_description_change_scope,
  contract_type, probation_period, work_hours, break_time, holidays,
  salary_min, salary_max, salary_detail, insurance, smoking_policy,
  benefits, remote_policy, selection_process, published_at
) VALUES (
  'd0130000-0000-0000-0000-000000000004',
  'b0000000-0000-0000-0000-000000000013',
  'c0013000-0000-0000-0000-000000000002',
  'b1000000-0000-0000-0000-000000000013',
  'open',
  'プロダクトデザイナー｜ヘルスデータの可視化で健康行動を変えるUXを設計',
  'デザイナー',
  '正社員',
  '1名',
  'スポーツ・ウェルネスプラットフォームのモバイルアプリおよびWebサービスのUI/UXデザインを担当していただきます。心拍数・歩数・睡眠データなど生体データの可視化デザイン、パーソナライズされたトレーニングプランの表示UI、栄養管理のダッシュボード、コミュニティ機能のインタラクション設計、トレーナー向け管理画面のUX改善などが主な業務です。行動変容理論に基づいた習慣化促進のUXデザイン（通知、バッジ、ストリーク等のゲーミフィケーション要素）の設計も重要なテーマです。ユーザーリサーチの企画・実施からプロトタイピング、UIデザイン、デザインシステムの運用まで一貫して担当します。',
  'ヘルスケアデータの可視化は、情報を正確に伝えるだけでなく「行動を変える」デザインが求められるユニークな分野です。自分がデザインしたUIがユーザーの健康行動を後押しするという、他のプロダクトにはないインパクトを実感できます。スポーツサイエンティストとの協業を通じて、科学的根拠に基づいたUXデザインを学べます。社内ジムで自社プロダクトを日常的にドッグフーディングしながらデザインを改善できる環境です。',
  'ヘルスケアデータの可視化では、数値の正確さとわかりやすさの両立が求められます。データの見せ方によってユーザーの解釈や行動が変わるため、デザインの責任は重大です。多様なウェアラブルデバイスから取得されるデータの表示を統一的にデザインする工夫や、運動初心者からアスリートまで幅広いユーザー層に対応するUIの設計も重要な課題です。',
  'プロダクトチームのデザイナー1名目として採用します。PMやスポーツサイエンティストと密に連携しながら、デザインチームの立ち上げを主導していただきます。',
  'ヘルスケアアプリのUIデザインスキル、データ可視化のデザイン力、行動変容デザインの知見、モバイルアプリのUX設計力が身につきます。',
  '[]'::jsonb,
  '["UIデザイン","データ可視化","モバイルアプリ","Figma","ヘルスケア","UXリサーチ"]'::jsonb,
  'モバイルアプリまたはWebサービスのUI/UXデザイン経験3年以上。Figmaでのデザイン実務経験。',
  'ヘルスケア・フィットネスアプリのデザイン経験。データ可視化のデザイン経験。ユーザーリサーチの企画・実施経験。iOS / Androidのデザインガイドラインの理解。',
  '神奈川県横浜市（リモート併用可）',
  '当面なし',
  '当面なし',
  '無期',
  '入社後3ヶ月（条件変更なし）',
  'フレックスタイム制（コアタイム10:00〜15:00）標準労働時間8時間',
  '60分',
  '完全週休2日制（土日祝）、年末年始休暇、有給休暇（入社半年後10日付与）、慶弔休暇、産前産後休暇、育児休暇',
  450, 750,
  '月給38万円〜63万円（固定残業代40時間分を含む）。経験・能力を考慮の上決定。',
  '健康保険、厚生年金、雇用保険、労災保険',
  '屋内原則禁煙（喫煙専用室あり）',
  E'リモートワーク手当月2万円\nジム利用無料（社内ジム）\nウェルネス手当（月1万円）\n副業OK',
  'リモート併用（週2日出社）',
  '書類選考 → ポートフォリオレビュー → デザイン課題 → 最終面接 → 内定',
  now()
) ON CONFLICT DO NOTHING;

-- ============================================================
-- リーガルスクエア（リーガルテック / 仙台市）
-- ============================================================

-- 14-1: バックエンドエンジニア
INSERT INTO job_postings (
  id, company_id, team_id, created_by, status, title, job_category, employment_type, hiring_count,
  description, appeal_points, challenges, team_description, skills_gained,
  content_blocks, tags,
  required_qualifications, preferred_qualifications,
  work_location, work_location_change_scope, job_description_change_scope,
  contract_type, probation_period, work_hours, break_time, holidays,
  salary_min, salary_max, salary_detail, insurance, smoking_policy,
  benefits, remote_policy, selection_process, published_at
) VALUES (
  'd0140000-0000-0000-0000-000000000001',
  'b0000000-0000-0000-0000-000000000014',
  'c0014000-0000-0000-0000-000000000001',
  'b1000000-0000-0000-0000-000000000014',
  'open',
  'バックエンドエンジニア｜AIで契約書レビューを自動化するエンジンを開発',
  'エンジニア',
  '正社員',
  '2名',
  'リーガルスクエアが開発するAI契約書レビューサービスのバックエンドAPI開発を担当していただきます。自然言語処理モデルを活用した契約書の条項分析エンジン、リスク判定アルゴリズム、契約書テンプレート管理システム、バージョン管理・差分比較機能、電子署名サービスとの連携など、リーガルテックの中核機能を開発します。大規模言語モデル（LLM）のプロンプト設計とAPIラッパーの開発、精度評価パイプラインの構築も重要な業務です。法律事務所や企業の法務部が日常的に使うツールとして、信頼性と速度の両立が求められるシステムを設計します。',
  'リーガルテックは日本ではまだ成長初期のブルーオーシャン市場であり、業界のスタンダードを作る側に立てるポジションです。AIと法律という異分野の交差点で、ユニークなキャリアを構築できます。仙台を拠点にフルリモートで全国から参加するエンジニアと協業する柔軟な働き方が可能です。LLMの実用化に関する実践的な経験を積めるため、AI時代のソフトウェアエンジニアとしてのスキルが磨かれます。弁護士や法務担当者との直接の対話から、法律ドメインの深い知識も身につきます。',
  'AI契約書レビューの品質は法的リスクに直結するため、誤検知・見逃しの許容度が極めて低いシステム設計が求められます。LLMのハルシネーション対策や、法改正への迅速な対応も重要なテーマです。契約書は機密情報の塊であるため、データセキュリティと顧客データの分離設計にも高い専門性が必要です。また、法律用語の正確な理解と、それをシステムのロジックに落とし込む翻訳力も鍛えられます。',
  'エンジニアチーム6名で、バックエンド3名・フロントエンド2名・MLエンジニア1名の構成です。弁護士資格を持つプロダクトマネージャーと密に連携しています。',
  'LLMを活用したプロダクト開発スキル、自然言語処理の実装力、セキュアなシステム設計の知見、リーガルドメインの知識が身につきます。',
  '[]'::jsonb,
  '["Go","Python","PostgreSQL","LLM","自然言語処理","リーガルテック","API設計"]'::jsonb,
  'バックエンド開発経験3年以上（Go / Python等）。RDBMSを用いた開発の実務経験。',
  'LLM / 自然言語処理を活用したプロダクト開発経験。セキュリティを重視したシステム設計の経験。法律業界向けのシステム開発経験。MLパイプラインの構築経験。',
  '宮城県仙台市（フルリモート勤務可）',
  '当面なし',
  '当面なし',
  '無期',
  '入社後3ヶ月（条件変更なし）',
  'フレックスタイム制（コアタイムなし）標準労働時間8時間',
  '60分',
  '完全週休2日制（土日祝）、年末年始休暇、有給休暇（入社半年後10日付与）、慶弔休暇、産前産後休暇、育児休暇',
  550, 950,
  '月給46万円〜79万円（固定残業代45時間分を含む）。経験・能力を考慮の上決定。',
  '健康保険、厚生年金、雇用保険、労災保険',
  '屋内原則禁煙（喫煙専用室あり）',
  E'フルリモート手当月3万円\n書籍購入費全額補助\nカンファレンス参加費補助\n副業OK',
  'フルリモート',
  '書類選考 → 技術面接（システム設計課題含む） → 最終面接 → 内定',
  now()
) ON CONFLICT DO NOTHING;

-- 14-2: デザイナー
INSERT INTO job_postings (
  id, company_id, team_id, created_by, status, title, job_category, employment_type, hiring_count,
  description, appeal_points, challenges, team_description, skills_gained,
  content_blocks, tags,
  required_qualifications, preferred_qualifications,
  work_location, work_location_change_scope, job_description_change_scope,
  contract_type, probation_period, work_hours, break_time, holidays,
  salary_min, salary_max, salary_detail, insurance, smoking_policy,
  benefits, remote_policy, selection_process, published_at
) VALUES (
  'd0140000-0000-0000-0000-000000000002',
  'b0000000-0000-0000-0000-000000000014',
  'c0014000-0000-0000-0000-000000000002',
  'b1000000-0000-0000-0000-000000000014',
  'open',
  'プロダクトデザイナー｜法律の複雑さをシンプルなUIに変換する',
  'デザイナー',
  '正社員',
  '1名',
  'AI契約書レビューサービスのUI/UXデザインを担当していただきます。契約書のリスク箇所のハイライト表示、AIによる修正提案のインタラクション設計、契約書テンプレートのエディター画面、電子署名フローのUX設計、法務部向けのダッシュボードデザインなどが主な業務です。法律文書という複雑な情報を、弁護士から法務初心者まで幅広いユーザーが迷わず使えるUIに変換するデザインチャレンジです。ユーザーリサーチとして法律事務所や企業法務部への訪問も定期的に行い、現場の課題を深く理解した上でデザインに反映します。',
  'リーガルテックのデザインは「複雑な情報をシンプルに伝える」という情報デザインの本質的なスキルが問われる分野です。AI機能のUIデザインは業界的にもまだベストプラクティスが確立されておらず、自ら新しいパターンを生み出すクリエイティブな挑戦ができます。法律業界のDXに貢献するプロダクトのデザインを通じて、社会的なインパクトを感じられるポジションです。フルリモートで全国どこからでも参加できる働き方も魅力です。',
  '法律文書のUIデザインでは、一文字の違いが法的意味を変えることがあるため、情報の正確な表示が絶対条件です。AIの判定結果をユーザーが適切に理解し、判断できるUI（AIの信頼度表示、根拠の提示など）の設計は技術的にも UX的にも高いスキルが求められます。弁護士と法務初心者では求める情報の粒度が異なるため、ユーザーセグメントに応じた表示の最適化も重要です。',
  'デザイナー第一号の採用で、弁護士資格を持つPMとエンジニアチームと密に連携しながら、プロダクト全体のデザインを主導するポジションです。',
  '情報デザインのスキル、AIプロダクトのUXデザイン力、リーガルドメインの知識、ユーザーリサーチの企画・実施力が身につきます。',
  '[]'::jsonb,
  '["UIデザイン","UXリサーチ","Figma","情報設計","リーガルテック","AIプロダクト"]'::jsonb,
  'WebサービスのUI/UXデザイン経験3年以上。Figmaでのデザイン実務経験。複雑な情報を扱うUIのデザイン経験。',
  'BtoB SaaSのデザイン経験。AIプロダクトのUIデザイン経験。ユーザーリサーチの企画・実施経験。情報設計（IA）の知識。',
  '宮城県仙台市（フルリモート勤務可）',
  '当面なし',
  '当面なし',
  '無期',
  '入社後3ヶ月（条件変更なし）',
  'フレックスタイム制（コアタイムなし）標準労働時間8時間',
  '60分',
  '完全週休2日制（土日祝）、年末年始休暇、有給休暇（入社半年後10日付与）、慶弔休暇、産前産後休暇、育児休暇',
  450, 750,
  '月給38万円〜63万円（固定残業代45時間分を含む）。経験・能力を考慮の上決定。',
  '健康保険、厚生年金、雇用保険、労災保険',
  '屋内原則禁煙（喫煙専用室あり）',
  E'フルリモート手当月3万円\n書籍購入費全額補助\nカンファレンス参加費補助\n副業OK',
  'フルリモート',
  '書類選考 → ポートフォリオレビュー → デザイン課題 → 最終面接 → 内定',
  now()
) ON CONFLICT DO NOTHING;

-- 14-3: カスタマーサクセス
INSERT INTO job_postings (
  id, company_id, team_id, created_by, status, title, job_category, employment_type, hiring_count,
  description, appeal_points, challenges, team_description, skills_gained,
  content_blocks, tags,
  required_qualifications, preferred_qualifications,
  work_location, work_location_change_scope, job_description_change_scope,
  contract_type, probation_period, work_hours, break_time, holidays,
  salary_min, salary_max, salary_detail, insurance, smoking_policy,
  benefits, remote_policy, selection_process, published_at
) VALUES (
  'd0140000-0000-0000-0000-000000000003',
  'b0000000-0000-0000-0000-000000000014',
  'c0014000-0000-0000-0000-000000000003',
  'b1000000-0000-0000-0000-000000000014',
  'open',
  'カスタマーサクセス｜法律事務所と企業法務のDXを伴走支援',
  'カスタマーサクセス',
  '正社員',
  '1名',
  'AI契約書レビューサービスの導入企業に対するカスタマーサクセスを担当していただきます。法律事務所や企業の法務部門へのオンボーディング支援、契約書テンプレートの初期設定サポート、AIレビュー精度のカスタマイズ提案、利用データに基づく活用促進施策の実行、月次のビジネスレビューの実施などが主な業務です。法律業界はデジタルツールの導入に慎重な傾向があるため、丁寧な説明と段階的な導入プランの提案が重要です。顧客の声をプロダクトチームにフィードバックし、サービスの改善に貢献する役割も担います。',
  'リーガルテック市場の成長とともに、カスタマーサクセスとしてのキャリアを築けるポジションです。法律事務所のパートナー弁護士や大企業の法務部長クラスと直接対話する機会が多く、ビジネスパーソンとして大きく成長できます。法律とテクノロジーの両方のドメイン知識を習得できるため、市場価値の高い人材になれます。カスタマーサクセスの仕組みをゼロから構築するフェーズであり、自分のアイデアを直接形にできるやりがいがあります。',
  '法律業界のクライアントは正確性と機密性への要求が非常に高いため、信頼関係の構築に時間がかかる場合があります。AIの判定結果に対する法律専門家からのフィードバックを正確に理解し、プロダクトチームに伝える「翻訳力」が求められます。また、契約書の種類や業種によって最適な活用方法が異なるため、幅広いケースに対応する応用力も必要です。',
  'ビジネスチーム4名で、セールス2名・カスタマーサクセス2名の構成です。弁護士資格を持つメンバーが在籍しており、法律的な質問にすぐ回答できる体制です。',
  'リーガルテックのカスタマーサクセススキル、法律業界のビジネス知識、AIプロダクトの活用支援スキル、ハイタッチ型のカスタマーサクセス設計力が身につきます。',
  '[]'::jsonb,
  '["カスタマーサクセス","リーガルテック","法務","SaaS","オンボーディング","AI"]'::jsonb,
  'カスタマーサクセスまたはコンサルティングの実務経験2年以上。法人顧客への対応経験。',
  '法律事務所または企業法務部門との業務経験。SaaSプロダクトのカスタマーサクセス経験。AIプロダクトの活用支援経験。法律の基礎知識。',
  '宮城県仙台市（フルリモート勤務可）',
  '当面なし',
  '当面なし',
  '無期',
  '入社後3ヶ月（条件変更なし）',
  'フレックスタイム制（コアタイムなし）標準労働時間8時間',
  '60分',
  '完全週休2日制（土日祝）、年末年始休暇、有給休暇（入社半年後10日付与）、慶弔休暇、産前産後休暇、育児休暇',
  400, 700,
  '月給33万円〜58万円（固定残業代45時間分を含む）。経験・能力を考慮の上決定。',
  '健康保険、厚生年金、雇用保険、労災保険',
  '屋内原則禁煙（喫煙専用室あり）',
  E'フルリモート手当月3万円\n書籍購入費全額補助\n資格取得費補助\n副業OK',
  'フルリモート',
  '書類選考 → 一次面接 → 最終面接 → 内定',
  now()
) ON CONFLICT DO NOTHING;

-- 14-4: セールス
INSERT INTO job_postings (
  id, company_id, team_id, created_by, status, title, job_category, employment_type, hiring_count,
  description, appeal_points, challenges, team_description, skills_gained,
  content_blocks, tags,
  required_qualifications, preferred_qualifications,
  work_location, work_location_change_scope, job_description_change_scope,
  contract_type, probation_period, work_hours, break_time, holidays,
  salary_min, salary_max, salary_detail, insurance, smoking_policy,
  benefits, remote_policy, selection_process, published_at
) VALUES (
  'd0140000-0000-0000-0000-000000000004',
  'b0000000-0000-0000-0000-000000000014',
  'c0014000-0000-0000-0000-000000000003',
  'b1000000-0000-0000-0000-000000000014',
  'open',
  'セールス｜AI×リーガルテックで法務DXの新市場を開拓',
  'セールス',
  '正社員',
  '1名',
  'AI契約書レビューサービスの法人営業を担当していただきます。法律事務所、企業の法務部門、スタートアップに対して、契約書レビューの効率化とリスク低減を提案する営業活動を行います。初回商談でのデモンストレーションからクロージング、導入後のフォローアップまでを一貫して担当します。セミナー・ウェビナーの企画・登壇を通じたリード獲得、法律系カンファレンスへの出展、弁護士会との連携による認知拡大など、マーケティングと連動した営業活動も推進します。契約書レビューの工数削減や見落としリスクの低減を定量的に示すROI提案が鍵となるポジションです。',
  'リーガルテック市場は日本ではまだ黎明期であり、市場を創っていく面白さがあります。AIの進化により契約書レビューの自動化ニーズは急速に高まっており、追い風の中で営業活動ができます。法律事務所のパートナー弁護士や上場企業の法務部長といったハイレベルなクライアントとの商談を通じて、プレゼンテーション力と提案力を大きく伸ばせます。仙台を拠点にフルリモートで働ける柔軟性も魅力です。',
  '法律業界は保守的な面があり、AIへの信頼を獲得するまでの長いセールスサイクルに対する忍耐力が求められます。法律の専門知識がある程度必要であり、入社後に法律の基礎を学ぶ意欲が不可欠です。また、弁護士や法務担当者は論理的で厳密なコミュニケーションを好むため、提案内容の正確さと論理性が特に重視されます。',
  'ビジネスチーム4名で、セールスとカスタマーサクセスが密に連携しています。弁護士メンバーが商談に同席してくれる体制もあり、法律的なサポートは手厚い環境です。',
  'リーガルテック業界のセールスノウハウ、AIプロダクトの提案営業スキル、法律業界のビジネス知識、ハイタッチセールスの実践力が身につきます。',
  '[]'::jsonb,
  '["法人営業","リーガルテック","AI","SaaS","新規開拓","コンサルティング営業"]'::jsonb,
  '法人向け営業経験3年以上。SaaSまたはIT業界での営業経験。',
  '法律事務所または企業法務部門への営業経験。AIプロダクトの営業経験。セミナー・ウェビナーの企画・登壇経験。長期セールスサイクルの案件管理経験。',
  '宮城県仙台市（フルリモート勤務可）',
  '当面なし',
  '当面なし',
  '無期',
  '入社後3ヶ月（条件変更なし）',
  'フレックスタイム制（コアタイムなし）標準労働時間8時間',
  '60分',
  '完全週休2日制（土日祝）、年末年始休暇、有給休暇（入社半年後10日付与）、慶弔休暇、産前産後休暇、育児休暇',
  450, 850,
  '月給38万円〜71万円（固定残業代45時間分を含む）。インセンティブ制度あり。経験・能力を考慮の上決定。',
  '健康保険、厚生年金、雇用保険、労災保険',
  '屋内原則禁煙（喫煙専用室あり）',
  E'フルリモート手当月3万円\n書籍購入費全額補助\n資格取得費補助\n副業OK',
  'フルリモート',
  '書類選考 → 一次面接 → 最終面接 → 内定',
  now()
) ON CONFLICT DO NOTHING;


-- ============================================================
-- seed_jobs_3.sql — 9社 × 4件 = 36求人
-- ============================================================

-- ============================================================
-- 15. スタイルシンク（ファッション / 広島市）
-- ============================================================

-- 15-1. ファッションデザイナー
INSERT INTO job_postings (
  id, company_id, team_id, created_by, status, title, job_category, employment_type, hiring_count,
  description, appeal_points, challenges, team_description, skills_gained,
  content_blocks, tags,
  required_qualifications, preferred_qualifications,
  work_location, work_location_change_scope, job_description_change_scope,
  contract_type, probation_period, work_hours, break_time, holidays,
  salary_min, salary_max, salary_detail, insurance, smoking_policy,
  benefits, remote_policy, selection_process, published_at
) VALUES (
  'd0150000-0000-0000-0000-000000000001',
  'b0000000-0000-0000-0000-000000000015',
  'c0015000-0000-0000-0000-000000000001',
  'b1000000-0000-0000-0000-000000000015',
  'open',
  'ファッションデザイナー｜AIトレンド分析×クリエイティブで次世代アパレルを創る',
  'デザイナー',
  '正社員',
  '1〜2名',
  '当社独自のAIトレンド分析エンジンが導き出すファッショントレンド予測データを活用しながら、シーズンコレクションのデザインを担当していただきます。素材選定からパターン設計、プロトタイプ製作までを一貫して手がけ、国内外のバイヤー向け展示会への出展も行います。デジタルファッションの領域にも積極的に取り組んでおり、3Dモデリングを活用したバーチャルサンプルの制作や、サステナブル素材を用いた新ラインの開発にも携わっていただきます。テクノロジーとクリエイティブの融合を体現するポジションです。',
  'AIが提供するデータドリブンなインサイトを、実際のデザインワークに落とし込むという他社にはないユニークな経験ができます。少数精鋭のデザインチームのため、企画段階からブランドの方向性に関わることができ、自分のアイデアがダイレクトに商品として世に出る手応えがあります。広島を拠点にしながらも、東京や海外の展示会にも定期的に参加でき、グローバルな視点を養える環境です。',
  'ファッション業界の常識とテクノロジーの融合は、まだ前例の少ない領域です。AIの提案をそのまま採用するのではなく、デザイナーとしての感性とデータを掛け合わせて新しい価値を生み出す力が求められます。また、サステナブルファッションの分野では素材の選択肢に制約がある中で、品質とデザイン性を両立させる必要があります。既存の枠にとらわれず、実験的なアプローチを楽しめる方に向いています。',
  'デザイナー3名のチームで、各メンバーがレディース・メンズ・アクセサリーの専門領域を持ちつつ、シーズンごとのコンセプト設計はチーム全体で行います。週1回のデザインレビューでは率直なフィードバックを交わし合う文化があります。',
  'AIデータを活用したトレンド分析スキル、3Dファッションデザインの実践力、サステナブル素材の知見、展示会でのプレゼンテーション力が身につきます。',
  '[]'::jsonb,
  '["ファッションデザイン","3Dモデリング","サステナブル","AI活用","トレンド分析","CLO3D"]'::jsonb,
  'アパレルブランドまたはデザイン事務所でのデザイナー経験3年以上。Adobe Creative Suite（Illustrator, Photoshop）の実務経験。',
  'CLO3DやBrowzwearなどの3Dファッションデザインツールの使用経験。サステナブルファッションへの関心。海外展示会への出展経験。',
  '広島県広島市中区（週2日リモート可）',
  '当面なし',
  '当面なし',
  '無期',
  '入社後3ヶ月（条件変更なし）',
  'フレックスタイム制（コアタイム11:00-15:00）標準労働時間8時間',
  '60分',
  '完全週休2日制（土日祝）、年末年始休暇、有給休暇（入社半年後10日付与）、慶弔休暇、産前産後休暇、育児休暇',
  350, 600,
  '月給29万円〜50万円（固定残業代30時間分を含む）。経験・能力を考慮の上決定。',
  '健康保険、厚生年金、雇用保険、労災保険',
  '屋内原則禁煙（喫煙専用室あり）',
  E'社員割引制度（自社ブランド50%OFF）\n展示会出張手当\nスキルアップ研修費補助\n副業OK',
  '週2日リモート可',
  '書類選考（ポートフォリオ必須） → デザイン課題 → 面接（2回） → 内定',
  now()
) ON CONFLICT DO NOTHING;

-- 15-2. MD・バイヤー
INSERT INTO job_postings (
  id, company_id, team_id, created_by, status, title, job_category, employment_type, hiring_count,
  description, appeal_points, challenges, team_description, skills_gained,
  content_blocks, tags,
  required_qualifications, preferred_qualifications,
  work_location, work_location_change_scope, job_description_change_scope,
  contract_type, probation_period, work_hours, break_time, holidays,
  salary_min, salary_max, salary_detail, insurance, smoking_policy,
  benefits, remote_policy, selection_process, published_at
) VALUES (
  'd0150000-0000-0000-0000-000000000002',
  'b0000000-0000-0000-0000-000000000015',
  'c0015000-0000-0000-0000-000000000002',
  'b1000000-0000-0000-0000-000000000015',
  'open',
  'MD・バイヤー｜データ×感性で仕入れ戦略を立案するファッションビジネスの要',
  '企画',
  '正社員',
  '1名',
  'AIトレンド分析データと市場調査をもとに、シーズンごとの商品構成と仕入れ計画を立案・実行していただきます。国内外のサプライヤーとの交渉、展示会での新規取引先開拓、在庫管理と販売データの分析による次シーズンへのフィードバックまでを一貫して担当します。ECサイトと実店舗の両チャネルにおける販売戦略を統合的に管理し、売上と利益率の最大化を目指します。デザインチームとの連携も密に行い、市場ニーズとブランドの世界観を両立する商品ラインナップを実現します。',
  'AIによる需要予測データを活用した仕入れ判断という、業界でも先進的な取り組みに携われます。少人数組織のため、MDとしての裁量が大きく、仕入れから販売戦略まで幅広い意思決定に関与できます。広島という地方拠点ならではのコスト構造を活かした独自のビジネスモデルを構築しており、都心部のファッション企業とは異なる視点で業界に挑めます。',
  'AIの予測データと現場の肌感覚のバランスをどう取るかが最大のチャレンジです。データが示す数字と、ファッションの感性的な判断が一致しないケースもあり、最終的にはバイヤーとしての経験と直感も求められます。また、サステナブル素材を積極的に採用しているため、従来のサプライチェーンとは異なる調達ルートの開拓が必要です。新しいビジネスモデルを自分の手で作り上げていく面白さがあります。',
  'MD・バイヤーチーム3名で、それぞれがレディース、メンズ、アクセサリーのカテゴリを担当。週次のMD会議でデータ共有と戦略議論を行っています。',
  'データドリブンなMD戦略立案スキル、サプライヤー交渉力、在庫最適化の知見、EC・実店舗の統合マーケティング力が身につきます。',
  '[]'::jsonb,
  '["MD","バイヤー","在庫管理","需要予測","サプライチェーン","アパレル"]'::jsonb,
  'アパレル業界でのMDまたはバイヤー経験3年以上。仕入れ交渉および在庫管理の実務経験。Excel等を用いた販売データ分析の経験。',
  '海外サプライヤーとの取引経験（英語力）。ECサイト運営の知見。サステナブルファッションに関する知識。',
  '広島県広島市中区',
  '当面なし',
  '当面なし',
  '無期',
  '入社後3ヶ月（条件変更なし）',
  '9:30〜18:30（実働8時間）',
  '60分',
  '完全週休2日制（土日祝）、年末年始休暇、有給休暇（入社半年後10日付与）、慶弔休暇、産前産後休暇、育児休暇',
  400, 650,
  '月給33万円〜54万円（固定残業代30時間分を含む）。経験・能力を考慮の上決定。',
  '健康保険、厚生年金、雇用保険、労災保険',
  '屋内原則禁煙（喫煙専用室あり）',
  E'社員割引制度（自社ブランド50%OFF）\n出張手当\nスキルアップ研修費補助\n副業OK',
  '原則出社（出張あり）',
  '書類選考 → 面接（2回） → 最終面接 → 内定',
  now()
) ON CONFLICT DO NOTHING;

-- 15-3. フルスタックエンジニア
INSERT INTO job_postings (
  id, company_id, team_id, created_by, status, title, job_category, employment_type, hiring_count,
  description, appeal_points, challenges, team_description, skills_gained,
  content_blocks, tags,
  required_qualifications, preferred_qualifications,
  work_location, work_location_change_scope, job_description_change_scope,
  contract_type, probation_period, work_hours, break_time, holidays,
  salary_min, salary_max, salary_detail, insurance, smoking_policy,
  benefits, remote_policy, selection_process, published_at
) VALUES (
  'd0150000-0000-0000-0000-000000000003',
  'b0000000-0000-0000-0000-000000000015',
  'c0015000-0000-0000-0000-000000000003',
  'b1000000-0000-0000-0000-000000000015',
  'open',
  'フルスタックエンジニア｜AIトレンド分析プラットフォームの開発を牽引',
  'エンジニア',
  '正社員',
  '1〜2名',
  'ファッション業界向けAIトレンド分析プラットフォームの設計・開発を担当していただきます。SNSやストリートスナップの画像データを機械学習モデルで分析し、トレンドの兆候をいち早く検知するシステムの構築が主な業務です。バックエンドのAPI設計からフロントエンドのダッシュボード開発まで幅広く手がけ、デザイナーやMDチームが直感的に使えるUI/UXを実現します。また、ECサイトのレコメンドエンジンや在庫最適化アルゴリズムの開発にも携わっていただきます。',
  'ファッション×AIという成長市場で、プロダクトの中核を担うエンジニアリングに携われます。少人数チームのため技術選定の自由度が高く、最新技術を積極的に取り入れる文化があります。フルリモート可能なため、広島在住でなくても働けます。プロダクトの方向性にも意見を出せるフラットな組織で、ビジネスサイドとの距離も近い環境です。',
  'ファッションドメインの画像認識は一般的な物体検出とは異なり、色彩やシルエット、素材感などの微妙なニュアンスを捉える必要があります。また、トレンドは常に変化するため、モデルの継続的な改善と運用が欠かせません。エンジニアリングの力でファッション業界を変革するという大きなテーマに挑戦する覚悟が求められます。',
  'エンジニアチーム3名で、バックエンド・フロントエンド・MLの各領域をカバー。全員がフルスタック志向を持ちつつ得意分野を活かし合う体制です。週1のテック共有会でナレッジを蓄積しています。',
  'Python/TypeScriptでの機械学習パイプライン構築スキル、画像認識モデルの開発・運用力、EC向けレコメンドシステムの設計力が身につきます。',
  '[]'::jsonb,
  '["Python","TypeScript","React","機械学習","画像認識","AWS","ECサイト"]'::jsonb,
  'Webアプリケーション開発経験3年以上（フロントエンド・バックエンド問わず）。Python, TypeScript のいずれかでの実務経験。',
  '機械学習・画像認識の実務経験。AWS等クラウドインフラの構築・運用経験。ECサイトの開発経験。ファッション業界への関心。',
  '広島県広島市中区（フルリモート勤務可）',
  '当面なし',
  '当面なし',
  '無期',
  '入社後3ヶ月（条件変更なし）',
  'フレックスタイム制（コアタイムなし）標準労働時間8時間',
  '60分',
  '完全週休2日制（土日祝）、年末年始休暇、有給休暇（入社半年後10日付与）、慶弔休暇、産前産後休暇、育児休暇',
  500, 800,
  '月給42万円〜67万円（固定残業代45時間分を含む）。経験・能力を考慮の上決定。',
  '健康保険、厚生年金、雇用保険、労災保険',
  '屋内原則禁煙（喫煙専用室あり）',
  E'リモートワーク手当月2万円\n書籍購入費補助\nカンファレンス参加費補助\n副業OK',
  'フルリモート',
  '書類選考 → 技術面接（コーディングテスト含む） → 最終面接 → 内定',
  now()
) ON CONFLICT DO NOTHING;

-- 15-4. マーケティング
INSERT INTO job_postings (
  id, company_id, team_id, created_by, status, title, job_category, employment_type, hiring_count,
  description, appeal_points, challenges, team_description, skills_gained,
  content_blocks, tags,
  required_qualifications, preferred_qualifications,
  work_location, work_location_change_scope, job_description_change_scope,
  contract_type, probation_period, work_hours, break_time, holidays,
  salary_min, salary_max, salary_detail, insurance, smoking_policy,
  benefits, remote_policy, selection_process, published_at
) VALUES (
  'd0150000-0000-0000-0000-000000000004',
  'b0000000-0000-0000-0000-000000000015',
  'c0015000-0000-0000-0000-000000000002',
  'b1000000-0000-0000-0000-000000000015',
  'open',
  'デジタルマーケティング｜ファッション×テクノロジーのブランドを世界へ発信',
  'マーケティング',
  '正社員',
  '1名',
  'スタイルシンクのブランド認知拡大とEC売上向上を担うデジタルマーケティング全般をお任せします。Instagram・TikTok・YouTubeなどSNS運用戦略の立案と実行、インフルエンサーマーケティングの企画・ディレクション、Google/Meta広告の運用最適化、SEO・コンテンツマーケティングの推進が主な業務です。AIトレンド分析データを活用したターゲティング精度の向上や、パーソナライズされたメール配信の設計にも取り組みます。データに基づく意思決定を重視し、全施策のROIを可視化する仕組みづくりも担当していただきます。',
  'ファッション×テクノロジーという話題性のあるブランドのマーケティングを、企画から実行まで一気通貫で担当できます。自社のAIトレンド分析データをマーケティングにも活用できる独自の強みがあり、他社では得られないデータドリブンなファッションマーケティングの知見を蓄積できます。広島発のブランドとして地域メディアとの連携も多く、ローカルとグローバルの両面でマーケティング経験を積めます。',
  'ファッション業界のマーケティングはトレンドの移り変わりが早く、常に新しい施策を試し続ける必要があります。また、AIを活用したブランドという先進的なイメージと、服そのものの魅力を両立して伝えるコミュニケーション設計が求められます。限られた予算の中で最大のインパクトを出すため、施策の優先順位づけと素早い検証サイクルの回し方が問われるポジションです。',
  'MD・バイヤーチームの一員として、商品企画と連動したマーケティングを推進します。デザイナーチーム・エンジニアチームとも日常的に連携し、ブランド全体のコミュニケーションを統括します。',
  'ファッションEC特有のデジタルマーケティングスキル、SNS運用・インフルエンサーマーケティングのディレクション力、データ分析に基づくマーケティング戦略立案力が身につきます。',
  '[]'::jsonb,
  '["デジタルマーケティング","SNS運用","広告運用","SEO","EC","インフルエンサー"]'::jsonb,
  'デジタルマーケティングの実務経験3年以上。SNS運用またはWeb広告運用の経験。Googleアナリティクス等の分析ツールの使用経験。',
  'ファッション・アパレル業界でのマーケティング経験。EC運営の知見。インフルエンサーマーケティングの企画・実行経験。',
  '広島県広島市中区（週1日リモート可）',
  '当面なし',
  '当面なし',
  '無期',
  '入社後3ヶ月（条件変更なし）',
  '9:30〜18:30（実働8時間）',
  '60分',
  '完全週休2日制（土日祝）、年末年始休暇、有給休暇（入社半年後10日付与）、慶弔休暇、産前産後休暇、育児休暇',
  380, 580,
  '月給32万円〜48万円（固定残業代30時間分を含む）。経験・能力を考慮の上決定。',
  '健康保険、厚生年金、雇用保険、労災保険',
  '屋内原則禁煙（喫煙専用室あり）',
  E'社員割引制度（自社ブランド50%OFF）\n書籍購入費補助\nカンファレンス参加費補助\n副業OK',
  '週1日リモート可',
  '書類選考 → 面接（2回） → 最終面接 → 内定',
  now()
) ON CONFLICT DO NOTHING;

-- ============================================================
-- 16. シールドインシュア（保険 / 大阪市）
-- ============================================================

-- 16-1. アクチュアリー
INSERT INTO job_postings (
  id, company_id, team_id, created_by, status, title, job_category, employment_type, hiring_count,
  description, appeal_points, challenges, team_description, skills_gained,
  content_blocks, tags,
  required_qualifications, preferred_qualifications,
  work_location, work_location_change_scope, job_description_change_scope,
  contract_type, probation_period, work_hours, break_time, holidays,
  salary_min, salary_max, salary_detail, insurance, smoking_policy,
  benefits, remote_policy, selection_process, published_at
) VALUES (
  'd0160000-0000-0000-0000-000000000001',
  'b0000000-0000-0000-0000-000000000016',
  'c0016000-0000-0000-0000-000000000001',
  'b1000000-0000-0000-0000-000000000016',
  'open',
  'アクチュアリー｜InsurTechで保険の未来を数理モデルから設計する',
  'その他',
  '正社員',
  '1〜2名',
  '損害保険・生命保険の商品設計に関わるアクチュアリー業務全般を担当していただきます。保険料率の算出、リスク評価モデルの構築、収益性分析、ソルベンシー規制対応のためのリスク計量を行います。当社はInsurTech企業として、従来の保険数理に加えて機械学習を活用した動的プライシングモデルの開発にも取り組んでおり、テレマティクスデータやウェアラブルデバイスのデータを活用した新しい保険商品の設計にも携わっていただきます。金融庁への認可申請に関する数理的な根拠資料の作成も重要な業務の一つです。',
  '伝統的なアクチュアリー業務と最先端のデータサイエンスを融合させた環境で働けます。InsurTechスタートアップならではのスピード感の中で、新しい保険商品を世に送り出す醍醐味があります。日本アクチュアリー会の試験勉強を支援する制度が充実しており、キャリアアップと資格取得を両立できます。大阪を拠点としつつ、リモートワークも柔軟に対応しています。',
  '規制産業である保険業界において、革新的な商品設計を金融庁の認可を得ながら実現することは容易ではありません。テレマティクスデータを活用した動的プライシングはまだ日本市場での実績が限られており、モデルの精度向上と説明可能性の確保が両立を求められます。アクチュアリーとしての数理的な厳密さと、スタートアップとしてのスピード感の間でバランスを取りながら、新しい保険の在り方を切り拓いていく挑戦があります。',
  'アクチュアリーチーム3名で、商品設計・リスク管理・データ分析の各領域を担当。全員がアクチュアリー試験に挑戦中で、互いに勉強会を開催するなど切磋琢磨する環境です。',
  '保険数理の専門知識、機械学習を活用したリスクモデリングスキル、金融規制対応の実務経験、InsurTech領域の知見が身につきます。',
  '[]'::jsonb,
  '["アクチュアリー","保険数理","リスク管理","Python","機械学習","InsurTech"]'::jsonb,
  '数理系学部卒以上。保険会社・再保険会社・コンサルティングファームでのアクチュアリー業務経験2年以上、またはアクチュアリー試験合格科目2科目以上。',
  '正会員または準会員資格。Python/Rでのデータ分析経験。機械学習モデルの構築経験。生損保いずれかの商品設計経験。',
  '大阪府大阪市中央区（週2日リモート可）',
  '当面なし',
  '当面なし',
  '無期',
  '入社後3ヶ月（条件変更なし）',
  'フレックスタイム制（コアタイム10:00-15:00）標準労働時間8時間',
  '60分',
  '完全週休2日制（土日祝）、年末年始休暇、有給休暇（入社半年後10日付与）、慶弔休暇、産前産後休暇、育児休暇、試験休暇',
  600, 1000,
  '月給50万円〜83万円（固定残業代30時間分を含む）。経験・能力・資格を考慮の上決定。',
  '健康保険、厚生年金、雇用保険、労災保険',
  '屋内原則禁煙（喫煙専用室あり）',
  E'アクチュアリー試験受験料・教材費全額補助\n合格祝い金制度\n書籍購入費補助\n副業OK',
  '週2日リモート可',
  '書類選考 → 技術面接（数理テスト含む） → 最終面接 → 内定',
  now()
) ON CONFLICT DO NOTHING;

-- 16-2. セールス（営業企画）
INSERT INTO job_postings (
  id, company_id, team_id, created_by, status, title, job_category, employment_type, hiring_count,
  description, appeal_points, challenges, team_description, skills_gained,
  content_blocks, tags,
  required_qualifications, preferred_qualifications,
  work_location, work_location_change_scope, job_description_change_scope,
  contract_type, probation_period, work_hours, break_time, holidays,
  salary_min, salary_max, salary_detail, insurance, smoking_policy,
  benefits, remote_policy, selection_process, published_at
) VALUES (
  'd0160000-0000-0000-0000-000000000002',
  'b0000000-0000-0000-0000-000000000016',
  'c0016000-0000-0000-0000-000000000002',
  'b1000000-0000-0000-0000-000000000016',
  'open',
  '法人営業｜InsurTech保険商品で企業の福利厚生を革新するセールス',
  'セールス',
  '正社員',
  '2名',
  '当社のInsurTech保険商品を法人顧客に提案する営業活動全般をお任せします。テレマティクスやウェアラブルデータを活用した健康経営型の団体保険、従業員向けカスタマイズ保険プランなど、従来にはない保険商品の価値を企業の人事部門や経営層に伝え、導入を推進します。新規顧客の開拓からニーズヒアリング、提案書作成、契約締結、導入後のフォローアップまでを一貫して担当。マーケティングチームと連携した展示会やセミナーでのリード獲得活動にも参加していただきます。業界の慣習にとらわれないソリューション営業が求められるポジションです。',
  'InsurTechという成長領域で、従来の保険営業とは一線を画すソリューション営業を経験できます。商品の説明だけでなく、データに基づく健康経営の提案や、従業員エンゲージメント向上の観点からの保険活用など、コンサルティング要素の強い営業スタイルが身につきます。スタートアップならではの営業戦略の立案にも関われ、組織の成長とともに自身のキャリアも大きく広がるポジションです。',
  'InsurTech保険商品はまだ市場認知が低いため、顧客の理解を得るまでのハードルがあります。従来の保険と何が違うのかを分かりやすく伝え、導入のメリットを数値で示す論理的なプレゼン力が求められます。また、保険業界の規制を踏まえた適切な営業活動が必要であり、コンプライアンス意識も重要です。新しい市場を自らの手で切り拓いていく開拓者精神が問われるポジションです。',
  '営業企画チーム3名で、関西圏の法人顧客を中心に活動。顧客ごとの課題に合わせたカスタム提案を重視しています。チーム内での情報共有を密に行い、成功事例のナレッジを蓄積しています。',
  'InsurTech領域のソリューション営業スキル、法人向けコンサルティング営業力、保険業界の専門知識、データドリブンな提案力が身につきます。',
  '[]'::jsonb,
  '["法人営業","保険","InsurTech","ソリューション営業","健康経営","BtoB"]'::jsonb,
  '法人営業経験3年以上。顧客課題のヒアリングから提案・クロージングまでの一連の営業プロセスの経験。',
  '保険業界での営業経験。SaaS・テック企業での法人営業経験。保険募集人資格。コンサルティングファームでの実務経験。',
  '大阪府大阪市中央区（直行直帰あり）',
  '当面なし',
  '当面なし',
  '無期',
  '入社後3ヶ月（条件変更なし）',
  '9:00〜18:00（実働8時間）',
  '60分',
  '完全週休2日制（土日祝）、年末年始休暇、有給休暇（入社半年後10日付与）、慶弔休暇、産前産後休暇、育児休暇',
  450, 750,
  '月給38万円〜63万円（固定残業代30時間分を含む、別途インセンティブあり）。経験・能力を考慮の上決定。',
  '健康保険、厚生年金、雇用保険、労災保険',
  '屋内原則禁煙（喫煙専用室あり）',
  E'営業インセンティブ制度\n保険資格取得支援\n書籍購入費補助\n副業OK',
  '週1日リモート可',
  '書類選考 → 面接（2回） → 最終面接 → 内定',
  now()
) ON CONFLICT DO NOTHING;

-- 16-3. システムエンジニア
INSERT INTO job_postings (
  id, company_id, team_id, created_by, status, title, job_category, employment_type, hiring_count,
  description, appeal_points, challenges, team_description, skills_gained,
  content_blocks, tags,
  required_qualifications, preferred_qualifications,
  work_location, work_location_change_scope, job_description_change_scope,
  contract_type, probation_period, work_hours, break_time, holidays,
  salary_min, salary_max, salary_detail, insurance, smoking_policy,
  benefits, remote_policy, selection_process, published_at
) VALUES (
  'd0160000-0000-0000-0000-000000000003',
  'b0000000-0000-0000-0000-000000000016',
  'c0016000-0000-0000-0000-000000000003',
  'b1000000-0000-0000-0000-000000000016',
  'open',
  'バックエンドエンジニア｜保険基幹システムをモダン技術で刷新するInsurTech開発',
  'エンジニア',
  '正社員',
  '1〜2名',
  '保険契約管理・保険料計算・保険金支払いの基幹システムをマイクロサービスアーキテクチャで再構築するプロジェクトのバックエンド開発を担当していただきます。Go言語を中心に、gRPCによるサービス間通信、PostgreSQLでのデータ管理、Kubernetesでのコンテナオーケストレーションなど、モダンな技術スタックで保険業界のレガシーシステムを刷新します。テレマティクスデータのリアルタイム処理パイプラインの構築や、動的プライシングAPIの開発にも携わっていただきます。金融業界特有のセキュリティ要件やコンプライアンス対応も重要な業務です。',
  '保険業界のDXを技術面から推進する最前線に立てます。レガシーシステムのモダナイゼーションという実践的な経験に加え、InsurTech特有のリアルタイムデータ処理やMLモデルのサービング基盤の構築など、先端的なエンジニアリングに取り組めます。金融業界のセキュリティ基準を満たすシステム設計のノウハウも得られ、エンジニアとしての市場価値を大きく高められる環境です。',
  '金融システムに求められる高い信頼性と可用性を担保しつつ、スタートアップとしてのスピード感を保つバランスが最大の課題です。保険計算ロジックの正確性は収益に直結するため、テストカバレッジと品質保証に高い基準が求められます。また、既存の保険業界のデータフォーマットやプロトコルとの互換性を保ちながらモダンなアーキテクチャに移行する技術的な判断力も必要です。',
  'システム開発チーム3名で、基幹システム・データパイプライン・フロントエンドの各領域をカバー。コードレビューとペアプログラミングを重視する文化です。',
  'Go言語でのマイクロサービス設計スキル、金融システムのセキュリティ設計知識、Kubernetesでのコンテナ運用力、リアルタイムデータ処理の実装力が身につきます。',
  '[]'::jsonb,
  '["Go","Kubernetes","gRPC","PostgreSQL","マイクロサービス","金融システム","InsurTech"]'::jsonb,
  'バックエンド開発経験3年以上。Go, Java, Kotlin のいずれかでの実務経験。RDBMSを用いたシステム開発経験。',
  'マイクロサービスアーキテクチャの設計・運用経験。Kubernetes環境での開発経験。金融業界のシステム開発経験。セキュリティに関する知見。',
  '大阪府大阪市中央区（フルリモート勤務可）',
  '当面なし',
  '当面なし',
  '無期',
  '入社後3ヶ月（条件変更なし）',
  'フレックスタイム制（コアタイムなし）標準労働時間8時間',
  '60分',
  '完全週休2日制（土日祝）、年末年始休暇、有給休暇（入社半年後10日付与）、慶弔休暇、産前産後休暇、育児休暇',
  550, 900,
  '月給46万円〜75万円（固定残業代45時間分を含む）。経験・能力を考慮の上決定。',
  '健康保険、厚生年金、雇用保険、労災保険',
  '屋内原則禁煙（喫煙専用室あり）',
  E'リモートワーク手当月2万円\n書籍購入費全額補助\nカンファレンス参加費補助\n資格取得支援制度\n副業OK',
  'フルリモート',
  '書類選考 → 技術面接（コーディングテスト含む） → 最終面接 → 内定',
  now()
) ON CONFLICT DO NOTHING;

-- 16-4. カスタマーサクセス
INSERT INTO job_postings (
  id, company_id, team_id, created_by, status, title, job_category, employment_type, hiring_count,
  description, appeal_points, challenges, team_description, skills_gained,
  content_blocks, tags,
  required_qualifications, preferred_qualifications,
  work_location, work_location_change_scope, job_description_change_scope,
  contract_type, probation_period, work_hours, break_time, holidays,
  salary_min, salary_max, salary_detail, insurance, smoking_policy,
  benefits, remote_policy, selection_process, published_at
) VALUES (
  'd0160000-0000-0000-0000-000000000004',
  'b0000000-0000-0000-0000-000000000016',
  'c0016000-0000-0000-0000-000000000002',
  'b1000000-0000-0000-0000-000000000016',
  'open',
  'カスタマーサクセス｜InsurTech保険の導入支援と活用促進で顧客満足を最大化',
  'カスタマーサクセス',
  '正社員',
  '1名',
  '法人顧客に対するInsurTech保険商品の導入支援とオンボーディング、継続的な活用促進を担当していただきます。契約締結後の導入プロジェクトマネジメント、顧客企業の人事担当者向けトレーニング、テレマティクスデバイスの配布・設定サポート、定期的な利用状況レビューと改善提案が主な業務です。顧客からのフィードバックを収集し、プロダクトチームへの改善要望のフィードバックも行います。チャーンの防止と契約拡大に向けた戦略立案・実行も重要なミッションです。',
  'InsurTech領域のカスタマーサクセスは、まだ確立されたプラクティスが少ない分野です。顧客と一緒に成功体験を作り上げていく過程で、保険業界とテクノロジーの両方の知識を深められます。導入から運用まで顧客に伴走する中で、長期的な信頼関係を構築するやりがいがあります。組織の立ち上げフェーズに参画できるため、CSの仕組み自体を自分で設計する経験も得られます。',
  '保険商品は契約後の運用が長期にわたるため、顧客の関心を維持し続けることが重要な課題です。テレマティクスデバイスの運用トラブルや、従業員のプライバシーに関する懸念への対応など、技術的な問題と心理的な問題の両方に向き合う必要があります。また、保険という規制業種の特性上、対応のスピードと正確性の両立が求められる場面も多くあります。',
  '営業企画チームの一員として、セールスメンバーと密に連携。契約後のバトンタッチから顧客の成功までを一貫して担います。',
  '法人向けカスタマーサクセスの戦略立案・実行スキル、InsurTech領域の専門知識、オンボーディングプログラムの設計力、データに基づくチャーン分析力が身につきます。',
  '[]'::jsonb,
  '["カスタマーサクセス","保険","InsurTech","オンボーディング","BtoB","CRM"]'::jsonb,
  'カスタマーサクセスまたはカスタマーサポートの実務経験2年以上。法人顧客との折衝経験。',
  '保険業界での実務経験。SaaS企業でのカスタマーサクセス経験。CRMツール（Salesforce等）の活用経験。プロジェクトマネジメント経験。',
  '大阪府大阪市中央区（週1日リモート可）',
  '当面なし',
  '当面なし',
  '無期',
  '入社後3ヶ月（条件変更なし）',
  '9:00〜18:00（実働8時間）',
  '60分',
  '完全週休2日制（土日祝）、年末年始休暇、有給休暇（入社半年後10日付与）、慶弔休暇、産前産後休暇、育児休暇',
  400, 600,
  '月給33万円〜50万円（固定残業代30時間分を含む）。経験・能力を考慮の上決定。',
  '健康保険、厚生年金、雇用保険、労災保険',
  '屋内原則禁煙（喫煙専用室あり）',
  E'保険資格取得支援\n書籍購入費補助\nスキルアップ研修制度\n副業OK',
  '週1日リモート可',
  '書類選考 → 面接（2回） → 最終面接 → 内定',
  now()
) ON CONFLICT DO NOTHING;

-- ============================================================
-- 17. ソラノミライ（宇宙・航空 / 福岡市）
-- ============================================================

-- 17-1. 衛星システムエンジニア
INSERT INTO job_postings (
  id, company_id, team_id, created_by, status, title, job_category, employment_type, hiring_count,
  description, appeal_points, challenges, team_description, skills_gained,
  content_blocks, tags,
  required_qualifications, preferred_qualifications,
  work_location, work_location_change_scope, job_description_change_scope,
  contract_type, probation_period, work_hours, break_time, holidays,
  salary_min, salary_max, salary_detail, insurance, smoking_policy,
  benefits, remote_policy, selection_process, published_at
) VALUES (
  'd0170000-0000-0000-0000-000000000001',
  'b0000000-0000-0000-0000-000000000017',
  'c0017000-0000-0000-0000-000000000001',
  'b1000000-0000-0000-0000-000000000017',
  'open',
  '衛星システムエンジニア｜小型衛星コンステレーションの設計で宇宙インフラを構築',
  'エンジニア',
  '正社員',
  '1〜2名',
  '小型衛星コンステレーションの設計・開発・運用を担当していただきます。衛星のシステム設計、サブシステム間のインターフェース定義、熱解析・構造解析のレビュー、環境試験の計画・実施、軌道上での衛星運用が主な業務です。地上局との通信設計や、衛星搭載ペイロードの要件定義にも携わります。当社は地球観測データを活用した防災・農業・物流分野へのソリューション提供を目指しており、ユーザーニーズを理解した上でのシステム設計が求められます。福岡という宇宙ビジネスの新たな拠点から、日本の宇宙産業を牽引するプロジェクトに参画できます。',
  '小型衛星の設計から打ち上げ、軌道上運用までの全工程に関われる貴重な環境です。福岡市の宇宙ビジネス振興施策の支援を受けており、九州大学や地元企業との連携も活発です。衛星1機を少人数で開発するため、システム全体を俯瞰するスキルが自然と身につきます。宇宙産業の急成長に伴い、この経験は今後のキャリアにおいて非常に希少価値の高いものになります。',
  '小型衛星開発は限られた質量・電力の制約の中で最大のパフォーマンスを引き出す設計が求められ、トレードオフの判断が頻繁に発生します。また、宇宙空間という過酷な環境での動作を保証するために、地上での十分な検証が不可欠です。打ち上げスケジュールに合わせた開発マイルストーンの管理も重要で、遅延が許されないプレッシャーの中でのプロジェクト推進力が求められます。',
  '衛星開発チーム3名で、システム設計・電装設計・構造設計の各領域を担当。少人数ゆえに領域横断的な知識共有が日常的に行われます。',
  '衛星システム設計の全体知識、環境試験の計画・実施スキル、宇宙品質基準に基づく設計手法、軌道力学の実践的知識が身につきます。',
  '[]'::jsonb,
  '["衛星開発","宇宙","システム設計","組み込み","C/C++","地球観測"]'::jsonb,
  '機械工学・電気工学・航空宇宙工学のいずれかの学士以上。組み込みシステム開発または機械設計の実務経験2年以上。',
  '人工衛星やロケットの開発経験。宇宙品質基準（ECSS等）に基づく設計経験。環境試験の計画・実施経験。MATLAB/Simulinkの使用経験。',
  '福岡県福岡市博多区',
  '当面なし',
  '当面なし',
  '無期',
  '入社後6ヶ月（条件変更なし）',
  '9:00〜18:00（実働8時間）',
  '60分',
  '完全週休2日制（土日祝）、年末年始休暇、有給休暇（入社半年後10日付与）、慶弔休暇、産前産後休暇、育児休暇',
  500, 850,
  '月給42万円〜71万円（固定残業代30時間分を含む）。経験・能力を考慮の上決定。',
  '健康保険、厚生年金、雇用保険、労災保険',
  '屋内原則禁煙（喫煙専用室あり）',
  E'学会参加費補助\n論文発表奨励金\n引越し手当（入社時）\n副業OK',
  '原則出社（打ち上げ前後はリモート不可）',
  '書類選考 → 技術面接 → 最終面接 → 内定',
  now()
) ON CONFLICT DO NOTHING;

-- 17-2. フライトソフトウェアエンジニア
INSERT INTO job_postings (
  id, company_id, team_id, created_by, status, title, job_category, employment_type, hiring_count,
  description, appeal_points, challenges, team_description, skills_gained,
  content_blocks, tags,
  required_qualifications, preferred_qualifications,
  work_location, work_location_change_scope, job_description_change_scope,
  contract_type, probation_period, work_hours, break_time, holidays,
  salary_min, salary_max, salary_detail, insurance, smoking_policy,
  benefits, remote_policy, selection_process, published_at
) VALUES (
  'd0170000-0000-0000-0000-000000000002',
  'b0000000-0000-0000-0000-000000000017',
  'c0017000-0000-0000-0000-000000000002',
  'b1000000-0000-0000-0000-000000000017',
  'open',
  'フライトソフトウェアエンジニア｜衛星搭載ソフトウェアで宇宙空間の自律制御を実現',
  'エンジニア',
  '正社員',
  '1名',
  '小型衛星に搭載するフライトソフトウェアの設計・実装・検証を担当していただきます。姿勢制御システム（ADCS）のアルゴリズム実装、衛星の自律運用ソフトウェアの開発、地上局との通信プロトコル設計、搭載カメラの撮像制御ソフトの開発が主な業務です。リアルタイムOS上でのCプログラミング、ハードウェアとの連携テスト、軌道上でのソフトウェアアップデート機能の実装にも携わります。衛星の「頭脳」を作るポジションとして、ミッション成否に直結する重要な役割を担っていただきます。',
  '自分が書いたコードが宇宙空間で動くという、エンジニアにとって最もエキサイティングな経験ができます。フライトソフトウェアエンジニアは日本国内でも希少な存在であり、この経験は宇宙産業だけでなく、自動車の自動運転やロボティクスなど他の高信頼性システム分野でも高く評価されます。少人数チームのため、アーキテクチャ設計から実装・テストまで全工程に主体的に関われます。',
  'フライトソフトウェアは一度打ち上げた後のデバッグが極めて困難なため、地上での徹底的な検証が求められます。限られた計算リソース（CPU、メモリ）の中で必要な処理を実現する最適化力、放射線によるビットフリップなどの宇宙特有の障害への対策設計が必要です。また、リアルタイム性と信頼性を両立させるための設計判断は、一般的なソフトウェア開発とは異なるアプローチが求められます。',
  'フライトソフトウェアチーム3名で、姿勢制御・ミッション制御・通信系の各領域を担当。HILSを用いた統合試験を定期的に実施しています。',
  'リアルタイムOS上でのフライトソフトウェア開発スキル、姿勢制御アルゴリズムの実装力、宇宙品質のソフトウェア検証手法、HILS構築・運用の知見が身につきます。',
  '[]'::jsonb,
  '["C","C++","RTOS","組み込み","衛星","姿勢制御","宇宙"]'::jsonb,
  '組み込みソフトウェア開発経験3年以上。C/C++での実務経験。リアルタイムシステムの開発経験。',
  '人工衛星のフライトソフトウェア開発経験。RTOS（FreeRTOS, VxWorks等）の使用経験。姿勢制御アルゴリズムの知識。MATLAB/Simulinkでのシミュレーション経験。',
  '福岡県福岡市博多区',
  '当面なし',
  '当面なし',
  '無期',
  '入社後6ヶ月（条件変更なし）',
  '9:00〜18:00（実働8時間）',
  '60分',
  '完全週休2日制（土日祝）、年末年始休暇、有給休暇（入社半年後10日付与）、慶弔休暇、産前産後休暇、育児休暇',
  550, 900,
  '月給46万円〜75万円（固定残業代30時間分を含む）。経験・能力を考慮の上決定。',
  '健康保険、厚生年金、雇用保険、労災保険',
  '屋内原則禁煙（喫煙専用室あり）',
  E'学会参加費補助\n論文発表奨励金\n引越し手当（入社時）\n副業OK',
  '原則出社（一部リモート相談可）',
  '書類選考 → 技術面接（コーディングテスト含む） → 最終面接 → 内定',
  now()
) ON CONFLICT DO NOTHING;

-- 17-3. 事業開発
INSERT INTO job_postings (
  id, company_id, team_id, created_by, status, title, job_category, employment_type, hiring_count,
  description, appeal_points, challenges, team_description, skills_gained,
  content_blocks, tags,
  required_qualifications, preferred_qualifications,
  work_location, work_location_change_scope, job_description_change_scope,
  contract_type, probation_period, work_hours, break_time, holidays,
  salary_min, salary_max, salary_detail, insurance, smoking_policy,
  benefits, remote_policy, selection_process, published_at
) VALUES (
  'd0170000-0000-0000-0000-000000000003',
  'b0000000-0000-0000-0000-000000000017',
  'c0017000-0000-0000-0000-000000000003',
  'b1000000-0000-0000-0000-000000000017',
  'open',
  '事業開発｜衛星データ×社会課題で新規事業を創出するビジネスプロデューサー',
  '企画',
  '正社員',
  '1名',
  '衛星データを活用した新規事業の企画・開発を担当していただきます。防災、農業、物流、都市計画など多様な分野の顧客や自治体と連携し、衛星データの活用ニーズの発掘から、ソリューションの企画立案、概念実証（PoC）の推進、事業化までを一貫して手がけます。官公庁の公募プロジェクトへの提案や、JAXA・内閣府等の宇宙政策関連の補助金申請も重要な業務です。国内外の宇宙ビジネスカンファレンスへの参加や、海外の衛星データプロバイダーとのパートナーシップ構築にも携わっていただきます。',
  '宇宙ビジネスという急成長市場で、衛星データを起点にした事業開発を経験できます。防災から農業まで、社会的インパクトの大きい課題解決に衛星データという新しいツールで挑める点が大きな魅力です。福岡を拠点に九州の自治体や一次産業との連携が豊富で、都市部のスタートアップとは異なる地に足のついた事業開発ができます。宇宙関連の国際カンファレンスにも定期的に参加でき、グローバルなネットワークを構築できます。',
  '衛星データビジネスは技術的な可能性と市場ニーズのマッチングが難しく、顧客が何を求めているかを深く理解した上で、衛星データで何ができるかを分かりやすく伝える翻訳力が求められます。官公庁案件は提案書の作成や審査対応に相当の時間がかかり、採択されない場合もあります。不確実性の高い環境で粘り強く事業の種を育てていく忍耐力と情熱が問われるポジションです。',
  '事業開発チーム3名で、防災・農業・物流の各領域を担当。エンジニアチームと密に連携し、技術的なフィジビリティを確認しながら事業開発を進めています。',
  '宇宙ビジネスの事業開発スキル、官公庁向け提案・補助金申請のノウハウ、衛星データ活用の知見、BtoBおよびBtoG営業力が身につきます。',
  '[]'::jsonb,
  '["事業開発","衛星データ","宇宙ビジネス","BtoG","防災","農業DX"]'::jsonb,
  '新規事業開発または法人営業の実務経験3年以上。提案書・企画書の作成経験。ステークホルダーとの折衝経験。',
  '宇宙関連産業での実務経験。官公庁向けの営業・提案経験。GIS（地理情報システム）の知識。英語でのビジネスコミュニケーション力。',
  '福岡県福岡市博多区（出張あり）',
  '当面なし',
  '当面なし',
  '無期',
  '入社後3ヶ月（条件変更なし）',
  '9:00〜18:00（実働8時間）',
  '60分',
  '完全週休2日制（土日祝）、年末年始休暇、有給休暇（入社半年後10日付与）、慶弔休暇、産前産後休暇、育児休暇',
  500, 800,
  '月給42万円〜67万円（固定残業代30時間分を含む）。経験・能力を考慮の上決定。',
  '健康保険、厚生年金、雇用保険、労災保険',
  '屋内原則禁煙（喫煙専用室あり）',
  E'出張手当\nカンファレンス参加費補助\n書籍購入費補助\n副業OK',
  '週1日リモート可',
  '書類選考 → 面接（2回） → 最終面接 → 内定',
  now()
) ON CONFLICT DO NOTHING;

-- 17-4. PM
INSERT INTO job_postings (
  id, company_id, team_id, created_by, status, title, job_category, employment_type, hiring_count,
  description, appeal_points, challenges, team_description, skills_gained,
  content_blocks, tags,
  required_qualifications, preferred_qualifications,
  work_location, work_location_change_scope, job_description_change_scope,
  contract_type, probation_period, work_hours, break_time, holidays,
  salary_min, salary_max, salary_detail, insurance, smoking_policy,
  benefits, remote_policy, selection_process, published_at
) VALUES (
  'd0170000-0000-0000-0000-000000000004',
  'b0000000-0000-0000-0000-000000000017',
  'c0017000-0000-0000-0000-000000000003',
  'b1000000-0000-0000-0000-000000000017',
  'open',
  'プロジェクトマネージャー｜衛星開発プロジェクトを打ち上げ成功に導くPM',
  'PM',
  '正社員',
  '1名',
  '小型衛星の開発プロジェクト全体のマネジメントを担当していただきます。開発スケジュールの策定・管理、品質管理計画の立案・実行、サプライヤーとの調整、打ち上げプロバイダーとの契約交渉・スケジュール調整、予算管理が主な業務です。衛星開発の各フェーズ（PDR、CDR、FM製造、環境試験、打ち上げ、初期運用）のマイルストーン管理と、関連するドキュメント管理も重要な役割です。社内の開発チームだけでなく、外部パートナーや顧客との調整窓口としてプロジェクトの円滑な進行を支えます。',
  '衛星という「やり直しのきかない」プロダクトのプロジェクトマネジメントは、他業界では得られない高い緊張感と達成感があります。打ち上げ成功の瞬間に立ち会えるのは、このポジションならではの特権です。宇宙産業のプロジェクトマネジメント経験は国内外で極めて希少であり、キャリアの差別化に直結します。福岡の成長するスタートアップエコシステムの中で、宇宙産業のハブを築く中核メンバーになれます。',
  '衛星開発は打ち上げ日程が外部要因で変動しやすく、それに合わせた開発スケジュールの柔軟な調整が求められます。部品の調達リードタイムが長い宇宙品質部品の在庫管理や、複数のサプライヤーとの並行した技術調整など、一般的なIT系PMとは異なるスキルセットが必要です。限られた予算と人員の中で最大の成果を出すためのリソースマネジメント力が試されます。',
  '事業開発チームに所属しつつ、衛星開発チーム・ソフトウェアチームを横断的にマネジメントする役割です。全チームとの接点を持ち、情報のハブとして機能します。',
  '宇宙プロジェクトマネジメントの専門スキル、多様なステークホルダーとの調整力、宇宙品質基準に基づくリスク管理手法、契約交渉力が身につきます。',
  '[]'::jsonb,
  '["プロジェクトマネジメント","宇宙","衛星開発","品質管理","リスク管理","PMP"]'::jsonb,
  'プロジェクトマネジメント経験5年以上。ハードウェア開発または製造業でのPM経験。複数ステークホルダーとの調整経験。',
  '宇宙・航空・防衛産業でのPM経験。PMP等のPM資格。英語でのビジネスコミュニケーション力。品質管理（QMS）に関する知識。',
  '福岡県福岡市博多区',
  '当面なし',
  '当面なし',
  '無期',
  '入社後3ヶ月（条件変更なし）',
  '9:00〜18:00（実働8時間）',
  '60分',
  '完全週休2日制（土日祝）、年末年始休暇、有給休暇（入社半年後10日付与）、慶弔休暇、産前産後休暇、育児休暇',
  600, 950,
  '月給50万円〜79万円（固定残業代30時間分を含む）。経験・能力を考慮の上決定。',
  '健康保険、厚生年金、雇用保険、労災保険',
  '屋内原則禁煙（喫煙専用室あり）',
  E'出張手当\nカンファレンス参加費補助\n書籍購入費補助\n副業OK',
  '原則出社',
  '書類選考 → 面接（2回） → 最終面接 → 内定',
  now()
) ON CONFLICT DO NOTHING;

-- ============================================================
-- 18. パウズコネクト（ペット / 横浜市）
-- ============================================================

-- 18-1. 獣医師サポート企画
INSERT INTO job_postings (
  id, company_id, team_id, created_by, status, title, job_category, employment_type, hiring_count,
  description, appeal_points, challenges, team_description, skills_gained,
  content_blocks, tags,
  required_qualifications, preferred_qualifications,
  work_location, work_location_change_scope, job_description_change_scope,
  contract_type, probation_period, work_hours, break_time, holidays,
  salary_min, salary_max, salary_detail, insurance, smoking_policy,
  benefits, remote_policy, selection_process, published_at
) VALUES (
  'd0180000-0000-0000-0000-000000000001',
  'b0000000-0000-0000-0000-000000000018',
  'c0018000-0000-0000-0000-000000000001',
  'b1000000-0000-0000-0000-000000000018',
  'open',
  'メディカルコンテンツ企画｜獣医療×テクノロジーでペットの健康を守るサービスを設計',
  '企画',
  '正社員',
  '1名',
  '獣医師向けの診療支援プラットフォームのコンテンツ企画・開発を担当していただきます。AIによる画像診断支援機能の企画、症例データベースの構築・キュレーション、獣医師向けオンラインセミナーの企画・運営、最新の獣医療論文の要約コンテンツの制作ディレクションが主な業務です。獣医師のヒアリングを通じて現場の課題を深く理解し、テクノロジーで解決できるポイントを見極め、プロダクトの機能要件に落とし込みます。ペットオーナー向けの健康管理アプリのコンテンツ企画にも携わります。',
  'ペット業界は国内で2兆円を超える市場規模があり、その中でもペットヘルスケアは特に成長が見込まれる領域です。獣医療のDXはまだ黎明期であり、業界のスタンダードを作る側に回れる大きなチャンスがあります。獣医師との距離が近く、現場のリアルな声をダイレクトに反映したプロダクトづくりができます。動物好きな方にとって、仕事を通じてペットの健康に貢献できるやりがいのある環境です。',
  '獣医療は専門性が高く、正確な情報発信が求められるため、コンテンツの品質管理に細心の注意が必要です。獣医師は多忙なため、ヒアリングや協力依頼のタイミングと方法に工夫が求められます。また、AIによる診断支援は誤診リスクに対する慎重な設計が必要であり、テクノロジーの可能性と限界を正しく伝えるバランス感覚が問われます。ペットの命に関わる領域だからこそ、責任感を持って取り組めるポジションです。',
  '獣医サポートチーム3名で、コンテンツ企画・獣医師リレーション・データ管理の各役割を担当。獣医師の顧問3名と定期的なアドバイザリーミーティングを実施しています。',
  '獣医療ドメインの専門知識、メディカルコンテンツの企画・制作ディレクションスキル、専門家とのリレーション構築力、ヘルステック領域の知見が身につきます。',
  '[]'::jsonb,
  '["コンテンツ企画","獣医療","ペットヘルスケア","AI","メディカル","ヘルステック"]'::jsonb,
  'コンテンツ企画または編集の実務経験2年以上。ヘルスケアまたは医療分野に関する知識や経験（獣医・看護・薬学・医療系メディア等）。',
  '獣医師免許または動物看護師資格。医療系コンテンツの制作経験。SaaS企業でのプロダクト企画経験。',
  '神奈川県横浜市西区（週2日リモート可）',
  '当面なし',
  '当面なし',
  '無期',
  '入社後3ヶ月（条件変更なし）',
  '9:30〜18:30（実働8時間）',
  '60分',
  '完全週休2日制（土日祝）、年末年始休暇、有給休暇（入社半年後10日付与）、慶弔休暇、産前産後休暇、育児休暇、ペット忌引休暇',
  400, 600,
  '月給33万円〜50万円（固定残業代30時間分を含む）。経験・能力を考慮の上決定。',
  '健康保険、厚生年金、雇用保険、労災保険',
  '屋内原則禁煙（喫煙専用室あり）',
  E'ペット同伴出勤可（週1日）\nペット関連サービス割引\n書籍購入費補助\n副業OK',
  '週2日リモート可',
  '書類選考 → 面接（2回） → 最終面接 → 内定',
  now()
) ON CONFLICT DO NOTHING;

-- 18-2. フロントエンドエンジニア
INSERT INTO job_postings (
  id, company_id, team_id, created_by, status, title, job_category, employment_type, hiring_count,
  description, appeal_points, challenges, team_description, skills_gained,
  content_blocks, tags,
  required_qualifications, preferred_qualifications,
  work_location, work_location_change_scope, job_description_change_scope,
  contract_type, probation_period, work_hours, break_time, holidays,
  salary_min, salary_max, salary_detail, insurance, smoking_policy,
  benefits, remote_policy, selection_process, published_at
) VALUES (
  'd0180000-0000-0000-0000-000000000002',
  'b0000000-0000-0000-0000-000000000018',
  'c0018000-0000-0000-0000-000000000002',
  'b1000000-0000-0000-0000-000000000018',
  'open',
  'フロントエンドエンジニア｜ペットオーナーと獣医師をつなぐプラットフォームのUI開発',
  'エンジニア',
  '正社員',
  '1〜2名',
  'ペットの健康管理アプリと獣医師向け診療支援プラットフォームのフロントエンド開発を担当していただきます。React NativeによるモバイルアプリのUI実装、Next.jsによる獣医師向けWebダッシュボードの開発、ペットの健康データのビジュアライゼーション、オンライン診療のビデオ通話UIの実装が主な業務です。ペットオーナーにとって直感的で温かみのあるUI設計と、獣医師にとって効率的な情報表示の両立を目指します。カメラを使ったペットの皮膚症状撮影UIなど、独自の技術的チャレンジも豊富です。',
  'ペット好きにはたまらない環境で、自分が開発したアプリがペットの健康を守ることに直接つながる実感があります。モバイルアプリとWebアプリの両方の開発経験を積めるため、フロントエンドエンジニアとしてのスキルの幅が大きく広がります。ペット同伴出勤日があり、実際にペットを飼っている社員も多いため、ユーザー視点での開発がしやすい環境です。',
  'ペットの健康データは飼い主にとって非常にセンシティブな情報であり、UIの見せ方一つで不安を煽ったり安心を与えたりします。情報の正確性と心理的な配慮を両立するデザインの実装が求められます。また、オンライン診療のビデオ通話はネットワーク環境が不安定なケースへの対応が必要で、WebRTCの知識と実装力が問われます。多様なデバイスでの動作検証も重要な課題です。',
  'プロダクト開発チーム3名で、フロントエンド・バックエンド・インフラの各領域をカバー。デザイナーとペアで週次のUI改善スプリントを回しています。',
  'React Native / Next.jsでのクロスプラットフォーム開発スキル、WebRTCを用いたリアルタイム通信の実装力、ヘルスケアデータのビジュアライゼーション力が身につきます。',
  '[]'::jsonb,
  '["React","React Native","Next.js","TypeScript","WebRTC","モバイルアプリ"]'::jsonb,
  'フロントエンド開発経験3年以上。React / TypeScriptでの実務経験。モバイルアプリ開発経験（React Native, Flutter等いずれか）。',
  'Next.jsでのSSR/SSG開発経験。WebRTCの実装経験。アクセシビリティ対応の知見。ペット業界への関心。',
  '神奈川県横浜市西区（フルリモート勤務可）',
  '当面なし',
  '当面なし',
  '無期',
  '入社後3ヶ月（条件変更なし）',
  'フレックスタイム制（コアタイムなし）標準労働時間8時間',
  '60分',
  '完全週休2日制（土日祝）、年末年始休暇、有給休暇（入社半年後10日付与）、慶弔休暇、産前産後休暇、育児休暇、ペット忌引休暇',
  450, 750,
  '月給38万円〜63万円（固定残業代45時間分を含む）。経験・能力を考慮の上決定。',
  '健康保険、厚生年金、雇用保険、労災保険',
  '屋内原則禁煙（喫煙専用室あり）',
  E'リモートワーク手当月2万円\nペット同伴出勤可（週1日）\n書籍購入費補助\n副業OK',
  'フルリモート',
  '書類選考 → 技術面接（コーディングテスト含む） → 最終面接 → 内定',
  now()
) ON CONFLICT DO NOTHING;

-- 18-3. カスタマーサクセス
INSERT INTO job_postings (
  id, company_id, team_id, created_by, status, title, job_category, employment_type, hiring_count,
  description, appeal_points, challenges, team_description, skills_gained,
  content_blocks, tags,
  required_qualifications, preferred_qualifications,
  work_location, work_location_change_scope, job_description_change_scope,
  contract_type, probation_period, work_hours, break_time, holidays,
  salary_min, salary_max, salary_detail, insurance, smoking_policy,
  benefits, remote_policy, selection_process, published_at
) VALUES (
  'd0180000-0000-0000-0000-000000000003',
  'b0000000-0000-0000-0000-000000000018',
  'c0018000-0000-0000-0000-000000000003',
  'b1000000-0000-0000-0000-000000000018',
  'open',
  'カスタマーサクセス｜ペットオーナーの不安に寄り添い健康管理の継続利用を支援',
  'カスタマーサクセス',
  '正社員',
  '1名',
  'ペットオーナー向け健康管理アプリのカスタマーサクセス業務全般を担当していただきます。新規ユーザーのオンボーディング支援、利用データ分析に基づくアクティブユーザー維持施策の企画・実行、ペットオーナーコミュニティの運営・活性化、問い合わせ対応の仕組み化と品質向上が主な業務です。ペットの健康に関する不安を抱えるオーナーに寄り添いながら、アプリの活用方法を提案し、獣医師へのオンライン相談や定期検診の受診につなげるサポートも行います。顧客の声をプロダクトチームにフィードバックし、機能改善に反映する役割も担います。',
  'ペットオーナーの「大切な家族を守りたい」という気持ちに直接寄り添える、やりがいの大きなポジションです。アプリの利用がペットの早期発見・早期治療につながった事例を日常的に目にすることができ、仕事の社会的意義を実感できます。カスタマーサクセスの仕組み自体をゼロから構築するフェーズに参画できるため、CS組織の立ち上げ経験を積める貴重な機会です。',
  'ペットオーナーは感情的な判断になりやすく、アプリの数値だけでは安心を提供できないケースがあります。獣医学的に正確な情報提供と、飼い主の心理的サポートのバランスが求められます。また、ペットの種類（犬・猫・その他）や年齢によって適切なアドバイスが異なるため、幅広いペットケアの知識の習得が必要です。チャーン率の改善に向けた定量的な分析力と、一人一人に寄り添う共感力の両方が問われるポジションです。',
  'カスタマーサクセスチーム3名で、オンボーディング・コミュニティ運営・データ分析の各役割を担当。毎週の顧客の声レビュー会でプロダクト改善につなげています。',
  'BtoCカスタマーサクセスの企画・実行スキル、コミュニティマネジメント力、顧客データ分析に基づく施策立案力、ペットヘルスケア領域の知見が身につきます。',
  '[]'::jsonb,
  '["カスタマーサクセス","ペット","コミュニティ運営","BtoC","ヘルスケア","CRM"]'::jsonb,
  'カスタマーサクセスまたはカスタマーサポートの実務経験2年以上。顧客データの分析と施策立案の経験。',
  'BtoCアプリのカスタマーサクセス経験。コミュニティマネジメントの経験。ペット関連の知識や経験（ペットショップ、動物病院等での就業経験含む）。',
  '神奈川県横浜市西区（週2日リモート可）',
  '当面なし',
  '当面なし',
  '無期',
  '入社後3ヶ月（条件変更なし）',
  '9:30〜18:30（実働8時間）',
  '60分',
  '完全週休2日制（土日祝）、年末年始休暇、有給休暇（入社半年後10日付与）、慶弔休暇、産前産後休暇、育児休暇、ペット忌引休暇',
  350, 550,
  '月給29万円〜46万円（固定残業代30時間分を含む）。経験・能力を考慮の上決定。',
  '健康保険、厚生年金、雇用保険、労災保険',
  '屋内原則禁煙（喫煙専用室あり）',
  E'ペット同伴出勤可（週1日）\nペット関連サービス割引\n書籍購入費補助\n副業OK',
  '週2日リモート可',
  '書類選考 → 面接（2回） → 最終面接 → 内定',
  now()
) ON CONFLICT DO NOTHING;

-- 18-4. マーケティング
INSERT INTO job_postings (
  id, company_id, team_id, created_by, status, title, job_category, employment_type, hiring_count,
  description, appeal_points, challenges, team_description, skills_gained,
  content_blocks, tags,
  required_qualifications, preferred_qualifications,
  work_location, work_location_change_scope, job_description_change_scope,
  contract_type, probation_period, work_hours, break_time, holidays,
  salary_min, salary_max, salary_detail, insurance, smoking_policy,
  benefits, remote_policy, selection_process, published_at
) VALUES (
  'd0180000-0000-0000-0000-000000000004',
  'b0000000-0000-0000-0000-000000000018',
  'c0018000-0000-0000-0000-000000000003',
  'b1000000-0000-0000-0000-000000000018',
  'open',
  'マーケティング｜ペット×テクノロジーの新市場を切り拓くグロースマーケター',
  'マーケティング',
  '正社員',
  '1名',
  'ペットオーナー向け健康管理アプリのユーザー獲得・エンゲージメント向上を担うマーケティング戦略全般をお任せします。SNS（Instagram・X・TikTok）でのペットコンテンツの企画・運用、獣医師監修コンテンツによるSEO対策、ペットイベントでの体験ブース出展企画、ペット系インフルエンサーとのタイアップ施策、アプリストア最適化（ASO）、広告運用（Google・Meta・Apple Search Ads）が主な業務です。動物病院やペットショップとの提携による導入促進施策の企画・実行にも携わっていただきます。',
  'ペット関連のコンテンツはSNSでのエンゲージメントが高く、マーケティング施策の効果を実感しやすい領域です。アプリのダウンロード数やアクティブユーザー数の成長に直接貢献できる手応えがあります。ペット業界の展示会やイベントへの参加機会も多く、業界のキーパーソンとのネットワーク構築もできます。動物病院やペットショップとの提携交渉を通じて、BtoBマーケティングの知見も同時に得られます。',
  'ペットヘルスケアアプリは従来のペット関連サービスと比べて認知度が低いため、まずはカテゴリ自体の啓発から始める必要があります。また、ペットオーナーの信頼を獲得するためには、獣医師の監修やエビデンスに基づいた情報発信が不可欠であり、一般的なBtoCマーケティングとは異なる慎重さが求められます。限られた予算の中で、オーガニック施策と広告施策のバランスを取りながら効率的にユーザーを獲得する戦略設計力が問われます。',
  'カスタマーサクセスチームの一員として、ユーザー獲得からリテンションまでの一貫した施策を推進します。プロダクトチームとも密に連携し、マーケティング視点でのプロダクト改善提案も行います。',
  'ペット×ヘルステック領域のマーケティングスキル、SNS運用・コンテンツマーケティングの実行力、ASO・ASOの専門知識、BtoB/BtoCの両面でのマーケティング力が身につきます。',
  '[]'::jsonb,
  '["マーケティング","SNS運用","ASO","コンテンツマーケティング","ペット","広告運用"]'::jsonb,
  'デジタルマーケティングの実務経験3年以上。SNS運用またはWeb広告運用の経験。データに基づくPDCAの実績。',
  'アプリマーケティング（ASO含む）の経験。ペット関連業界での経験。インフルエンサーマーケティングの企画・実行経験。コンテンツマーケティングの実績。',
  '神奈川県横浜市西区（週1日リモート可）',
  '当面なし',
  '当面なし',
  '無期',
  '入社後3ヶ月（条件変更なし）',
  '9:30〜18:30（実働8時間）',
  '60分',
  '完全週休2日制（土日祝）、年末年始休暇、有給休暇（入社半年後10日付与）、慶弔休暇、産前産後休暇、育児休暇、ペット忌引休暇',
  400, 650,
  '月給33万円〜54万円（固定残業代30時間分を含む）。経験・能力を考慮の上決定。',
  '健康保険、厚生年金、雇用保険、労災保険',
  '屋内原則禁煙（喫煙専用室あり）',
  E'ペット同伴出勤可（週1日）\nペット関連サービス割引\n書籍購入費補助\n副業OK',
  '週1日リモート可',
  '書類選考 → 面接（2回） → 最終面接 → 内定',
  now()
) ON CONFLICT DO NOTHING;

-- ============================================================
-- 19. ケアブリッジ（介護・福祉 / 名古屋市）
-- ============================================================

-- 19-1. 介護DXエンジニア
INSERT INTO job_postings (
  id, company_id, team_id, created_by, status, title, job_category, employment_type, hiring_count,
  description, appeal_points, challenges, team_description, skills_gained,
  content_blocks, tags,
  required_qualifications, preferred_qualifications,
  work_location, work_location_change_scope, job_description_change_scope,
  contract_type, probation_period, work_hours, break_time, holidays,
  salary_min, salary_max, salary_detail, insurance, smoking_policy,
  benefits, remote_policy, selection_process, published_at
) VALUES (
  'd0190000-0000-0000-0000-000000000001',
  'b0000000-0000-0000-0000-000000000019',
  'c0019000-0000-0000-0000-000000000001',
  'b1000000-0000-0000-0000-000000000019',
  'open',
  'バックエンドエンジニア｜介護現場のDXを推進するプラットフォーム開発',
  'エンジニア',
  '正社員',
  '1〜2名',
  '介護施設向けの業務支援プラットフォームのバックエンド開発を担当していただきます。介護記録のデジタル化、IoTセンサーによる利用者の見守りデータのリアルタイム処理、ケアプラン作成支援AIのAPI開発、介護報酬請求の自動計算エンジンの構築が主な業務です。Go言語を中心としたマイクロサービス構成で、PostgreSQLとRedisを活用したデータ管理基盤の設計・実装を行います。介護保険制度の改定に迅速に対応するための柔軟なアーキテクチャ設計も重要な技術課題です。',
  '介護業界は人手不足が深刻化しており、テクノロジーによる生産性向上が国策としても推進されている成長市場です。自分が開発したシステムが介護現場の負担を軽減し、利用者のQoL向上に直結するという社会的意義の大きい仕事です。名古屋を拠点に東海地方の介護施設と密に連携しており、現場のリアルなフィードバックを即座にプロダクトに反映できる開発体制が整っています。',
  '介護保険制度は3年ごとに改定があり、報酬計算ロジックの変更に迅速に対応する必要があります。また、介護施設のITリテラシーは様々で、現場スタッフが無理なく使えるシンプルさと、管理者が求める詳細な分析機能の両立が求められます。IoTセンサーから送られる大量のリアルタイムデータを安定的に処理するインフラ設計も技術的なチャレンジの一つです。',
  '介護DXチーム3名で、バックエンド・フロントエンド・IoTの各領域をカバー。介護福祉士資格を持つメンバーも在籍し、ドメイン知識の共有が活発です。',
  'Go言語でのAPI設計スキル、IoTデータ処理基盤の構築力、介護保険制度のドメイン知識、社会課題解決型プロダクト開発の経験が身につきます。',
  '[]'::jsonb,
  '["Go","PostgreSQL","Redis","IoT","介護DX","マイクロサービス"]'::jsonb,
  'バックエンド開発経験3年以上。Go, Python, Java のいずれかでの実務経験。RDBMSを用いたシステム開発経験。',
  'IoT関連のシステム開発経験。リアルタイムデータ処理の経験。介護・福祉業界への関心。AWS等のクラウドインフラ経験。',
  '愛知県名古屋市中区（フルリモート勤務可）',
  '当面なし',
  '当面なし',
  '無期',
  '入社後3ヶ月（条件変更なし）',
  'フレックスタイム制（コアタイムなし）標準労働時間8時間',
  '60分',
  '完全週休2日制（土日祝）、年末年始休暇、有給休暇（入社半年後10日付与）、慶弔休暇、産前産後休暇、育児休暇、介護休暇（法定以上）',
  500, 800,
  '月給42万円〜67万円（固定残業代45時間分を含む）。経験・能力を考慮の上決定。',
  '健康保険、厚生年金、雇用保険、労災保険',
  '屋内原則禁煙（喫煙専用室あり）',
  E'リモートワーク手当月2万円\n書籍購入費補助\n介護関連資格取得支援\n副業OK',
  'フルリモート',
  '書類選考 → 技術面接（コーディングテスト含む） → 最終面接 → 内定',
  now()
) ON CONFLICT DO NOTHING;

-- 19-2. ケアマネ支援プロダクト企画
INSERT INTO job_postings (
  id, company_id, team_id, created_by, status, title, job_category, employment_type, hiring_count,
  description, appeal_points, challenges, team_description, skills_gained,
  content_blocks, tags,
  required_qualifications, preferred_qualifications,
  work_location, work_location_change_scope, job_description_change_scope,
  contract_type, probation_period, work_hours, break_time, holidays,
  salary_min, salary_max, salary_detail, insurance, smoking_policy,
  benefits, remote_policy, selection_process, published_at
) VALUES (
  'd0190000-0000-0000-0000-000000000002',
  'b0000000-0000-0000-0000-000000000019',
  'c0019000-0000-0000-0000-000000000002',
  'b1000000-0000-0000-0000-000000000019',
  'open',
  'プロダクトマネージャー｜ケアマネジャーの業務効率化を実現するSaaS企画',
  'PM',
  '正社員',
  '1名',
  'ケアマネジャー向け業務支援SaaSのプロダクトマネジメントを担当していただきます。ケアマネジャーへのユーザーインタビューや施設訪問を通じた課題発見、プロダクトロードマップの策定、機能要件の定義、開発チームとの連携によるスプリント管理が主な業務です。ケアプラン作成の半自動化、サービス事業所との連絡調整のデジタル化、介護報酬シミュレーション機能の企画など、ケアマネジャーの膨大な事務作業を減らすためのプロダクトを設計します。競合分析や市場調査に基づく事業戦略の立案にも携わります。',
  'ケアマネジャーは日本に約18万人が活動しており、その業務負担の軽減は社会的な課題です。プロダクトの改善が数万人の働き方を変え得るスケールの大きなテーマに取り組めます。名古屋には介護事業所が集中しており、ユーザーとの距離が近いフィードバックループを構築できるのが強みです。介護保険制度の知識が自然と身につき、社会保障分野のドメインエキスパートとしてのキャリアも築けます。',
  '介護保険制度は複雑で、ケアマネジャーの業務フローを深く理解するまでにはドメイン知識の習得が不可欠です。利用者（高齢者やその家族）の状況は一人一人異なり、画一的なソリューションでは対応しきれないケースも多々あります。介護報酬の計算ロジックは自治体ごとの加算項目があり、網羅的な対応が必要です。制度の改定に先んじてプロダクトを進化させる先見性が求められます。',
  'ケアマネ支援チーム3名で、プロダクト企画・ドメインエキスパート・カスタマーサポートの各役割を担当。介護福祉士やケアマネ経験者がドメイン知識を提供し、プロダクト企画をサポートします。',
  '介護SaaSのプロダクトマネジメントスキル、介護保険制度のドメイン知識、ユーザーリサーチの実践力、BtoBtoC型プロダクトの設計力が身につきます。',
  '[]'::jsonb,
  '["プロダクトマネジメント","介護","SaaS","ケアプラン","UXリサーチ","BtoB"]'::jsonb,
  'プロダクトマネジメントまたは事業企画の実務経験3年以上。ユーザーインタビューに基づく機能企画の経験。開発チームとの協業経験。',
  '介護・福祉業界での実務経験。SaaS企業でのPM経験。ケアマネジャー資格または介護福祉士資格。BtoB SaaSのグロース経験。',
  '愛知県名古屋市中区（週2日リモート可）',
  '当面なし',
  '当面なし',
  '無期',
  '入社後3ヶ月（条件変更なし）',
  '9:00〜18:00（実働8時間）',
  '60分',
  '完全週休2日制（土日祝）、年末年始休暇、有給休暇（入社半年後10日付与）、慶弔休暇、産前産後休暇、育児休暇、介護休暇（法定以上）',
  500, 800,
  '月給42万円〜67万円（固定残業代30時間分を含む）。経験・能力を考慮の上決定。',
  '健康保険、厚生年金、雇用保険、労災保険',
  '屋内原則禁煙（喫煙専用室あり）',
  E'介護関連資格取得支援\n施設見学・研修制度\n書籍購入費補助\n副業OK',
  '週2日リモート可',
  '書類選考 → 面接（2回） → 最終面接 → 内定',
  now()
) ON CONFLICT DO NOTHING;

-- 19-3. セールス
INSERT INTO job_postings (
  id, company_id, team_id, created_by, status, title, job_category, employment_type, hiring_count,
  description, appeal_points, challenges, team_description, skills_gained,
  content_blocks, tags,
  required_qualifications, preferred_qualifications,
  work_location, work_location_change_scope, job_description_change_scope,
  contract_type, probation_period, work_hours, break_time, holidays,
  salary_min, salary_max, salary_detail, insurance, smoking_policy,
  benefits, remote_policy, selection_process, published_at
) VALUES (
  'd0190000-0000-0000-0000-000000000003',
  'b0000000-0000-0000-0000-000000000019',
  'c0019000-0000-0000-0000-000000000003',
  'b1000000-0000-0000-0000-000000000019',
  'open',
  '法人営業｜介護DXで人手不足を解決するソリューション提案営業',
  'セールス',
  '正社員',
  '2名',
  '介護施設や自治体に対する当社プロダクトの提案営業を担当していただきます。特別養護老人ホーム、介護老人保健施設、有料老人ホーム、居宅介護支援事業所などの介護事業者に対し、業務支援プラットフォームの導入提案を行います。現場訪問によるニーズヒアリング、デモンストレーション、見積作成、契約締結、導入サポートまでの一連の営業プロセスを担当。自治体のDX推進部門への提案や、介護業界の展示会・セミナーでのリード獲得活動にも参加します。介護報酬制度や補助金に関する知識を活かした提案が差別化のポイントです。',
  '介護DXは国の施策としても推進されており、追い風の市場環境です。介護事業者の多くはまだデジタル化が進んでおらず、新規開拓の余地が大きい成長市場で営業経験を積めます。東海地方には多くの介護施設が集中しており、効率的な営業活動が可能です。営業活動を通じて介護現場の実態を深く理解でき、社会課題の解決に直接貢献している実感を得られるポジションです。',
  '介護施設の意思決定者（施設長・理事長）はIT導入に慎重なケースが多く、信頼関係の構築に時間がかかることがあります。また、介護報酬の算定構造や加算の仕組みを理解していないと適切な提案ができないため、入社後のドメイン知識習得が重要です。複数の施設を運営する法人への大口提案では、各施設の状況に合わせたカスタマイズ提案が求められるなど、ソリューション営業としての高い提案力が試されます。',
  '経営企画チームの一員として、セールス・マーケティング・カスタマーサクセスの機能を横断的にカバー。週次の営業会議で案件進捗を共有し、チームでの受注を目指しています。',
  '介護業界向けソリューション営業スキル、介護保険制度・補助金の専門知識、BtoBおよびBtoG営業力、SaaSの導入提案力が身につきます。',
  '[]'::jsonb,
  '["法人営業","介護DX","SaaS","ソリューション営業","BtoB","BtoG"]'::jsonb,
  '法人営業経験2年以上。顧客への提案営業の経験。普通自動車免許（施設訪問のため）。',
  'SaaS企業での営業経験。介護・福祉業界の知識。自治体向け営業の経験。CRMツール（Salesforce等）の活用経験。',
  '愛知県名古屋市中区（直行直帰あり）',
  '当面なし',
  '当面なし',
  '無期',
  '入社後3ヶ月（条件変更なし）',
  '9:00〜18:00（実働8時間）',
  '60分',
  '完全週休2日制（土日祝）、年末年始休暇、有給休暇（入社半年後10日付与）、慶弔休暇、産前産後休暇、育児休暇、介護休暇（法定以上）',
  400, 650,
  '月給33万円〜54万円（固定残業代30時間分を含む、別途インセンティブあり）。経験・能力を考慮の上決定。',
  '健康保険、厚生年金、雇用保険、労災保険',
  '屋内原則禁煙（喫煙専用室あり）',
  E'営業インセンティブ制度\n介護関連資格取得支援\n社用車貸与\n副業OK',
  '週1日リモート可',
  '書類選考 → 面接（2回） → 最終面接 → 内定',
  now()
) ON CONFLICT DO NOTHING;

-- 19-4. 人事
INSERT INTO job_postings (
  id, company_id, team_id, created_by, status, title, job_category, employment_type, hiring_count,
  description, appeal_points, challenges, team_description, skills_gained,
  content_blocks, tags,
  required_qualifications, preferred_qualifications,
  work_location, work_location_change_scope, job_description_change_scope,
  contract_type, probation_period, work_hours, break_time, holidays,
  salary_min, salary_max, salary_detail, insurance, smoking_policy,
  benefits, remote_policy, selection_process, published_at
) VALUES (
  'd0190000-0000-0000-0000-000000000004',
  'b0000000-0000-0000-0000-000000000019',
  'c0019000-0000-0000-0000-000000000003',
  'b1000000-0000-0000-0000-000000000019',
  'open',
  '採用人事｜介護×テクノロジーで社会を変える仲間を集めるリクルーター',
  '人事',
  '正社員',
  '1名',
  '急成長する介護DXスタートアップの採用活動全般を担当していただきます。エンジニア・デザイナー・ビジネス職の中途採用を中心に、採用戦略の立案、求人票の作成、ダイレクトリクルーティング、面談・面接の実施、内定後のクロージング・オンボーディングまでを一貫して手がけます。採用広報として、テックブログの企画・運営、採用イベントの企画・実施、SNSでの情報発信にも携わります。また、組織拡大に伴う人事制度（評価制度、等級制度、研修制度）の設計にも参画していただきます。',
  '社会課題の解決というミッションに共感する人材を集める採用活動に、やりがいの大きいポジションです。スタートアップの急成長フェーズで採用機能をゼロから構築する経験は、人事としてのキャリアにおいて大きな資産になります。介護業界とテクノロジー業界の両方の採用市場を理解し、多様なバックグラウンドの人材を採用する力が身につきます。経営陣との距離が近く、事業戦略と連動した人事戦略の立案に関われます。',
  '介護DXという比較的ニッチな分野で、エンジニアを中心とした優秀な人材を採用するのは容易ではありません。「介護」というキーワードにネガティブなイメージを持つ候補者もおり、テクノロジーでの社会課題解決という魅力をいかに伝えるかが腕の見せどころです。名古屋拠点のためリモート採用の割合が高く、物理的に会えない候補者との関係構築にも工夫が必要です。組織の急拡大に伴う人事制度の整備も急務であり、採用と制度設計を並行して進める実行力が求められます。',
  '経営企画チームに所属し、代表直下で人事機能を担当。現在は採用を1名で担当しており、組織の成長に合わせて人事チームの拡大も見据えています。',
  'スタートアップの採用戦略立案・実行スキル、エンジニア採用のリクルーティング力、人事制度設計の知見、採用広報の企画力が身につきます。',
  '[]'::jsonb,
  '["採用","人事","ダイレクトリクルーティング","採用広報","制度設計","スタートアップ"]'::jsonb,
  '中途採用の実務経験2年以上。面接・面談の実施経験。採用媒体の運用経験。',
  'エンジニア採用の経験。スタートアップでの人事経験。人事制度の設計・運用経験。採用広報の経験。社会保険労務士資格。',
  '愛知県名古屋市中区（週2日リモート可）',
  '当面なし',
  '当面なし',
  '無期',
  '入社後3ヶ月（条件変更なし）',
  '9:00〜18:00（実働8時間）',
  '60分',
  '完全週休2日制（土日祝）、年末年始休暇、有給休暇（入社半年後10日付与）、慶弔休暇、産前産後休暇、育児休暇、介護休暇（法定以上）',
  400, 600,
  '月給33万円〜50万円（固定残業代30時間分を含む）。経験・能力を考慮の上決定。',
  '健康保険、厚生年金、雇用保険、労災保険',
  '屋内原則禁煙（喫煙専用室あり）',
  E'介護関連資格取得支援\n書籍購入費補助\n研修参加費補助\n副業OK',
  '週2日リモート可',
  '書類選考 → 面接（2回） → 最終面接 → 内定',
  now()
) ON CONFLICT DO NOTHING;

-- ============================================================
-- 1a. オトノバ（音楽テック / 京都市）
-- ============================================================

-- 1a-1. サウンドエンジニア（AI音声処理）
INSERT INTO job_postings (
  id, company_id, team_id, created_by, status, title, job_category, employment_type, hiring_count,
  description, appeal_points, challenges, team_description, skills_gained,
  content_blocks, tags,
  required_qualifications, preferred_qualifications,
  work_location, work_location_change_scope, job_description_change_scope,
  contract_type, probation_period, work_hours, break_time, holidays,
  salary_min, salary_max, salary_detail, insurance, smoking_policy,
  benefits, remote_policy, selection_process, published_at
) VALUES (
  'd01a0000-0000-0000-0000-000000000001',
  'b0000000-0000-0000-0000-00000000001a',
  'c001a000-0000-0000-0000-000000000001',
  'b1000000-0000-0000-0000-00000000001a',
  'open',
  'AIサウンドエンジニア｜機械学習で音楽制作の未来を切り拓く音響技術者',
  'エンジニア',
  '正社員',
  '1名',
  'AI音声合成・音楽生成モデルの研究開発を担当していただきます。ボーカル音声合成エンジンの改善、楽器音色のモデリング、自動マスタリングアルゴリズムの開発、リアルタイム音声エフェクト処理の実装が主な業務です。音楽理論と信号処理の知識をベースに、深層学習モデル（Transformer、Diffusionモデル等）を活用した音楽AIの研究・実装を行います。また、DAW（Digital Audio Workstation）プラグインとしてのリアルタイム推論の最適化や、Web Audio APIを活用したブラウザベースの音楽制作ツールの開発にも携わります。京都の音楽文化と最先端のAI技術を融合させるユニークなポジションです。',
  '音楽とAIの両方に情熱を持つ方にとって理想的な環境です。最新の音楽生成AI技術を実プロダクトに落とし込む経験は、音楽テック業界でも希少な価値を持ちます。京都という文化的な環境で、伝統音楽からポップスまで幅広いジャンルの音楽に触れながら研究開発ができます。学術コミュニティとの連携も積極的で、国際学会での発表や論文執筆も奨励されています。',
  '音楽AIは生成結果の品質評価が主観的になりやすく、定量的な改善指標の設定が難しい分野です。リアルタイム処理のレイテンシ要件を満たしつつ、品質を維持するための最適化は技術的に高度な課題です。また、アーティストが求める「音楽的な表現」をAIモデルに反映させるためには、音楽制作の現場感覚を理解した上でのモデル設計が必要であり、純粋な技術力だけでなく音楽的センスも問われます。',
  'サウンドエンジニアチーム3名で、音声合成・音楽生成・音響処理の各領域を担当。DTM経験者が多く、チーム内で実際に楽曲を制作しながらプロダクトの検証を行う文化があります。',
  '音声合成・音楽生成AIの研究開発スキル、リアルタイム音声処理の実装力、C++/Python での信号処理の専門知識、音楽テック業界の知見が身につきます。',
  '[]'::jsonb,
  '["AI","音声合成","機械学習","C++","Python","DSP","音楽生成"]'::jsonb,
  '音声処理・信号処理の実務経験または研究経験2年以上。Python, C++ のいずれかでの実務経験。深層学習フレームワーク（PyTorch等）の使用経験。',
  '音楽制作（DTM）の経験。音声合成・音楽情報処理に関する論文発表経験。DAWプラグイン（VST/AU）の開発経験。Web Audio APIの使用経験。',
  '京都府京都市中京区（週2日リモート可）',
  '当面なし',
  '当面なし',
  '無期',
  '入社後3ヶ月（条件変更なし）',
  'フレックスタイム制（コアタイム11:00-15:00）標準労働時間8時間',
  '60分',
  '完全週休2日制（土日祝）、年末年始休暇、有給休暇（入社半年後10日付与）、慶弔休暇、産前産後休暇、育児休暇',
  500, 850,
  '月給42万円〜71万円（固定残業代30時間分を含む）。経験・能力を考慮の上決定。',
  '健康保険、厚生年金、雇用保険、労災保険',
  '屋内原則禁煙（喫煙専用室あり）',
  E'楽器・音楽機材購入補助\n学会参加費補助\n論文発表奨励金\n副業OK',
  '週2日リモート可',
  '書類選考 → 技術面接（実技テスト含む） → 最終面接 → 内定',
  now()
) ON CONFLICT DO NOTHING;

-- 1a-2. アーティストリレーション
INSERT INTO job_postings (
  id, company_id, team_id, created_by, status, title, job_category, employment_type, hiring_count,
  description, appeal_points, challenges, team_description, skills_gained,
  content_blocks, tags,
  required_qualifications, preferred_qualifications,
  work_location, work_location_change_scope, job_description_change_scope,
  contract_type, probation_period, work_hours, break_time, holidays,
  salary_min, salary_max, salary_detail, insurance, smoking_policy,
  benefits, remote_policy, selection_process, published_at
) VALUES (
  'd01a0000-0000-0000-0000-000000000002',
  'b0000000-0000-0000-0000-00000000001a',
  'c001a000-0000-0000-0000-000000000002',
  'b1000000-0000-0000-0000-00000000001a',
  'open',
  'アーティストリレーション｜音楽クリエイターとAI技術をつなぐコミュニティ育成',
  'カスタマーサクセス',
  '正社員',
  '1名',
  'アーティストやクリエイターとの関係構築・コミュニティ運営を担当していただきます。プロのミュージシャンやプロデューサーへの当社AI音楽ツールの導入支援、ユーザーコミュニティの運営、アーティストからのフィードバック収集とプロダクトチームへの橋渡し、共同制作プロジェクトの企画・ディレクションが主な業務です。音楽フェスティバルやクリエイターイベントへの出展企画、ワークショップの開催を通じたユーザー拡大にも取り組みます。AI音楽ツールの活用事例を取材・発信するコンテンツ制作も重要な役割です。',
  '音楽業界の第一線で活躍するアーティストと直接やり取りしながら、AI技術が音楽制作をどう変えるかの最前線に立てるポジションです。京都には伝統音楽からインディーまで多彩な音楽シーンがあり、地域のアーティストとの連携機会も豊富です。音楽×テクノロジーのコミュニティはグローバルにつながっており、海外のカンファレンスやフェスへの参加を通じて国際的なネットワークも構築できます。',
  'AIによる音楽生成には著作権や創造性に関する議論がつきまとい、アーティストの中にはAI技術に懐疑的な方もいます。テクノロジーの価値を押し付けるのではなく、アーティストの創造性を拡張するツールとしての可能性を丁寧に伝えるコミュニケーション力が求められます。また、音楽制作の現場を理解した上での提案が必要であり、音楽と技術の両方への深い理解が問われるポジションです。',
  'アーティストリレーションチーム3名で、プロアーティスト担当・コミュニティ運営・コンテンツ制作の各役割を担当。チーム全員が楽器演奏やDTMの経験を持つ音楽好きなメンバーです。',
  'アーティストリレーションの構築・維持スキル、音楽テックコミュニティの運営力、イベント企画・実行力、音楽業界のネットワーク構築力が身につきます。',
  '[]'::jsonb,
  '["アーティストリレーション","コミュニティ運営","音楽業界","イベント企画","コンテンツ制作","音楽テック"]'::jsonb,
  '音楽業界（レーベル、ディストリビューター、音楽メディア、イベント企画等）での実務経験2年以上。アーティストやクリエイターとのリレーション構築経験。',
  '自身での音楽制作経験（DTM含む）。コミュニティマネジメントの経験。音楽テックスタートアップでの経験。SNS運用・コンテンツマーケティングの経験。',
  '京都府京都市中京区（出張あり）',
  '当面なし',
  '当面なし',
  '無期',
  '入社後3ヶ月（条件変更なし）',
  'フレックスタイム制（コアタイム11:00-15:00）標準労働時間8時間',
  '60分',
  '完全週休2日制（土日祝）、年末年始休暇、有給休暇（入社半年後10日付与）、慶弔休暇、産前産後休暇、育児休暇',
  380, 580,
  '月給32万円〜48万円（固定残業代30時間分を含む）。経験・能力を考慮の上決定。',
  '健康保険、厚生年金、雇用保険、労災保険',
  '屋内原則禁煙（喫煙専用室あり）',
  E'楽器・音楽機材購入補助\nイベント参加費補助\nライブ鑑賞チケット補助\n副業OK',
  '週1日リモート可',
  '書類選考 → 面接（2回） → 最終面接 → 内定',
  now()
) ON CONFLICT DO NOTHING;

-- 1a-3. フルスタックエンジニア
INSERT INTO job_postings (
  id, company_id, team_id, created_by, status, title, job_category, employment_type, hiring_count,
  description, appeal_points, challenges, team_description, skills_gained,
  content_blocks, tags,
  required_qualifications, preferred_qualifications,
  work_location, work_location_change_scope, job_description_change_scope,
  contract_type, probation_period, work_hours, break_time, holidays,
  salary_min, salary_max, salary_detail, insurance, smoking_policy,
  benefits, remote_policy, selection_process, published_at
) VALUES (
  'd01a0000-0000-0000-0000-000000000003',
  'b0000000-0000-0000-0000-00000000001a',
  'c001a000-0000-0000-0000-000000000003',
  'b1000000-0000-0000-0000-00000000001a',
  'open',
  'フルスタックエンジニア｜ブラウザで動くAI音楽制作ツールを開発',
  'エンジニア',
  '正社員',
  '1〜2名',
  'ブラウザベースのAI音楽制作プラットフォームの開発を担当していただきます。Web Audio APIとWebAssemblyを活用したブラウザ上でのリアルタイム音声処理、React/TypeScriptでのDAW風UIの実装、Go言語でのバックエンドAPI開発、AIモデルのサービング基盤の構築が主な業務です。ユーザーが直感的に音楽を制作できるインタラクティブなUIと、低レイテンシの音声処理を両立するアーキテクチャ設計が求められます。また、クラウド上でのコラボレーション機能や、楽曲の共有・公開プラットフォームの開発にも携わります。',
  '音楽制作ツールのWebアプリケーション開発は、一般的なSPAとは異なるリアルタイム性と音声処理の専門性が求められる領域です。Web Audio API、WebAssembly、WebRTCなどの先端Web技術を実践的に使いこなせるようになります。音楽好きなエンジニアにとって、自分が作ったツールでアーティストが楽曲を制作する光景を見られるのは最高の体験です。',
  'ブラウザ上でのリアルタイム音声処理は、デバイスごとのオーディオレイテンシの違いやブラウザ間の互換性問題など、一般的なWebアプリとは異なる技術的課題があります。DAW風のUIは高度な状態管理とパフォーマンス最適化が必要で、数百トラックの同時再生を滑らかに表示する技術力が求められます。また、AIモデルの推論結果を音楽的に自然な形で反映するための信号処理パイプラインの設計も重要な課題です。',
  'プロダクト開発チーム3名で、フロントエンド・バックエンド・インフラの各領域をカバー。サウンドエンジニアチームとの連携が密で、AI機能の統合を日常的に行っています。',
  'Web Audio / WebAssemblyを活用したリアルタイム音声処理スキル、高度なReact/TypeScript開発力、Go言語でのバックエンド設計力が身につきます。',
  '[]'::jsonb,
  '["TypeScript","React","Go","Web Audio API","WebAssembly","音楽テック"]'::jsonb,
  'Webアプリケーション開発経験3年以上。TypeScript / Reactでの実務経験。バックエンド開発の経験。',
  'Web Audio APIの使用経験。WebAssemblyの開発経験。音楽制作（DTM）の経験。Rust/C++での低レイヤ開発経験。',
  '京都府京都市中京区（フルリモート勤務可）',
  '当面なし',
  '当面なし',
  '無期',
  '入社後3ヶ月（条件変更なし）',
  'フレックスタイム制（コアタイムなし）標準労働時間8時間',
  '60分',
  '完全週休2日制（土日祝）、年末年始休暇、有給休暇（入社半年後10日付与）、慶弔休暇、産前産後休暇、育児休暇',
  500, 800,
  '月給42万円〜67万円（固定残業代45時間分を含む）。経験・能力を考慮の上決定。',
  '健康保険、厚生年金、雇用保険、労災保険',
  '屋内原則禁煙（喫煙専用室あり）',
  E'リモートワーク手当月2万円\n楽器・音楽機材購入補助\n書籍購入費補助\n副業OK',
  'フルリモート',
  '書類選考 → 技術面接（コーディングテスト含む） → 最終面接 → 内定',
  now()
) ON CONFLICT DO NOTHING;

-- 1a-4. UIデザイナー
INSERT INTO job_postings (
  id, company_id, team_id, created_by, status, title, job_category, employment_type, hiring_count,
  description, appeal_points, challenges, team_description, skills_gained,
  content_blocks, tags,
  required_qualifications, preferred_qualifications,
  work_location, work_location_change_scope, job_description_change_scope,
  contract_type, probation_period, work_hours, break_time, holidays,
  salary_min, salary_max, salary_detail, insurance, smoking_policy,
  benefits, remote_policy, selection_process, published_at
) VALUES (
  'd01a0000-0000-0000-0000-000000000004',
  'b0000000-0000-0000-0000-00000000001a',
  'c001a000-0000-0000-0000-000000000003',
  'b1000000-0000-0000-0000-00000000001a',
  'open',
  'UI/UXデザイナー｜直感的に音楽が生まれるクリエイティブツールのデザイン',
  'デザイナー',
  '正社員',
  '1名',
  'AI音楽制作プラットフォームのUI/UXデザインを担当していただきます。DAW風のタイムラインUI、ピアノロールエディタ、ミキサー画面、エフェクトコントロール等の楽曲制作に関わる全画面のデザインを行います。音楽初心者でも直感的に使えるインターフェースと、プロが求める高度な操作性の両立が最大のテーマです。ユーザーリサーチに基づくペルソナ設計、プロトタイピング、ユーザビリティテストの実施も担当します。Figmaでのデザインシステムの構築・運用と、エンジニアとの密な連携によるデザインの実装品質の担保も重要な業務です。',
  '音楽制作ツールのUIデザインは、一般的なWebアプリとは異なる専門性が求められる領域です。DAWや音楽制作ソフトのUIは独自の進化を遂げてきた歴史があり、その知見を活かしつつもAI時代の新しいインタラクションを模索するクリエイティブなポジションです。京都のアートシーンに触れながら、音楽とテクノロジーの交差点で革新的なUXを生み出す挑戦に参加できます。',
  '音楽制作UIは情報量が多く、限られた画面スペースに多数のコントロールを配置する必要があります。楽曲のタイムライン表示、パラメータ調整、エフェクトの可視化など、リアルタイムに変化する情報を分かりやすく表示するデザイン力が問われます。また、AIの自動生成機能とユーザーの手動操作をシームレスにつなぐインタラクション設計は、既存のデザインパターンでは解決できない新しい課題です。',
  'プロダクト開発チームに所属し、エンジニアと日々連携しながらデザインを進めます。サウンドエンジニアチームからの音楽的な要件をUIに落とし込む橋渡し役も担います。',
  '音楽制作ツールのUIデザインスキル、リアルタイムデータのビジュアライゼーション力、Figmaでのデザインシステム構築力、ユーザーリサーチの実践力が身につきます。',
  '[]'::jsonb,
  '["UI/UXデザイン","Figma","プロトタイピング","音楽テック","デザインシステム","ユーザーリサーチ"]'::jsonb,
  'UI/UXデザインの実務経験3年以上。Figmaでの実務デザイン経験。ユーザーリサーチの実施経験。',
  '音楽制作ソフト（DAW）のUIデザイン経験。音楽制作の経験。インタラクションデザインの知見。フロントエンド実装（HTML/CSS/JavaScript）の知識。',
  '京都府京都市中京区（週2日リモート可）',
  '当面なし',
  '当面なし',
  '無期',
  '入社後3ヶ月（条件変更なし）',
  'フレックスタイム制（コアタイム11:00-15:00）標準労働時間8時間',
  '60分',
  '完全週休2日制（土日祝）、年末年始休暇、有給休暇（入社半年後10日付与）、慶弔休暇、産前産後休暇、育児休暇',
  400, 650,
  '月給33万円〜54万円（固定残業代30時間分を含む）。経験・能力を考慮の上決定。',
  '健康保険、厚生年金、雇用保険、労災保険',
  '屋内原則禁煙（喫煙専用室あり）',
  E'楽器・音楽機材購入補助\n書籍購入費補助\nデザインカンファレンス参加費補助\n副業OK',
  '週2日リモート可',
  '書類選考（ポートフォリオ必須） → デザイン課題 → 面接（2回） → 内定',
  now()
) ON CONFLICT DO NOTHING;

-- ============================================================
-- 1b. グリーンファクトリー（アグリテック / 仙台市）
-- ============================================================

-- 1b-1. ロボティクスエンジニア
INSERT INTO job_postings (
  id, company_id, team_id, created_by, status, title, job_category, employment_type, hiring_count,
  description, appeal_points, challenges, team_description, skills_gained,
  content_blocks, tags,
  required_qualifications, preferred_qualifications,
  work_location, work_location_change_scope, job_description_change_scope,
  contract_type, probation_period, work_hours, break_time, holidays,
  salary_min, salary_max, salary_detail, insurance, smoking_policy,
  benefits, remote_policy, selection_process, published_at
) VALUES (
  'd01b0000-0000-0000-0000-000000000001',
  'b0000000-0000-0000-0000-00000000001b',
  'c001b000-0000-0000-0000-000000000001',
  'b1000000-0000-0000-0000-00000000001b',
  'open',
  'ロボティクスエンジニア｜自律型農業ロボットの開発で食の未来を変える',
  'エンジニア',
  '正社員',
  '1〜2名',
  '自律型農業ロボットの設計・開発・フィールドテストを担当していただきます。圃場内を自律走行し、作物の生育状態をセンシングして収穫適期を判断する収穫ロボットの開発が中心です。SLAM（自己位置推定と地図構築）アルゴリズムの実装、画像認識による作物検出、ロボットアームの制御、ROS2を用いたシステム統合が主な技術領域です。東北地方の農家と連携した実証実験にも参加し、実際の圃場での動作検証と改善を繰り返します。ハードウェアとソフトウェアの両面を理解した開発が求められるポジションです。',
  '農業の自動化は世界的に注目されている成長分野であり、食料問題という人類共通の課題解決に最先端のロボティクス技術で貢献できます。仙台を拠点に東北の広大な農地をフィールドとして使えるため、都市部のラボでは得られないリアルな開発環境があります。農家の方々と直接対話しながらプロダクトを改善していくプロセスは、ものづくりの醍醐味を存分に味わえます。',
  '屋外環境でのロボット運用は、天候・土壌条件・作物の多様性など、屋内ロボットとは比較にならない不確実性があります。泥や水に強い機体設計、GPSが不安定な環境での自律走行、作物を傷つけない繊細な収穫動作など、農業特有の技術課題が山積しています。また、農繁期に合わせた開発スケジュールの調整や、農家の方々に使いやすいインターフェースの設計も重要な課題です。',
  '農機開発チーム3名で、メカ設計・制御ソフト・画像認識の各領域を担当。東北大学の農学部・工学部との共同研究も進行中です。',
  'ROS2を用いた自律走行ロボットの開発スキル、農業ドメインのロボティクス知識、SLAM・画像認識の実装力、フィールドロボティクスの実践力が身につきます。',
  '[]'::jsonb,
  '["ROS2","ロボティクス","SLAM","画像認識","C++","Python","農業ロボット"]'::jsonb,
  'ロボット開発またはメカトロニクスの実務経験2年以上。C++, Python のいずれかでの実務経験。ROS/ROS2の使用経験。',
  '農業ロボットまたはフィールドロボットの開発経験。SLAMの実装経験。画像認識モデルの開発・運用経験。組み込みLinuxの経験。',
  '宮城県仙台市青葉区（フィールドテスト時は圃場へ出張）',
  '当面なし',
  '当面なし',
  '無期',
  '入社後6ヶ月（条件変更なし）',
  '9:00〜18:00（実働8時間）',
  '60分',
  '完全週休2日制（土日祝）、年末年始休暇、有給休暇（入社半年後10日付与）、慶弔休暇、産前産後休暇、育児休暇',
  500, 800,
  '月給42万円〜67万円（固定残業代30時間分を含む）。経験・能力を考慮の上決定。',
  '健康保険、厚生年金、雇用保険、労災保険',
  '屋内原則禁煙（喫煙専用室あり）',
  E'学会参加費補助\n論文発表奨励金\n引越し手当（入社時）\n副業OK',
  '原則出社（一部リモート相談可）',
  '書類選考 → 技術面接 → 最終面接 → 内定',
  now()
) ON CONFLICT DO NOTHING;

-- 1b-2. フィールドエンジニア
INSERT INTO job_postings (
  id, company_id, team_id, created_by, status, title, job_category, employment_type, hiring_count,
  description, appeal_points, challenges, team_description, skills_gained,
  content_blocks, tags,
  required_qualifications, preferred_qualifications,
  work_location, work_location_change_scope, job_description_change_scope,
  contract_type, probation_period, work_hours, break_time, holidays,
  salary_min, salary_max, salary_detail, insurance, smoking_policy,
  benefits, remote_policy, selection_process, published_at
) VALUES (
  'd01b0000-0000-0000-0000-000000000002',
  'b0000000-0000-0000-0000-00000000001b',
  'c001b000-0000-0000-0000-000000000002',
  'b1000000-0000-0000-0000-00000000001b',
  'open',
  'フィールドエンジニア｜農業現場でIoTセンサーとロボットの導入・運用を支援',
  'その他',
  '正社員',
  '1名',
  '農業用IoTセンサーと自律型ロボットの現場への導入・設置・運用支援を担当していただきます。土壌センサー、気象観測装置、カメラシステムの設置と校正、データ通信環境（LoRaWAN、LTE）の構築、農業ロボットの初期セットアップとオペレーター向けトレーニング、定期メンテナンスが主な業務です。圃場でのトラブルシューティングや、センサーデータの品質確認・分析も担当します。農家の方々と信頼関係を築きながら、テクノロジーの価値を現場に浸透させる重要な役割です。',
  '最先端のアグリテック技術を農業現場に届ける最前線のポジションです。オフィスワークとフィールドワークのバランスが取れた働き方で、四季折々の農村風景の中で仕事ができます。農家の方々から直接「助かっている」という声をいただけるやりがいのある仕事です。フィールドエンジニアとしてのスキルはロボティクスやIoTの分野で幅広く活かせ、将来のキャリアの幅が広がります。',
  '農業現場は通信環境が不安定なことが多く、IoTデバイスの安定運用には創意工夫が必要です。雨天、降雪、強風などの厳しい気象条件の中での作業も発生します。農家の方々はITに不慣れなケースが多く、専門用語を使わずに分かりやすく説明するコミュニケーション力が求められます。また、農繁期は問い合わせが集中するため、迅速な対応と優先順位づけが重要になります。',
  'フィールドエンジニアチーム3名で、東北6県を分担してカバー。農機開発チームと密に連携し、現場で発見した課題を開発にフィードバックしています。',
  'IoTセンサーの設置・運用保守スキル、農業ドメインの知識、通信環境（LoRaWAN, LTE）の構築力、現場でのトラブルシューティング力が身につきます。',
  '[]'::jsonb,
  '["IoT","センサー","フィールドエンジニア","LoRaWAN","農業","メンテナンス"]'::jsonb,
  'フィールドエンジニアまたはカスタマーエンジニアの実務経験2年以上。ハードウェアの設置・メンテナンスの経験。普通自動車免許。',
  '農業機械の操作経験。IoTセンサーの運用経験。ネットワーク（LAN/WAN）の構築経験。電子工作の経験。',
  '宮城県仙台市青葉区（東北地方への出張が週2〜3日）',
  '当面なし',
  '当面なし',
  '無期',
  '入社後3ヶ月（条件変更なし）',
  '9:00〜18:00（実働8時間）',
  '60分',
  '完全週休2日制（土日祝）、年末年始休暇、有給休暇（入社半年後10日付与）、慶弔休暇、産前産後休暇、育児休暇',
  380, 550,
  '月給32万円〜46万円（固定残業代30時間分を含む）。経験・能力を考慮の上決定。',
  '健康保険、厚生年金、雇用保険、労災保険',
  '屋内原則禁煙（喫煙専用室あり）',
  E'出張手当\n社用車貸与\n工具・機材購入補助\n副業OK',
  '原則出社（出張中心）',
  '書類選考 → 面接（2回） → 最終面接 → 内定',
  now()
) ON CONFLICT DO NOTHING;

-- 1b-3. 営業
INSERT INTO job_postings (
  id, company_id, team_id, created_by, status, title, job_category, employment_type, hiring_count,
  description, appeal_points, challenges, team_description, skills_gained,
  content_blocks, tags,
  required_qualifications, preferred_qualifications,
  work_location, work_location_change_scope, job_description_change_scope,
  contract_type, probation_period, work_hours, break_time, holidays,
  salary_min, salary_max, salary_detail, insurance, smoking_policy,
  benefits, remote_policy, selection_process, published_at
) VALUES (
  'd01b0000-0000-0000-0000-000000000003',
  'b0000000-0000-0000-0000-00000000001b',
  'c001b000-0000-0000-0000-000000000003',
  'b1000000-0000-0000-0000-00000000001b',
  'open',
  '法人営業｜アグリテックで農業の高収益化を支援するソリューション提案',
  'セールス',
  '正社員',
  '1〜2名',
  '農業法人、JA（農業協同組合）、自治体の農業振興部門に対する当社アグリテックソリューションの提案営業を担当していただきます。IoTセンサーによる精密農業ソリューション、自律型農業ロボットの導入提案、収穫データ分析による経営支援サービスの営業が主な業務です。農業展示会やスマート農業のセミナーでのリード獲得、補助金（スマート農業実証プロジェクト等）の申請支援、導入事例の取材・コンテンツ化にも携わります。農業現場を訪問し、生産者の課題をヒアリングした上で最適なソリューションを提案する、コンサルティング要素の強い営業です。',
  'スマート農業は国策として推進されており、補助金制度も充実している追い風の市場です。農業法人の大規模化が進む中、テクノロジーによる生産性向上へのニーズは年々高まっています。仙台を拠点に東北の農業大県（秋田、山形、岩手等）をカバーするため、日本の食料生産の中心地で農業の未来を変える実感を得られるポジションです。農家の方々との信頼関係から生まれる長期的な取引が多く、やりがいのある営業活動ができます。',
  '農業は地域性が強く、作物や農法が地域によって大きく異なるため、各地域の農業特性を理解した提案が求められます。初期投資が大きいIoT/ロボット機器の導入は、農家にとってリスクのある意思決定であり、ROIを明確に示す説得力のある提案が必要です。補助金の申請期限や農繁期のスケジュールに合わせた営業活動のタイミング管理も重要で、年間を通じた計画的なアプローチが求められます。',
  '営業チーム3名で、農業法人・JA・自治体の各チャネルを分担。フィールドエンジニアチームと連携し、導入後のサポートまで一貫した顧客体験を提供しています。',
  'アグリテック領域の法人営業スキル、農業ドメインの専門知識、補助金申請支援のノウハウ、コンサルティング営業力が身につきます。',
  '[]'::jsonb,
  '["法人営業","アグリテック","スマート農業","IoT","BtoB","BtoG"]'::jsonb,
  '法人営業経験2年以上。顧客への提案営業の経験。普通自動車免許。',
  '農業関連（JA、農機メーカー、種苗会社等）での営業経験。IT/IoT関連の営業経験。自治体向け営業の経験。補助金申請の経験。',
  '宮城県仙台市青葉区（東北地方への出張が多い）',
  '当面なし',
  '当面なし',
  '無期',
  '入社後3ヶ月（条件変更なし）',
  '9:00〜18:00（実働8時間）',
  '60分',
  '完全週休2日制（土日祝）、年末年始休暇、有給休暇（入社半年後10日付与）、慶弔休暇、産前産後休暇、育児休暇',
  380, 600,
  '月給32万円〜50万円（固定残業代30時間分を含む、別途インセンティブあり）。経験・能力を考慮の上決定。',
  '健康保険、厚生年金、雇用保険、労災保険',
  '屋内原則禁煙（喫煙専用室あり）',
  E'営業インセンティブ制度\n社用車貸与\n出張手当\n副業OK',
  '週1日リモート可',
  '書類選考 → 面接（2回） → 最終面接 → 内定',
  now()
) ON CONFLICT DO NOTHING;

-- 1b-4. データサイエンティスト
INSERT INTO job_postings (
  id, company_id, team_id, created_by, status, title, job_category, employment_type, hiring_count,
  description, appeal_points, challenges, team_description, skills_gained,
  content_blocks, tags,
  required_qualifications, preferred_qualifications,
  work_location, work_location_change_scope, job_description_change_scope,
  contract_type, probation_period, work_hours, break_time, holidays,
  salary_min, salary_max, salary_detail, insurance, smoking_policy,
  benefits, remote_policy, selection_process, published_at
) VALUES (
  'd01b0000-0000-0000-0000-000000000004',
  'b0000000-0000-0000-0000-00000000001b',
  'c001b000-0000-0000-0000-000000000001',
  'b1000000-0000-0000-0000-00000000001b',
  'open',
  'データサイエンティスト｜衛星画像×IoTデータで農業の収量予測モデルを構築',
  'エンジニア',
  '正社員',
  '1名',
  '農業データの分析・予測モデルの構築を担当していただきます。IoTセンサーから収集される土壌データ、気象データ、衛星画像データを組み合わせた作物の生育予測モデルの開発が中心的な業務です。収量予測、病害虫発生予測、最適な施肥タイミングの推定など、農業経営の意思決定を支援するデータ分析を行います。また、農業ロボットの画像認識モデル（作物の検出・分類・成熟度判定）の開発にも携わります。分析結果をダッシュボードで可視化し、農家が直感的に理解できる形で提供する仕組みづくりも重要なミッションです。',
  '農業データサイエンスは、理論と実践が直結する非常にやりがいのある分野です。自分が構築したモデルが実際の農業経営を改善し、食料生産に貢献する実感を得られます。東北の多様な作物データにアクセスでき、稲作、果樹、野菜など幅広い農業領域のデータ分析経験を積めます。東北大学との共同研究も進行中で、学術的な知見も取り入れながら実用的なモデル開発ができる環境です。',
  '農業データはノイズが多く、センサーの故障や通信エラーによる欠損データの処理が必要です。また、農業は年に1〜2回しか収穫がないため、学習データの蓄積に時間がかかり、少ないデータで精度の高いモデルを構築する工夫が求められます。衛星画像の解像度やタイミングの制約、気象の不確実性など、農業特有の変数の多さも技術的なチャレンジです。',
  '農機開発チームに所属し、ロボティクスエンジニアと連携して画像認識モデルの開発を行います。東北大学の研究者とも定期的にディスカッションしています。',
  '農業データサイエンスの専門知識、衛星画像解析スキル、時系列予測モデルの構築力、IoTデータパイプラインの設計力が身につきます。',
  '[]'::jsonb,
  '["Python","機械学習","データサイエンス","衛星画像","IoT","農業","深層学習"]'::jsonb,
  'データサイエンスまたは機械学習の実務経験2年以上。Python での分析・モデル構築経験。統計学の基礎知識。',
  '画像認識モデルの開発経験。時系列データの分析経験。衛星画像（リモートセンシング）の解析経験。農学に関する知識。',
  '宮城県仙台市青葉区（フルリモート勤務可）',
  '当面なし',
  '当面なし',
  '無期',
  '入社後3ヶ月（条件変更なし）',
  'フレックスタイム制（コアタイムなし）標準労働時間8時間',
  '60分',
  '完全週休2日制（土日祝）、年末年始休暇、有給休暇（入社半年後10日付与）、慶弔休暇、産前産後休暇、育児休暇',
  500, 800,
  '月給42万円〜67万円（固定残業代30時間分を含む）。経験・能力を考慮の上決定。',
  '健康保険、厚生年金、雇用保険、労災保険',
  '屋内原則禁煙（喫煙専用室あり）',
  E'リモートワーク手当月2万円\n学会参加費補助\n論文発表奨励金\n副業OK',
  'フルリモート',
  '書類選考 → 技術面接（分析課題含む） → 最終面接 → 内定',
  now()
) ON CONFLICT DO NOTHING;

-- ============================================================
-- 1c. レジリア（防災テック / 神戸市）
-- ============================================================

-- 1c-1. AIエンジニア（防災AI）
INSERT INTO job_postings (
  id, company_id, team_id, created_by, status, title, job_category, employment_type, hiring_count,
  description, appeal_points, challenges, team_description, skills_gained,
  content_blocks, tags,
  required_qualifications, preferred_qualifications,
  work_location, work_location_change_scope, job_description_change_scope,
  contract_type, probation_period, work_hours, break_time, holidays,
  salary_min, salary_max, salary_detail, insurance, smoking_policy,
  benefits, remote_policy, selection_process, published_at
) VALUES (
  'd01c0000-0000-0000-0000-000000000001',
  'b0000000-0000-0000-0000-00000000001c',
  'c001c000-0000-0000-0000-000000000001',
  'b1000000-0000-0000-0000-00000000001c',
  'open',
  'AIエンジニア｜災害予測AIで命を守る防災テクノロジーの最前線',
  'エンジニア',
  '正社員',
  '1〜2名',
  '災害予測・被害推定AIモデルの研究開発を担当していただきます。気象データ、河川水位データ、地形データ、SNSの災害関連投稿などの多種多様なデータを統合し、洪水浸水予測、土砂災害リスク評価、地震被害推定のAIモデルを構築します。リアルタイム推論パイプラインの設計・実装、モデルの精度検証、新しいデータソースの活用検討も重要な業務です。防災科学技術研究所や気象庁のデータとの連携、自治体の防災計画への活用を見据えたモデル設計が求められます。神戸は阪神・淡路大震災の経験から防災意識が高く、防災テックの拠点として最適な環境です。',
  '防災AIは人命に直結するテクノロジーであり、社会的インパクトの大きさは他の分野と比較しても群を抜いています。神戸は防災分野の研究機関や企業が集積しており、最先端の知見にアクセスしやすい環境です。気象庁や防災科研のオープンデータが充実しており、大規模なデータセットを用いた実践的な機械学習の経験を積めます。自治体との連携プロジェクトが多く、自分が開発したAIが実際の防災計画に組み込まれる達成感があります。',
  '災害はまれにしか発生しないため、学習データの不足が最大の技術課題です。シミュレーションデータの活用やデータ拡張など、少ないデータで高精度のモデルを構築する工夫が求められます。また、防災AIの予測は避難勧告の根拠にもなり得るため、偽陽性と偽陰性のバランスに対する慎重な判断が必要です。モデルの説明可能性（XAI）への要求も高く、ブラックボックスではない透明性のあるAI設計が求められます。',
  '防災AIチーム3名で、水害予測・土砂災害予測・地震被害推定の各モデルを担当。防災科研や大学の研究者との共同研究も複数進行中です。',
  '防災AI/災害予測モデルの開発スキル、時空間データの分析力、リアルタイム推論パイプラインの構築力、防災分野のドメイン知識が身につきます。',
  '[]'::jsonb,
  '["Python","機械学習","深層学習","防災","AI","GIS","時系列予測"]'::jsonb,
  '機械学習の実務経験または研究経験3年以上。Python での機械学習モデル構築経験。時系列データまたは空間データの分析経験。',
  '気象データ・河川データの分析経験。GIS（地理情報システム）の知識。防災・気象に関するドメイン知識。学会発表または論文執筆の経験。',
  '兵庫県神戸市中央区（週2日リモート可）',
  '当面なし',
  '当面なし',
  '無期',
  '入社後3ヶ月（条件変更なし）',
  'フレックスタイム制（コアタイム10:00-15:00）標準労働時間8時間',
  '60分',
  '完全週休2日制（土日祝）、年末年始休暇、有給休暇（入社半年後10日付与）、慶弔休暇、産前産後休暇、育児休暇',
  550, 900,
  '月給46万円〜75万円（固定残業代30時間分を含む）。経験・能力を考慮の上決定。',
  '健康保険、厚生年金、雇用保険、労災保険',
  '屋内原則禁煙（喫煙専用室あり）',
  E'学会参加費補助\n論文発表奨励金\n書籍購入費全額補助\n副業OK',
  '週2日リモート可',
  '書類選考 → 技術面接（分析課題含む） → 最終面接 → 内定',
  now()
) ON CONFLICT DO NOTHING;

-- 1c-2. 組み込みエンジニア（防災IoT）
INSERT INTO job_postings (
  id, company_id, team_id, created_by, status, title, job_category, employment_type, hiring_count,
  description, appeal_points, challenges, team_description, skills_gained,
  content_blocks, tags,
  required_qualifications, preferred_qualifications,
  work_location, work_location_change_scope, job_description_change_scope,
  contract_type, probation_period, work_hours, break_time, holidays,
  salary_min, salary_max, salary_detail, insurance, smoking_policy,
  benefits, remote_policy, selection_process, published_at
) VALUES (
  'd01c0000-0000-0000-0000-000000000002',
  'b0000000-0000-0000-0000-00000000001c',
  'c001c000-0000-0000-0000-000000000002',
  'b1000000-0000-0000-0000-00000000001c',
  'open',
  '組み込みエンジニア｜過酷な環境で確実に動く防災IoTセンサーを開発',
  'エンジニア',
  '正社員',
  '1名',
  '防災用IoTセンサーのハードウェア・ファームウェア開発を担当していただきます。河川水位センサー、傾斜計（土砂災害検知）、地震計などの防災センサーの回路設計、ファームウェア開発、省電力設計、耐環境設計が主な業務です。LPWA（LoRaWAN, LTE-M）を用いた低消費電力通信の実装、太陽光パネルとバッテリーによる自立電源の設計、防水・防塵筐体の設計にも携わります。災害時にも確実にデータを送信し続けるための冗長設計と、コスト制約の中での最適設計が求められるポジションです。',
  '自分が設計したセンサーが実際の災害現場で命を守るための情報を送り続けるという、エンジニアとして最も誇りを持てる仕事の一つです。防災IoTは屋外の過酷な環境で長期間安定動作させる必要があり、民生品とは異なる高い設計スキルが身につきます。神戸の防災テックエコシステムの中で、大学・研究機関・自治体との連携から得られる知見も豊富です。',
  '河川敷や山間部など、メンテナンスが容易でない場所に設置されるため、数年間無人で安定動作する設計が求められます。電源確保が困難な場所でのバッテリー駆動設計、通信が不安定な環境でのデータ送信保証、大雨・洪水・落雷などの極端な環境条件への耐性確保が技術的な課題です。また、自治体への納品時には各種規格認証（技適、CE等）の取得が必要で、設計段階からの規格適合性の考慮が求められます。',
  'ハードウェア開発チーム3名で、電子回路設計・ファームウェア開発・筐体設計の各領域を担当。防災AIチームとの連携でセンサーとAIを一体的に開発しています。',
  '防災IoTセンサーの設計・開発スキル、省電力設計の専門知識、LPWA通信の実装力、耐環境設計の知見が身につきます。',
  '[]'::jsonb,
  '["組み込み","C","ファームウェア","IoT","LoRaWAN","回路設計","防災"]'::jsonb,
  '組み込みシステムまたは電子回路の設計経験3年以上。C言語でのファームウェア開発経験。回路設計（アナログ・デジタル）の経験。',
  'LPWA（LoRaWAN, LTE-M等）の通信モジュール実装経験。省電力設計の経験。防水・防塵規格（IP67等）に準拠した筐体設計経験。技適・CE等の規格認証取得経験。',
  '兵庫県神戸市中央区（フィールドテスト時は出張あり）',
  '当面なし',
  '当面なし',
  '無期',
  '入社後3ヶ月（条件変更なし）',
  '9:00〜18:00（実働8時間）',
  '60分',
  '完全週休2日制（土日祝）、年末年始休暇、有給休暇（入社半年後10日付与）、慶弔休暇、産前産後休暇、育児休暇',
  500, 800,
  '月給42万円〜67万円（固定残業代30時間分を含む）。経験・能力を考慮の上決定。',
  '健康保険、厚生年金、雇用保険、労災保険',
  '屋内原則禁煙（喫煙専用室あり）',
  E'学会参加費補助\n工具・計測機器購入補助\n引越し手当（入社時）\n副業OK',
  '原則出社（一部リモート相談可）',
  '書類選考 → 技術面接 → 最終面接 → 内定',
  now()
) ON CONFLICT DO NOTHING;

-- 1c-3. 自治体連携営業
INSERT INTO job_postings (
  id, company_id, team_id, created_by, status, title, job_category, employment_type, hiring_count,
  description, appeal_points, challenges, team_description, skills_gained,
  content_blocks, tags,
  required_qualifications, preferred_qualifications,
  work_location, work_location_change_scope, job_description_change_scope,
  contract_type, probation_period, work_hours, break_time, holidays,
  salary_min, salary_max, salary_detail, insurance, smoking_policy,
  benefits, remote_policy, selection_process, published_at
) VALUES (
  'd01c0000-0000-0000-0000-000000000003',
  'b0000000-0000-0000-0000-00000000001c',
  'c001c000-0000-0000-0000-000000000003',
  'b1000000-0000-0000-0000-00000000001c',
  'open',
  '自治体営業｜防災テクノロジーで地域の安全を守るパブリックセールス',
  'セールス',
  '正社員',
  '1名',
  '全国の自治体に対する防災テクノロジーソリューションの提案営業を担当していただきます。市区町村の防災担当部署へのアプローチ、防災計画の策定支援、IoTセンサー・AIシステムの導入提案、プロポーザル（公募型提案競技）への参加が主な業務です。防災に関する国や県の補助金情報の収集と活用提案、防災訓練やシンポジウムでのデモンストレーション、導入自治体の成功事例の横展開にも取り組みます。内閣府や国土交通省の防災関連政策の動向をウォッチし、自社の事業戦略に反映する情報収集活動も重要な役割です。',
  '自治体向けの営業は、受注額が大きく社会的なインパクトも大きい仕事です。自分の提案が自治体の防災計画に組み込まれ、地域住民の安全を守ることに直結するという大きなやりがいがあります。神戸は阪神・淡路大震災の経験から防災先進都市として知られ、防災テック企業のハブとなっており、業界のネットワーク構築に有利な立地です。全国の自治体を担当するため、各地域の防災課題に触れられる幅広い経験ができます。',
  '自治体の調達プロセスは民間企業とは大きく異なり、予算サイクル、議会承認、プロポーザルなど独特の商慣習を理解する必要があります。防災部門の担当者はITに不慣れなケースもあり、技術的な内容を分かりやすく伝えるスキルが求められます。また、災害は地域によって種類やリスクが異なるため、各自治体の地域特性に合わせたカスタマイズ提案が必要です。長い営業サイクルに対する忍耐力と戦略的なアプローチが問われます。',
  '自治体連携チーム3名で、近畿圏・中部圏・関東圏の各エリアを分担。防災AIチーム・ハードウェアチームと連携し、技術的なバックアップを受けながら提案活動を行います。',
  '自治体向け営業（BtoG）の専門スキル、防災分野のドメイン知識、プロポーザル提案書の作成力、公共政策の理解力が身につきます。',
  '[]'::jsonb,
  '["BtoG","自治体営業","防災","公共政策","プロポーザル","IoT"]'::jsonb,
  '法人営業または官公庁向け営業の経験3年以上。提案書・企画書の作成スキル。全国出張が可能な方。',
  '自治体向けの営業経験。防災・災害対策に関する知識。ITソリューションの提案営業経験。防災士資格。',
  '兵庫県神戸市中央区（全国出張あり）',
  '当面なし',
  '当面なし',
  '無期',
  '入社後3ヶ月（条件変更なし）',
  '9:00〜18:00（実働8時間）',
  '60分',
  '完全週休2日制（土日祝）、年末年始休暇、有給休暇（入社半年後10日付与）、慶弔休暇、産前産後休暇、育児休暇',
  450, 700,
  '月給38万円〜58万円（固定残業代30時間分を含む）。経験・能力を考慮の上決定。',
  '健康保険、厚生年金、雇用保険、労災保険',
  '屋内原則禁煙（喫煙専用室あり）',
  E'出張手当\n防災士資格取得支援\n書籍購入費補助\n副業OK',
  '週1日リモート可',
  '書類選考 → 面接（2回） → 最終面接 → 内定',
  now()
) ON CONFLICT DO NOTHING;

-- 1c-4. プロダクトマネージャー
INSERT INTO job_postings (
  id, company_id, team_id, created_by, status, title, job_category, employment_type, hiring_count,
  description, appeal_points, challenges, team_description, skills_gained,
  content_blocks, tags,
  required_qualifications, preferred_qualifications,
  work_location, work_location_change_scope, job_description_change_scope,
  contract_type, probation_period, work_hours, break_time, holidays,
  salary_min, salary_max, salary_detail, insurance, smoking_policy,
  benefits, remote_policy, selection_process, published_at
) VALUES (
  'd01c0000-0000-0000-0000-000000000004',
  'b0000000-0000-0000-0000-00000000001c',
  'c001c000-0000-0000-0000-000000000003',
  'b1000000-0000-0000-0000-00000000001c',
  'open',
  'プロダクトマネージャー｜防災DXプラットフォームの成長を牽引するPdM',
  'PM',
  '正社員',
  '1名',
  '防災DXプラットフォームのプロダクトマネジメント全般を担当していただきます。自治体の防災担当者向けダッシュボード、住民向け防災アプリ、IoTセンサー管理システムの3つのプロダクトのロードマップ策定、機能要件定義、優先順位づけ、リリース管理が主な業務です。自治体や住民へのユーザーリサーチを通じた課題発見、競合分析と市場調査、KPIの設定とモニタリングも重要な役割です。エンジニアチーム・AIチーム・営業チームの間に立ち、技術的な実現可能性と市場ニーズのバランスを取りながらプロダクトの方向性を決定します。',
  '防災テックのプロダクトマネジメントは、人命に関わるシステムを設計するという責任とやりがいの両方を兼ね備えたポジションです。AI、IoT、モバイルアプリという複数の技術領域にまたがるプロダクトを横断的にマネジメントする経験は、PdMとしてのスキルを大きく広げます。自治体という特殊なユーザーセグメントに対するプロダクト設計の知見は、GovTech領域全般で活かせるキャリア資産になります。',
  '自治体の防災ニーズは災害の種類や地域特性によって多様であり、汎用的なプロダクトとカスタマイズのバランスが難しい課題です。また、防災システムは災害発生時に確実に動作する必要があり、通常のSaaSとは異なる可用性要件への対応が求められます。さらに、自治体の予算サイクルに合わせた機能リリースの計画や、防災関連法規の改正への対応など、公共セクター特有の制約の中でのプロダクト開発が必要です。',
  '自治体連携チームに所属しつつ、防災AIチーム・ハードウェア開発チームを横断的にマネジメント。全チームのリソース配分とロードマップの整合を取る役割です。',
  '防災テックのプロダクトマネジメントスキル、GovTech領域のプロダクト設計力、複数プロダクトの統合的ロードマップ管理力、ユーザーリサーチの実践力が身につきます。',
  '[]'::jsonb,
  '["プロダクトマネジメント","防災","GovTech","SaaS","IoT","AI","UXリサーチ"]'::jsonb,
  'プロダクトマネジメントの実務経験3年以上。エンジニアチームとの協業によるプロダクト開発経験。ユーザーリサーチの実施経験。',
  'BtoG（自治体向け）プロダクトの企画・開発経験。AI/IoT関連プロダクトのPM経験。防災・災害対策に関する知識。技術バックグラウンド（ソフトウェア開発経験）。',
  '兵庫県神戸市中央区（週2日リモート可）',
  '当面なし',
  '当面なし',
  '無期',
  '入社後3ヶ月（条件変更なし）',
  'フレックスタイム制（コアタイム10:00-15:00）標準労働時間8時間',
  '60分',
  '完全週休2日制（土日祝）、年末年始休暇、有給休暇（入社半年後10日付与）、慶弔休暇、産前産後休暇、育児休暇',
  550, 850,
  '月給46万円〜71万円（固定残業代30時間分を含む）。経験・能力を考慮の上決定。',
  '健康保険、厚生年金、雇用保険、労災保険',
  '屋内原則禁煙（喫煙専用室あり）',
  E'防災士資格取得支援\n書籍購入費補助\nカンファレンス参加費補助\n副業OK',
  '週2日リモート可',
  '書類選考 → 面接（2回） → 最終面接 → 内定',
  now()
) ON CONFLICT DO NOTHING;

-- ============================================================
-- 1d. まちしるべ（地方創生 / 金沢市）
-- ============================================================

-- 1d-1. まちづくりプランナー
INSERT INTO job_postings (
  id, company_id, team_id, created_by, status, title, job_category, employment_type, hiring_count,
  description, appeal_points, challenges, team_description, skills_gained,
  content_blocks, tags,
  required_qualifications, preferred_qualifications,
  work_location, work_location_change_scope, job_description_change_scope,
  contract_type, probation_period, work_hours, break_time, holidays,
  salary_min, salary_max, salary_detail, insurance, smoking_policy,
  benefits, remote_policy, selection_process, published_at
) VALUES (
  'd01d0000-0000-0000-0000-000000000001',
  'b0000000-0000-0000-0000-00000000001d',
  'c001d000-0000-0000-0000-000000000001',
  'b1000000-0000-0000-0000-00000000001d',
  'open',
  'まちづくりプランナー｜データ×現場の声で地域の未来をデザインする',
  '企画',
  '正社員',
  '1名',
  '地方自治体と連携した地域活性化プロジェクトの企画・推進を担当していただきます。人口動態データ、経済指標、観光統計などのオープンデータ分析に基づく地域課題の可視化、住民ワークショップの企画・ファシリテーション、官民連携プロジェクトの立案・マネジメントが主な業務です。空き家リノベーション、関係人口の創出、地場産業のブランディング、ワーケーション拠点の整備など、多様なまちづくりプロジェクトを並行して進めます。内閣府の地方創生交付金や各種補助金の申請支援も重要な業務の一つです。',
  '金沢は伝統文化と現代的なまちづくりが共存する、地方創生のモデル都市です。この街を拠点に北陸地方の多様な地域課題に取り組むことで、地方創生の最前線を体感できます。一つのプロジェクトの中で、データ分析から住民との対話、行政との交渉、事業の立ち上げまで幅広い経験ができるのが大きな魅力です。地域に根ざしながらも全国の先進事例を参照し、独自のまちづくり手法を生み出す創造的な仕事です。',
  '地方創生は成果が出るまでに時間がかかり、短期的なKPIの設定が難しい分野です。住民、行政、地元企業など多様なステークホルダーの合意形成が必要で、それぞれの立場や利害を理解した上での調整力が問われます。また、人口減少という構造的な課題に対して、テクノロジーだけでは解決できない社会的・文化的な要因にも向き合う必要があります。粘り強く地域と向き合い続ける情熱と覚悟が求められるポジションです。',
  'まちづくりプランナーチーム3名で、地域分析・プロジェクト企画・住民エンゲージメントの各役割を担当。地域のNPOや大学とも密に連携しています。',
  '地方創生プロジェクトの企画・推進スキル、データ分析に基づく地域課題の可視化力、住民参加型ワークショップのファシリテーション力、補助金申請のノウハウが身につきます。',
  '[]'::jsonb,
  '["地方創生","まちづくり","企画","ファシリテーション","データ分析","官民連携"]'::jsonb,
  '企画職またはコンサルティングの実務経験2年以上。プロジェクトマネジメントの経験。提案書・企画書の作成スキル。',
  '地方自治体との協業経験。都市計画・まちづくりに関する知識。ワークショップのファシリテーション経験。補助金申請の実務経験。',
  '石川県金沢市（地方出張あり）',
  '当面なし',
  '当面なし',
  '無期',
  '入社後3ヶ月（条件変更なし）',
  '9:00〜18:00（実働8時間）',
  '60分',
  '完全週休2日制（土日祝）、年末年始休暇、有給休暇（入社半年後10日付与）、慶弔休暇、産前産後休暇、育児休暇',
  380, 600,
  '月給32万円〜50万円（固定残業代30時間分を含む）。経験・能力を考慮の上決定。',
  '健康保険、厚生年金、雇用保険、労災保険',
  '屋内原則禁煙（喫煙専用室あり）',
  E'地方出張手当\n書籍購入費補助\nワーケーション制度\n副業OK',
  '週1日リモート可',
  '書類選考 → 面接（2回） → 最終面接 → 内定',
  now()
) ON CONFLICT DO NOTHING;

-- 1d-2. フルスタックエンジニア
INSERT INTO job_postings (
  id, company_id, team_id, created_by, status, title, job_category, employment_type, hiring_count,
  description, appeal_points, challenges, team_description, skills_gained,
  content_blocks, tags,
  required_qualifications, preferred_qualifications,
  work_location, work_location_change_scope, job_description_change_scope,
  contract_type, probation_period, work_hours, break_time, holidays,
  salary_min, salary_max, salary_detail, insurance, smoking_policy,
  benefits, remote_policy, selection_process, published_at
) VALUES (
  'd01d0000-0000-0000-0000-000000000002',
  'b0000000-0000-0000-0000-00000000001d',
  'c001d000-0000-0000-0000-000000000002',
  'b1000000-0000-0000-0000-00000000001d',
  'open',
  'フルスタックエンジニア｜地域の課題をテクノロジーで解決するシビックテック開発',
  'エンジニア',
  '正社員',
  '1〜2名',
  '地方創生に特化したWebプラットフォームの設計・開発を担当していただきます。地域のオープンデータを統合・可視化するダッシュボード、関係人口マッチングプラットフォーム、空き家バンクシステム、地域通貨・ポイントシステムなど、多様な地方創生プロダクトの開発が主な業務です。Go言語でのバックエンドAPI開発、React/TypeScriptでのフロントエンド実装、GIS（地理情報システム）を活用した地図ベースUIの開発に携わります。自治体のデータ連携基盤の構築や、LINEミニアプリなどの住民向けインターフェースの開発にも取り組みます。',
  '地方創生×テクノロジーという社会性の高い分野で、幅広い技術スタックを使ったフルスタック開発を経験できます。一つのプロダクトの成功が他の自治体への横展開につながるスケーラビリティがあり、社会実装の手応えを感じられるポジションです。金沢はIT企業の集積も進んでおり、地方でのエンジニアコミュニティも活発です。フルリモート可能なので、金沢以外からの参画も歓迎しています。',
  '自治体ごとにデータフォーマットやシステム環境が異なるため、汎用的なプロダクトを構築しつつ個別の要件にも対応する柔軟な設計が必要です。自治体のセキュリティ要件やアクセシビリティ基準への準拠も求められます。住民向けアプリは高齢者にも使いやすいUI設計が重要で、デジタルデバイドへの配慮が欠かせません。技術的な課題解決だけでなく、地域の文脈を理解した上でのプロダクト設計が問われるポジションです。',
  'エンジニアチーム3名で、バックエンド・フロントエンド・インフラの各領域をカバー。まちづくりプランナーチームと密に連携し、現場のニーズを即座にプロダクトに反映しています。',
  'Go/React/TypeScriptでのフルスタック開発スキル、GISを活用した地図ベースアプリの開発力、シビックテックのプロダクト設計力、自治体向けシステムの開発知見が身につきます。',
  '[]'::jsonb,
  '["Go","React","TypeScript","GIS","シビックテック","地方創生","LINEミニアプリ"]'::jsonb,
  'Webアプリケーション開発経験3年以上。Go, TypeScript のいずれかでの実務経験。フロントエンドとバックエンドの両方の開発経験。',
  'GIS（PostGIS, Leaflet, Mapbox等）の使用経験。自治体向けシステムの開発経験。LINEミニアプリの開発経験。アクセシビリティ対応の知見。',
  '石川県金沢市（フルリモート勤務可）',
  '当面なし',
  '当面なし',
  '無期',
  '入社後3ヶ月（条件変更なし）',
  'フレックスタイム制（コアタイムなし）標準労働時間8時間',
  '60分',
  '完全週休2日制（土日祝）、年末年始休暇、有給休暇（入社半年後10日付与）、慶弔休暇、産前産後休暇、育児休暇',
  450, 750,
  '月給38万円〜63万円（固定残業代45時間分を含む）。経験・能力を考慮の上決定。',
  '健康保険、厚生年金、雇用保険、労災保険',
  '屋内原則禁煙（喫煙専用室あり）',
  E'リモートワーク手当月2万円\n書籍購入費補助\nカンファレンス参加費補助\nワーケーション制度\n副業OK',
  'フルリモート',
  '書類選考 → 技術面接（コーディングテスト含む） → 最終面接 → 内定',
  now()
) ON CONFLICT DO NOTHING;

-- 1d-3. コミュニティマネージャー
INSERT INTO job_postings (
  id, company_id, team_id, created_by, status, title, job_category, employment_type, hiring_count,
  description, appeal_points, challenges, team_description, skills_gained,
  content_blocks, tags,
  required_qualifications, preferred_qualifications,
  work_location, work_location_change_scope, job_description_change_scope,
  contract_type, probation_period, work_hours, break_time, holidays,
  salary_min, salary_max, salary_detail, insurance, smoking_policy,
  benefits, remote_policy, selection_process, published_at
) VALUES (
  'd01d0000-0000-0000-0000-000000000003',
  'b0000000-0000-0000-0000-00000000001d',
  'c001d000-0000-0000-0000-000000000003',
  'b1000000-0000-0000-0000-00000000001d',
  'open',
  'コミュニティマネージャー｜地域内外の人をつなぎ関係人口を育てる',
  'その他',
  '正社員',
  '1名',
  '地域と都市部をつなぐ関係人口コミュニティの運営・拡大を担当していただきます。オンラインコミュニティプラットフォームの運営、地域体験プログラム（農業体験、伝統工芸体験、ワーケーション等）の企画・実施、移住検討者への情報提供と相談対応、地域事業者と関係人口のマッチング支援が主な業務です。SNS（Instagram、X、note）での地域の魅力発信、自治体の移住促進施策との連携、関係人口の定量的な活動分析とレポーティングにも取り組みます。コミュニティメンバー同士のつながりを深め、地域への愛着を育てるイベントの設計と実施が最も重要なミッションです。',
  '金沢は北陸新幹線の開通以降、移住先・ワーケーション先として注目度が上昇しており、関係人口の創出に大きなポテンシャルがある地域です。伝統文化、食文化、自然環境が豊かで、地域の魅力を発信するコンテンツに困ることがありません。コミュニティの成長が目に見える形で地域の活性化につながるため、自分の仕事の成果を実感しやすいポジションです。地域の人々との交流を通じて、人生が豊かになる働き方ができます。',
  'オンラインとオフラインのコミュニティ運営を両立させるバランス感覚が求められます。関係人口は定住人口と異なり、エンゲージメントの維持が難しく、継続的な接点づくりの工夫が必要です。また、地域住民の中にはよそ者に対する警戒感を持つ方もおり、地域の信頼を得ながらオープンなコミュニティを構築する対人スキルが重要です。定量的な成果が見えにくい仕事でもあるため、自分なりの指標設計と活動の振り返りを継続する自律性が求められます。',
  'コミュニティマネージャーチーム3名で、オンラインコミュニティ運営・イベント企画・移住相談の各役割を担当。まちづくりプランナーチームとの連携で、プロジェクト単位のコミュニティ活動も行います。',
  '関係人口コミュニティのマネジメントスキル、地域体験プログラムの企画・実行力、SNSを活用した地域ブランディング力、移住促進の知見が身につきます。',
  '[]'::jsonb,
  '["コミュニティマネジメント","地方創生","関係人口","イベント企画","SNS運用","移住促進"]'::jsonb,
  'コミュニティ運営またはイベント企画の実務経験2年以上。SNS運用の経験。対面・オンラインでのファシリテーション経験。',
  '地方創生・まちづくり分野での活動経験。移住支援の経験。Webメディアの編集・ライティング経験。地方での居住経験。',
  '石川県金沢市（地方出張あり）',
  '当面なし',
  '当面なし',
  '無期',
  '入社後3ヶ月（条件変更なし）',
  '9:00〜18:00（実働8時間）',
  '60分',
  '完全週休2日制（土日祝）、年末年始休暇、有給休暇（入社半年後10日付与）、慶弔休暇、産前産後休暇、育児休暇',
  330, 500,
  '月給28万円〜42万円（固定残業代30時間分を含む）。経験・能力を考慮の上決定。',
  '健康保険、厚生年金、雇用保険、労災保険',
  '屋内原則禁煙（喫煙専用室あり）',
  E'地方出張手当\nワーケーション制度\n地域体験プログラム参加費補助\n副業OK',
  '週1日リモート可',
  '書類選考 → 面接（2回） → 最終面接 → 内定',
  now()
) ON CONFLICT DO NOTHING;

-- 1d-4. マーケティング
INSERT INTO job_postings (
  id, company_id, team_id, created_by, status, title, job_category, employment_type, hiring_count,
  description, appeal_points, challenges, team_description, skills_gained,
  content_blocks, tags,
  required_qualifications, preferred_qualifications,
  work_location, work_location_change_scope, job_description_change_scope,
  contract_type, probation_period, work_hours, break_time, holidays,
  salary_min, salary_max, salary_detail, insurance, smoking_policy,
  benefits, remote_policy, selection_process, published_at
) VALUES (
  'd01d0000-0000-0000-0000-000000000004',
  'b0000000-0000-0000-0000-00000000001d',
  'c001d000-0000-0000-0000-000000000003',
  'b1000000-0000-0000-0000-00000000001d',
  'open',
  'マーケティング｜地域の魅力をデータで発掘しストーリーで届けるローカルマーケター',
  'マーケティング',
  '正社員',
  '1名',
  '地方創生プロジェクトのマーケティング戦略全般を担当していただきます。自治体連携による地域ブランディングの企画・実行、ふるさと納税のプロモーション支援、移住促進キャンペーンの企画・運用、地場産品のEC販促支援が主な業務です。地域の魅力を伝えるコンテンツ（記事、動画、写真）の企画・制作ディレクション、SEO・SNS・広告を組み合わせたデジタルマーケティングの実行、効果測定とPDCAの推進も担います。各プロジェクトの地域住民や事業者と協力しながら、外部に向けた情報発信の質と量を高めていきます。',
  '地域の魅力を発掘し、それを全国に届けるマーケティングは、クリエイティブなやりがいに満ちたポジションです。金沢の伝統工芸、食文化、自然環境など、コンテンツの素材には事欠きません。自治体と連携したプロモーションは予算規模も大きく、インパクトのある施策を実行できます。地域に住み、地域を深く知ることで生まれる「本物のストーリー」を届けられるのが、都市部のマーケターにはない強みです。',
  '地域マーケティングは即効性のある施策が少なく、ブランディングやコミュニティ形成など中長期的な視点での取り組みが必要です。複数の自治体プロジェクトを並行して進めるため、各地域の特性を理解した上でのカスタマイズ対応が求められます。地域住民や事業者との信頼関係が施策の質に直結するため、対面でのコミュニケーションを大切にしながら、デジタルマーケティングの専門性を発揮するバランス力が問われます。',
  'コミュニティマネージャーチームの一員として、コミュニティ運営とマーケティングを一体的に推進します。まちづくりプランナーチームやエンジニアチームとも連携し、プロジェクト全体のブランディングを統括します。',
  '地域ブランディングの企画・実行スキル、自治体連携マーケティングの知見、コンテンツマーケティングの制作ディレクション力、地方創生領域のマーケティング力が身につきます。',
  '[]'::jsonb,
  '["マーケティング","地域ブランディング","コンテンツ制作","SNS運用","SEO","地方創生"]'::jsonb,
  'マーケティングの実務経験3年以上。コンテンツ企画・制作の経験。SNS運用またはWeb広告運用の経験。',
  '地域ブランディングやシティプロモーションの経験。動画・写真の撮影および編集スキル。ふるさと納税関連の業務経験。ライティングスキル。',
  '石川県金沢市（地方出張あり）',
  '当面なし',
  '当面なし',
  '無期',
  '入社後3ヶ月（条件変更なし）',
  '9:00〜18:00（実働8時間）',
  '60分',
  '完全週休2日制（土日祝）、年末年始休暇、有給休暇（入社半年後10日付与）、慶弔休暇、産前産後休暇、育児休暇',
  380, 580,
  '月給32万円〜48万円（固定残業代30時間分を含む）。経験・能力を考慮の上決定。',
  '健康保険、厚生年金、雇用保険、労災保険',
  '屋内原則禁煙（喫煙専用室あり）',
  E'地方出張手当\nワーケーション制度\nクリエイティブツール利用費補助\n副業OK',
  '週1日リモート可',
  '書類選考 → 面接（2回） → 最終面接 → 内定',
  now()
) ON CONFLICT DO NOTHING;

-- サムネイル・content_blocks を新規求人に一括設定
UPDATE job_postings jp SET
  thumbnail_urls = '[{"url":"/api/uploads/job-images/seed_placeholder_1.svg","filename":"placeholder1.svg"},{"url":"/api/uploads/job-images/seed_placeholder_2.svg","filename":"placeholder2.svg"},{"url":"/api/uploads/job-images/seed_placeholder_3.svg","filename":"placeholder3.svg"}]'::jsonb,
  template = (CASE (random() * 2)::int WHEN 0 THEN 'standard' WHEN 1 THEN 'modern' ELSE 'minimal' END),
  content_blocks = jsonb_build_array(
    jsonb_build_object('id', gen_random_uuid()::text, 'type', 'preset', 'key', 'description', 'title', '仕事内容', 'body', jp.description, 'icon', 'BriefcaseBusiness', 'color', '#3D8B6E', 'width', '100%'),
    jsonb_build_object('id', gen_random_uuid()::text, 'type', 'preset', 'key', 'appeal_points', 'title', 'この仕事の魅力', 'body', jp.appeal_points, 'icon', 'Sparkles', 'color', '#3D8B6E', 'width', '60', 'group_id', g.g1),
    jsonb_build_object('id', gen_random_uuid()::text, 'type', 'preset', 'key', 'team_description', 'title', 'チームについて', 'body', jp.team_description, 'icon', 'Users', 'color', '#3D8B6E', 'width', '40', 'group_id', g.g1),
    jsonb_build_object('id', gen_random_uuid()::text, 'type', 'preset', 'key', 'challenges', 'title', 'チャレンジ', 'body', jp.challenges, 'icon', 'AlertTriangle', 'color', '#E0944A', 'width', '100%'),
    jsonb_build_object('id', gen_random_uuid()::text, 'type', 'preset', 'key', 'skills_gained', 'title', '身につくスキル', 'body', jp.skills_gained, 'icon', 'Star', 'color', '#3D8B6E', 'width', '100%'),
    jsonb_build_object('id', gen_random_uuid()::text, 'type', 'custom', 'key', '', 'title', '選考プロセス', 'body', jp.selection_process, 'icon', 'ClipboardList', 'color', '#9b59b6', 'width', '100%')
  )
FROM (SELECT gen_random_uuid()::text AS g1) g
WHERE jp.company_id != 'afd20f1c-b6a8-4809-bc8f-b3f41263b511'
  AND (jp.content_blocks = '[]'::jsonb OR jp.content_blocks IS NULL OR jp.template IS NULL OR jp.template = '');

COMMIT;
